ISO-10303-21;
HEADER;
/* Generated by software containing ST-Developer
 * from STEP Tools, Inc. (www.steptools.com) 
 */

FILE_DESCRIPTION(
/* description */ (''),
/* implementation_level */ '2;1');

FILE_NAME(
/* name */ 'pinkie_travel_bracket.step',
/* time_stamp */ '2026-05-15T11:50:24+02:00',
/* author */ (''),
/* organization */ (''),
/* preprocessor_version */ 'ST-DEVELOPER v20.1',
/* originating_system */ 'Autodesk Translation Framework v15.8.0.0',
/* authorisation */ '');

FILE_SCHEMA (('AUTOMOTIVE_DESIGN { 1 0 10303 214 3 1 1 }'));
ENDSEC;

DATA;
#10=MECHANICAL_DESIGN_GEOMETRIC_PRESENTATION_REPRESENTATION('',(#13),#9398);
#11=SHAPE_REPRESENTATION_RELATIONSHIP('SRR','None',#9405,#12);
#12=ADVANCED_BREP_SHAPE_REPRESENTATION('',(#5430),#9397);
#13=STYLED_ITEM('',(#9415),#5430);
#14=ELLIPSE('',#5870,4.24264068711929,3.);
#15=ELLIPSE('',#5872,4.24264068711929,3.);
#16=ELLIPSE('',#5873,4.24264068711929,3.);
#17=ELLIPSE('',#5874,4.24264068711929,3.);
#18=ELLIPSE('',#5883,4.2426406871193,3.);
#19=ELLIPSE('',#5886,4.2426406871193,3.);
#20=ELLIPSE('',#5887,4.2426406871193,3.);
#21=ELLIPSE('',#5888,4.2426406871193,3.);
#22=B_SPLINE_CURVE_WITH_KNOTS('',3,(#8751,#8752,#8753,#8754),
 .UNSPECIFIED.,.F.,.F.,(4,4),(0.436998866582264,0.459479971382104),
 .UNSPECIFIED.);
#23=B_SPLINE_CURVE_WITH_KNOTS('',3,(#8755,#8756,#8757,#8758),
 .UNSPECIFIED.,.F.,.F.,(4,4),(1.42889046722046,1.45141700639207),
 .UNSPECIFIED.);
#24=B_SPLINE_CURVE_WITH_KNOTS('',3,(#8763,#8764,#8765,#8766),
 .UNSPECIFIED.,.F.,.F.,(4,4),(0.464309412528725,0.486790517328565),
 .UNSPECIFIED.);
#25=B_SPLINE_CURVE_WITH_KNOTS('',3,(#8824,#8825,#8826,#8827),
 .UNSPECIFIED.,.F.,.F.,(4,4),(-0.502967144332453,-0.480440604995196),
 .UNSPECIFIED.);
#26=FACE_BOUND('',#1485,.T.);
#27=FACE_BOUND('',#1490,.T.);
#28=ORIENTED_CLOSED_SHELL('',*,#5425,.F.);
#29=ORIENTED_CLOSED_SHELL('',*,#5426,.F.);
#30=ORIENTED_CLOSED_SHELL('',*,#5428,.F.);
#31=ORIENTED_CLOSED_SHELL('',*,#5429,.F.);
#32=LINE('',#7753,#517);
#33=LINE('',#7759,#518);
#34=LINE('',#7768,#519);
#35=LINE('',#7771,#520);
#36=LINE('',#7776,#521);
#37=LINE('',#7782,#522);
#38=LINE('',#7786,#523);
#39=LINE('',#7788,#524);
#40=LINE('',#7795,#525);
#41=LINE('',#7798,#526);
#42=LINE('',#7803,#527);
#43=LINE('',#7809,#528);
#44=LINE('',#7813,#529);
#45=LINE('',#7815,#530);
#46=LINE('',#7822,#531);
#47=LINE('',#7825,#532);
#48=LINE('',#7830,#533);
#49=LINE('',#7836,#534);
#50=LINE('',#7840,#535);
#51=LINE('',#7842,#536);
#52=LINE('',#7849,#537);
#53=LINE('',#7852,#538);
#54=LINE('',#7857,#539);
#55=LINE('',#7863,#540);
#56=LINE('',#7867,#541);
#57=LINE('',#7869,#542);
#58=LINE('',#7876,#543);
#59=LINE('',#7879,#544);
#60=LINE('',#7884,#545);
#61=LINE('',#7890,#546);
#62=LINE('',#7894,#547);
#63=LINE('',#7896,#548);
#64=LINE('',#7903,#549);
#65=LINE('',#7906,#550);
#66=LINE('',#7911,#551);
#67=LINE('',#7917,#552);
#68=LINE('',#7922,#553);
#69=LINE('',#7925,#554);
#70=LINE('',#7932,#555);
#71=LINE('',#7935,#556);
#72=LINE('',#7940,#557);
#73=LINE('',#7946,#558);
#74=LINE('',#7950,#559);
#75=LINE('',#7952,#560);
#76=LINE('',#7956,#561);
#77=LINE('',#7958,#562);
#78=LINE('',#7960,#563);
#79=LINE('',#7962,#564);
#80=LINE('',#7964,#565);
#81=LINE('',#7965,#566);
#82=LINE('',#7968,#567);
#83=LINE('',#7970,#568);
#84=LINE('',#7972,#569);
#85=LINE('',#7974,#570);
#86=LINE('',#7976,#571);
#87=LINE('',#7977,#572);
#88=LINE('',#7980,#573);
#89=LINE('',#7982,#574);
#90=LINE('',#7984,#575);
#91=LINE('',#7986,#576);
#92=LINE('',#7988,#577);
#93=LINE('',#7989,#578);
#94=LINE('',#7992,#579);
#95=LINE('',#7994,#580);
#96=LINE('',#7996,#581);
#97=LINE('',#7998,#582);
#98=LINE('',#8000,#583);
#99=LINE('',#8001,#584);
#100=LINE('',#8004,#585);
#101=LINE('',#8008,#586);
#102=LINE('',#8012,#587);
#103=LINE('',#8016,#588);
#104=LINE('',#8017,#589);
#105=LINE('',#8023,#590);
#106=LINE('',#8027,#591);
#107=LINE('',#8031,#592);
#108=LINE('',#8035,#593);
#109=LINE('',#8039,#594);
#110=LINE('',#8043,#595);
#111=LINE('',#8047,#596);
#112=LINE('',#8051,#597);
#113=LINE('',#8055,#598);
#114=LINE('',#8063,#599);
#115=LINE('',#8067,#600);
#116=LINE('',#8071,#601);
#117=LINE('',#8077,#602);
#118=LINE('',#8081,#603);
#119=LINE('',#8085,#604);
#120=LINE('',#8089,#605);
#121=LINE('',#8093,#606);
#122=LINE('',#8097,#607);
#123=LINE('',#8101,#608);
#124=LINE('',#8107,#609);
#125=LINE('',#8110,#610);
#126=LINE('',#8114,#611);
#127=LINE('',#8118,#612);
#128=LINE('',#8123,#613);
#129=LINE('',#8129,#614);
#130=LINE('',#8133,#615);
#131=LINE('',#8137,#616);
#132=LINE('',#8141,#617);
#133=LINE('',#8144,#618);
#134=LINE('',#8146,#619);
#135=LINE('',#8150,#620);
#136=LINE('',#8155,#621);
#137=LINE('',#8156,#622);
#138=LINE('',#8161,#623);
#139=LINE('',#8163,#624);
#140=LINE('',#8166,#625);
#141=LINE('',#8169,#626);
#142=LINE('',#8172,#627);
#143=LINE('',#8174,#628);
#144=LINE('',#8176,#629);
#145=LINE('',#8178,#630);
#146=LINE('',#8179,#631);
#147=LINE('',#8185,#632);
#148=LINE('',#8188,#633);
#149=LINE('',#8193,#634);
#150=LINE('',#8200,#635);
#151=LINE('',#8204,#636);
#152=LINE('',#8210,#637);
#153=LINE('',#8214,#638);
#154=LINE('',#8218,#639);
#155=LINE('',#8222,#640);
#156=LINE('',#8226,#641);
#157=LINE('',#8230,#642);
#158=LINE('',#8234,#643);
#159=LINE('',#8240,#644);
#160=LINE('',#8244,#645);
#161=LINE('',#8248,#646);
#162=LINE('',#8256,#647);
#163=LINE('',#8260,#648);
#164=LINE('',#8264,#649);
#165=LINE('',#8268,#650);
#166=LINE('',#8272,#651);
#167=LINE('',#8276,#652);
#168=LINE('',#8280,#653);
#169=LINE('',#8284,#654);
#170=LINE('',#8287,#655);
#171=LINE('',#8289,#656);
#172=LINE('',#8293,#657);
#173=LINE('',#8297,#658);
#174=LINE('',#8301,#659);
#175=LINE('',#8305,#660);
#176=LINE('',#8316,#661);
#177=LINE('',#8322,#662);
#178=LINE('',#8326,#663);
#179=LINE('',#8335,#664);
#180=LINE('',#8344,#665);
#181=LINE('',#8347,#666);
#182=LINE('',#8355,#667);
#183=LINE('',#8366,#668);
#184=LINE('',#8374,#669);
#185=LINE('',#8380,#670);
#186=LINE('',#8387,#671);
#187=LINE('',#8390,#672);
#188=LINE('',#8393,#673);
#189=LINE('',#8399,#674);
#190=LINE('',#8402,#675);
#191=LINE('',#8405,#676);
#192=LINE('',#8411,#677);
#193=LINE('',#8414,#678);
#194=LINE('',#8417,#679);
#195=LINE('',#8423,#680);
#196=LINE('',#8426,#681);
#197=LINE('',#8429,#682);
#198=LINE('',#8433,#683);
#199=LINE('',#8437,#684);
#200=LINE('',#8438,#685);
#201=LINE('',#8440,#686);
#202=LINE('',#8442,#687);
#203=LINE('',#8443,#688);
#204=LINE('',#8446,#689);
#205=LINE('',#8450,#690);
#206=LINE('',#8456,#691);
#207=LINE('',#8459,#692);
#208=LINE('',#8462,#693);
#209=LINE('',#8470,#694);
#210=LINE('',#8474,#695);
#211=LINE('',#8478,#696);
#212=LINE('',#8482,#697);
#213=LINE('',#8486,#698);
#214=LINE('',#8490,#699);
#215=LINE('',#8494,#700);
#216=LINE('',#8496,#701);
#217=LINE('',#8498,#702);
#218=LINE('',#8500,#703);
#219=LINE('',#8502,#704);
#220=LINE('',#8504,#705);
#221=LINE('',#8506,#706);
#222=LINE('',#8507,#707);
#223=LINE('',#8509,#708);
#224=LINE('',#8511,#709);
#225=LINE('',#8514,#710);
#226=LINE('',#8520,#711);
#227=LINE('',#8523,#712);
#228=LINE('',#8529,#713);
#229=LINE('',#8534,#714);
#230=LINE('',#8535,#715);
#231=LINE('',#8539,#716);
#232=LINE('',#8543,#717);
#233=LINE('',#8548,#718);
#234=LINE('',#8549,#719);
#235=LINE('',#8553,#720);
#236=LINE('',#8557,#721);
#237=LINE('',#8560,#722);
#238=LINE('',#8564,#723);
#239=LINE('',#8568,#724);
#240=LINE('',#8572,#725);
#241=LINE('',#8576,#726);
#242=LINE('',#8580,#727);
#243=LINE('',#8584,#728);
#244=LINE('',#8588,#729);
#245=LINE('',#8592,#730);
#246=LINE('',#8596,#731);
#247=LINE('',#8600,#732);
#248=LINE('',#8604,#733);
#249=LINE('',#8608,#734);
#250=LINE('',#8612,#735);
#251=LINE('',#8616,#736);
#252=LINE('',#8620,#737);
#253=LINE('',#8623,#738);
#254=LINE('',#8625,#739);
#255=LINE('',#8629,#740);
#256=LINE('',#8633,#741);
#257=LINE('',#8639,#742);
#258=LINE('',#8643,#743);
#259=LINE('',#8647,#744);
#260=LINE('',#8651,#745);
#261=LINE('',#8655,#746);
#262=LINE('',#8659,#747);
#263=LINE('',#8663,#748);
#264=LINE('',#8669,#749);
#265=LINE('',#8673,#750);
#266=LINE('',#8675,#751);
#267=LINE('',#8677,#752);
#268=LINE('',#8681,#753);
#269=LINE('',#8687,#754);
#270=LINE('',#8691,#755);
#271=LINE('',#8695,#756);
#272=LINE('',#8699,#757);
#273=LINE('',#8703,#758);
#274=LINE('',#8707,#759);
#275=LINE('',#8711,#760);
#276=LINE('',#8717,#761);
#277=LINE('',#8721,#762);
#278=LINE('',#8725,#763);
#279=LINE('',#8729,#764);
#280=LINE('',#8733,#765);
#281=LINE('',#8737,#766);
#282=LINE('',#8740,#767);
#283=LINE('',#8742,#768);
#284=LINE('',#8748,#769);
#285=LINE('',#8761,#770);
#286=LINE('',#8769,#771);
#287=LINE('',#8774,#772);
#288=LINE('',#8776,#773);
#289=LINE('',#8778,#774);
#290=LINE('',#8786,#775);
#291=LINE('',#8792,#776);
#292=LINE('',#8796,#777);
#293=LINE('',#8798,#778);
#294=LINE('',#8804,#779);
#295=LINE('',#8806,#780);
#296=LINE('',#8807,#781);
#297=LINE('',#8812,#782);
#298=LINE('',#8813,#783);
#299=LINE('',#8817,#784);
#300=LINE('',#8820,#785);
#301=LINE('',#8828,#786);
#302=LINE('',#8831,#787);
#303=LINE('',#8835,#788);
#304=LINE('',#8839,#789);
#305=LINE('',#8843,#790);
#306=LINE('',#8847,#791);
#307=LINE('',#8851,#792);
#308=LINE('',#8855,#793);
#309=LINE('',#8861,#794);
#310=LINE('',#8865,#795);
#311=LINE('',#8869,#796);
#312=LINE('',#8873,#797);
#313=LINE('',#8877,#798);
#314=LINE('',#8881,#799);
#315=LINE('',#8885,#800);
#316=LINE('',#8891,#801);
#317=LINE('',#8894,#802);
#318=LINE('',#8898,#803);
#319=LINE('',#8904,#804);
#320=LINE('',#8908,#805);
#321=LINE('',#8912,#806);
#322=LINE('',#8916,#807);
#323=LINE('',#8920,#808);
#324=LINE('',#8924,#809);
#325=LINE('',#8928,#810);
#326=LINE('',#8934,#811);
#327=LINE('',#8938,#812);
#328=LINE('',#8941,#813);
#329=LINE('',#8943,#814);
#330=LINE('',#8947,#815);
#331=LINE('',#8951,#816);
#332=LINE('',#8955,#817);
#333=LINE('',#8959,#818);
#334=LINE('',#8963,#819);
#335=LINE('',#8967,#820);
#336=LINE('',#8970,#821);
#337=LINE('',#8974,#822);
#338=LINE('',#8978,#823);
#339=LINE('',#8982,#824);
#340=LINE('',#8986,#825);
#341=LINE('',#8990,#826);
#342=LINE('',#8994,#827);
#343=LINE('',#8998,#828);
#344=LINE('',#9001,#829);
#345=LINE('',#9005,#830);
#346=LINE('',#9008,#831);
#347=LINE('',#9011,#832);
#348=LINE('',#9015,#833);
#349=LINE('',#9019,#834);
#350=LINE('',#9020,#835);
#351=LINE('',#9025,#836);
#352=LINE('',#9026,#837);
#353=LINE('',#9028,#838);
#354=LINE('',#9030,#839);
#355=LINE('',#9031,#840);
#356=LINE('',#9033,#841);
#357=LINE('',#9035,#842);
#358=LINE('',#9038,#843);
#359=LINE('',#9041,#844);
#360=LINE('',#9044,#845);
#361=LINE('',#9048,#846);
#362=LINE('',#9052,#847);
#363=LINE('',#9055,#848);
#364=LINE('',#9057,#849);
#365=LINE('',#9059,#850);
#366=LINE('',#9061,#851);
#367=LINE('',#9062,#852);
#368=LINE('',#9064,#853);
#369=LINE('',#9066,#854);
#370=LINE('',#9068,#855);
#371=LINE('',#9069,#856);
#372=LINE('',#9075,#857);
#373=LINE('',#9076,#858);
#374=LINE('',#9079,#859);
#375=LINE('',#9080,#860);
#376=LINE('',#9083,#861);
#377=LINE('',#9087,#862);
#378=LINE('',#9091,#863);
#379=LINE('',#9094,#864);
#380=LINE('',#9096,#865);
#381=LINE('',#9097,#866);
#382=LINE('',#9098,#867);
#383=LINE('',#9100,#868);
#384=LINE('',#9101,#869);
#385=LINE('',#9103,#870);
#386=LINE('',#9107,#871);
#387=LINE('',#9109,#872);
#388=LINE('',#9111,#873);
#389=LINE('',#9113,#874);
#390=LINE('',#9115,#875);
#391=LINE('',#9117,#876);
#392=LINE('',#9119,#877);
#393=LINE('',#9121,#878);
#394=LINE('',#9123,#879);
#395=LINE('',#9125,#880);
#396=LINE('',#9127,#881);
#397=LINE('',#9129,#882);
#398=LINE('',#9131,#883);
#399=LINE('',#9133,#884);
#400=LINE('',#9135,#885);
#401=LINE('',#9137,#886);
#402=LINE('',#9139,#887);
#403=LINE('',#9141,#888);
#404=LINE('',#9143,#889);
#405=LINE('',#9145,#890);
#406=LINE('',#9148,#891);
#407=LINE('',#9151,#892);
#408=LINE('',#9153,#893);
#409=LINE('',#9155,#894);
#410=LINE('',#9157,#895);
#411=LINE('',#9159,#896);
#412=LINE('',#9161,#897);
#413=LINE('',#9163,#898);
#414=LINE('',#9165,#899);
#415=LINE('',#9167,#900);
#416=LINE('',#9169,#901);
#417=LINE('',#9171,#902);
#418=LINE('',#9173,#903);
#419=LINE('',#9175,#904);
#420=LINE('',#9177,#905);
#421=LINE('',#9179,#906);
#422=LINE('',#9182,#907);
#423=LINE('',#9185,#908);
#424=LINE('',#9187,#909);
#425=LINE('',#9190,#910);
#426=LINE('',#9192,#911);
#427=LINE('',#9194,#912);
#428=LINE('',#9197,#913);
#429=LINE('',#9199,#914);
#430=LINE('',#9201,#915);
#431=LINE('',#9203,#916);
#432=LINE('',#9206,#917);
#433=LINE('',#9208,#918);
#434=LINE('',#9210,#919);
#435=LINE('',#9212,#920);
#436=LINE('',#9214,#921);
#437=LINE('',#9216,#922);
#438=LINE('',#9218,#923);
#439=LINE('',#9220,#924);
#440=LINE('',#9222,#925);
#441=LINE('',#9224,#926);
#442=LINE('',#9228,#927);
#443=LINE('',#9230,#928);
#444=LINE('',#9232,#929);
#445=LINE('',#9234,#930);
#446=LINE('',#9236,#931);
#447=LINE('',#9238,#932);
#448=LINE('',#9240,#933);
#449=LINE('',#9242,#934);
#450=LINE('',#9244,#935);
#451=LINE('',#9246,#936);
#452=LINE('',#9248,#937);
#453=LINE('',#9250,#938);
#454=LINE('',#9252,#939);
#455=LINE('',#9254,#940);
#456=LINE('',#9256,#941);
#457=LINE('',#9258,#942);
#458=LINE('',#9260,#943);
#459=LINE('',#9262,#944);
#460=LINE('',#9264,#945);
#461=LINE('',#9266,#946);
#462=LINE('',#9269,#947);
#463=LINE('',#9272,#948);
#464=LINE('',#9274,#949);
#465=LINE('',#9276,#950);
#466=LINE('',#9278,#951);
#467=LINE('',#9280,#952);
#468=LINE('',#9282,#953);
#469=LINE('',#9284,#954);
#470=LINE('',#9286,#955);
#471=LINE('',#9288,#956);
#472=LINE('',#9290,#957);
#473=LINE('',#9292,#958);
#474=LINE('',#9294,#959);
#475=LINE('',#9296,#960);
#476=LINE('',#9298,#961);
#477=LINE('',#9300,#962);
#478=LINE('',#9303,#963);
#479=LINE('',#9305,#964);
#480=LINE('',#9307,#965);
#481=LINE('',#9309,#966);
#482=LINE('',#9311,#967);
#483=LINE('',#9313,#968);
#484=LINE('',#9315,#969);
#485=LINE('',#9317,#970);
#486=LINE('',#9319,#971);
#487=LINE('',#9321,#972);
#488=LINE('',#9323,#973);
#489=LINE('',#9325,#974);
#490=LINE('',#9327,#975);
#491=LINE('',#9329,#976);
#492=LINE('',#9332,#977);
#493=LINE('',#9334,#978);
#494=LINE('',#9336,#979);
#495=LINE('',#9338,#980);
#496=LINE('',#9340,#981);
#497=LINE('',#9342,#982);
#498=LINE('',#9344,#983);
#499=LINE('',#9346,#984);
#500=LINE('',#9348,#985);
#501=LINE('',#9350,#986);
#502=LINE('',#9352,#987);
#503=LINE('',#9354,#988);
#504=LINE('',#9356,#989);
#505=LINE('',#9358,#990);
#506=LINE('',#9360,#991);
#507=LINE('',#9362,#992);
#508=LINE('',#9364,#993);
#509=LINE('',#9366,#994);
#510=LINE('',#9368,#995);
#511=LINE('',#9370,#996);
#512=LINE('',#9372,#997);
#513=LINE('',#9374,#998);
#514=LINE('',#9376,#999);
#515=LINE('',#9383,#1000);
#516=LINE('',#9393,#1001);
#517=VECTOR('',#6059,5.05);
#518=VECTOR('',#6066,5.05);
#519=VECTOR('',#6077,10.);
#520=VECTOR('',#6080,10.);
#521=VECTOR('',#6085,10.);
#522=VECTOR('',#6092,10.);
#523=VECTOR('',#6097,10.);
#524=VECTOR('',#6098,10.);
#525=VECTOR('',#6105,10.);
#526=VECTOR('',#6108,10.);
#527=VECTOR('',#6113,10.);
#528=VECTOR('',#6120,10.);
#529=VECTOR('',#6125,10.);
#530=VECTOR('',#6126,10.);
#531=VECTOR('',#6133,10.);
#532=VECTOR('',#6136,10.);
#533=VECTOR('',#6141,10.);
#534=VECTOR('',#6148,10.);
#535=VECTOR('',#6153,10.);
#536=VECTOR('',#6154,10.);
#537=VECTOR('',#6161,10.);
#538=VECTOR('',#6164,10.);
#539=VECTOR('',#6169,10.);
#540=VECTOR('',#6176,10.);
#541=VECTOR('',#6181,10.);
#542=VECTOR('',#6182,10.);
#543=VECTOR('',#6189,10.);
#544=VECTOR('',#6192,10.);
#545=VECTOR('',#6197,10.);
#546=VECTOR('',#6204,10.);
#547=VECTOR('',#6209,10.);
#548=VECTOR('',#6210,10.);
#549=VECTOR('',#6217,10.);
#550=VECTOR('',#6220,10.);
#551=VECTOR('',#6225,10.);
#552=VECTOR('',#6232,10.);
#553=VECTOR('',#6237,10.);
#554=VECTOR('',#6240,10.);
#555=VECTOR('',#6247,10.);
#556=VECTOR('',#6250,10.);
#557=VECTOR('',#6255,10.);
#558=VECTOR('',#6262,10.);
#559=VECTOR('',#6267,10.);
#560=VECTOR('',#6268,10.);
#561=VECTOR('',#6273,10.);
#562=VECTOR('',#6274,10.);
#563=VECTOR('',#6275,10.);
#564=VECTOR('',#6276,10.);
#565=VECTOR('',#6277,1.3);
#566=VECTOR('',#6278,10.);
#567=VECTOR('',#6281,10.);
#568=VECTOR('',#6282,10.);
#569=VECTOR('',#6283,10.);
#570=VECTOR('',#6284,10.);
#571=VECTOR('',#6285,10.);
#572=VECTOR('',#6286,10.);
#573=VECTOR('',#6289,10.);
#574=VECTOR('',#6290,10.);
#575=VECTOR('',#6291,10.);
#576=VECTOR('',#6292,10.);
#577=VECTOR('',#6293,10.);
#578=VECTOR('',#6294,10.);
#579=VECTOR('',#6297,10.);
#580=VECTOR('',#6298,10.);
#581=VECTOR('',#6299,10.);
#582=VECTOR('',#6300,10.);
#583=VECTOR('',#6301,10.);
#584=VECTOR('',#6302,10.);
#585=VECTOR('',#6305,10.);
#586=VECTOR('',#6308,10.);
#587=VECTOR('',#6311,10.);
#588=VECTOR('',#6316,10.);
#589=VECTOR('',#6317,10.);
#590=VECTOR('',#6322,10.);
#591=VECTOR('',#6325,10.);
#592=VECTOR('',#6328,10.);
#593=VECTOR('',#6331,10.);
#594=VECTOR('',#6334,10.);
#595=VECTOR('',#6337,10.);
#596=VECTOR('',#6340,10.);
#597=VECTOR('',#6343,10.);
#598=VECTOR('',#6346,10.);
#599=VECTOR('',#6353,10.);
#600=VECTOR('',#6356,10.);
#601=VECTOR('',#6359,10.);
#602=VECTOR('',#6364,10.);
#603=VECTOR('',#6367,10.);
#604=VECTOR('',#6370,10.);
#605=VECTOR('',#6373,10.);
#606=VECTOR('',#6376,10.);
#607=VECTOR('',#6379,10.);
#608=VECTOR('',#6382,10.);
#609=VECTOR('',#6387,10.);
#610=VECTOR('',#6390,10.);
#611=VECTOR('',#6393,10.);
#612=VECTOR('',#6396,10.);
#613=VECTOR('',#6401,10.);
#614=VECTOR('',#6406,10.);
#615=VECTOR('',#6409,10.);
#616=VECTOR('',#6412,10.);
#617=VECTOR('',#6415,10.);
#618=VECTOR('',#6418,10.);
#619=VECTOR('',#6419,10.);
#620=VECTOR('',#6422,10.);
#621=VECTOR('',#6427,10.);
#622=VECTOR('',#6428,10.);
#623=VECTOR('',#6433,10.);
#624=VECTOR('',#6434,10.);
#625=VECTOR('',#6437,10.);
#626=VECTOR('',#6440,10.);
#627=VECTOR('',#6443,10.);
#628=VECTOR('',#6444,10.);
#629=VECTOR('',#6445,10.);
#630=VECTOR('',#6446,10.);
#631=VECTOR('',#6447,10.);
#632=VECTOR('',#6452,10.);
#633=VECTOR('',#6455,10.);
#634=VECTOR('',#6460,10.);
#635=VECTOR('',#6467,10.);
#636=VECTOR('',#6470,10.);
#637=VECTOR('',#6475,10.);
#638=VECTOR('',#6478,10.);
#639=VECTOR('',#6481,10.);
#640=VECTOR('',#6484,10.);
#641=VECTOR('',#6487,10.);
#642=VECTOR('',#6490,10.);
#643=VECTOR('',#6493,10.);
#644=VECTOR('',#6498,10.);
#645=VECTOR('',#6501,10.);
#646=VECTOR('',#6504,10.);
#647=VECTOR('',#6511,10.);
#648=VECTOR('',#6514,10.);
#649=VECTOR('',#6517,10.);
#650=VECTOR('',#6520,10.);
#651=VECTOR('',#6523,10.);
#652=VECTOR('',#6526,10.);
#653=VECTOR('',#6529,10.);
#654=VECTOR('',#6532,10.);
#655=VECTOR('',#6535,10.);
#656=VECTOR('',#6536,10.);
#657=VECTOR('',#6539,10.);
#658=VECTOR('',#6542,10.);
#659=VECTOR('',#6545,10.);
#660=VECTOR('',#6548,10.);
#661=VECTOR('',#6559,10.);
#662=VECTOR('',#6564,10.);
#663=VECTOR('',#6567,10.);
#664=VECTOR('',#6576,10.);
#665=VECTOR('',#6585,10.);
#666=VECTOR('',#6588,10.);
#667=VECTOR('',#6595,10.);
#668=VECTOR('',#6606,10.);
#669=VECTOR('',#6613,10.);
#670=VECTOR('',#6618,10.);
#671=VECTOR('',#6629,10.);
#672=VECTOR('',#6632,10.);
#673=VECTOR('',#6635,10.);
#674=VECTOR('',#6644,10.);
#675=VECTOR('',#6647,10.);
#676=VECTOR('',#6650,10.);
#677=VECTOR('',#6659,10.);
#678=VECTOR('',#6662,10.);
#679=VECTOR('',#6665,10.);
#680=VECTOR('',#6674,10.);
#681=VECTOR('',#6677,10.);
#682=VECTOR('',#6680,10.);
#683=VECTOR('',#6685,10.);
#684=VECTOR('',#6690,10.);
#685=VECTOR('',#6691,10.);
#686=VECTOR('',#6692,10.);
#687=VECTOR('',#6693,10.);
#688=VECTOR('',#6694,10.);
#689=VECTOR('',#6697,10.);
#690=VECTOR('',#6702,10.);
#691=VECTOR('',#6711,10.);
#692=VECTOR('',#6714,10.);
#693=VECTOR('',#6717,10.);
#694=VECTOR('',#6730,10.);
#695=VECTOR('',#6735,10.);
#696=VECTOR('',#6740,10.);
#697=VECTOR('',#6745,10.);
#698=VECTOR('',#6750,10.);
#699=VECTOR('',#6755,10.);
#700=VECTOR('',#6762,10.);
#701=VECTOR('',#6765,10.);
#702=VECTOR('',#6768,10.);
#703=VECTOR('',#6771,10.);
#704=VECTOR('',#6774,10.);
#705=VECTOR('',#6777,1.3);
#706=VECTOR('',#6780,10.);
#707=VECTOR('',#6781,10.);
#708=VECTOR('',#6784,10.);
#709=VECTOR('',#6787,10.);
#710=VECTOR('',#6792,10.);
#711=VECTOR('',#6797,10.);
#712=VECTOR('',#6800,10.);
#713=VECTOR('',#6807,10.);
#714=VECTOR('',#6812,10.);
#715=VECTOR('',#6813,10.);
#716=VECTOR('',#6818,10.);
#717=VECTOR('',#6823,10.);
#718=VECTOR('',#6828,10.);
#719=VECTOR('',#6829,10.);
#720=VECTOR('',#6834,10.);
#721=VECTOR('',#6839,10.);
#722=VECTOR('',#6842,10.);
#723=VECTOR('',#6845,10.);
#724=VECTOR('',#6848,10.);
#725=VECTOR('',#6851,10.);
#726=VECTOR('',#6854,10.);
#727=VECTOR('',#6857,10.);
#728=VECTOR('',#6860,10.);
#729=VECTOR('',#6863,10.);
#730=VECTOR('',#6866,3.);
#731=VECTOR('',#6869,10.);
#732=VECTOR('',#6872,10.);
#733=VECTOR('',#6875,10.);
#734=VECTOR('',#6878,10.);
#735=VECTOR('',#6881,10.);
#736=VECTOR('',#6884,10.);
#737=VECTOR('',#6887,10.);
#738=VECTOR('',#6890,10.);
#739=VECTOR('',#6891,10.);
#740=VECTOR('',#6894,10.);
#741=VECTOR('',#6897,10.);
#742=VECTOR('',#6902,10.);
#743=VECTOR('',#6905,10.);
#744=VECTOR('',#6908,10.);
#745=VECTOR('',#6911,10.);
#746=VECTOR('',#6914,10.);
#747=VECTOR('',#6917,10.);
#748=VECTOR('',#6920,10.);
#749=VECTOR('',#6925,10.);
#750=VECTOR('',#6928,10.);
#751=VECTOR('',#6929,3.);
#752=VECTOR('',#6930,10.);
#753=VECTOR('',#6933,10.);
#754=VECTOR('',#6938,10.);
#755=VECTOR('',#6941,10.);
#756=VECTOR('',#6944,10.);
#757=VECTOR('',#6947,10.);
#758=VECTOR('',#6950,10.);
#759=VECTOR('',#6953,10.);
#760=VECTOR('',#6956,10.);
#761=VECTOR('',#6961,10.);
#762=VECTOR('',#6964,10.);
#763=VECTOR('',#6967,10.);
#764=VECTOR('',#6970,10.);
#765=VECTOR('',#6973,10.);
#766=VECTOR('',#6976,10.);
#767=VECTOR('',#6979,10.);
#768=VECTOR('',#6982,10.);
#769=VECTOR('',#6987,3.);
#770=VECTOR('',#6992,10.);
#771=VECTOR('',#6995,10.);
#772=VECTOR('',#7000,10.);
#773=VECTOR('',#7001,10.);
#774=VECTOR('',#7002,10.);
#775=VECTOR('',#7011,3.);
#776=VECTOR('',#7018,10.);
#777=VECTOR('',#7023,10.);
#778=VECTOR('',#7024,10.);
#779=VECTOR('',#7029,10.);
#780=VECTOR('',#7030,10.);
#781=VECTOR('',#7031,10.);
#782=VECTOR('',#7036,3.);
#783=VECTOR('',#7037,3.);
#784=VECTOR('',#7042,10.);
#785=VECTOR('',#7045,3.);
#786=VECTOR('',#7048,3.);
#787=VECTOR('',#7051,10.);
#788=VECTOR('',#7054,10.);
#789=VECTOR('',#7057,10.);
#790=VECTOR('',#7060,10.);
#791=VECTOR('',#7063,10.);
#792=VECTOR('',#7066,10.);
#793=VECTOR('',#7069,10.);
#794=VECTOR('',#7074,10.);
#795=VECTOR('',#7077,10.);
#796=VECTOR('',#7080,10.);
#797=VECTOR('',#7083,10.);
#798=VECTOR('',#7086,10.);
#799=VECTOR('',#7089,10.);
#800=VECTOR('',#7092,10.);
#801=VECTOR('',#7097,10.);
#802=VECTOR('',#7100,10.);
#803=VECTOR('',#7103,10.);
#804=VECTOR('',#7108,10.);
#805=VECTOR('',#7111,10.);
#806=VECTOR('',#7114,10.);
#807=VECTOR('',#7117,10.);
#808=VECTOR('',#7120,10.);
#809=VECTOR('',#7123,10.);
#810=VECTOR('',#7126,10.);
#811=VECTOR('',#7131,10.);
#812=VECTOR('',#7134,10.);
#813=VECTOR('',#7137,10.);
#814=VECTOR('',#7138,10.);
#815=VECTOR('',#7141,10.);
#816=VECTOR('',#7144,10.);
#817=VECTOR('',#7147,10.);
#818=VECTOR('',#7150,10.);
#819=VECTOR('',#7153,10.);
#820=VECTOR('',#7156,10.);
#821=VECTOR('',#7159,10.);
#822=VECTOR('',#7162,10.);
#823=VECTOR('',#7165,10.);
#824=VECTOR('',#7168,10.);
#825=VECTOR('',#7171,10.);
#826=VECTOR('',#7174,10.);
#827=VECTOR('',#7177,10.);
#828=VECTOR('',#7180,10.);
#829=VECTOR('',#7183,10.);
#830=VECTOR('',#7188,10.);
#831=VECTOR('',#7191,10.);
#832=VECTOR('',#7194,10.);
#833=VECTOR('',#7199,10.);
#834=VECTOR('',#7202,10.);
#835=VECTOR('',#7203,10.);
#836=VECTOR('',#7212,10.);
#837=VECTOR('',#7213,10.);
#838=VECTOR('',#7216,10.);
#839=VECTOR('',#7219,10.);
#840=VECTOR('',#7220,10.);
#841=VECTOR('',#7223,10.);
#842=VECTOR('',#7226,10.);
#843=VECTOR('',#7229,10.);
#844=VECTOR('',#7232,10.);
#845=VECTOR('',#7235,10.);
#846=VECTOR('',#7238,10.);
#847=VECTOR('',#7241,10.);
#848=VECTOR('',#7244,10.);
#849=VECTOR('',#7247,10.);
#850=VECTOR('',#7250,10.);
#851=VECTOR('',#7253,10.);
#852=VECTOR('',#7254,10.);
#853=VECTOR('',#7257,10.);
#854=VECTOR('',#7260,10.);
#855=VECTOR('',#7263,10.);
#856=VECTOR('',#7264,10.);
#857=VECTOR('',#7271,10.);
#858=VECTOR('',#7272,10.);
#859=VECTOR('',#7275,10.);
#860=VECTOR('',#7276,10.);
#861=VECTOR('',#7279,10.);
#862=VECTOR('',#7282,10.);
#863=VECTOR('',#7285,10.);
#864=VECTOR('',#7290,10.);
#865=VECTOR('',#7293,10.);
#866=VECTOR('',#7294,10.);
#867=VECTOR('',#7295,10.);
#868=VECTOR('',#7298,10.);
#869=VECTOR('',#7299,10.);
#870=VECTOR('',#7302,10.);
#871=VECTOR('',#7309,10.);
#872=VECTOR('',#7312,10.);
#873=VECTOR('',#7315,10.);
#874=VECTOR('',#7318,10.);
#875=VECTOR('',#7321,10.);
#876=VECTOR('',#7324,10.);
#877=VECTOR('',#7327,10.);
#878=VECTOR('',#7330,10.);
#879=VECTOR('',#7333,10.);
#880=VECTOR('',#7336,10.);
#881=VECTOR('',#7339,10.);
#882=VECTOR('',#7342,10.);
#883=VECTOR('',#7345,10.);
#884=VECTOR('',#7348,10.);
#885=VECTOR('',#7351,10.);
#886=VECTOR('',#7354,10.);
#887=VECTOR('',#7357,10.);
#888=VECTOR('',#7360,10.);
#889=VECTOR('',#7363,10.);
#890=VECTOR('',#7366,10.);
#891=VECTOR('',#7371,10.);
#892=VECTOR('',#7376,10.);
#893=VECTOR('',#7379,10.);
#894=VECTOR('',#7382,10.);
#895=VECTOR('',#7385,10.);
#896=VECTOR('',#7388,10.);
#897=VECTOR('',#7391,10.);
#898=VECTOR('',#7394,10.);
#899=VECTOR('',#7397,10.);
#900=VECTOR('',#7400,10.);
#901=VECTOR('',#7403,10.);
#902=VECTOR('',#7406,10.);
#903=VECTOR('',#7409,10.);
#904=VECTOR('',#7412,10.);
#905=VECTOR('',#7415,10.);
#906=VECTOR('',#7418,10.);
#907=VECTOR('',#7423,10.);
#908=VECTOR('',#7428,10.);
#909=VECTOR('',#7431,10.);
#910=VECTOR('',#7436,10.);
#911=VECTOR('',#7439,10.);
#912=VECTOR('',#7442,10.);
#913=VECTOR('',#7447,10.);
#914=VECTOR('',#7450,10.);
#915=VECTOR('',#7453,10.);
#916=VECTOR('',#7456,10.);
#917=VECTOR('',#7461,10.);
#918=VECTOR('',#7464,10.);
#919=VECTOR('',#7467,10.);
#920=VECTOR('',#7470,10.);
#921=VECTOR('',#7473,10.);
#922=VECTOR('',#7476,10.);
#923=VECTOR('',#7479,10.);
#924=VECTOR('',#7482,10.);
#925=VECTOR('',#7485,10.);
#926=VECTOR('',#7488,10.);
#927=VECTOR('',#7495,10.);
#928=VECTOR('',#7498,10.);
#929=VECTOR('',#7501,10.);
#930=VECTOR('',#7504,10.);
#931=VECTOR('',#7507,10.);
#932=VECTOR('',#7510,10.);
#933=VECTOR('',#7513,10.);
#934=VECTOR('',#7516,10.);
#935=VECTOR('',#7519,10.);
#936=VECTOR('',#7522,10.);
#937=VECTOR('',#7525,10.);
#938=VECTOR('',#7528,10.);
#939=VECTOR('',#7531,10.);
#940=VECTOR('',#7534,10.);
#941=VECTOR('',#7537,10.);
#942=VECTOR('',#7540,10.);
#943=VECTOR('',#7543,10.);
#944=VECTOR('',#7546,10.);
#945=VECTOR('',#7549,10.);
#946=VECTOR('',#7552,10.);
#947=VECTOR('',#7557,10.);
#948=VECTOR('',#7562,10.);
#949=VECTOR('',#7565,10.);
#950=VECTOR('',#7568,10.);
#951=VECTOR('',#7571,10.);
#952=VECTOR('',#7574,10.);
#953=VECTOR('',#7577,10.);
#954=VECTOR('',#7580,10.);
#955=VECTOR('',#7583,10.);
#956=VECTOR('',#7586,10.);
#957=VECTOR('',#7589,10.);
#958=VECTOR('',#7592,10.);
#959=VECTOR('',#7595,10.);
#960=VECTOR('',#7598,10.);
#961=VECTOR('',#7601,10.);
#962=VECTOR('',#7604,10.);
#963=VECTOR('',#7609,10.);
#964=VECTOR('',#7612,10.);
#965=VECTOR('',#7615,10.);
#966=VECTOR('',#7618,10.);
#967=VECTOR('',#7621,10.);
#968=VECTOR('',#7624,10.);
#969=VECTOR('',#7627,10.);
#970=VECTOR('',#7630,10.);
#971=VECTOR('',#7633,10.);
#972=VECTOR('',#7636,10.);
#973=VECTOR('',#7639,10.);
#974=VECTOR('',#7642,10.);
#975=VECTOR('',#7645,10.);
#976=VECTOR('',#7648,10.);
#977=VECTOR('',#7653,10.);
#978=VECTOR('',#7656,10.);
#979=VECTOR('',#7659,10.);
#980=VECTOR('',#7662,10.);
#981=VECTOR('',#7665,10.);
#982=VECTOR('',#7668,10.);
#983=VECTOR('',#7671,10.);
#984=VECTOR('',#7674,10.);
#985=VECTOR('',#7677,10.);
#986=VECTOR('',#7680,10.);
#987=VECTOR('',#7683,10.);
#988=VECTOR('',#7686,10.);
#989=VECTOR('',#7689,10.);
#990=VECTOR('',#7692,10.);
#991=VECTOR('',#7695,10.);
#992=VECTOR('',#7698,10.);
#993=VECTOR('',#7701,10.);
#994=VECTOR('',#7704,10.);
#995=VECTOR('',#7707,10.);
#996=VECTOR('',#7710,10.);
#997=VECTOR('',#7713,10.);
#998=VECTOR('',#7716,10.);
#999=VECTOR('',#7719,10.);
#1000=VECTOR('',#7728,5.05);
#1001=VECTOR('',#7743,5.05);
#1002=CYLINDRICAL_SURFACE('',#5446,5.05);
#1003=CYLINDRICAL_SURFACE('',#5449,5.05);
#1004=CYLINDRICAL_SURFACE('',#5454,1.5);
#1005=CYLINDRICAL_SURFACE('',#5457,3.);
#1006=CYLINDRICAL_SURFACE('',#5460,1.5);
#1007=CYLINDRICAL_SURFACE('',#5465,1.5);
#1008=CYLINDRICAL_SURFACE('',#5468,3.00000000000001);
#1009=CYLINDRICAL_SURFACE('',#5471,1.5);
#1010=CYLINDRICAL_SURFACE('',#5476,1.5);
#1011=CYLINDRICAL_SURFACE('',#5479,3.);
#1012=CYLINDRICAL_SURFACE('',#5482,1.5);
#1013=CYLINDRICAL_SURFACE('',#5487,1.5);
#1014=CYLINDRICAL_SURFACE('',#5490,3.);
#1015=CYLINDRICAL_SURFACE('',#5493,1.5);
#1016=CYLINDRICAL_SURFACE('',#5498,1.5);
#1017=CYLINDRICAL_SURFACE('',#5501,3.00000000000001);
#1018=CYLINDRICAL_SURFACE('',#5504,1.5);
#1019=CYLINDRICAL_SURFACE('',#5509,1.5);
#1020=CYLINDRICAL_SURFACE('',#5512,3.);
#1021=CYLINDRICAL_SURFACE('',#5515,1.5);
#1022=CYLINDRICAL_SURFACE('',#5521,1.5);
#1023=CYLINDRICAL_SURFACE('',#5524,3.00000000000001);
#1024=CYLINDRICAL_SURFACE('',#5527,1.5);
#1025=CYLINDRICAL_SURFACE('',#5536,4.7);
#1026=CYLINDRICAL_SURFACE('',#5585,1.5);
#1027=CYLINDRICAL_SURFACE('',#5588,3.);
#1028=CYLINDRICAL_SURFACE('',#5653,1.5);
#1029=CYLINDRICAL_SURFACE('',#5655,1.5);
#1030=CYLINDRICAL_SURFACE('',#5657,3.);
#1031=CYLINDRICAL_SURFACE('',#5659,1.5);
#1032=CYLINDRICAL_SURFACE('',#5661,1.5);
#1033=CYLINDRICAL_SURFACE('',#5663,3.);
#1034=CYLINDRICAL_SURFACE('',#5665,1.5);
#1035=CYLINDRICAL_SURFACE('',#5667,1.5);
#1036=CYLINDRICAL_SURFACE('',#5669,3.);
#1037=CYLINDRICAL_SURFACE('',#5671,1.5);
#1038=CYLINDRICAL_SURFACE('',#5673,1.5);
#1039=CYLINDRICAL_SURFACE('',#5675,3.00000000000001);
#1040=CYLINDRICAL_SURFACE('',#5677,1.5);
#1041=CYLINDRICAL_SURFACE('',#5680,1.5);
#1042=CYLINDRICAL_SURFACE('',#5682,3.00000000000001);
#1043=CYLINDRICAL_SURFACE('',#5684,1.5);
#1044=CYLINDRICAL_SURFACE('',#5686,1.5);
#1045=CYLINDRICAL_SURFACE('',#5688,3.);
#1046=CYLINDRICAL_SURFACE('',#5690,1.5);
#1047=CYLINDRICAL_SURFACE('',#5706,1.30000000000001);
#1048=CYLINDRICAL_SURFACE('',#5707,1.29999999999999);
#1049=CYLINDRICAL_SURFACE('',#5708,1.30000000000001);
#1050=CYLINDRICAL_SURFACE('',#5709,1.29999999999998);
#1051=CYLINDRICAL_SURFACE('',#5710,1.29999999999999);
#1052=CYLINDRICAL_SURFACE('',#5711,1.3);
#1053=CYLINDRICAL_SURFACE('',#5712,1.3);
#1054=CYLINDRICAL_SURFACE('',#5713,1.3);
#1055=CYLINDRICAL_SURFACE('',#5715,7.1);
#1056=CYLINDRICAL_SURFACE('',#5717,4.7);
#1057=CYLINDRICAL_SURFACE('',#5718,0.0999999999999979);
#1058=CYLINDRICAL_SURFACE('',#5721,6.69999999999995);
#1059=CYLINDRICAL_SURFACE('',#5724,5.09999999999995);
#1060=CYLINDRICAL_SURFACE('',#5726,1.7);
#1061=CYLINDRICAL_SURFACE('',#5728,6.69999999999995);
#1062=CYLINDRICAL_SURFACE('',#5730,6.69999999999995);
#1063=CYLINDRICAL_SURFACE('',#5732,1.7);
#1064=CYLINDRICAL_SURFACE('',#5734,5.09999999999995);
#1065=CYLINDRICAL_SURFACE('',#5784,3.);
#1066=CYLINDRICAL_SURFACE('',#5787,5.89999999999999);
#1067=CYLINDRICAL_SURFACE('',#5793,3.);
#1068=CYLINDRICAL_SURFACE('',#5796,3.);
#1069=CYLINDRICAL_SURFACE('',#5802,3.);
#1070=CYLINDRICAL_SURFACE('',#5804,3.);
#1071=CYLINDRICAL_SURFACE('',#5806,3.);
#1072=CYLINDRICAL_SURFACE('',#5854,3.);
#1073=CYLINDRICAL_SURFACE('',#5862,3.);
#1074=CYLINDRICAL_SURFACE('',#5865,1.7);
#1075=CYLINDRICAL_SURFACE('',#5867,1.7);
#1076=CYLINDRICAL_SURFACE('',#5869,3.);
#1077=CYLINDRICAL_SURFACE('',#5876,3.);
#1078=CYLINDRICAL_SURFACE('',#5877,3.);
#1079=CYLINDRICAL_SURFACE('',#5879,3.);
#1080=CYLINDRICAL_SURFACE('',#5882,3.);
#1081=CYLINDRICAL_SURFACE('',#5889,3.);
#1082=CYLINDRICAL_SURFACE('',#5891,3.);
#1083=CYLINDRICAL_SURFACE('',#5893,3.);
#1084=CYLINDRICAL_SURFACE('',#5895,4.29999999999998);
#1085=CYLINDRICAL_SURFACE('',#5897,1.7);
#1086=CYLINDRICAL_SURFACE('',#5898,4.3);
#1087=CYLINDRICAL_SURFACE('',#5900,1.7);
#1088=CYLINDRICAL_SURFACE('',#5902,4.30000000000002);
#1089=CYLINDRICAL_SURFACE('',#5904,4.29999999999998);
#1090=CYLINDRICAL_SURFACE('',#5906,1.7);
#1091=CYLINDRICAL_SURFACE('',#5908,4.3);
#1092=CYLINDRICAL_SURFACE('',#5910,1.7);
#1093=CYLINDRICAL_SURFACE('',#5912,4.3);
#1094=CYLINDRICAL_SURFACE('',#5913,1.7);
#1095=CYLINDRICAL_SURFACE('',#5915,4.30000000000001);
#1096=CYLINDRICAL_SURFACE('',#5916,4.30000000000001);
#1097=CYLINDRICAL_SURFACE('',#5918,4.29999999999997);
#1098=CYLINDRICAL_SURFACE('',#5920,1.7);
#1099=CYLINDRICAL_SURFACE('',#5922,1.7);
#1100=CYLINDRICAL_SURFACE('',#5924,4.3);
#1101=CYLINDRICAL_SURFACE('',#5926,1.7);
#1102=CYLINDRICAL_SURFACE('',#5928,4.29999999999998);
#1103=CYLINDRICAL_SURFACE('',#5930,4.30000000000007);
#1104=CYLINDRICAL_SURFACE('',#5932,4.29999999999999);
#1105=CYLINDRICAL_SURFACE('',#5935,4.70000000000001);
#1106=CYLINDRICAL_SURFACE('',#5937,4.7);
#1107=CYLINDRICAL_SURFACE('',#5939,1.29999999999997);
#1108=CYLINDRICAL_SURFACE('',#5941,4.7);
#1109=CYLINDRICAL_SURFACE('',#5942,1.3);
#1110=CYLINDRICAL_SURFACE('',#5944,4.7);
#1111=CYLINDRICAL_SURFACE('',#5945,1.3);
#1112=CYLINDRICAL_SURFACE('',#5947,4.7);
#1113=CYLINDRICAL_SURFACE('',#5949,4.7);
#1114=CYLINDRICAL_SURFACE('',#5951,1.29999999999999);
#1115=CYLINDRICAL_SURFACE('',#5953,1.30000000000003);
#1116=CYLINDRICAL_SURFACE('',#5955,4.7);
#1117=CYLINDRICAL_SURFACE('',#5957,1.3);
#1118=CYLINDRICAL_SURFACE('',#5958,4.7);
#1119=CYLINDRICAL_SURFACE('',#5960,4.29999999999998);
#1120=CYLINDRICAL_SURFACE('',#5962,1.7);
#1121=CYLINDRICAL_SURFACE('',#5963,4.3);
#1122=CYLINDRICAL_SURFACE('',#5965,1.7);
#1123=CYLINDRICAL_SURFACE('',#5967,4.30000000000002);
#1124=CYLINDRICAL_SURFACE('',#5969,4.29999999999998);
#1125=CYLINDRICAL_SURFACE('',#5971,1.7);
#1126=CYLINDRICAL_SURFACE('',#5973,4.3);
#1127=CYLINDRICAL_SURFACE('',#5975,1.7);
#1128=CYLINDRICAL_SURFACE('',#5977,4.3);
#1129=CYLINDRICAL_SURFACE('',#5978,1.7);
#1130=CYLINDRICAL_SURFACE('',#5980,4.30000000000001);
#1131=CYLINDRICAL_SURFACE('',#5981,4.30000000000001);
#1132=CYLINDRICAL_SURFACE('',#5984,4.29999999999997);
#1133=CYLINDRICAL_SURFACE('',#5986,1.7);
#1134=CYLINDRICAL_SURFACE('',#5988,1.7);
#1135=CYLINDRICAL_SURFACE('',#5990,4.3);
#1136=CYLINDRICAL_SURFACE('',#5992,1.7);
#1137=CYLINDRICAL_SURFACE('',#5994,4.29999999999998);
#1138=CYLINDRICAL_SURFACE('',#5996,4.30000000000007);
#1139=CYLINDRICAL_SURFACE('',#5998,4.29999999999999);
#1140=CYLINDRICAL_SURFACE('',#6000,5.90000000000007);
#1141=CYLINDRICAL_SURFACE('',#6002,5.89999999999998);
#1142=CYLINDRICAL_SURFACE('',#6004,0.100000000000007);
#1143=CYLINDRICAL_SURFACE('',#6006,5.89999999999999);
#1144=CYLINDRICAL_SURFACE('',#6008,0.1);
#1145=CYLINDRICAL_SURFACE('',#6010,0.0999999999999979);
#1146=CYLINDRICAL_SURFACE('',#6012,5.89999999999997);
#1147=CYLINDRICAL_SURFACE('',#6015,5.90000000000001);
#1148=CYLINDRICAL_SURFACE('',#6017,5.90000000000002);
#1149=CYLINDRICAL_SURFACE('',#6019,0.0999999999999979);
#1150=CYLINDRICAL_SURFACE('',#6020,5.9);
#1151=CYLINDRICAL_SURFACE('',#6022,0.0999999999999979);
#1152=CYLINDRICAL_SURFACE('',#6024,5.9);
#1153=CYLINDRICAL_SURFACE('',#6026,0.0999999999999979);
#1154=CYLINDRICAL_SURFACE('',#6028,5.89999999999999);
#1155=CYLINDRICAL_SURFACE('',#6030,5.90000000000003);
#1156=CYLINDRICAL_SURFACE('',#6032,0.0999999999999979);
#1157=CYLINDRICAL_SURFACE('',#6034,5.9);
#1158=CYLINDRICAL_SURFACE('',#6035,0.0999999999999979);
#1159=CYLINDRICAL_SURFACE('',#6037,5.89999999999998);
#1160=CYLINDRICAL_SURFACE('',#6038,0.100000000000002);
#1161=CYLINDRICAL_SURFACE('',#6039,5.05);
#1162=CYLINDRICAL_SURFACE('',#6046,5.05);
#1163=FACE_OUTER_BOUND('',#1444,.T.);
#1164=FACE_OUTER_BOUND('',#1445,.T.);
#1165=FACE_OUTER_BOUND('',#1446,.T.);
#1166=FACE_OUTER_BOUND('',#1447,.T.);
#1167=FACE_OUTER_BOUND('',#1448,.T.);
#1168=FACE_OUTER_BOUND('',#1449,.T.);
#1169=FACE_OUTER_BOUND('',#1450,.T.);
#1170=FACE_OUTER_BOUND('',#1451,.T.);
#1171=FACE_OUTER_BOUND('',#1452,.T.);
#1172=FACE_OUTER_BOUND('',#1453,.T.);
#1173=FACE_OUTER_BOUND('',#1454,.T.);
#1174=FACE_OUTER_BOUND('',#1455,.T.);
#1175=FACE_OUTER_BOUND('',#1456,.T.);
#1176=FACE_OUTER_BOUND('',#1457,.T.);
#1177=FACE_OUTER_BOUND('',#1458,.T.);
#1178=FACE_OUTER_BOUND('',#1459,.T.);
#1179=FACE_OUTER_BOUND('',#1460,.T.);
#1180=FACE_OUTER_BOUND('',#1461,.T.);
#1181=FACE_OUTER_BOUND('',#1462,.T.);
#1182=FACE_OUTER_BOUND('',#1463,.T.);
#1183=FACE_OUTER_BOUND('',#1464,.T.);
#1184=FACE_OUTER_BOUND('',#1465,.T.);
#1185=FACE_OUTER_BOUND('',#1466,.T.);
#1186=FACE_OUTER_BOUND('',#1467,.T.);
#1187=FACE_OUTER_BOUND('',#1468,.T.);
#1188=FACE_OUTER_BOUND('',#1469,.T.);
#1189=FACE_OUTER_BOUND('',#1470,.T.);
#1190=FACE_OUTER_BOUND('',#1471,.T.);
#1191=FACE_OUTER_BOUND('',#1472,.T.);
#1192=FACE_OUTER_BOUND('',#1473,.T.);
#1193=FACE_OUTER_BOUND('',#1474,.T.);
#1194=FACE_OUTER_BOUND('',#1475,.T.);
#1195=FACE_OUTER_BOUND('',#1476,.T.);
#1196=FACE_OUTER_BOUND('',#1477,.T.);
#1197=FACE_OUTER_BOUND('',#1478,.T.);
#1198=FACE_OUTER_BOUND('',#1479,.T.);
#1199=FACE_OUTER_BOUND('',#1480,.T.);
#1200=FACE_OUTER_BOUND('',#1481,.T.);
#1201=FACE_OUTER_BOUND('',#1482,.T.);
#1202=FACE_OUTER_BOUND('',#1483,.T.);
#1203=FACE_OUTER_BOUND('',#1484,.T.);
#1204=FACE_OUTER_BOUND('',#1486,.T.);
#1205=FACE_OUTER_BOUND('',#1487,.T.);
#1206=FACE_OUTER_BOUND('',#1488,.T.);
#1207=FACE_OUTER_BOUND('',#1489,.T.);
#1208=FACE_OUTER_BOUND('',#1491,.T.);
#1209=FACE_OUTER_BOUND('',#1492,.T.);
#1210=FACE_OUTER_BOUND('',#1493,.T.);
#1211=FACE_OUTER_BOUND('',#1494,.T.);
#1212=FACE_OUTER_BOUND('',#1495,.T.);
#1213=FACE_OUTER_BOUND('',#1496,.T.);
#1214=FACE_OUTER_BOUND('',#1497,.T.);
#1215=FACE_OUTER_BOUND('',#1498,.T.);
#1216=FACE_OUTER_BOUND('',#1499,.T.);
#1217=FACE_OUTER_BOUND('',#1500,.T.);
#1218=FACE_OUTER_BOUND('',#1501,.T.);
#1219=FACE_OUTER_BOUND('',#1502,.T.);
#1220=FACE_OUTER_BOUND('',#1503,.T.);
#1221=FACE_OUTER_BOUND('',#1504,.T.);
#1222=FACE_OUTER_BOUND('',#1505,.T.);
#1223=FACE_OUTER_BOUND('',#1506,.T.);
#1224=FACE_OUTER_BOUND('',#1507,.T.);
#1225=FACE_OUTER_BOUND('',#1508,.T.);
#1226=FACE_OUTER_BOUND('',#1509,.T.);
#1227=FACE_OUTER_BOUND('',#1510,.T.);
#1228=FACE_OUTER_BOUND('',#1511,.T.);
#1229=FACE_OUTER_BOUND('',#1512,.T.);
#1230=FACE_OUTER_BOUND('',#1513,.T.);
#1231=FACE_OUTER_BOUND('',#1514,.T.);
#1232=FACE_OUTER_BOUND('',#1515,.T.);
#1233=FACE_OUTER_BOUND('',#1516,.T.);
#1234=FACE_OUTER_BOUND('',#1517,.T.);
#1235=FACE_OUTER_BOUND('',#1518,.T.);
#1236=FACE_OUTER_BOUND('',#1519,.T.);
#1237=FACE_OUTER_BOUND('',#1520,.T.);
#1238=FACE_OUTER_BOUND('',#1521,.T.);
#1239=FACE_OUTER_BOUND('',#1522,.T.);
#1240=FACE_OUTER_BOUND('',#1523,.T.);
#1241=FACE_OUTER_BOUND('',#1524,.T.);
#1242=FACE_OUTER_BOUND('',#1525,.T.);
#1243=FACE_OUTER_BOUND('',#1526,.T.);
#1244=FACE_OUTER_BOUND('',#1527,.T.);
#1245=FACE_OUTER_BOUND('',#1528,.T.);
#1246=FACE_OUTER_BOUND('',#1529,.T.);
#1247=FACE_OUTER_BOUND('',#1530,.T.);
#1248=FACE_OUTER_BOUND('',#1531,.T.);
#1249=FACE_OUTER_BOUND('',#1532,.T.);
#1250=FACE_OUTER_BOUND('',#1533,.T.);
#1251=FACE_OUTER_BOUND('',#1534,.T.);
#1252=FACE_OUTER_BOUND('',#1535,.T.);
#1253=FACE_OUTER_BOUND('',#1536,.T.);
#1254=FACE_OUTER_BOUND('',#1537,.T.);
#1255=FACE_OUTER_BOUND('',#1538,.T.);
#1256=FACE_OUTER_BOUND('',#1539,.T.);
#1257=FACE_OUTER_BOUND('',#1540,.T.);
#1258=FACE_OUTER_BOUND('',#1541,.T.);
#1259=FACE_OUTER_BOUND('',#1542,.T.);
#1260=FACE_OUTER_BOUND('',#1543,.T.);
#1261=FACE_OUTER_BOUND('',#1544,.T.);
#1262=FACE_OUTER_BOUND('',#1545,.T.);
#1263=FACE_OUTER_BOUND('',#1546,.T.);
#1264=FACE_OUTER_BOUND('',#1547,.T.);
#1265=FACE_OUTER_BOUND('',#1548,.T.);
#1266=FACE_OUTER_BOUND('',#1549,.T.);
#1267=FACE_OUTER_BOUND('',#1550,.T.);
#1268=FACE_OUTER_BOUND('',#1551,.T.);
#1269=FACE_OUTER_BOUND('',#1552,.T.);
#1270=FACE_OUTER_BOUND('',#1553,.T.);
#1271=FACE_OUTER_BOUND('',#1554,.T.);
#1272=FACE_OUTER_BOUND('',#1555,.T.);
#1273=FACE_OUTER_BOUND('',#1556,.T.);
#1274=FACE_OUTER_BOUND('',#1557,.T.);
#1275=FACE_OUTER_BOUND('',#1558,.T.);
#1276=FACE_OUTER_BOUND('',#1559,.T.);
#1277=FACE_OUTER_BOUND('',#1560,.T.);
#1278=FACE_OUTER_BOUND('',#1561,.T.);
#1279=FACE_OUTER_BOUND('',#1562,.T.);
#1280=FACE_OUTER_BOUND('',#1563,.T.);
#1281=FACE_OUTER_BOUND('',#1564,.T.);
#1282=FACE_OUTER_BOUND('',#1565,.T.);
#1283=FACE_OUTER_BOUND('',#1566,.T.);
#1284=FACE_OUTER_BOUND('',#1567,.T.);
#1285=FACE_OUTER_BOUND('',#1568,.T.);
#1286=FACE_OUTER_BOUND('',#1569,.T.);
#1287=FACE_OUTER_BOUND('',#1570,.T.);
#1288=FACE_OUTER_BOUND('',#1571,.T.);
#1289=FACE_OUTER_BOUND('',#1572,.T.);
#1290=FACE_OUTER_BOUND('',#1573,.T.);
#1291=FACE_OUTER_BOUND('',#1574,.T.);
#1292=FACE_OUTER_BOUND('',#1575,.T.);
#1293=FACE_OUTER_BOUND('',#1576,.T.);
#1294=FACE_OUTER_BOUND('',#1577,.T.);
#1295=FACE_OUTER_BOUND('',#1578,.T.);
#1296=FACE_OUTER_BOUND('',#1579,.T.);
#1297=FACE_OUTER_BOUND('',#1580,.T.);
#1298=FACE_OUTER_BOUND('',#1581,.T.);
#1299=FACE_OUTER_BOUND('',#1582,.T.);
#1300=FACE_OUTER_BOUND('',#1583,.T.);
#1301=FACE_OUTER_BOUND('',#1584,.T.);
#1302=FACE_OUTER_BOUND('',#1585,.T.);
#1303=FACE_OUTER_BOUND('',#1586,.T.);
#1304=FACE_OUTER_BOUND('',#1587,.T.);
#1305=FACE_OUTER_BOUND('',#1588,.T.);
#1306=FACE_OUTER_BOUND('',#1589,.T.);
#1307=FACE_OUTER_BOUND('',#1590,.T.);
#1308=FACE_OUTER_BOUND('',#1591,.T.);
#1309=FACE_OUTER_BOUND('',#1592,.T.);
#1310=FACE_OUTER_BOUND('',#1593,.T.);
#1311=FACE_OUTER_BOUND('',#1594,.T.);
#1312=FACE_OUTER_BOUND('',#1595,.T.);
#1313=FACE_OUTER_BOUND('',#1596,.T.);
#1314=FACE_OUTER_BOUND('',#1597,.T.);
#1315=FACE_OUTER_BOUND('',#1598,.T.);
#1316=FACE_OUTER_BOUND('',#1599,.T.);
#1317=FACE_OUTER_BOUND('',#1600,.T.);
#1318=FACE_OUTER_BOUND('',#1601,.T.);
#1319=FACE_OUTER_BOUND('',#1602,.T.);
#1320=FACE_OUTER_BOUND('',#1603,.T.);
#1321=FACE_OUTER_BOUND('',#1604,.T.);
#1322=FACE_OUTER_BOUND('',#1605,.T.);
#1323=FACE_OUTER_BOUND('',#1606,.T.);
#1324=FACE_OUTER_BOUND('',#1607,.T.);
#1325=FACE_OUTER_BOUND('',#1608,.T.);
#1326=FACE_OUTER_BOUND('',#1609,.T.);
#1327=FACE_OUTER_BOUND('',#1610,.T.);
#1328=FACE_OUTER_BOUND('',#1611,.T.);
#1329=FACE_OUTER_BOUND('',#1612,.T.);
#1330=FACE_OUTER_BOUND('',#1613,.T.);
#1331=FACE_OUTER_BOUND('',#1614,.T.);
#1332=FACE_OUTER_BOUND('',#1615,.T.);
#1333=FACE_OUTER_BOUND('',#1616,.T.);
#1334=FACE_OUTER_BOUND('',#1617,.T.);
#1335=FACE_OUTER_BOUND('',#1618,.T.);
#1336=FACE_OUTER_BOUND('',#1619,.T.);
#1337=FACE_OUTER_BOUND('',#1620,.T.);
#1338=FACE_OUTER_BOUND('',#1621,.T.);
#1339=FACE_OUTER_BOUND('',#1622,.T.);
#1340=FACE_OUTER_BOUND('',#1623,.T.);
#1341=FACE_OUTER_BOUND('',#1624,.T.);
#1342=FACE_OUTER_BOUND('',#1625,.T.);
#1343=FACE_OUTER_BOUND('',#1626,.T.);
#1344=FACE_OUTER_BOUND('',#1627,.T.);
#1345=FACE_OUTER_BOUND('',#1628,.T.);
#1346=FACE_OUTER_BOUND('',#1629,.T.);
#1347=FACE_OUTER_BOUND('',#1630,.T.);
#1348=FACE_OUTER_BOUND('',#1631,.T.);
#1349=FACE_OUTER_BOUND('',#1632,.T.);
#1350=FACE_OUTER_BOUND('',#1633,.T.);
#1351=FACE_OUTER_BOUND('',#1634,.T.);
#1352=FACE_OUTER_BOUND('',#1635,.T.);
#1353=FACE_OUTER_BOUND('',#1636,.T.);
#1354=FACE_OUTER_BOUND('',#1637,.T.);
#1355=FACE_OUTER_BOUND('',#1638,.T.);
#1356=FACE_OUTER_BOUND('',#1639,.T.);
#1357=FACE_OUTER_BOUND('',#1640,.T.);
#1358=FACE_OUTER_BOUND('',#1641,.T.);
#1359=FACE_OUTER_BOUND('',#1642,.T.);
#1360=FACE_OUTER_BOUND('',#1643,.T.);
#1361=FACE_OUTER_BOUND('',#1644,.T.);
#1362=FACE_OUTER_BOUND('',#1645,.T.);
#1363=FACE_OUTER_BOUND('',#1646,.T.);
#1364=FACE_OUTER_BOUND('',#1647,.T.);
#1365=FACE_OUTER_BOUND('',#1648,.T.);
#1366=FACE_OUTER_BOUND('',#1649,.T.);
#1367=FACE_OUTER_BOUND('',#1650,.T.);
#1368=FACE_OUTER_BOUND('',#1651,.T.);
#1369=FACE_OUTER_BOUND('',#1652,.T.);
#1370=FACE_OUTER_BOUND('',#1653,.T.);
#1371=FACE_OUTER_BOUND('',#1654,.T.);
#1372=FACE_OUTER_BOUND('',#1655,.T.);
#1373=FACE_OUTER_BOUND('',#1656,.T.);
#1374=FACE_OUTER_BOUND('',#1657,.T.);
#1375=FACE_OUTER_BOUND('',#1658,.T.);
#1376=FACE_OUTER_BOUND('',#1659,.T.);
#1377=FACE_OUTER_BOUND('',#1660,.T.);
#1378=FACE_OUTER_BOUND('',#1661,.T.);
#1379=FACE_OUTER_BOUND('',#1662,.T.);
#1380=FACE_OUTER_BOUND('',#1663,.T.);
#1381=FACE_OUTER_BOUND('',#1664,.T.);
#1382=FACE_OUTER_BOUND('',#1665,.T.);
#1383=FACE_OUTER_BOUND('',#1666,.T.);
#1384=FACE_OUTER_BOUND('',#1667,.T.);
#1385=FACE_OUTER_BOUND('',#1668,.T.);
#1386=FACE_OUTER_BOUND('',#1669,.T.);
#1387=FACE_OUTER_BOUND('',#1670,.T.);
#1388=FACE_OUTER_BOUND('',#1671,.T.);
#1389=FACE_OUTER_BOUND('',#1672,.T.);
#1390=FACE_OUTER_BOUND('',#1673,.T.);
#1391=FACE_OUTER_BOUND('',#1674,.T.);
#1392=FACE_OUTER_BOUND('',#1675,.T.);
#1393=FACE_OUTER_BOUND('',#1676,.T.);
#1394=FACE_OUTER_BOUND('',#1677,.T.);
#1395=FACE_OUTER_BOUND('',#1678,.T.);
#1396=FACE_OUTER_BOUND('',#1679,.T.);
#1397=FACE_OUTER_BOUND('',#1680,.T.);
#1398=FACE_OUTER_BOUND('',#1681,.T.);
#1399=FACE_OUTER_BOUND('',#1682,.T.);
#1400=FACE_OUTER_BOUND('',#1683,.T.);
#1401=FACE_OUTER_BOUND('',#1684,.T.);
#1402=FACE_OUTER_BOUND('',#1685,.T.);
#1403=FACE_OUTER_BOUND('',#1686,.T.);
#1404=FACE_OUTER_BOUND('',#1687,.T.);
#1405=FACE_OUTER_BOUND('',#1688,.T.);
#1406=FACE_OUTER_BOUND('',#1689,.T.);
#1407=FACE_OUTER_BOUND('',#1690,.T.);
#1408=FACE_OUTER_BOUND('',#1691,.T.);
#1409=FACE_OUTER_BOUND('',#1692,.T.);
#1410=FACE_OUTER_BOUND('',#1693,.T.);
#1411=FACE_OUTER_BOUND('',#1694,.T.);
#1412=FACE_OUTER_BOUND('',#1695,.T.);
#1413=FACE_OUTER_BOUND('',#1696,.T.);
#1414=FACE_OUTER_BOUND('',#1697,.T.);
#1415=FACE_OUTER_BOUND('',#1698,.T.);
#1416=FACE_OUTER_BOUND('',#1699,.T.);
#1417=FACE_OUTER_BOUND('',#1700,.T.);
#1418=FACE_OUTER_BOUND('',#1701,.T.);
#1419=FACE_OUTER_BOUND('',#1702,.T.);
#1420=FACE_OUTER_BOUND('',#1703,.T.);
#1421=FACE_OUTER_BOUND('',#1704,.T.);
#1422=FACE_OUTER_BOUND('',#1705,.T.);
#1423=FACE_OUTER_BOUND('',#1706,.T.);
#1424=FACE_OUTER_BOUND('',#1707,.T.);
#1425=FACE_OUTER_BOUND('',#1708,.T.);
#1426=FACE_OUTER_BOUND('',#1709,.T.);
#1427=FACE_OUTER_BOUND('',#1710,.T.);
#1428=FACE_OUTER_BOUND('',#1711,.T.);
#1429=FACE_OUTER_BOUND('',#1712,.T.);
#1430=FACE_OUTER_BOUND('',#1713,.T.);
#1431=FACE_OUTER_BOUND('',#1714,.T.);
#1432=FACE_OUTER_BOUND('',#1715,.T.);
#1433=FACE_OUTER_BOUND('',#1716,.T.);
#1434=FACE_OUTER_BOUND('',#1717,.T.);
#1435=FACE_OUTER_BOUND('',#1718,.T.);
#1436=FACE_OUTER_BOUND('',#1719,.T.);
#1437=FACE_OUTER_BOUND('',#1720,.T.);
#1438=FACE_OUTER_BOUND('',#1721,.T.);
#1439=FACE_OUTER_BOUND('',#1722,.T.);
#1440=FACE_OUTER_BOUND('',#1723,.T.);
#1441=FACE_OUTER_BOUND('',#1724,.T.);
#1442=FACE_OUTER_BOUND('',#1725,.T.);
#1443=FACE_OUTER_BOUND('',#1726,.T.);
#1444=EDGE_LOOP('',(#3398));
#1445=EDGE_LOOP('',(#3399,#3400,#3401,#3402));
#1446=EDGE_LOOP('',(#3403));
#1447=EDGE_LOOP('',(#3404,#3405,#3406,#3407));
#1448=EDGE_LOOP('',(#3408));
#1449=EDGE_LOOP('',(#3409));
#1450=EDGE_LOOP('',(#3410,#3411,#3412,#3413));
#1451=EDGE_LOOP('',(#3414,#3415,#3416,#3417));
#1452=EDGE_LOOP('',(#3418,#3419,#3420,#3421));
#1453=EDGE_LOOP('',(#3422,#3423,#3424,#3425,#3426,#3427));
#1454=EDGE_LOOP('',(#3428,#3429,#3430,#3431));
#1455=EDGE_LOOP('',(#3432,#3433,#3434,#3435));
#1456=EDGE_LOOP('',(#3436,#3437,#3438,#3439));
#1457=EDGE_LOOP('',(#3440,#3441,#3442,#3443,#3444,#3445));
#1458=EDGE_LOOP('',(#3446,#3447,#3448,#3449));
#1459=EDGE_LOOP('',(#3450,#3451,#3452,#3453));
#1460=EDGE_LOOP('',(#3454,#3455,#3456,#3457));
#1461=EDGE_LOOP('',(#3458,#3459,#3460,#3461,#3462,#3463));
#1462=EDGE_LOOP('',(#3464,#3465,#3466,#3467));
#1463=EDGE_LOOP('',(#3468,#3469,#3470,#3471));
#1464=EDGE_LOOP('',(#3472,#3473,#3474,#3475));
#1465=EDGE_LOOP('',(#3476,#3477,#3478,#3479,#3480,#3481));
#1466=EDGE_LOOP('',(#3482,#3483,#3484,#3485));
#1467=EDGE_LOOP('',(#3486,#3487,#3488,#3489));
#1468=EDGE_LOOP('',(#3490,#3491,#3492,#3493));
#1469=EDGE_LOOP('',(#3494,#3495,#3496,#3497,#3498,#3499));
#1470=EDGE_LOOP('',(#3500,#3501,#3502,#3503));
#1471=EDGE_LOOP('',(#3504,#3505,#3506,#3507));
#1472=EDGE_LOOP('',(#3508,#3509,#3510,#3511));
#1473=EDGE_LOOP('',(#3512,#3513,#3514,#3515,#3516,#3517,#3518));
#1474=EDGE_LOOP('',(#3519,#3520,#3521,#3522));
#1475=EDGE_LOOP('',(#3523,#3524,#3525,#3526));
#1476=EDGE_LOOP('',(#3527,#3528,#3529,#3530));
#1477=EDGE_LOOP('',(#3531,#3532,#3533,#3534,#3535,#3536));
#1478=EDGE_LOOP('',(#3537,#3538,#3539,#3540,#3541,#3542,#3543,#3544));
#1479=EDGE_LOOP('',(#3545,#3546,#3547,#3548,#3549,#3550,#3551,#3552));
#1480=EDGE_LOOP('',(#3553,#3554,#3555,#3556,#3557,#3558,#3559,#3560));
#1481=EDGE_LOOP('',(#3561,#3562,#3563,#3564,#3565,#3566,#3567,#3568));
#1482=EDGE_LOOP('',(#3569,#3570,#3571,#3572,#3573,#3574,#3575,#3576));
#1483=EDGE_LOOP('',(#3577,#3578,#3579,#3580));
#1484=EDGE_LOOP('',(#3581,#3582,#3583,#3584,#3585,#3586,#3587,#3588,#3589,
#3590,#3591,#3592,#3593,#3594,#3595,#3596,#3597,#3598,#3599,#3600,#3601,
#3602,#3603,#3604,#3605,#3606,#3607,#3608,#3609,#3610,#3611,#3612,#3613,
#3614,#3615,#3616,#3617,#3618,#3619,#3620,#3621,#3622,#3623,#3624,#3625,
#3626));
#1485=EDGE_LOOP('',(#3627,#3628,#3629,#3630,#3631,#3632,#3633,#3634,#3635,
#3636,#3637,#3638,#3639,#3640,#3641,#3642,#3643,#3644,#3645,#3646,#3647,
#3648,#3649,#3650,#3651,#3652,#3653,#3654,#3655,#3656,#3657,#3658,#3659,
#3660,#3661,#3662,#3663,#3664,#3665,#3666,#3667,#3668,#3669,#3670,#3671,
#3672,#3673,#3674,#3675,#3676,#3677,#3678,#3679,#3680,#3681,#3682,#3683,
#3684,#3685));
#1486=EDGE_LOOP('',(#3686,#3687,#3688,#3689,#3690,#3691,#3692,#3693));
#1487=EDGE_LOOP('',(#3694,#3695,#3696,#3697));
#1488=EDGE_LOOP('',(#3698,#3699,#3700,#3701));
#1489=EDGE_LOOP('',(#3702,#3703,#3704,#3705,#3706,#3707,#3708,#3709,#3710,
#3711,#3712,#3713,#3714,#3715,#3716,#3717,#3718,#3719,#3720,#3721,#3722,
#3723,#3724,#3725,#3726,#3727,#3728,#3729,#3730,#3731,#3732,#3733,#3734,
#3735,#3736,#3737,#3738,#3739,#3740,#3741,#3742,#3743,#3744,#3745,#3746,
#3747));
#1490=EDGE_LOOP('',(#3748,#3749,#3750,#3751,#3752,#3753,#3754,#3755,#3756,
#3757,#3758,#3759,#3760,#3761,#3762,#3763,#3764,#3765,#3766,#3767,#3768,
#3769,#3770,#3771,#3772,#3773,#3774,#3775,#3776,#3777,#3778,#3779,#3780,
#3781,#3782,#3783,#3784,#3785,#3786,#3787,#3788,#3789,#3790,#3791,#3792,
#3793,#3794,#3795,#3796,#3797,#3798,#3799,#3800,#3801,#3802,#3803,#3804,
#3805,#3806));
#1491=EDGE_LOOP('',(#3807,#3808,#3809,#3810));
#1492=EDGE_LOOP('',(#3811,#3812,#3813,#3814));
#1493=EDGE_LOOP('',(#3815,#3816,#3817,#3818));
#1494=EDGE_LOOP('',(#3819,#3820,#3821,#3822));
#1495=EDGE_LOOP('',(#3823,#3824,#3825,#3826));
#1496=EDGE_LOOP('',(#3827,#3828,#3829,#3830));
#1497=EDGE_LOOP('',(#3831,#3832,#3833,#3834));
#1498=EDGE_LOOP('',(#3835,#3836,#3837,#3838));
#1499=EDGE_LOOP('',(#3839,#3840,#3841,#3842));
#1500=EDGE_LOOP('',(#3843,#3844,#3845,#3846));
#1501=EDGE_LOOP('',(#3847,#3848,#3849,#3850));
#1502=EDGE_LOOP('',(#3851,#3852,#3853,#3854));
#1503=EDGE_LOOP('',(#3855,#3856,#3857,#3858));
#1504=EDGE_LOOP('',(#3859,#3860,#3861,#3862,#3863,#3864,#3865,#3866,#3867,
#3868,#3869,#3870));
#1505=EDGE_LOOP('',(#3871,#3872,#3873,#3874));
#1506=EDGE_LOOP('',(#3875,#3876,#3877,#3878));
#1507=EDGE_LOOP('',(#3879,#3880,#3881,#3882));
#1508=EDGE_LOOP('',(#3883,#3884,#3885,#3886));
#1509=EDGE_LOOP('',(#3887,#3888,#3889,#3890));
#1510=EDGE_LOOP('',(#3891,#3892,#3893,#3894));
#1511=EDGE_LOOP('',(#3895,#3896,#3897,#3898,#3899,#3900));
#1512=EDGE_LOOP('',(#3901,#3902,#3903,#3904,#3905,#3906));
#1513=EDGE_LOOP('',(#3907,#3908,#3909,#3910,#3911,#3912));
#1514=EDGE_LOOP('',(#3913,#3914,#3915,#3916,#3917,#3918));
#1515=EDGE_LOOP('',(#3919,#3920,#3921,#3922,#3923,#3924));
#1516=EDGE_LOOP('',(#3925,#3926,#3927,#3928,#3929,#3930,#3931));
#1517=EDGE_LOOP('',(#3932,#3933,#3934,#3935,#3936,#3937));
#1518=EDGE_LOOP('',(#3938,#3939,#3940,#3941));
#1519=EDGE_LOOP('',(#3942,#3943,#3944,#3945));
#1520=EDGE_LOOP('',(#3946,#3947,#3948,#3949));
#1521=EDGE_LOOP('',(#3950,#3951,#3952,#3953));
#1522=EDGE_LOOP('',(#3954,#3955,#3956,#3957));
#1523=EDGE_LOOP('',(#3958,#3959,#3960,#3961));
#1524=EDGE_LOOP('',(#3962,#3963,#3964,#3965));
#1525=EDGE_LOOP('',(#3966,#3967,#3968,#3969));
#1526=EDGE_LOOP('',(#3970,#3971,#3972,#3973));
#1527=EDGE_LOOP('',(#3974,#3975,#3976,#3977));
#1528=EDGE_LOOP('',(#3978,#3979,#3980,#3981));
#1529=EDGE_LOOP('',(#3982,#3983,#3984,#3985));
#1530=EDGE_LOOP('',(#3986,#3987,#3988,#3989));
#1531=EDGE_LOOP('',(#3990,#3991,#3992,#3993));
#1532=EDGE_LOOP('',(#3994,#3995,#3996,#3997));
#1533=EDGE_LOOP('',(#3998,#3999,#4000,#4001));
#1534=EDGE_LOOP('',(#4002,#4003,#4004,#4005));
#1535=EDGE_LOOP('',(#4006,#4007,#4008,#4009));
#1536=EDGE_LOOP('',(#4010,#4011,#4012,#4013));
#1537=EDGE_LOOP('',(#4014,#4015,#4016,#4017));
#1538=EDGE_LOOP('',(#4018,#4019,#4020,#4021,#4022,#4023,#4024,#4025,#4026,
#4027,#4028,#4029,#4030,#4031,#4032,#4033,#4034,#4035,#4036,#4037,#4038,
#4039,#4040,#4041,#4042,#4043,#4044,#4045,#4046,#4047,#4048,#4049,#4050,
#4051,#4052,#4053,#4054,#4055,#4056,#4057,#4058,#4059,#4060,#4061,#4062,
#4063,#4064,#4065,#4066,#4067,#4068,#4069,#4070,#4071,#4072,#4073,#4074,
#4075,#4076,#4077,#4078,#4079,#4080,#4081,#4082,#4083,#4084,#4085,#4086,
#4087,#4088,#4089,#4090,#4091,#4092,#4093,#4094,#4095,#4096,#4097,#4098,
#4099,#4100,#4101,#4102,#4103,#4104,#4105,#4106,#4107,#4108,#4109,#4110,
#4111,#4112,#4113,#4114));
#1539=EDGE_LOOP('',(#4115,#4116,#4117,#4118));
#1540=EDGE_LOOP('',(#4119,#4120,#4121,#4122,#4123,#4124));
#1541=EDGE_LOOP('',(#4125,#4126,#4127,#4128,#4129,#4130));
#1542=EDGE_LOOP('',(#4131,#4132,#4133,#4134,#4135,#4136,#4137,#4138));
#1543=EDGE_LOOP('',(#4139,#4140,#4141,#4142));
#1544=EDGE_LOOP('',(#4143,#4144,#4145,#4146));
#1545=EDGE_LOOP('',(#4147,#4148,#4149,#4150,#4151,#4152,#4153,#4154,#4155,
#4156));
#1546=EDGE_LOOP('',(#4157,#4158,#4159,#4160));
#1547=EDGE_LOOP('',(#4161,#4162,#4163,#4164));
#1548=EDGE_LOOP('',(#4165,#4166,#4167,#4168,#4169,#4170));
#1549=EDGE_LOOP('',(#4171,#4172,#4173,#4174,#4175,#4176,#4177,#4178,#4179,
#4180,#4181,#4182,#4183,#4184,#4185,#4186,#4187,#4188,#4189,#4190,#4191,
#4192,#4193,#4194,#4195,#4196,#4197,#4198,#4199,#4200,#4201,#4202,#4203,
#4204,#4205,#4206,#4207,#4208,#4209,#4210,#4211,#4212,#4213,#4214,#4215,
#4216,#4217,#4218,#4219,#4220,#4221,#4222,#4223,#4224,#4225,#4226,#4227,
#4228,#4229,#4230,#4231,#4232,#4233,#4234,#4235,#4236,#4237,#4238,#4239,
#4240,#4241,#4242,#4243,#4244,#4245,#4246,#4247,#4248,#4249,#4250,#4251,
#4252,#4253,#4254,#4255,#4256,#4257,#4258,#4259,#4260,#4261,#4262,#4263,
#4264,#4265,#4266,#4267));
#1550=EDGE_LOOP('',(#4268,#4269,#4270,#4271));
#1551=EDGE_LOOP('',(#4272,#4273,#4274,#4275,#4276,#4277,#4278,#4279));
#1552=EDGE_LOOP('',(#4280,#4281,#4282,#4283,#4284,#4285,#4286,#4287));
#1553=EDGE_LOOP('',(#4288,#4289,#4290,#4291));
#1554=EDGE_LOOP('',(#4292,#4293,#4294,#4295,#4296,#4297,#4298));
#1555=EDGE_LOOP('',(#4299,#4300,#4301,#4302));
#1556=EDGE_LOOP('',(#4303,#4304,#4305,#4306,#4307,#4308));
#1557=EDGE_LOOP('',(#4309,#4310,#4311,#4312));
#1558=EDGE_LOOP('',(#4313,#4314,#4315,#4316,#4317,#4318,#4319));
#1559=EDGE_LOOP('',(#4320,#4321,#4322,#4323));
#1560=EDGE_LOOP('',(#4324,#4325,#4326,#4327,#4328,#4329,#4330,#4331));
#1561=EDGE_LOOP('',(#4332,#4333,#4334,#4335));
#1562=EDGE_LOOP('',(#4336,#4337,#4338,#4339));
#1563=EDGE_LOOP('',(#4340,#4341,#4342,#4343));
#1564=EDGE_LOOP('',(#4344,#4345,#4346,#4347));
#1565=EDGE_LOOP('',(#4348,#4349,#4350,#4351));
#1566=EDGE_LOOP('',(#4352,#4353,#4354,#4355,#4356,#4357,#4358,#4359));
#1567=EDGE_LOOP('',(#4360,#4361,#4362,#4363));
#1568=EDGE_LOOP('',(#4364,#4365,#4366,#4367));
#1569=EDGE_LOOP('',(#4368,#4369,#4370,#4371));
#1570=EDGE_LOOP('',(#4372,#4373,#4374,#4375,#4376,#4377,#4378,#4379));
#1571=EDGE_LOOP('',(#4380,#4381,#4382,#4383));
#1572=EDGE_LOOP('',(#4384,#4385,#4386,#4387,#4388,#4389,#4390,#4391));
#1573=EDGE_LOOP('',(#4392,#4393,#4394,#4395));
#1574=EDGE_LOOP('',(#4396,#4397,#4398,#4399));
#1575=EDGE_LOOP('',(#4400,#4401,#4402,#4403));
#1576=EDGE_LOOP('',(#4404,#4405,#4406,#4407));
#1577=EDGE_LOOP('',(#4408,#4409,#4410,#4411));
#1578=EDGE_LOOP('',(#4412,#4413,#4414,#4415));
#1579=EDGE_LOOP('',(#4416,#4417,#4418,#4419));
#1580=EDGE_LOOP('',(#4420,#4421,#4422,#4423));
#1581=EDGE_LOOP('',(#4424,#4425,#4426,#4427));
#1582=EDGE_LOOP('',(#4428,#4429,#4430,#4431));
#1583=EDGE_LOOP('',(#4432,#4433,#4434,#4435));
#1584=EDGE_LOOP('',(#4436,#4437,#4438,#4439));
#1585=EDGE_LOOP('',(#4440,#4441,#4442,#4443));
#1586=EDGE_LOOP('',(#4444,#4445,#4446,#4447));
#1587=EDGE_LOOP('',(#4448,#4449,#4450,#4451));
#1588=EDGE_LOOP('',(#4452,#4453,#4454,#4455));
#1589=EDGE_LOOP('',(#4456,#4457,#4458,#4459));
#1590=EDGE_LOOP('',(#4460,#4461,#4462,#4463));
#1591=EDGE_LOOP('',(#4464,#4465,#4466,#4467));
#1592=EDGE_LOOP('',(#4468,#4469,#4470,#4471));
#1593=EDGE_LOOP('',(#4472,#4473,#4474,#4475));
#1594=EDGE_LOOP('',(#4476,#4477,#4478,#4479));
#1595=EDGE_LOOP('',(#4480,#4481,#4482,#4483));
#1596=EDGE_LOOP('',(#4484,#4485,#4486,#4487));
#1597=EDGE_LOOP('',(#4488,#4489,#4490,#4491));
#1598=EDGE_LOOP('',(#4492,#4493,#4494,#4495));
#1599=EDGE_LOOP('',(#4496,#4497,#4498,#4499));
#1600=EDGE_LOOP('',(#4500,#4501,#4502,#4503));
#1601=EDGE_LOOP('',(#4504,#4505,#4506,#4507));
#1602=EDGE_LOOP('',(#4508,#4509,#4510,#4511));
#1603=EDGE_LOOP('',(#4512,#4513,#4514,#4515));
#1604=EDGE_LOOP('',(#4516,#4517,#4518,#4519));
#1605=EDGE_LOOP('',(#4520,#4521,#4522,#4523));
#1606=EDGE_LOOP('',(#4524,#4525,#4526,#4527));
#1607=EDGE_LOOP('',(#4528,#4529,#4530,#4531));
#1608=EDGE_LOOP('',(#4532,#4533,#4534,#4535));
#1609=EDGE_LOOP('',(#4536,#4537,#4538,#4539));
#1610=EDGE_LOOP('',(#4540,#4541,#4542,#4543));
#1611=EDGE_LOOP('',(#4544,#4545,#4546,#4547));
#1612=EDGE_LOOP('',(#4548,#4549,#4550,#4551));
#1613=EDGE_LOOP('',(#4552,#4553,#4554,#4555));
#1614=EDGE_LOOP('',(#4556,#4557,#4558,#4559,#4560));
#1615=EDGE_LOOP('',(#4561,#4562,#4563,#4564,#4565,#4566));
#1616=EDGE_LOOP('',(#4567,#4568,#4569,#4570,#4571,#4572,#4573,#4574));
#1617=EDGE_LOOP('',(#4575,#4576,#4577,#4578));
#1618=EDGE_LOOP('',(#4579,#4580,#4581,#4582,#4583,#4584,#4585,#4586));
#1619=EDGE_LOOP('',(#4587,#4588,#4589,#4590));
#1620=EDGE_LOOP('',(#4591,#4592,#4593,#4594));
#1621=EDGE_LOOP('',(#4595,#4596,#4597,#4598));
#1622=EDGE_LOOP('',(#4599,#4600,#4601,#4602,#4603,#4604,#4605,#4606));
#1623=EDGE_LOOP('',(#4607,#4608,#4609,#4610));
#1624=EDGE_LOOP('',(#4611,#4612,#4613,#4614));
#1625=EDGE_LOOP('',(#4615,#4616,#4617,#4618,#4619,#4620,#4621,#4622));
#1626=EDGE_LOOP('',(#4623,#4624,#4625,#4626));
#1627=EDGE_LOOP('',(#4627,#4628,#4629,#4630));
#1628=EDGE_LOOP('',(#4631,#4632,#4633,#4634));
#1629=EDGE_LOOP('',(#4635,#4636,#4637,#4638));
#1630=EDGE_LOOP('',(#4639,#4640,#4641,#4642,#4643,#4644,#4645,#4646));
#1631=EDGE_LOOP('',(#4647,#4648,#4649,#4650));
#1632=EDGE_LOOP('',(#4651,#4652,#4653,#4654));
#1633=EDGE_LOOP('',(#4655,#4656,#4657,#4658));
#1634=EDGE_LOOP('',(#4659,#4660,#4661,#4662));
#1635=EDGE_LOOP('',(#4663,#4664,#4665,#4666));
#1636=EDGE_LOOP('',(#4667,#4668,#4669,#4670));
#1637=EDGE_LOOP('',(#4671,#4672,#4673,#4674));
#1638=EDGE_LOOP('',(#4675,#4676,#4677,#4678));
#1639=EDGE_LOOP('',(#4679,#4680,#4681,#4682));
#1640=EDGE_LOOP('',(#4683,#4684,#4685,#4686));
#1641=EDGE_LOOP('',(#4687,#4688,#4689,#4690,#4691,#4692,#4693,#4694));
#1642=EDGE_LOOP('',(#4695,#4696,#4697,#4698));
#1643=EDGE_LOOP('',(#4699,#4700,#4701,#4702));
#1644=EDGE_LOOP('',(#4703,#4704,#4705,#4706));
#1645=EDGE_LOOP('',(#4707,#4708,#4709,#4710));
#1646=EDGE_LOOP('',(#4711,#4712,#4713,#4714));
#1647=EDGE_LOOP('',(#4715,#4716,#4717,#4718));
#1648=EDGE_LOOP('',(#4719,#4720,#4721,#4722));
#1649=EDGE_LOOP('',(#4723,#4724,#4725,#4726));
#1650=EDGE_LOOP('',(#4727,#4728,#4729,#4730));
#1651=EDGE_LOOP('',(#4731,#4732,#4733,#4734));
#1652=EDGE_LOOP('',(#4735,#4736,#4737,#4738));
#1653=EDGE_LOOP('',(#4739,#4740,#4741,#4742));
#1654=EDGE_LOOP('',(#4743,#4744,#4745,#4746));
#1655=EDGE_LOOP('',(#4747,#4748,#4749,#4750));
#1656=EDGE_LOOP('',(#4751,#4752,#4753,#4754));
#1657=EDGE_LOOP('',(#4755,#4756,#4757,#4758));
#1658=EDGE_LOOP('',(#4759,#4760,#4761,#4762));
#1659=EDGE_LOOP('',(#4763,#4764,#4765,#4766));
#1660=EDGE_LOOP('',(#4767,#4768,#4769,#4770));
#1661=EDGE_LOOP('',(#4771,#4772,#4773,#4774));
#1662=EDGE_LOOP('',(#4775,#4776,#4777,#4778));
#1663=EDGE_LOOP('',(#4779,#4780,#4781,#4782));
#1664=EDGE_LOOP('',(#4783,#4784,#4785,#4786));
#1665=EDGE_LOOP('',(#4787,#4788,#4789,#4790));
#1666=EDGE_LOOP('',(#4791,#4792,#4793,#4794));
#1667=EDGE_LOOP('',(#4795,#4796,#4797,#4798));
#1668=EDGE_LOOP('',(#4799,#4800,#4801,#4802));
#1669=EDGE_LOOP('',(#4803,#4804,#4805,#4806));
#1670=EDGE_LOOP('',(#4807,#4808,#4809,#4810));
#1671=EDGE_LOOP('',(#4811,#4812,#4813,#4814));
#1672=EDGE_LOOP('',(#4815,#4816,#4817,#4818));
#1673=EDGE_LOOP('',(#4819,#4820,#4821,#4822));
#1674=EDGE_LOOP('',(#4823,#4824,#4825,#4826));
#1675=EDGE_LOOP('',(#4827,#4828,#4829,#4830));
#1676=EDGE_LOOP('',(#4831,#4832,#4833,#4834));
#1677=EDGE_LOOP('',(#4835,#4836,#4837,#4838));
#1678=EDGE_LOOP('',(#4839,#4840,#4841,#4842));
#1679=EDGE_LOOP('',(#4843,#4844,#4845,#4846));
#1680=EDGE_LOOP('',(#4847,#4848,#4849,#4850,#4851));
#1681=EDGE_LOOP('',(#4852,#4853,#4854,#4855));
#1682=EDGE_LOOP('',(#4856,#4857,#4858,#4859));
#1683=EDGE_LOOP('',(#4860,#4861,#4862,#4863));
#1684=EDGE_LOOP('',(#4864,#4865,#4866,#4867));
#1685=EDGE_LOOP('',(#4868,#4869,#4870,#4871));
#1686=EDGE_LOOP('',(#4872,#4873,#4874,#4875));
#1687=EDGE_LOOP('',(#4876,#4877,#4878,#4879));
#1688=EDGE_LOOP('',(#4880,#4881,#4882,#4883));
#1689=EDGE_LOOP('',(#4884,#4885,#4886,#4887));
#1690=EDGE_LOOP('',(#4888,#4889,#4890,#4891));
#1691=EDGE_LOOP('',(#4892,#4893,#4894,#4895));
#1692=EDGE_LOOP('',(#4896,#4897,#4898,#4899));
#1693=EDGE_LOOP('',(#4900,#4901,#4902,#4903));
#1694=EDGE_LOOP('',(#4904,#4905,#4906,#4907));
#1695=EDGE_LOOP('',(#4908,#4909,#4910,#4911));
#1696=EDGE_LOOP('',(#4912,#4913,#4914,#4915));
#1697=EDGE_LOOP('',(#4916,#4917,#4918,#4919));
#1698=EDGE_LOOP('',(#4920,#4921,#4922,#4923));
#1699=EDGE_LOOP('',(#4924,#4925,#4926,#4927));
#1700=EDGE_LOOP('',(#4928,#4929,#4930,#4931));
#1701=EDGE_LOOP('',(#4932,#4933,#4934,#4935));
#1702=EDGE_LOOP('',(#4936,#4937,#4938,#4939));
#1703=EDGE_LOOP('',(#4940,#4941,#4942,#4943));
#1704=EDGE_LOOP('',(#4944,#4945,#4946,#4947));
#1705=EDGE_LOOP('',(#4948,#4949,#4950,#4951));
#1706=EDGE_LOOP('',(#4952,#4953,#4954,#4955));
#1707=EDGE_LOOP('',(#4956,#4957,#4958,#4959));
#1708=EDGE_LOOP('',(#4960,#4961,#4962,#4963));
#1709=EDGE_LOOP('',(#4964,#4965,#4966,#4967));
#1710=EDGE_LOOP('',(#4968,#4969,#4970,#4971));
#1711=EDGE_LOOP('',(#4972,#4973,#4974,#4975));
#1712=EDGE_LOOP('',(#4976,#4977,#4978,#4979));
#1713=EDGE_LOOP('',(#4980,#4981,#4982,#4983));
#1714=EDGE_LOOP('',(#4984,#4985,#4986,#4987));
#1715=EDGE_LOOP('',(#4988,#4989,#4990,#4991));
#1716=EDGE_LOOP('',(#4992,#4993,#4994,#4995));
#1717=EDGE_LOOP('',(#4996,#4997,#4998,#4999));
#1718=EDGE_LOOP('',(#5000,#5001,#5002,#5003));
#1719=EDGE_LOOP('',(#5004,#5005,#5006,#5007));
#1720=EDGE_LOOP('',(#5008,#5009,#5010,#5011));
#1721=EDGE_LOOP('',(#5012,#5013,#5014,#5015));
#1722=EDGE_LOOP('',(#5016));
#1723=EDGE_LOOP('',(#5017));
#1724=EDGE_LOOP('',(#5018));
#1725=EDGE_LOOP('',(#5019,#5020,#5021,#5022));
#1726=EDGE_LOOP('',(#5023));
#1727=CIRCLE('',#5445,5.05);
#1728=CIRCLE('',#5447,5.05);
#1729=CIRCLE('',#5450,5.05);
#1730=CIRCLE('',#5451,5.05);
#1731=CIRCLE('',#5455,1.5);
#1732=CIRCLE('',#5456,1.5);
#1733=CIRCLE('',#5458,3.);
#1734=CIRCLE('',#5459,3.);
#1735=CIRCLE('',#5461,1.5);
#1736=CIRCLE('',#5462,1.5);
#1737=CIRCLE('',#5464,1.29999999999999);
#1738=CIRCLE('',#5466,1.5);
#1739=CIRCLE('',#5467,1.5);
#1740=CIRCLE('',#5469,3.00000000000001);
#1741=CIRCLE('',#5470,3.00000000000001);
#1742=CIRCLE('',#5472,1.5);
#1743=CIRCLE('',#5473,1.5);
#1744=CIRCLE('',#5475,1.30000000000001);
#1745=CIRCLE('',#5477,1.5);
#1746=CIRCLE('',#5478,1.5);
#1747=CIRCLE('',#5480,3.);
#1748=CIRCLE('',#5481,3.);
#1749=CIRCLE('',#5483,1.5);
#1750=CIRCLE('',#5484,1.5);
#1751=CIRCLE('',#5486,1.29999999999999);
#1752=CIRCLE('',#5488,1.5);
#1753=CIRCLE('',#5489,1.5);
#1754=CIRCLE('',#5491,3.);
#1755=CIRCLE('',#5492,3.);
#1756=CIRCLE('',#5494,1.5);
#1757=CIRCLE('',#5495,1.5);
#1758=CIRCLE('',#5497,1.29999999999998);
#1759=CIRCLE('',#5499,1.5);
#1760=CIRCLE('',#5500,1.5);
#1761=CIRCLE('',#5502,3.00000000000001);
#1762=CIRCLE('',#5503,3.00000000000001);
#1763=CIRCLE('',#5505,1.5);
#1764=CIRCLE('',#5506,1.5);
#1765=CIRCLE('',#5508,1.30000000000001);
#1766=CIRCLE('',#5510,1.5);
#1767=CIRCLE('',#5511,1.5);
#1768=CIRCLE('',#5513,3.);
#1769=CIRCLE('',#5514,3.);
#1770=CIRCLE('',#5516,1.5);
#1771=CIRCLE('',#5517,1.5);
#1772=CIRCLE('',#5519,4.7);
#1773=CIRCLE('',#5520,1.29999999999997);
#1774=CIRCLE('',#5522,1.5);
#1775=CIRCLE('',#5523,1.5);
#1776=CIRCLE('',#5525,3.00000000000001);
#1777=CIRCLE('',#5526,3.00000000000001);
#1778=CIRCLE('',#5528,1.5);
#1779=CIRCLE('',#5529,1.5);
#1780=CIRCLE('',#5531,1.3);
#1781=CIRCLE('',#5537,4.7);
#1782=CIRCLE('',#5538,4.7);
#1783=CIRCLE('',#5539,4.7);
#1784=CIRCLE('',#5542,1.7);
#1785=CIRCLE('',#5543,4.29999999999999);
#1786=CIRCLE('',#5544,4.30000000000007);
#1787=CIRCLE('',#5545,4.29999999999998);
#1788=CIRCLE('',#5546,1.7);
#1789=CIRCLE('',#5547,4.3);
#1790=CIRCLE('',#5548,1.7);
#1791=CIRCLE('',#5549,1.7);
#1792=CIRCLE('',#5550,4.29999999999997);
#1793=CIRCLE('',#5551,6.69999999999995);
#1794=CIRCLE('',#5552,1.7);
#1795=CIRCLE('',#5553,5.09999999999995);
#1796=CIRCLE('',#5554,4.30000000000001);
#1797=CIRCLE('',#5555,4.30000000000001);
#1798=CIRCLE('',#5556,1.7);
#1799=CIRCLE('',#5557,4.3);
#1800=CIRCLE('',#5558,1.7);
#1801=CIRCLE('',#5559,4.3);
#1802=CIRCLE('',#5560,1.7);
#1803=CIRCLE('',#5561,4.29999999999998);
#1804=CIRCLE('',#5562,4.30000000000002);
#1805=CIRCLE('',#5563,1.7);
#1806=CIRCLE('',#5564,4.3);
#1807=CIRCLE('',#5565,1.7);
#1808=CIRCLE('',#5566,4.29999999999998);
#1809=CIRCLE('',#5567,1.3);
#1810=CIRCLE('',#5568,7.1);
#1811=CIRCLE('',#5569,1.3);
#1812=CIRCLE('',#5570,4.7);
#1813=CIRCLE('',#5571,4.7);
#1814=CIRCLE('',#5572,1.3);
#1815=CIRCLE('',#5573,4.7);
#1816=CIRCLE('',#5574,1.30000000000003);
#1817=CIRCLE('',#5575,1.29999999999999);
#1818=CIRCLE('',#5576,4.7);
#1819=CIRCLE('',#5577,4.7);
#1820=CIRCLE('',#5578,1.3);
#1821=CIRCLE('',#5579,4.7);
#1822=CIRCLE('',#5580,1.3);
#1823=CIRCLE('',#5581,4.7);
#1824=CIRCLE('',#5582,4.7);
#1825=CIRCLE('',#5583,4.70000000000001);
#1826=CIRCLE('',#5586,1.5);
#1827=CIRCLE('',#5587,1.5);
#1828=CIRCLE('',#5589,3.);
#1829=CIRCLE('',#5590,3.);
#1830=CIRCLE('',#5592,1.7);
#1831=CIRCLE('',#5593,4.29999999999998);
#1832=CIRCLE('',#5594,1.7);
#1833=CIRCLE('',#5595,4.3);
#1834=CIRCLE('',#5596,1.7);
#1835=CIRCLE('',#5597,4.30000000000002);
#1836=CIRCLE('',#5598,4.29999999999998);
#1837=CIRCLE('',#5599,1.7);
#1838=CIRCLE('',#5600,4.3);
#1839=CIRCLE('',#5601,1.7);
#1840=CIRCLE('',#5602,4.3);
#1841=CIRCLE('',#5603,1.7);
#1842=CIRCLE('',#5604,4.30000000000001);
#1843=CIRCLE('',#5605,4.30000000000001);
#1844=CIRCLE('',#5606,5.09999999999995);
#1845=CIRCLE('',#5607,1.7);
#1846=CIRCLE('',#5608,6.69999999999995);
#1847=CIRCLE('',#5609,4.29999999999997);
#1848=CIRCLE('',#5610,1.7);
#1849=CIRCLE('',#5611,1.7);
#1850=CIRCLE('',#5612,4.3);
#1851=CIRCLE('',#5613,1.7);
#1852=CIRCLE('',#5614,4.29999999999998);
#1853=CIRCLE('',#5615,4.30000000000007);
#1854=CIRCLE('',#5616,4.29999999999999);
#1855=CIRCLE('',#5617,4.7);
#1856=CIRCLE('',#5618,1.29999999999999);
#1857=CIRCLE('',#5619,1.30000000000003);
#1858=CIRCLE('',#5620,4.7);
#1859=CIRCLE('',#5621,1.3);
#1860=CIRCLE('',#5622,4.7);
#1861=CIRCLE('',#5623,1.5);
#1862=CIRCLE('',#5624,3.);
#1863=CIRCLE('',#5625,1.5);
#1864=CIRCLE('',#5626,4.7);
#1865=CIRCLE('',#5627,1.3);
#1866=CIRCLE('',#5628,7.1);
#1867=CIRCLE('',#5629,1.3);
#1868=CIRCLE('',#5630,1.5);
#1869=CIRCLE('',#5631,3.);
#1870=CIRCLE('',#5632,1.5);
#1871=CIRCLE('',#5633,4.70000000000001);
#1872=CIRCLE('',#5634,1.5);
#1873=CIRCLE('',#5635,3.);
#1874=CIRCLE('',#5636,1.5);
#1875=CIRCLE('',#5637,4.7);
#1876=CIRCLE('',#5638,1.5);
#1877=CIRCLE('',#5639,3.);
#1878=CIRCLE('',#5640,1.5);
#1879=CIRCLE('',#5641,4.7);
#1880=CIRCLE('',#5642,1.3);
#1881=CIRCLE('',#5643,1.5);
#1882=CIRCLE('',#5644,3.00000000000001);
#1883=CIRCLE('',#5645,1.5);
#1884=CIRCLE('',#5646,1.5);
#1885=CIRCLE('',#5647,3.00000000000001);
#1886=CIRCLE('',#5648,1.5);
#1887=CIRCLE('',#5649,4.7);
#1888=CIRCLE('',#5650,1.3);
#1889=CIRCLE('',#5651,4.7);
#1890=CIRCLE('',#5652,1.5);
#1891=CIRCLE('',#5654,1.5);
#1892=CIRCLE('',#5656,1.5);
#1893=CIRCLE('',#5658,3.);
#1894=CIRCLE('',#5660,1.5);
#1895=CIRCLE('',#5662,1.5);
#1896=CIRCLE('',#5664,3.);
#1897=CIRCLE('',#5666,1.5);
#1898=CIRCLE('',#5668,1.5);
#1899=CIRCLE('',#5670,3.);
#1900=CIRCLE('',#5672,1.5);
#1901=CIRCLE('',#5674,1.5);
#1902=CIRCLE('',#5676,3.00000000000001);
#1903=CIRCLE('',#5678,1.5);
#1904=CIRCLE('',#5681,1.5);
#1905=CIRCLE('',#5683,3.00000000000001);
#1906=CIRCLE('',#5685,1.5);
#1907=CIRCLE('',#5687,1.5);
#1908=CIRCLE('',#5689,3.);
#1909=CIRCLE('',#5691,1.5);
#1910=CIRCLE('',#5693,1.30000000000001);
#1911=CIRCLE('',#5695,1.29999999999999);
#1912=CIRCLE('',#5697,1.30000000000001);
#1913=CIRCLE('',#5699,1.29999999999998);
#1914=CIRCLE('',#5701,1.29999999999999);
#1915=CIRCLE('',#5703,1.29999999999997);
#1916=CIRCLE('',#5705,1.3);
#1917=CIRCLE('',#5719,0.0999999999999979);
#1918=CIRCLE('',#5720,0.0999999999999979);
#1919=CIRCLE('',#5722,6.69999999999995);
#1920=CIRCLE('',#5723,6.69999999999995);
#1921=CIRCLE('',#5725,5.09999999999995);
#1922=CIRCLE('',#5727,1.7);
#1923=CIRCLE('',#5729,6.69999999999995);
#1924=CIRCLE('',#5731,6.69999999999995);
#1925=CIRCLE('',#5733,1.7);
#1926=CIRCLE('',#5735,5.09999999999995);
#1927=CIRCLE('',#5737,4.29999999999997);
#1928=CIRCLE('',#5738,1.7);
#1929=CIRCLE('',#5739,1.7);
#1930=CIRCLE('',#5740,4.3);
#1931=CIRCLE('',#5741,1.7);
#1932=CIRCLE('',#5742,4.29999999999998);
#1933=CIRCLE('',#5743,4.30000000000007);
#1934=CIRCLE('',#5744,4.29999999999999);
#1935=CIRCLE('',#5745,5.89999999999999);
#1936=CIRCLE('',#5746,5.90000000000007);
#1937=CIRCLE('',#5747,5.89999999999998);
#1938=CIRCLE('',#5748,0.100000000000007);
#1939=CIRCLE('',#5749,5.89999999999999);
#1940=CIRCLE('',#5750,0.1);
#1941=CIRCLE('',#5751,0.0999999999999979);
#1942=CIRCLE('',#5752,5.89999999999997);
#1943=CIRCLE('',#5753,5.90000000000001);
#1944=CIRCLE('',#5754,5.90000000000002);
#1945=CIRCLE('',#5755,0.0999999999999979);
#1946=CIRCLE('',#5756,5.9);
#1947=CIRCLE('',#5757,0.0999999999999979);
#1948=CIRCLE('',#5758,5.9);
#1949=CIRCLE('',#5759,0.0999999999999979);
#1950=CIRCLE('',#5760,5.89999999999999);
#1951=CIRCLE('',#5761,5.90000000000003);
#1952=CIRCLE('',#5762,0.0999999999999979);
#1953=CIRCLE('',#5763,5.9);
#1954=CIRCLE('',#5764,0.0999999999999979);
#1955=CIRCLE('',#5765,5.89999999999998);
#1956=CIRCLE('',#5766,4.29999999999998);
#1957=CIRCLE('',#5767,1.7);
#1958=CIRCLE('',#5768,4.3);
#1959=CIRCLE('',#5769,1.7);
#1960=CIRCLE('',#5770,4.30000000000002);
#1961=CIRCLE('',#5771,4.29999999999998);
#1962=CIRCLE('',#5772,1.7);
#1963=CIRCLE('',#5773,4.3);
#1964=CIRCLE('',#5774,1.7);
#1965=CIRCLE('',#5775,4.3);
#1966=CIRCLE('',#5776,1.7);
#1967=CIRCLE('',#5777,4.30000000000001);
#1968=CIRCLE('',#5778,3.);
#1969=CIRCLE('',#5779,3.);
#1970=CIRCLE('',#5780,3.);
#1971=CIRCLE('',#5781,3.);
#1972=CIRCLE('',#5782,4.30000000000001);
#1973=CIRCLE('',#5785,3.);
#1974=CIRCLE('',#5786,3.);
#1975=CIRCLE('',#5788,5.89999999999999);
#1976=CIRCLE('',#5790,3.);
#1977=CIRCLE('',#5791,3.);
#1978=CIRCLE('',#5792,3.);
#1979=CIRCLE('',#5794,3.);
#1980=CIRCLE('',#5795,3.);
#1981=CIRCLE('',#5797,3.);
#1982=CIRCLE('',#5798,3.);
#1983=CIRCLE('',#5800,3.);
#1984=CIRCLE('',#5801,3.);
#1985=CIRCLE('',#5803,3.);
#1986=CIRCLE('',#5805,3.);
#1987=CIRCLE('',#5807,3.);
#1988=CIRCLE('',#5809,4.30000000000001);
#1989=CIRCLE('',#5810,3.);
#1990=CIRCLE('',#5811,3.);
#1991=CIRCLE('',#5812,3.);
#1992=CIRCLE('',#5813,3.);
#1993=CIRCLE('',#5814,4.30000000000001);
#1994=CIRCLE('',#5815,1.7);
#1995=CIRCLE('',#5816,4.3);
#1996=CIRCLE('',#5817,1.7);
#1997=CIRCLE('',#5818,4.3);
#1998=CIRCLE('',#5819,1.7);
#1999=CIRCLE('',#5820,4.29999999999998);
#2000=CIRCLE('',#5821,4.30000000000002);
#2001=CIRCLE('',#5822,1.7);
#2002=CIRCLE('',#5823,4.3);
#2003=CIRCLE('',#5824,1.7);
#2004=CIRCLE('',#5825,4.29999999999998);
#2005=CIRCLE('',#5826,5.89999999999998);
#2006=CIRCLE('',#5827,0.0999999999999979);
#2007=CIRCLE('',#5828,5.9);
#2008=CIRCLE('',#5829,0.0999999999999979);
#2009=CIRCLE('',#5830,5.90000000000003);
#2010=CIRCLE('',#5831,5.89999999999999);
#2011=CIRCLE('',#5832,0.0999999999999979);
#2012=CIRCLE('',#5833,5.9);
#2013=CIRCLE('',#5834,0.0999999999999979);
#2014=CIRCLE('',#5835,5.9);
#2015=CIRCLE('',#5836,0.0999999999999979);
#2016=CIRCLE('',#5837,5.90000000000002);
#2017=CIRCLE('',#5838,5.90000000000001);
#2018=CIRCLE('',#5839,5.89999999999997);
#2019=CIRCLE('',#5840,0.0999999999999979);
#2020=CIRCLE('',#5841,0.1);
#2021=CIRCLE('',#5842,5.89999999999999);
#2022=CIRCLE('',#5843,0.100000000000007);
#2023=CIRCLE('',#5844,5.89999999999998);
#2024=CIRCLE('',#5845,5.90000000000007);
#2025=CIRCLE('',#5846,4.29999999999999);
#2026=CIRCLE('',#5847,4.30000000000007);
#2027=CIRCLE('',#5848,4.29999999999998);
#2028=CIRCLE('',#5849,1.7);
#2029=CIRCLE('',#5850,4.3);
#2030=CIRCLE('',#5851,1.7);
#2031=CIRCLE('',#5852,1.7);
#2032=CIRCLE('',#5853,4.29999999999997);
#2033=CIRCLE('',#5855,3.);
#2034=CIRCLE('',#5857,1.7);
#2035=CIRCLE('',#5858,0.100000000000002);
#2036=CIRCLE('',#5860,1.7);
#2037=CIRCLE('',#5861,0.100000000000002);
#2038=CIRCLE('',#5863,3.);
#2039=CIRCLE('',#6040,5.05);
#2040=CIRCLE('',#6041,5.05);
#2041=CIRCLE('',#6045,5.05);
#2042=CIRCLE('',#6047,5.05);
#2043=VERTEX_POINT('',#7748);
#2044=VERTEX_POINT('',#7751);
#2045=VERTEX_POINT('',#7756);
#2046=VERTEX_POINT('',#7758);
#2047=VERTEX_POINT('',#7764);
#2048=VERTEX_POINT('',#7765);
#2049=VERTEX_POINT('',#7767);
#2050=VERTEX_POINT('',#7769);
#2051=VERTEX_POINT('',#7773);
#2052=VERTEX_POINT('',#7775);
#2053=VERTEX_POINT('',#7779);
#2054=VERTEX_POINT('',#7781);
#2055=VERTEX_POINT('',#7785);
#2056=VERTEX_POINT('',#7787);
#2057=VERTEX_POINT('',#7791);
#2058=VERTEX_POINT('',#7792);
#2059=VERTEX_POINT('',#7794);
#2060=VERTEX_POINT('',#7796);
#2061=VERTEX_POINT('',#7800);
#2062=VERTEX_POINT('',#7802);
#2063=VERTEX_POINT('',#7806);
#2064=VERTEX_POINT('',#7808);
#2065=VERTEX_POINT('',#7812);
#2066=VERTEX_POINT('',#7814);
#2067=VERTEX_POINT('',#7818);
#2068=VERTEX_POINT('',#7819);
#2069=VERTEX_POINT('',#7821);
#2070=VERTEX_POINT('',#7823);
#2071=VERTEX_POINT('',#7827);
#2072=VERTEX_POINT('',#7829);
#2073=VERTEX_POINT('',#7833);
#2074=VERTEX_POINT('',#7835);
#2075=VERTEX_POINT('',#7839);
#2076=VERTEX_POINT('',#7841);
#2077=VERTEX_POINT('',#7845);
#2078=VERTEX_POINT('',#7846);
#2079=VERTEX_POINT('',#7848);
#2080=VERTEX_POINT('',#7850);
#2081=VERTEX_POINT('',#7854);
#2082=VERTEX_POINT('',#7856);
#2083=VERTEX_POINT('',#7860);
#2084=VERTEX_POINT('',#7862);
#2085=VERTEX_POINT('',#7866);
#2086=VERTEX_POINT('',#7868);
#2087=VERTEX_POINT('',#7872);
#2088=VERTEX_POINT('',#7873);
#2089=VERTEX_POINT('',#7875);
#2090=VERTEX_POINT('',#7877);
#2091=VERTEX_POINT('',#7881);
#2092=VERTEX_POINT('',#7883);
#2093=VERTEX_POINT('',#7887);
#2094=VERTEX_POINT('',#7889);
#2095=VERTEX_POINT('',#7893);
#2096=VERTEX_POINT('',#7895);
#2097=VERTEX_POINT('',#7899);
#2098=VERTEX_POINT('',#7900);
#2099=VERTEX_POINT('',#7902);
#2100=VERTEX_POINT('',#7904);
#2101=VERTEX_POINT('',#7908);
#2102=VERTEX_POINT('',#7910);
#2103=VERTEX_POINT('',#7914);
#2104=VERTEX_POINT('',#7916);
#2105=VERTEX_POINT('',#7920);
#2106=VERTEX_POINT('',#7921);
#2107=VERTEX_POINT('',#7924);
#2108=VERTEX_POINT('',#7928);
#2109=VERTEX_POINT('',#7929);
#2110=VERTEX_POINT('',#7931);
#2111=VERTEX_POINT('',#7933);
#2112=VERTEX_POINT('',#7937);
#2113=VERTEX_POINT('',#7939);
#2114=VERTEX_POINT('',#7943);
#2115=VERTEX_POINT('',#7945);
#2116=VERTEX_POINT('',#7949);
#2117=VERTEX_POINT('',#7951);
#2118=VERTEX_POINT('',#7955);
#2119=VERTEX_POINT('',#7957);
#2120=VERTEX_POINT('',#7959);
#2121=VERTEX_POINT('',#7961);
#2122=VERTEX_POINT('',#7963);
#2123=VERTEX_POINT('',#7967);
#2124=VERTEX_POINT('',#7969);
#2125=VERTEX_POINT('',#7971);
#2126=VERTEX_POINT('',#7973);
#2127=VERTEX_POINT('',#7975);
#2128=VERTEX_POINT('',#7979);
#2129=VERTEX_POINT('',#7981);
#2130=VERTEX_POINT('',#7983);
#2131=VERTEX_POINT('',#7985);
#2132=VERTEX_POINT('',#7987);
#2133=VERTEX_POINT('',#7991);
#2134=VERTEX_POINT('',#7993);
#2135=VERTEX_POINT('',#7995);
#2136=VERTEX_POINT('',#7997);
#2137=VERTEX_POINT('',#7999);
#2138=VERTEX_POINT('',#8003);
#2139=VERTEX_POINT('',#8005);
#2140=VERTEX_POINT('',#8007);
#2141=VERTEX_POINT('',#8009);
#2142=VERTEX_POINT('',#8011);
#2143=VERTEX_POINT('',#8015);
#2144=VERTEX_POINT('',#8019);
#2145=VERTEX_POINT('',#8020);
#2146=VERTEX_POINT('',#8022);
#2147=VERTEX_POINT('',#8024);
#2148=VERTEX_POINT('',#8026);
#2149=VERTEX_POINT('',#8028);
#2150=VERTEX_POINT('',#8030);
#2151=VERTEX_POINT('',#8032);
#2152=VERTEX_POINT('',#8034);
#2153=VERTEX_POINT('',#8036);
#2154=VERTEX_POINT('',#8038);
#2155=VERTEX_POINT('',#8040);
#2156=VERTEX_POINT('',#8042);
#2157=VERTEX_POINT('',#8044);
#2158=VERTEX_POINT('',#8046);
#2159=VERTEX_POINT('',#8048);
#2160=VERTEX_POINT('',#8050);
#2161=VERTEX_POINT('',#8052);
#2162=VERTEX_POINT('',#8054);
#2163=VERTEX_POINT('',#8056);
#2164=VERTEX_POINT('',#8058);
#2165=VERTEX_POINT('',#8060);
#2166=VERTEX_POINT('',#8062);
#2167=VERTEX_POINT('',#8064);
#2168=VERTEX_POINT('',#8066);
#2169=VERTEX_POINT('',#8068);
#2170=VERTEX_POINT('',#8070);
#2171=VERTEX_POINT('',#8072);
#2172=VERTEX_POINT('',#8074);
#2173=VERTEX_POINT('',#8076);
#2174=VERTEX_POINT('',#8078);
#2175=VERTEX_POINT('',#8080);
#2176=VERTEX_POINT('',#8082);
#2177=VERTEX_POINT('',#8084);
#2178=VERTEX_POINT('',#8086);
#2179=VERTEX_POINT('',#8088);
#2180=VERTEX_POINT('',#8090);
#2181=VERTEX_POINT('',#8092);
#2182=VERTEX_POINT('',#8094);
#2183=VERTEX_POINT('',#8096);
#2184=VERTEX_POINT('',#8098);
#2185=VERTEX_POINT('',#8100);
#2186=VERTEX_POINT('',#8102);
#2187=VERTEX_POINT('',#8104);
#2188=VERTEX_POINT('',#8106);
#2189=VERTEX_POINT('',#8108);
#2190=VERTEX_POINT('',#8111);
#2191=VERTEX_POINT('',#8113);
#2192=VERTEX_POINT('',#8115);
#2193=VERTEX_POINT('',#8117);
#2194=VERTEX_POINT('',#8119);
#2195=VERTEX_POINT('',#8121);
#2196=VERTEX_POINT('',#8124);
#2197=VERTEX_POINT('',#8126);
#2198=VERTEX_POINT('',#8128);
#2199=VERTEX_POINT('',#8130);
#2200=VERTEX_POINT('',#8132);
#2201=VERTEX_POINT('',#8134);
#2202=VERTEX_POINT('',#8136);
#2203=VERTEX_POINT('',#8138);
#2204=VERTEX_POINT('',#8140);
#2205=VERTEX_POINT('',#8142);
#2206=VERTEX_POINT('',#8145);
#2207=VERTEX_POINT('',#8147);
#2208=VERTEX_POINT('',#8149);
#2209=VERTEX_POINT('',#8151);
#2210=VERTEX_POINT('',#8153);
#2211=VERTEX_POINT('',#8157);
#2212=VERTEX_POINT('',#8159);
#2213=VERTEX_POINT('',#8162);
#2214=VERTEX_POINT('',#8164);
#2215=VERTEX_POINT('',#8167);
#2216=VERTEX_POINT('',#8171);
#2217=VERTEX_POINT('',#8173);
#2218=VERTEX_POINT('',#8175);
#2219=VERTEX_POINT('',#8177);
#2220=VERTEX_POINT('',#8181);
#2221=VERTEX_POINT('',#8182);
#2222=VERTEX_POINT('',#8184);
#2223=VERTEX_POINT('',#8186);
#2224=VERTEX_POINT('',#8190);
#2225=VERTEX_POINT('',#8192);
#2226=VERTEX_POINT('',#8196);
#2227=VERTEX_POINT('',#8197);
#2228=VERTEX_POINT('',#8199);
#2229=VERTEX_POINT('',#8201);
#2230=VERTEX_POINT('',#8203);
#2231=VERTEX_POINT('',#8205);
#2232=VERTEX_POINT('',#8207);
#2233=VERTEX_POINT('',#8209);
#2234=VERTEX_POINT('',#8211);
#2235=VERTEX_POINT('',#8213);
#2236=VERTEX_POINT('',#8215);
#2237=VERTEX_POINT('',#8217);
#2238=VERTEX_POINT('',#8219);
#2239=VERTEX_POINT('',#8221);
#2240=VERTEX_POINT('',#8223);
#2241=VERTEX_POINT('',#8225);
#2242=VERTEX_POINT('',#8227);
#2243=VERTEX_POINT('',#8229);
#2244=VERTEX_POINT('',#8231);
#2245=VERTEX_POINT('',#8233);
#2246=VERTEX_POINT('',#8235);
#2247=VERTEX_POINT('',#8237);
#2248=VERTEX_POINT('',#8239);
#2249=VERTEX_POINT('',#8241);
#2250=VERTEX_POINT('',#8243);
#2251=VERTEX_POINT('',#8245);
#2252=VERTEX_POINT('',#8247);
#2253=VERTEX_POINT('',#8249);
#2254=VERTEX_POINT('',#8251);
#2255=VERTEX_POINT('',#8253);
#2256=VERTEX_POINT('',#8255);
#2257=VERTEX_POINT('',#8257);
#2258=VERTEX_POINT('',#8259);
#2259=VERTEX_POINT('',#8261);
#2260=VERTEX_POINT('',#8263);
#2261=VERTEX_POINT('',#8265);
#2262=VERTEX_POINT('',#8267);
#2263=VERTEX_POINT('',#8269);
#2264=VERTEX_POINT('',#8271);
#2265=VERTEX_POINT('',#8273);
#2266=VERTEX_POINT('',#8275);
#2267=VERTEX_POINT('',#8277);
#2268=VERTEX_POINT('',#8279);
#2269=VERTEX_POINT('',#8281);
#2270=VERTEX_POINT('',#8283);
#2271=VERTEX_POINT('',#8285);
#2272=VERTEX_POINT('',#8288);
#2273=VERTEX_POINT('',#8290);
#2274=VERTEX_POINT('',#8292);
#2275=VERTEX_POINT('',#8294);
#2276=VERTEX_POINT('',#8296);
#2277=VERTEX_POINT('',#8298);
#2278=VERTEX_POINT('',#8300);
#2279=VERTEX_POINT('',#8302);
#2280=VERTEX_POINT('',#8304);
#2281=VERTEX_POINT('',#8306);
#2282=VERTEX_POINT('',#8309);
#2283=VERTEX_POINT('',#8311);
#2284=VERTEX_POINT('',#8313);
#2285=VERTEX_POINT('',#8315);
#2286=VERTEX_POINT('',#8317);
#2287=VERTEX_POINT('',#8319);
#2288=VERTEX_POINT('',#8321);
#2289=VERTEX_POINT('',#8323);
#2290=VERTEX_POINT('',#8325);
#2291=VERTEX_POINT('',#8328);
#2292=VERTEX_POINT('',#8330);
#2293=VERTEX_POINT('',#8332);
#2294=VERTEX_POINT('',#8334);
#2295=VERTEX_POINT('',#8337);
#2296=VERTEX_POINT('',#8339);
#2297=VERTEX_POINT('',#8341);
#2298=VERTEX_POINT('',#8343);
#2299=VERTEX_POINT('',#8345);
#2300=VERTEX_POINT('',#8348);
#2301=VERTEX_POINT('',#8350);
#2302=VERTEX_POINT('',#8352);
#2303=VERTEX_POINT('',#8354);
#2304=VERTEX_POINT('',#8356);
#2305=VERTEX_POINT('',#8359);
#2306=VERTEX_POINT('',#8361);
#2307=VERTEX_POINT('',#8363);
#2308=VERTEX_POINT('',#8365);
#2309=VERTEX_POINT('',#8367);
#2310=VERTEX_POINT('',#8369);
#2311=VERTEX_POINT('',#8371);
#2312=VERTEX_POINT('',#8373);
#2313=VERTEX_POINT('',#8375);
#2314=VERTEX_POINT('',#8377);
#2315=VERTEX_POINT('',#8379);
#2316=VERTEX_POINT('',#8386);
#2317=VERTEX_POINT('',#8388);
#2318=VERTEX_POINT('',#8392);
#2319=VERTEX_POINT('',#8398);
#2320=VERTEX_POINT('',#8400);
#2321=VERTEX_POINT('',#8404);
#2322=VERTEX_POINT('',#8410);
#2323=VERTEX_POINT('',#8412);
#2324=VERTEX_POINT('',#8416);
#2325=VERTEX_POINT('',#8422);
#2326=VERTEX_POINT('',#8424);
#2327=VERTEX_POINT('',#8428);
#2328=VERTEX_POINT('',#8432);
#2329=VERTEX_POINT('',#8436);
#2330=VERTEX_POINT('',#8439);
#2331=VERTEX_POINT('',#8441);
#2332=VERTEX_POINT('',#8445);
#2333=VERTEX_POINT('',#8449);
#2334=VERTEX_POINT('',#8455);
#2335=VERTEX_POINT('',#8457);
#2336=VERTEX_POINT('',#8461);
#2337=VERTEX_POINT('',#8469);
#2338=VERTEX_POINT('',#8473);
#2339=VERTEX_POINT('',#8477);
#2340=VERTEX_POINT('',#8481);
#2341=VERTEX_POINT('',#8485);
#2342=VERTEX_POINT('',#8489);
#2343=VERTEX_POINT('',#8516);
#2344=VERTEX_POINT('',#8517);
#2345=VERTEX_POINT('',#8519);
#2346=VERTEX_POINT('',#8521);
#2347=VERTEX_POINT('',#8525);
#2348=VERTEX_POINT('',#8527);
#2349=VERTEX_POINT('',#8531);
#2350=VERTEX_POINT('',#8532);
#2351=VERTEX_POINT('',#8537);
#2352=VERTEX_POINT('',#8541);
#2353=VERTEX_POINT('',#8545);
#2354=VERTEX_POINT('',#8546);
#2355=VERTEX_POINT('',#8551);
#2356=VERTEX_POINT('',#8555);
#2357=VERTEX_POINT('',#8559);
#2358=VERTEX_POINT('',#8561);
#2359=VERTEX_POINT('',#8563);
#2360=VERTEX_POINT('',#8565);
#2361=VERTEX_POINT('',#8567);
#2362=VERTEX_POINT('',#8569);
#2363=VERTEX_POINT('',#8571);
#2364=VERTEX_POINT('',#8573);
#2365=VERTEX_POINT('',#8575);
#2366=VERTEX_POINT('',#8577);
#2367=VERTEX_POINT('',#8579);
#2368=VERTEX_POINT('',#8581);
#2369=VERTEX_POINT('',#8583);
#2370=VERTEX_POINT('',#8585);
#2371=VERTEX_POINT('',#8587);
#2372=VERTEX_POINT('',#8589);
#2373=VERTEX_POINT('',#8591);
#2374=VERTEX_POINT('',#8593);
#2375=VERTEX_POINT('',#8595);
#2376=VERTEX_POINT('',#8597);
#2377=VERTEX_POINT('',#8599);
#2378=VERTEX_POINT('',#8601);
#2379=VERTEX_POINT('',#8603);
#2380=VERTEX_POINT('',#8605);
#2381=VERTEX_POINT('',#8607);
#2382=VERTEX_POINT('',#8609);
#2383=VERTEX_POINT('',#8611);
#2384=VERTEX_POINT('',#8613);
#2385=VERTEX_POINT('',#8615);
#2386=VERTEX_POINT('',#8617);
#2387=VERTEX_POINT('',#8619);
#2388=VERTEX_POINT('',#8621);
#2389=VERTEX_POINT('',#8624);
#2390=VERTEX_POINT('',#8626);
#2391=VERTEX_POINT('',#8628);
#2392=VERTEX_POINT('',#8630);
#2393=VERTEX_POINT('',#8632);
#2394=VERTEX_POINT('',#8634);
#2395=VERTEX_POINT('',#8636);
#2396=VERTEX_POINT('',#8638);
#2397=VERTEX_POINT('',#8640);
#2398=VERTEX_POINT('',#8642);
#2399=VERTEX_POINT('',#8644);
#2400=VERTEX_POINT('',#8646);
#2401=VERTEX_POINT('',#8648);
#2402=VERTEX_POINT('',#8650);
#2403=VERTEX_POINT('',#8652);
#2404=VERTEX_POINT('',#8654);
#2405=VERTEX_POINT('',#8656);
#2406=VERTEX_POINT('',#8658);
#2407=VERTEX_POINT('',#8660);
#2408=VERTEX_POINT('',#8662);
#2409=VERTEX_POINT('',#8664);
#2410=VERTEX_POINT('',#8666);
#2411=VERTEX_POINT('',#8668);
#2412=VERTEX_POINT('',#8670);
#2413=VERTEX_POINT('',#8672);
#2414=VERTEX_POINT('',#8674);
#2415=VERTEX_POINT('',#8676);
#2416=VERTEX_POINT('',#8678);
#2417=VERTEX_POINT('',#8680);
#2418=VERTEX_POINT('',#8682);
#2419=VERTEX_POINT('',#8684);
#2420=VERTEX_POINT('',#8686);
#2421=VERTEX_POINT('',#8688);
#2422=VERTEX_POINT('',#8690);
#2423=VERTEX_POINT('',#8692);
#2424=VERTEX_POINT('',#8694);
#2425=VERTEX_POINT('',#8696);
#2426=VERTEX_POINT('',#8698);
#2427=VERTEX_POINT('',#8700);
#2428=VERTEX_POINT('',#8702);
#2429=VERTEX_POINT('',#8704);
#2430=VERTEX_POINT('',#8706);
#2431=VERTEX_POINT('',#8708);
#2432=VERTEX_POINT('',#8710);
#2433=VERTEX_POINT('',#8712);
#2434=VERTEX_POINT('',#8714);
#2435=VERTEX_POINT('',#8716);
#2436=VERTEX_POINT('',#8718);
#2437=VERTEX_POINT('',#8720);
#2438=VERTEX_POINT('',#8722);
#2439=VERTEX_POINT('',#8724);
#2440=VERTEX_POINT('',#8726);
#2441=VERTEX_POINT('',#8728);
#2442=VERTEX_POINT('',#8730);
#2443=VERTEX_POINT('',#8732);
#2444=VERTEX_POINT('',#8734);
#2445=VERTEX_POINT('',#8736);
#2446=VERTEX_POINT('',#8738);
#2447=VERTEX_POINT('',#8744);
#2448=VERTEX_POINT('',#8745);
#2449=VERTEX_POINT('',#8747);
#2450=VERTEX_POINT('',#8749);
#2451=VERTEX_POINT('',#8760);
#2452=VERTEX_POINT('',#8762);
#2453=VERTEX_POINT('',#8767);
#2454=VERTEX_POINT('',#8771);
#2455=VERTEX_POINT('',#8773);
#2456=VERTEX_POINT('',#8775);
#2457=VERTEX_POINT('',#8777);
#2458=VERTEX_POINT('',#8779);
#2459=VERTEX_POINT('',#8783);
#2460=VERTEX_POINT('',#8785);
#2461=VERTEX_POINT('',#8789);
#2462=VERTEX_POINT('',#8791);
#2463=VERTEX_POINT('',#8795);
#2464=VERTEX_POINT('',#8797);
#2465=VERTEX_POINT('',#8799);
#2466=VERTEX_POINT('',#8801);
#2467=VERTEX_POINT('',#8803);
#2468=VERTEX_POINT('',#8805);
#2469=VERTEX_POINT('',#8809);
#2470=VERTEX_POINT('',#8810);
#2471=VERTEX_POINT('',#8815);
#2472=VERTEX_POINT('',#8819);
#2473=VERTEX_POINT('',#8821);
#2474=VERTEX_POINT('',#8823);
#2475=VERTEX_POINT('',#8830);
#2476=VERTEX_POINT('',#8832);
#2477=VERTEX_POINT('',#8834);
#2478=VERTEX_POINT('',#8836);
#2479=VERTEX_POINT('',#8838);
#2480=VERTEX_POINT('',#8840);
#2481=VERTEX_POINT('',#8842);
#2482=VERTEX_POINT('',#8844);
#2483=VERTEX_POINT('',#8846);
#2484=VERTEX_POINT('',#8848);
#2485=VERTEX_POINT('',#8850);
#2486=VERTEX_POINT('',#8852);
#2487=VERTEX_POINT('',#8854);
#2488=VERTEX_POINT('',#8856);
#2489=VERTEX_POINT('',#8858);
#2490=VERTEX_POINT('',#8860);
#2491=VERTEX_POINT('',#8862);
#2492=VERTEX_POINT('',#8864);
#2493=VERTEX_POINT('',#8866);
#2494=VERTEX_POINT('',#8868);
#2495=VERTEX_POINT('',#8870);
#2496=VERTEX_POINT('',#8872);
#2497=VERTEX_POINT('',#8874);
#2498=VERTEX_POINT('',#8876);
#2499=VERTEX_POINT('',#8878);
#2500=VERTEX_POINT('',#8880);
#2501=VERTEX_POINT('',#8882);
#2502=VERTEX_POINT('',#8884);
#2503=VERTEX_POINT('',#8886);
#2504=VERTEX_POINT('',#8888);
#2505=VERTEX_POINT('',#8890);
#2506=VERTEX_POINT('',#8892);
#2507=VERTEX_POINT('',#8895);
#2508=VERTEX_POINT('',#8897);
#2509=VERTEX_POINT('',#8899);
#2510=VERTEX_POINT('',#8901);
#2511=VERTEX_POINT('',#8903);
#2512=VERTEX_POINT('',#8905);
#2513=VERTEX_POINT('',#8907);
#2514=VERTEX_POINT('',#8909);
#2515=VERTEX_POINT('',#8911);
#2516=VERTEX_POINT('',#8913);
#2517=VERTEX_POINT('',#8915);
#2518=VERTEX_POINT('',#8917);
#2519=VERTEX_POINT('',#8919);
#2520=VERTEX_POINT('',#8921);
#2521=VERTEX_POINT('',#8923);
#2522=VERTEX_POINT('',#8925);
#2523=VERTEX_POINT('',#8927);
#2524=VERTEX_POINT('',#8929);
#2525=VERTEX_POINT('',#8931);
#2526=VERTEX_POINT('',#8933);
#2527=VERTEX_POINT('',#8935);
#2528=VERTEX_POINT('',#8937);
#2529=VERTEX_POINT('',#8939);
#2530=VERTEX_POINT('',#8942);
#2531=VERTEX_POINT('',#8944);
#2532=VERTEX_POINT('',#8946);
#2533=VERTEX_POINT('',#8948);
#2534=VERTEX_POINT('',#8950);
#2535=VERTEX_POINT('',#8952);
#2536=VERTEX_POINT('',#8954);
#2537=VERTEX_POINT('',#8956);
#2538=VERTEX_POINT('',#8958);
#2539=VERTEX_POINT('',#8960);
#2540=VERTEX_POINT('',#8962);
#2541=VERTEX_POINT('',#8964);
#2542=VERTEX_POINT('',#8966);
#2543=VERTEX_POINT('',#8968);
#2544=VERTEX_POINT('',#8971);
#2545=VERTEX_POINT('',#8973);
#2546=VERTEX_POINT('',#8975);
#2547=VERTEX_POINT('',#8977);
#2548=VERTEX_POINT('',#8979);
#2549=VERTEX_POINT('',#8981);
#2550=VERTEX_POINT('',#8983);
#2551=VERTEX_POINT('',#8985);
#2552=VERTEX_POINT('',#8987);
#2553=VERTEX_POINT('',#8989);
#2554=VERTEX_POINT('',#8991);
#2555=VERTEX_POINT('',#8993);
#2556=VERTEX_POINT('',#8995);
#2557=VERTEX_POINT('',#8997);
#2558=VERTEX_POINT('',#8999);
#2559=VERTEX_POINT('',#9003);
#2560=VERTEX_POINT('',#9007);
#2561=VERTEX_POINT('',#9009);
#2562=VERTEX_POINT('',#9014);
#2563=VERTEX_POINT('',#9016);
#2564=VERTEX_POINT('',#9018);
#2565=VERTEX_POINT('',#9037);
#2566=VERTEX_POINT('',#9039);
#2567=VERTEX_POINT('',#9043);
#2568=VERTEX_POINT('',#9045);
#2569=VERTEX_POINT('',#9047);
#2570=VERTEX_POINT('',#9049);
#2571=VERTEX_POINT('',#9051);
#2572=VERTEX_POINT('',#9053);
#2573=VERTEX_POINT('',#9072);
#2574=VERTEX_POINT('',#9073);
#2575=VERTEX_POINT('',#9078);
#2576=VERTEX_POINT('',#9082);
#2577=VERTEX_POINT('',#9084);
#2578=VERTEX_POINT('',#9086);
#2579=VERTEX_POINT('',#9088);
#2580=VERTEX_POINT('',#9090);
#2581=VERTEX_POINT('',#9380);
#2582=VERTEX_POINT('',#9382);
#2583=VERTEX_POINT('',#9388);
#2584=VERTEX_POINT('',#9391);
#2585=EDGE_CURVE('',#2043,#2043,#1727,.T.);
#2586=EDGE_CURVE('',#2044,#2044,#1728,.T.);
#2587=EDGE_CURVE('',#2044,#2043,#32,.T.);
#2588=EDGE_CURVE('',#2045,#2045,#1729,.T.);
#2589=EDGE_CURVE('',#2045,#2046,#33,.T.);
#2590=EDGE_CURVE('',#2046,#2046,#1730,.T.);
#2591=EDGE_CURVE('',#2047,#2048,#1731,.T.);
#2592=EDGE_CURVE('',#2047,#2049,#34,.T.);
#2593=EDGE_CURVE('',#2049,#2050,#1732,.T.);
#2594=EDGE_CURVE('',#2050,#2048,#35,.T.);
#2595=EDGE_CURVE('',#2051,#2047,#1733,.T.);
#2596=EDGE_CURVE('',#2051,#2052,#36,.T.);
#2597=EDGE_CURVE('',#2052,#2049,#1734,.T.);
#2598=EDGE_CURVE('',#2053,#2051,#1735,.T.);
#2599=EDGE_CURVE('',#2054,#2053,#37,.T.);
#2600=EDGE_CURVE('',#2054,#2052,#1736,.T.);
#2601=EDGE_CURVE('',#2050,#2055,#38,.T.);
#2602=EDGE_CURVE('',#2056,#2054,#39,.T.);
#2603=EDGE_CURVE('',#2055,#2056,#1737,.T.);
#2604=EDGE_CURVE('',#2057,#2058,#1738,.T.);
#2605=EDGE_CURVE('',#2057,#2059,#40,.T.);
#2606=EDGE_CURVE('',#2059,#2060,#1739,.T.);
#2607=EDGE_CURVE('',#2060,#2058,#41,.T.);
#2608=EDGE_CURVE('',#2061,#2057,#1740,.T.);
#2609=EDGE_CURVE('',#2061,#2062,#42,.T.);
#2610=EDGE_CURVE('',#2062,#2059,#1741,.T.);
#2611=EDGE_CURVE('',#2063,#2061,#1742,.T.);
#2612=EDGE_CURVE('',#2064,#2063,#43,.T.);
#2613=EDGE_CURVE('',#2064,#2062,#1743,.T.);
#2614=EDGE_CURVE('',#2060,#2065,#44,.T.);
#2615=EDGE_CURVE('',#2066,#2064,#45,.T.);
#2616=EDGE_CURVE('',#2065,#2066,#1744,.T.);
#2617=EDGE_CURVE('',#2067,#2068,#1745,.T.);
#2618=EDGE_CURVE('',#2067,#2069,#46,.T.);
#2619=EDGE_CURVE('',#2069,#2070,#1746,.T.);
#2620=EDGE_CURVE('',#2070,#2068,#47,.T.);
#2621=EDGE_CURVE('',#2071,#2067,#1747,.T.);
#2622=EDGE_CURVE('',#2071,#2072,#48,.T.);
#2623=EDGE_CURVE('',#2072,#2069,#1748,.T.);
#2624=EDGE_CURVE('',#2073,#2071,#1749,.T.);
#2625=EDGE_CURVE('',#2074,#2073,#49,.T.);
#2626=EDGE_CURVE('',#2074,#2072,#1750,.T.);
#2627=EDGE_CURVE('',#2070,#2075,#50,.T.);
#2628=EDGE_CURVE('',#2076,#2074,#51,.T.);
#2629=EDGE_CURVE('',#2075,#2076,#1751,.T.);
#2630=EDGE_CURVE('',#2077,#2078,#1752,.T.);
#2631=EDGE_CURVE('',#2077,#2079,#52,.T.);
#2632=EDGE_CURVE('',#2079,#2080,#1753,.T.);
#2633=EDGE_CURVE('',#2080,#2078,#53,.T.);
#2634=EDGE_CURVE('',#2081,#2077,#1754,.T.);
#2635=EDGE_CURVE('',#2081,#2082,#54,.T.);
#2636=EDGE_CURVE('',#2082,#2079,#1755,.T.);
#2637=EDGE_CURVE('',#2083,#2081,#1756,.T.);
#2638=EDGE_CURVE('',#2084,#2083,#55,.T.);
#2639=EDGE_CURVE('',#2084,#2082,#1757,.T.);
#2640=EDGE_CURVE('',#2080,#2085,#56,.T.);
#2641=EDGE_CURVE('',#2086,#2084,#57,.T.);
#2642=EDGE_CURVE('',#2085,#2086,#1758,.T.);
#2643=EDGE_CURVE('',#2087,#2088,#1759,.T.);
#2644=EDGE_CURVE('',#2087,#2089,#58,.T.);
#2645=EDGE_CURVE('',#2089,#2090,#1760,.T.);
#2646=EDGE_CURVE('',#2090,#2088,#59,.T.);
#2647=EDGE_CURVE('',#2091,#2087,#1761,.T.);
#2648=EDGE_CURVE('',#2091,#2092,#60,.T.);
#2649=EDGE_CURVE('',#2092,#2089,#1762,.T.);
#2650=EDGE_CURVE('',#2093,#2091,#1763,.T.);
#2651=EDGE_CURVE('',#2094,#2093,#61,.T.);
#2652=EDGE_CURVE('',#2094,#2092,#1764,.T.);
#2653=EDGE_CURVE('',#2090,#2095,#62,.T.);
#2654=EDGE_CURVE('',#2096,#2094,#63,.T.);
#2655=EDGE_CURVE('',#2095,#2096,#1765,.T.);
#2656=EDGE_CURVE('',#2097,#2098,#1766,.T.);
#2657=EDGE_CURVE('',#2097,#2099,#64,.T.);
#2658=EDGE_CURVE('',#2099,#2100,#1767,.T.);
#2659=EDGE_CURVE('',#2098,#2100,#65,.T.);
#2660=EDGE_CURVE('',#2101,#2097,#1768,.T.);
#2661=EDGE_CURVE('',#2101,#2102,#66,.T.);
#2662=EDGE_CURVE('',#2102,#2099,#1769,.T.);
#2663=EDGE_CURVE('',#2103,#2101,#1770,.T.);
#2664=EDGE_CURVE('',#2104,#2103,#67,.T.);
#2665=EDGE_CURVE('',#2104,#2102,#1771,.T.);
#2666=EDGE_CURVE('',#2105,#2106,#68,.T.);
#2667=EDGE_CURVE('',#2100,#2105,#1772,.T.);
#2668=EDGE_CURVE('',#2107,#2104,#69,.T.);
#2669=EDGE_CURVE('',#2106,#2107,#1773,.T.);
#2670=EDGE_CURVE('',#2108,#2109,#1774,.T.);
#2671=EDGE_CURVE('',#2108,#2110,#70,.T.);
#2672=EDGE_CURVE('',#2110,#2111,#1775,.T.);
#2673=EDGE_CURVE('',#2111,#2109,#71,.T.);
#2674=EDGE_CURVE('',#2112,#2108,#1776,.T.);
#2675=EDGE_CURVE('',#2112,#2113,#72,.T.);
#2676=EDGE_CURVE('',#2113,#2110,#1777,.T.);
#2677=EDGE_CURVE('',#2114,#2112,#1778,.T.);
#2678=EDGE_CURVE('',#2115,#2114,#73,.T.);
#2679=EDGE_CURVE('',#2115,#2113,#1779,.T.);
#2680=EDGE_CURVE('',#2111,#2116,#74,.T.);
#2681=EDGE_CURVE('',#2117,#2115,#75,.T.);
#2682=EDGE_CURVE('',#2116,#2117,#1780,.T.);
#2683=EDGE_CURVE('',#2118,#2055,#76,.T.);
#2684=EDGE_CURVE('',#2118,#2119,#77,.T.);
#2685=EDGE_CURVE('',#2120,#2119,#78,.T.);
#2686=EDGE_CURVE('',#2120,#2121,#79,.T.);
#2687=EDGE_CURVE('',#2122,#2121,#80,.T.);
#2688=EDGE_CURVE('',#2048,#2122,#81,.T.);
#2689=EDGE_CURVE('',#2123,#2065,#82,.T.);
#2690=EDGE_CURVE('',#2123,#2124,#83,.T.);
#2691=EDGE_CURVE('',#2125,#2124,#84,.T.);
#2692=EDGE_CURVE('',#2125,#2126,#85,.T.);
#2693=EDGE_CURVE('',#2126,#2127,#86,.T.);
#2694=EDGE_CURVE('',#2058,#2127,#87,.T.);
#2695=EDGE_CURVE('',#2128,#2075,#88,.T.);
#2696=EDGE_CURVE('',#2128,#2129,#89,.T.);
#2697=EDGE_CURVE('',#2130,#2129,#90,.T.);
#2698=EDGE_CURVE('',#2130,#2131,#91,.T.);
#2699=EDGE_CURVE('',#2131,#2132,#92,.T.);
#2700=EDGE_CURVE('',#2068,#2132,#93,.T.);
#2701=EDGE_CURVE('',#2133,#2085,#94,.T.);
#2702=EDGE_CURVE('',#2133,#2134,#95,.T.);
#2703=EDGE_CURVE('',#2135,#2134,#96,.T.);
#2704=EDGE_CURVE('',#2135,#2136,#97,.T.);
#2705=EDGE_CURVE('',#2136,#2137,#98,.T.);
#2706=EDGE_CURVE('',#2078,#2137,#99,.T.);
#2707=EDGE_CURVE('',#2138,#2105,#100,.T.);
#2708=EDGE_CURVE('',#2138,#2139,#1781,.T.);
#2709=EDGE_CURVE('',#2140,#2139,#101,.T.);
#2710=EDGE_CURVE('',#2140,#2141,#1782,.T.);
#2711=EDGE_CURVE('',#2141,#2142,#102,.T.);
#2712=EDGE_CURVE('',#2098,#2142,#1783,.T.);
#2713=EDGE_CURVE('',#2143,#2106,#103,.T.);
#2714=EDGE_CURVE('',#2143,#2138,#104,.T.);
#2715=EDGE_CURVE('',#2144,#2145,#1784,.T.);
#2716=EDGE_CURVE('',#2146,#2144,#105,.T.);
#2717=EDGE_CURVE('',#2147,#2146,#1785,.T.);
#2718=EDGE_CURVE('',#2148,#2147,#106,.T.);
#2719=EDGE_CURVE('',#2149,#2148,#1786,.T.);
#2720=EDGE_CURVE('',#2150,#2149,#107,.T.);
#2721=EDGE_CURVE('',#2151,#2150,#1787,.T.);
#2722=EDGE_CURVE('',#2152,#2151,#108,.T.);
#2723=EDGE_CURVE('',#2153,#2152,#1788,.T.);
#2724=EDGE_CURVE('',#2154,#2153,#109,.T.);
#2725=EDGE_CURVE('',#2155,#2154,#1789,.T.);
#2726=EDGE_CURVE('',#2156,#2155,#110,.T.);
#2727=EDGE_CURVE('',#2157,#2156,#1790,.T.);
#2728=EDGE_CURVE('',#2158,#2157,#111,.T.);
#2729=EDGE_CURVE('',#2159,#2158,#1791,.T.);
#2730=EDGE_CURVE('',#2160,#2159,#112,.T.);
#2731=EDGE_CURVE('',#2161,#2160,#1792,.T.);
#2732=EDGE_CURVE('',#2162,#2161,#113,.T.);
#2733=EDGE_CURVE('',#2163,#2162,#1793,.T.);
#2734=EDGE_CURVE('',#2164,#2163,#1794,.T.);
#2735=EDGE_CURVE('',#2165,#2164,#1795,.T.);
#2736=EDGE_CURVE('',#2166,#2165,#114,.T.);
#2737=EDGE_CURVE('',#2167,#2166,#1796,.T.);
#2738=EDGE_CURVE('',#2168,#2167,#115,.T.);
#2739=EDGE_CURVE('',#2169,#2168,#1797,.T.);
#2740=EDGE_CURVE('',#2170,#2169,#116,.T.);
#2741=EDGE_CURVE('',#2171,#2170,#1798,.T.);
#2742=EDGE_CURVE('',#2172,#2171,#1799,.T.);
#2743=EDGE_CURVE('',#2173,#2172,#117,.T.);
#2744=EDGE_CURVE('',#2174,#2173,#1800,.T.);
#2745=EDGE_CURVE('',#2175,#2174,#118,.T.);
#2746=EDGE_CURVE('',#2176,#2175,#1801,.T.);
#2747=EDGE_CURVE('',#2177,#2176,#119,.T.);
#2748=EDGE_CURVE('',#2178,#2177,#1802,.T.);
#2749=EDGE_CURVE('',#2179,#2178,#120,.T.);
#2750=EDGE_CURVE('',#2180,#2179,#1803,.T.);
#2751=EDGE_CURVE('',#2181,#2180,#121,.T.);
#2752=EDGE_CURVE('',#2182,#2181,#1804,.T.);
#2753=EDGE_CURVE('',#2183,#2182,#122,.T.);
#2754=EDGE_CURVE('',#2184,#2183,#1805,.T.);
#2755=EDGE_CURVE('',#2185,#2184,#123,.T.);
#2756=EDGE_CURVE('',#2186,#2185,#1806,.T.);
#2757=EDGE_CURVE('',#2187,#2186,#1807,.T.);
#2758=EDGE_CURVE('',#2188,#2187,#124,.T.);
#2759=EDGE_CURVE('',#2189,#2188,#1808,.T.);
#2760=EDGE_CURVE('',#2145,#2189,#125,.T.);
#2761=EDGE_CURVE('',#2190,#2122,#1809,.T.);
#2762=EDGE_CURVE('',#2190,#2191,#126,.T.);
#2763=EDGE_CURVE('',#2191,#2192,#1810,.T.);
#2764=EDGE_CURVE('',#2192,#2193,#127,.T.);
#2765=EDGE_CURVE('',#2194,#2193,#1811,.T.);
#2766=EDGE_CURVE('',#2194,#2195,#1812,.T.);
#2767=EDGE_CURVE('',#2195,#2083,#128,.T.);
#2768=EDGE_CURVE('',#2137,#2196,#1813,.T.);
#2769=EDGE_CURVE('',#2196,#2197,#1814,.T.);
#2770=EDGE_CURVE('',#2197,#2198,#129,.T.);
#2771=EDGE_CURVE('',#2198,#2199,#1815,.T.);
#2772=EDGE_CURVE('',#2199,#2200,#130,.T.);
#2773=EDGE_CURVE('',#2200,#2201,#1816,.T.);
#2774=EDGE_CURVE('',#2201,#2202,#131,.T.);
#2775=EDGE_CURVE('',#2202,#2203,#1817,.T.);
#2776=EDGE_CURVE('',#2203,#2204,#132,.T.);
#2777=EDGE_CURVE('',#2204,#2205,#1818,.T.);
#2778=EDGE_CURVE('',#2205,#2114,#133,.T.);
#2779=EDGE_CURVE('',#2109,#2206,#134,.T.);
#2780=EDGE_CURVE('',#2206,#2207,#1819,.T.);
#2781=EDGE_CURVE('',#2207,#2208,#135,.T.);
#2782=EDGE_CURVE('',#2208,#2209,#1820,.T.);
#2783=EDGE_CURVE('',#2209,#2210,#1821,.T.);
#2784=EDGE_CURVE('',#2210,#2093,#136,.T.);
#2785=EDGE_CURVE('',#2088,#2063,#137,.T.);
#2786=EDGE_CURVE('',#2127,#2211,#1822,.T.);
#2787=EDGE_CURVE('',#2211,#2212,#1823,.T.);
#2788=EDGE_CURVE('',#2212,#2103,#138,.T.);
#2789=EDGE_CURVE('',#2142,#2213,#139,.T.);
#2790=EDGE_CURVE('',#2213,#2214,#1824,.T.);
#2791=EDGE_CURVE('',#2214,#2073,#140,.T.);
#2792=EDGE_CURVE('',#2132,#2215,#1825,.T.);
#2793=EDGE_CURVE('',#2215,#2053,#141,.T.);
#2794=EDGE_CURVE('',#2216,#2116,#142,.T.);
#2795=EDGE_CURVE('',#2216,#2217,#143,.T.);
#2796=EDGE_CURVE('',#2218,#2217,#144,.T.);
#2797=EDGE_CURVE('',#2218,#2219,#145,.T.);
#2798=EDGE_CURVE('',#2219,#2206,#146,.T.);
#2799=EDGE_CURVE('',#2220,#2221,#1826,.T.);
#2800=EDGE_CURVE('',#2221,#2222,#147,.T.);
#2801=EDGE_CURVE('',#2222,#2223,#1827,.F.);
#2802=EDGE_CURVE('',#2223,#2220,#148,.T.);
#2803=EDGE_CURVE('',#2224,#2221,#1828,.T.);
#2804=EDGE_CURVE('',#2225,#2224,#149,.T.);
#2805=EDGE_CURVE('',#2225,#2222,#1829,.T.);
#2806=EDGE_CURVE('',#2226,#2227,#1830,.T.);
#2807=EDGE_CURVE('',#2227,#2228,#150,.T.);
#2808=EDGE_CURVE('',#2228,#2229,#1831,.T.);
#2809=EDGE_CURVE('',#2229,#2230,#151,.T.);
#2810=EDGE_CURVE('',#2230,#2231,#1832,.T.);
#2811=EDGE_CURVE('',#2231,#2232,#1833,.T.);
#2812=EDGE_CURVE('',#2232,#2233,#152,.T.);
#2813=EDGE_CURVE('',#2233,#2234,#1834,.T.);
#2814=EDGE_CURVE('',#2234,#2235,#153,.T.);
#2815=EDGE_CURVE('',#2235,#2236,#1835,.T.);
#2816=EDGE_CURVE('',#2236,#2237,#154,.T.);
#2817=EDGE_CURVE('',#2237,#2238,#1836,.T.);
#2818=EDGE_CURVE('',#2238,#2239,#155,.T.);
#2819=EDGE_CURVE('',#2239,#2240,#1837,.T.);
#2820=EDGE_CURVE('',#2240,#2241,#156,.T.);
#2821=EDGE_CURVE('',#2241,#2242,#1838,.T.);
#2822=EDGE_CURVE('',#2242,#2243,#157,.T.);
#2823=EDGE_CURVE('',#2243,#2244,#1839,.T.);
#2824=EDGE_CURVE('',#2244,#2245,#158,.T.);
#2825=EDGE_CURVE('',#2245,#2246,#1840,.T.);
#2826=EDGE_CURVE('',#2246,#2247,#1841,.T.);
#2827=EDGE_CURVE('',#2247,#2248,#159,.T.);
#2828=EDGE_CURVE('',#2248,#2249,#1842,.T.);
#2829=EDGE_CURVE('',#2249,#2250,#160,.T.);
#2830=EDGE_CURVE('',#2250,#2251,#1843,.T.);
#2831=EDGE_CURVE('',#2251,#2252,#161,.T.);
#2832=EDGE_CURVE('',#2253,#2252,#1844,.T.);
#2833=EDGE_CURVE('',#2254,#2253,#1845,.T.);
#2834=EDGE_CURVE('',#2255,#2254,#1846,.T.);
#2835=EDGE_CURVE('',#2255,#2256,#162,.T.);
#2836=EDGE_CURVE('',#2256,#2257,#1847,.T.);
#2837=EDGE_CURVE('',#2257,#2258,#163,.T.);
#2838=EDGE_CURVE('',#2258,#2259,#1848,.T.);
#2839=EDGE_CURVE('',#2259,#2260,#164,.T.);
#2840=EDGE_CURVE('',#2260,#2261,#1849,.T.);
#2841=EDGE_CURVE('',#2261,#2262,#165,.T.);
#2842=EDGE_CURVE('',#2262,#2263,#1850,.T.);
#2843=EDGE_CURVE('',#2263,#2264,#166,.T.);
#2844=EDGE_CURVE('',#2264,#2265,#1851,.T.);
#2845=EDGE_CURVE('',#2265,#2266,#167,.T.);
#2846=EDGE_CURVE('',#2266,#2267,#1852,.T.);
#2847=EDGE_CURVE('',#2267,#2268,#168,.T.);
#2848=EDGE_CURVE('',#2268,#2269,#1853,.T.);
#2849=EDGE_CURVE('',#2269,#2270,#169,.T.);
#2850=EDGE_CURVE('',#2270,#2271,#1854,.T.);
#2851=EDGE_CURVE('',#2271,#2226,#170,.T.);
#2852=EDGE_CURVE('',#2272,#2220,#171,.T.);
#2853=EDGE_CURVE('',#2273,#2272,#1855,.T.);
#2854=EDGE_CURVE('',#2274,#2273,#172,.T.);
#2855=EDGE_CURVE('',#2275,#2274,#1856,.T.);
#2856=EDGE_CURVE('',#2276,#2275,#173,.T.);
#2857=EDGE_CURVE('',#2277,#2276,#1857,.T.);
#2858=EDGE_CURVE('',#2278,#2277,#174,.T.);
#2859=EDGE_CURVE('',#2279,#2278,#1858,.T.);
#2860=EDGE_CURVE('',#2280,#2279,#175,.T.);
#2861=EDGE_CURVE('',#2281,#2280,#1859,.T.);
#2862=EDGE_CURVE('',#2136,#2281,#1860,.T.);
#2863=EDGE_CURVE('',#2282,#2135,#1861,.T.);
#2864=EDGE_CURVE('',#2282,#2283,#1862,.T.);
#2865=EDGE_CURVE('',#2284,#2283,#1863,.T.);
#2866=EDGE_CURVE('',#2285,#2284,#176,.T.);
#2867=EDGE_CURVE('',#2286,#2285,#1864,.T.);
#2868=EDGE_CURVE('',#2287,#2286,#1865,.T.);
#2869=EDGE_CURVE('',#2288,#2287,#177,.T.);
#2870=EDGE_CURVE('',#2288,#2289,#1866,.T.);
#2871=EDGE_CURVE('',#2290,#2289,#178,.T.);
#2872=EDGE_CURVE('',#2290,#2121,#1867,.F.);
#2873=EDGE_CURVE('',#2291,#2120,#1868,.T.);
#2874=EDGE_CURVE('',#2291,#2292,#1869,.T.);
#2875=EDGE_CURVE('',#2293,#2292,#1870,.T.);
#2876=EDGE_CURVE('',#2294,#2293,#179,.T.);
#2877=EDGE_CURVE('',#2131,#2294,#1871,.T.);
#2878=EDGE_CURVE('',#2295,#2130,#1872,.T.);
#2879=EDGE_CURVE('',#2295,#2296,#1873,.T.);
#2880=EDGE_CURVE('',#2297,#2296,#1874,.T.);
#2881=EDGE_CURVE('',#2298,#2297,#180,.T.);
#2882=EDGE_CURVE('',#2299,#2298,#1875,.T.);
#2883=EDGE_CURVE('',#2141,#2299,#181,.T.);
#2884=EDGE_CURVE('',#2300,#2140,#1876,.T.);
#2885=EDGE_CURVE('',#2300,#2301,#1877,.T.);
#2886=EDGE_CURVE('',#2302,#2301,#1878,.T.);
#2887=EDGE_CURVE('',#2303,#2302,#182,.T.);
#2888=EDGE_CURVE('',#2304,#2303,#1879,.T.);
#2889=EDGE_CURVE('',#2126,#2304,#1880,.T.);
#2890=EDGE_CURVE('',#2305,#2125,#1881,.T.);
#2891=EDGE_CURVE('',#2305,#2306,#1882,.T.);
#2892=EDGE_CURVE('',#2307,#2306,#1883,.T.);
#2893=EDGE_CURVE('',#2308,#2307,#183,.T.);
#2894=EDGE_CURVE('',#2309,#2308,#1884,.T.);
#2895=EDGE_CURVE('',#2309,#2310,#1885,.T.);
#2896=EDGE_CURVE('',#2311,#2310,#1886,.T.);
#2897=EDGE_CURVE('',#2312,#2311,#184,.T.);
#2898=EDGE_CURVE('',#2313,#2312,#1887,.T.);
#2899=EDGE_CURVE('',#2314,#2313,#1888,.T.);
#2900=EDGE_CURVE('',#2315,#2314,#185,.T.);
#2901=EDGE_CURVE('',#2219,#2315,#1889,.T.);
#2902=EDGE_CURVE('',#2224,#2218,#1890,.T.);
#2903=EDGE_CURVE('',#2217,#2225,#1891,.F.);
#2904=EDGE_CURVE('',#2296,#2316,#186,.T.);
#2905=EDGE_CURVE('',#2316,#2317,#1892,.F.);
#2906=EDGE_CURVE('',#2317,#2297,#187,.T.);
#2907=EDGE_CURVE('',#2318,#2295,#188,.T.);
#2908=EDGE_CURVE('',#2318,#2316,#1893,.T.);
#2909=EDGE_CURVE('',#2129,#2318,#1894,.F.);
#2910=EDGE_CURVE('',#2292,#2319,#189,.T.);
#2911=EDGE_CURVE('',#2319,#2320,#1895,.F.);
#2912=EDGE_CURVE('',#2320,#2293,#190,.T.);
#2913=EDGE_CURVE('',#2321,#2291,#191,.T.);
#2914=EDGE_CURVE('',#2321,#2319,#1896,.T.);
#2915=EDGE_CURVE('',#2119,#2321,#1897,.F.);
#2916=EDGE_CURVE('',#2283,#2322,#192,.T.);
#2917=EDGE_CURVE('',#2322,#2323,#1898,.F.);
#2918=EDGE_CURVE('',#2323,#2284,#193,.T.);
#2919=EDGE_CURVE('',#2324,#2282,#194,.T.);
#2920=EDGE_CURVE('',#2324,#2322,#1899,.T.);
#2921=EDGE_CURVE('',#2134,#2324,#1900,.F.);
#2922=EDGE_CURVE('',#2310,#2325,#195,.T.);
#2923=EDGE_CURVE('',#2325,#2326,#1901,.F.);
#2924=EDGE_CURVE('',#2326,#2311,#196,.T.);
#2925=EDGE_CURVE('',#2327,#2309,#197,.T.);
#2926=EDGE_CURVE('',#2327,#2325,#1902,.T.);
#2927=EDGE_CURVE('',#2308,#2328,#198,.T.);
#2928=EDGE_CURVE('',#2328,#2327,#1903,.F.);
#2929=EDGE_CURVE('',#2329,#2095,#199,.T.);
#2930=EDGE_CURVE('',#2329,#2328,#200,.T.);
#2931=EDGE_CURVE('',#2330,#2307,#201,.T.);
#2932=EDGE_CURVE('',#2330,#2331,#202,.T.);
#2933=EDGE_CURVE('',#2331,#2066,#203,.T.);
#2934=EDGE_CURVE('',#2306,#2332,#204,.T.);
#2935=EDGE_CURVE('',#2332,#2330,#1904,.F.);
#2936=EDGE_CURVE('',#2333,#2305,#205,.T.);
#2937=EDGE_CURVE('',#2333,#2332,#1905,.T.);
#2938=EDGE_CURVE('',#2124,#2333,#1906,.F.);
#2939=EDGE_CURVE('',#2301,#2334,#206,.T.);
#2940=EDGE_CURVE('',#2334,#2335,#1907,.F.);
#2941=EDGE_CURVE('',#2335,#2302,#207,.T.);
#2942=EDGE_CURVE('',#2336,#2300,#208,.T.);
#2943=EDGE_CURVE('',#2336,#2334,#1908,.T.);
#2944=EDGE_CURVE('',#2139,#2336,#1909,.F.);
#2945=EDGE_CURVE('',#2331,#2123,#1910,.T.);
#2946=EDGE_CURVE('',#2320,#2337,#209,.T.);
#2947=EDGE_CURVE('',#2337,#2118,#1911,.T.);
#2948=EDGE_CURVE('',#2326,#2338,#210,.T.);
#2949=EDGE_CURVE('',#2338,#2329,#1912,.T.);
#2950=EDGE_CURVE('',#2323,#2339,#211,.T.);
#2951=EDGE_CURVE('',#2339,#2133,#1913,.T.);
#2952=EDGE_CURVE('',#2317,#2340,#212,.T.);
#2953=EDGE_CURVE('',#2340,#2128,#1914,.T.);
#2954=EDGE_CURVE('',#2335,#2341,#213,.T.);
#2955=EDGE_CURVE('',#2341,#2143,#1915,.T.);
#2956=EDGE_CURVE('',#2223,#2342,#214,.T.);
#2957=EDGE_CURVE('',#2342,#2216,#1916,.T.);
#2958=EDGE_CURVE('',#2337,#2056,#215,.T.);
#2959=EDGE_CURVE('',#2338,#2096,#216,.T.);
#2960=EDGE_CURVE('',#2339,#2086,#217,.T.);
#2961=EDGE_CURVE('',#2340,#2076,#218,.T.);
#2962=EDGE_CURVE('',#2342,#2117,#219,.T.);
#2963=EDGE_CURVE('',#2290,#2190,#220,.T.);
#2964=EDGE_CURVE('',#2193,#2287,#221,.T.);
#2965=EDGE_CURVE('',#2286,#2194,#222,.T.);
#2966=EDGE_CURVE('',#2288,#2192,#223,.T.);
#2967=EDGE_CURVE('',#2289,#2191,#224,.T.);
#2968=EDGE_CURVE('',#2285,#2195,#225,.T.);
#2969=EDGE_CURVE('',#2343,#2344,#1917,.T.);
#2970=EDGE_CURVE('',#2345,#2344,#226,.T.);
#2971=EDGE_CURVE('',#2346,#2345,#1918,.T.);
#2972=EDGE_CURVE('',#2343,#2346,#227,.T.);
#2973=EDGE_CURVE('',#2343,#2347,#1919,.T.);
#2974=EDGE_CURVE('',#2348,#2346,#1920,.T.);
#2975=EDGE_CURVE('',#2348,#2347,#228,.T.);
#2976=EDGE_CURVE('',#2349,#2350,#1921,.T.);
#2977=EDGE_CURVE('',#2349,#2253,#229,.T.);
#2978=EDGE_CURVE('',#2252,#2350,#230,.T.);
#2979=EDGE_CURVE('',#2351,#2349,#1922,.T.);
#2980=EDGE_CURVE('',#2351,#2254,#231,.T.);
#2981=EDGE_CURVE('',#2352,#2351,#1923,.T.);
#2982=EDGE_CURVE('',#2255,#2352,#232,.T.);
#2983=EDGE_CURVE('',#2353,#2354,#1924,.T.);
#2984=EDGE_CURVE('',#2353,#2163,#233,.T.);
#2985=EDGE_CURVE('',#2354,#2162,#234,.T.);
#2986=EDGE_CURVE('',#2355,#2353,#1925,.T.);
#2987=EDGE_CURVE('',#2355,#2164,#235,.T.);
#2988=EDGE_CURVE('',#2356,#2355,#1926,.T.);
#2989=EDGE_CURVE('',#2165,#2356,#236,.T.);
#2990=EDGE_CURVE('',#2357,#2354,#237,.T.);
#2991=EDGE_CURVE('',#2358,#2357,#1927,.T.);
#2992=EDGE_CURVE('',#2359,#2358,#238,.T.);
#2993=EDGE_CURVE('',#2360,#2359,#1928,.T.);
#2994=EDGE_CURVE('',#2361,#2360,#239,.T.);
#2995=EDGE_CURVE('',#2362,#2361,#1929,.T.);
#2996=EDGE_CURVE('',#2363,#2362,#240,.T.);
#2997=EDGE_CURVE('',#2364,#2363,#1930,.T.);
#2998=EDGE_CURVE('',#2365,#2364,#241,.T.);
#2999=EDGE_CURVE('',#2366,#2365,#1931,.T.);
#3000=EDGE_CURVE('',#2367,#2366,#242,.T.);
#3001=EDGE_CURVE('',#2368,#2367,#1932,.T.);
#3002=EDGE_CURVE('',#2369,#2368,#243,.T.);
#3003=EDGE_CURVE('',#2370,#2369,#1933,.T.);
#3004=EDGE_CURVE('',#2371,#2370,#244,.T.);
#3005=EDGE_CURVE('',#2372,#2371,#1934,.T.);
#3006=EDGE_CURVE('',#2373,#2372,#245,.T.);
#3007=EDGE_CURVE('',#2374,#2373,#1935,.T.);
#3008=EDGE_CURVE('',#2375,#2374,#246,.T.);
#3009=EDGE_CURVE('',#2376,#2375,#1936,.T.);
#3010=EDGE_CURVE('',#2377,#2376,#247,.T.);
#3011=EDGE_CURVE('',#2378,#2377,#1937,.T.);
#3012=EDGE_CURVE('',#2379,#2378,#248,.T.);
#3013=EDGE_CURVE('',#2380,#2379,#1938,.T.);
#3014=EDGE_CURVE('',#2381,#2380,#249,.T.);
#3015=EDGE_CURVE('',#2382,#2381,#1939,.T.);
#3016=EDGE_CURVE('',#2383,#2382,#250,.T.);
#3017=EDGE_CURVE('',#2384,#2383,#1940,.T.);
#3018=EDGE_CURVE('',#2385,#2384,#251,.T.);
#3019=EDGE_CURVE('',#2386,#2385,#1941,.T.);
#3020=EDGE_CURVE('',#2387,#2386,#252,.T.);
#3021=EDGE_CURVE('',#2388,#2387,#1942,.T.);
#3022=EDGE_CURVE('',#2344,#2388,#253,.T.);
#3023=EDGE_CURVE('',#2389,#2347,#254,.T.);
#3024=EDGE_CURVE('',#2390,#2389,#1943,.T.);
#3025=EDGE_CURVE('',#2391,#2390,#255,.T.);
#3026=EDGE_CURVE('',#2392,#2391,#1944,.T.);
#3027=EDGE_CURVE('',#2393,#2392,#256,.T.);
#3028=EDGE_CURVE('',#2394,#2393,#1945,.T.);
#3029=EDGE_CURVE('',#2395,#2394,#1946,.T.);
#3030=EDGE_CURVE('',#2396,#2395,#257,.T.);
#3031=EDGE_CURVE('',#2397,#2396,#1947,.T.);
#3032=EDGE_CURVE('',#2398,#2397,#258,.T.);
#3033=EDGE_CURVE('',#2399,#2398,#1948,.T.);
#3034=EDGE_CURVE('',#2400,#2399,#259,.T.);
#3035=EDGE_CURVE('',#2401,#2400,#1949,.T.);
#3036=EDGE_CURVE('',#2402,#2401,#260,.T.);
#3037=EDGE_CURVE('',#2403,#2402,#1950,.T.);
#3038=EDGE_CURVE('',#2404,#2403,#261,.T.);
#3039=EDGE_CURVE('',#2405,#2404,#1951,.T.);
#3040=EDGE_CURVE('',#2406,#2405,#262,.T.);
#3041=EDGE_CURVE('',#2407,#2406,#1952,.T.);
#3042=EDGE_CURVE('',#2408,#2407,#263,.T.);
#3043=EDGE_CURVE('',#2409,#2408,#1953,.T.);
#3044=EDGE_CURVE('',#2410,#2409,#1954,.T.);
#3045=EDGE_CURVE('',#2411,#2410,#264,.T.);
#3046=EDGE_CURVE('',#2412,#2411,#1955,.T.);
#3047=EDGE_CURVE('',#2413,#2412,#265,.T.);
#3048=EDGE_CURVE('',#2414,#2413,#266,.T.);
#3049=EDGE_CURVE('',#2415,#2414,#267,.T.);
#3050=EDGE_CURVE('',#2416,#2415,#1956,.T.);
#3051=EDGE_CURVE('',#2417,#2416,#268,.T.);
#3052=EDGE_CURVE('',#2418,#2417,#1957,.T.);
#3053=EDGE_CURVE('',#2419,#2418,#1958,.T.);
#3054=EDGE_CURVE('',#2420,#2419,#269,.T.);
#3055=EDGE_CURVE('',#2421,#2420,#1959,.T.);
#3056=EDGE_CURVE('',#2422,#2421,#270,.T.);
#3057=EDGE_CURVE('',#2423,#2422,#1960,.T.);
#3058=EDGE_CURVE('',#2424,#2423,#271,.T.);
#3059=EDGE_CURVE('',#2425,#2424,#1961,.T.);
#3060=EDGE_CURVE('',#2426,#2425,#272,.T.);
#3061=EDGE_CURVE('',#2427,#2426,#1962,.T.);
#3062=EDGE_CURVE('',#2428,#2427,#273,.T.);
#3063=EDGE_CURVE('',#2429,#2428,#1963,.T.);
#3064=EDGE_CURVE('',#2430,#2429,#274,.T.);
#3065=EDGE_CURVE('',#2431,#2430,#1964,.T.);
#3066=EDGE_CURVE('',#2432,#2431,#275,.T.);
#3067=EDGE_CURVE('',#2433,#2432,#1965,.T.);
#3068=EDGE_CURVE('',#2434,#2433,#1966,.T.);
#3069=EDGE_CURVE('',#2435,#2434,#276,.T.);
#3070=EDGE_CURVE('',#2436,#2435,#1967,.T.);
#3071=EDGE_CURVE('',#2437,#2436,#277,.T.);
#3072=EDGE_CURVE('',#2438,#2437,#1968,.T.);
#3073=EDGE_CURVE('',#2439,#2438,#278,.T.);
#3074=EDGE_CURVE('',#2440,#2439,#1969,.T.);
#3075=EDGE_CURVE('',#2441,#2440,#279,.T.);
#3076=EDGE_CURVE('',#2442,#2441,#1970,.T.);
#3077=EDGE_CURVE('',#2443,#2442,#280,.T.);
#3078=EDGE_CURVE('',#2444,#2443,#1971,.T.);
#3079=EDGE_CURVE('',#2445,#2444,#281,.T.);
#3080=EDGE_CURVE('',#2446,#2445,#1972,.T.);
#3081=EDGE_CURVE('',#2356,#2446,#282,.T.);
#3082=EDGE_CURVE('',#2161,#2357,#283,.T.);
#3083=EDGE_CURVE('',#2447,#2448,#1973,.T.);
#3084=EDGE_CURVE('',#2448,#2449,#284,.T.);
#3085=EDGE_CURVE('',#2449,#2450,#1974,.T.);
#3086=EDGE_CURVE('',#2450,#2373,#22,.T.);
#3087=EDGE_CURVE('',#2372,#2447,#23,.T.);
#3088=EDGE_CURVE('',#2451,#2450,#285,.T.);
#3089=EDGE_CURVE('',#2452,#2451,#24,.T.);
#3090=EDGE_CURVE('',#2453,#2452,#1975,.T.);
#3091=EDGE_CURVE('',#2453,#2374,#286,.T.);
#3092=EDGE_CURVE('',#2454,#2449,#1976,.T.);
#3093=EDGE_CURVE('',#2454,#2455,#287,.T.);
#3094=EDGE_CURVE('',#2455,#2456,#288,.T.);
#3095=EDGE_CURVE('',#2456,#2457,#289,.T.);
#3096=EDGE_CURVE('',#2458,#2457,#1977,.T.);
#3097=EDGE_CURVE('',#2451,#2458,#1978,.T.);
#3098=EDGE_CURVE('',#2413,#2459,#1979,.T.);
#3099=EDGE_CURVE('',#2459,#2460,#290,.T.);
#3100=EDGE_CURVE('',#2460,#2414,#1980,.T.);
#3101=EDGE_CURVE('',#2459,#2461,#1981,.T.);
#3102=EDGE_CURVE('',#2461,#2462,#291,.T.);
#3103=EDGE_CURVE('',#2462,#2460,#1982,.T.);
#3104=EDGE_CURVE('',#2463,#2412,#292,.T.);
#3105=EDGE_CURVE('',#2464,#2463,#293,.T.);
#3106=EDGE_CURVE('',#2465,#2464,#1983,.T.);
#3107=EDGE_CURVE('',#2466,#2465,#1984,.T.);
#3108=EDGE_CURVE('',#2466,#2467,#294,.T.);
#3109=EDGE_CURVE('',#2467,#2468,#295,.T.);
#3110=EDGE_CURVE('',#2468,#2461,#296,.T.);
#3111=EDGE_CURVE('',#2469,#2470,#1985,.T.);
#3112=EDGE_CURVE('',#2470,#2465,#297,.T.);
#3113=EDGE_CURVE('',#2464,#2469,#298,.T.);
#3114=EDGE_CURVE('',#2470,#2471,#1986,.T.);
#3115=EDGE_CURVE('',#2471,#2466,#299,.T.);
#3116=EDGE_CURVE('',#2458,#2472,#300,.T.);
#3117=EDGE_CURVE('',#2472,#2473,#1987,.T.);
#3118=EDGE_CURVE('',#2473,#2474,#25,.T.);
#3119=EDGE_CURVE('',#2474,#2452,#301,.T.);
#3120=EDGE_CURVE('',#2350,#2475,#302,.T.);
#3121=EDGE_CURVE('',#2475,#2476,#1988,.T.);
#3122=EDGE_CURVE('',#2476,#2477,#303,.T.);
#3123=EDGE_CURVE('',#2478,#2477,#1989,.T.);
#3124=EDGE_CURVE('',#2479,#2478,#304,.T.);
#3125=EDGE_CURVE('',#2480,#2479,#1990,.T.);
#3126=EDGE_CURVE('',#2481,#2480,#305,.T.);
#3127=EDGE_CURVE('',#2482,#2481,#1991,.T.);
#3128=EDGE_CURVE('',#2483,#2482,#306,.T.);
#3129=EDGE_CURVE('',#2484,#2483,#1992,.T.);
#3130=EDGE_CURVE('',#2484,#2485,#307,.T.);
#3131=EDGE_CURVE('',#2485,#2486,#1993,.T.);
#3132=EDGE_CURVE('',#2486,#2487,#308,.T.);
#3133=EDGE_CURVE('',#2487,#2488,#1994,.T.);
#3134=EDGE_CURVE('',#2488,#2489,#1995,.T.);
#3135=EDGE_CURVE('',#2489,#2490,#309,.T.);
#3136=EDGE_CURVE('',#2490,#2491,#1996,.T.);
#3137=EDGE_CURVE('',#2491,#2492,#310,.T.);
#3138=EDGE_CURVE('',#2492,#2493,#1997,.T.);
#3139=EDGE_CURVE('',#2493,#2494,#311,.T.);
#3140=EDGE_CURVE('',#2494,#2495,#1998,.T.);
#3141=EDGE_CURVE('',#2495,#2496,#312,.T.);
#3142=EDGE_CURVE('',#2496,#2497,#1999,.T.);
#3143=EDGE_CURVE('',#2497,#2498,#313,.T.);
#3144=EDGE_CURVE('',#2498,#2499,#2000,.T.);
#3145=EDGE_CURVE('',#2499,#2500,#314,.T.);
#3146=EDGE_CURVE('',#2500,#2501,#2001,.T.);
#3147=EDGE_CURVE('',#2501,#2502,#315,.T.);
#3148=EDGE_CURVE('',#2502,#2503,#2002,.T.);
#3149=EDGE_CURVE('',#2503,#2504,#2003,.T.);
#3150=EDGE_CURVE('',#2504,#2505,#316,.T.);
#3151=EDGE_CURVE('',#2505,#2506,#2004,.T.);
#3152=EDGE_CURVE('',#2506,#2469,#317,.T.);
#3153=EDGE_CURVE('',#2463,#2507,#2005,.T.);
#3154=EDGE_CURVE('',#2507,#2508,#318,.T.);
#3155=EDGE_CURVE('',#2508,#2509,#2006,.T.);
#3156=EDGE_CURVE('',#2509,#2510,#2007,.T.);
#3157=EDGE_CURVE('',#2510,#2511,#319,.T.);
#3158=EDGE_CURVE('',#2511,#2512,#2008,.T.);
#3159=EDGE_CURVE('',#2512,#2513,#320,.T.);
#3160=EDGE_CURVE('',#2513,#2514,#2009,.T.);
#3161=EDGE_CURVE('',#2514,#2515,#321,.T.);
#3162=EDGE_CURVE('',#2515,#2516,#2010,.T.);
#3163=EDGE_CURVE('',#2516,#2517,#322,.T.);
#3164=EDGE_CURVE('',#2517,#2518,#2011,.T.);
#3165=EDGE_CURVE('',#2518,#2519,#323,.T.);
#3166=EDGE_CURVE('',#2519,#2520,#2012,.T.);
#3167=EDGE_CURVE('',#2520,#2521,#324,.T.);
#3168=EDGE_CURVE('',#2521,#2522,#2013,.T.);
#3169=EDGE_CURVE('',#2522,#2523,#325,.T.);
#3170=EDGE_CURVE('',#2523,#2524,#2014,.T.);
#3171=EDGE_CURVE('',#2524,#2525,#2015,.T.);
#3172=EDGE_CURVE('',#2525,#2526,#326,.T.);
#3173=EDGE_CURVE('',#2526,#2527,#2016,.T.);
#3174=EDGE_CURVE('',#2527,#2528,#327,.T.);
#3175=EDGE_CURVE('',#2528,#2529,#2017,.T.);
#3176=EDGE_CURVE('',#2529,#2348,#328,.T.);
#3177=EDGE_CURVE('',#2345,#2530,#329,.T.);
#3178=EDGE_CURVE('',#2530,#2531,#2018,.T.);
#3179=EDGE_CURVE('',#2531,#2532,#330,.T.);
#3180=EDGE_CURVE('',#2532,#2533,#2019,.T.);
#3181=EDGE_CURVE('',#2533,#2534,#331,.T.);
#3182=EDGE_CURVE('',#2534,#2535,#2020,.T.);
#3183=EDGE_CURVE('',#2535,#2536,#332,.T.);
#3184=EDGE_CURVE('',#2536,#2537,#2021,.T.);
#3185=EDGE_CURVE('',#2537,#2538,#333,.T.);
#3186=EDGE_CURVE('',#2538,#2539,#2022,.T.);
#3187=EDGE_CURVE('',#2539,#2540,#334,.T.);
#3188=EDGE_CURVE('',#2540,#2541,#2023,.T.);
#3189=EDGE_CURVE('',#2541,#2542,#335,.T.);
#3190=EDGE_CURVE('',#2542,#2543,#2024,.T.);
#3191=EDGE_CURVE('',#2543,#2453,#336,.T.);
#3192=EDGE_CURVE('',#2474,#2544,#2025,.T.);
#3193=EDGE_CURVE('',#2544,#2545,#337,.T.);
#3194=EDGE_CURVE('',#2545,#2546,#2026,.T.);
#3195=EDGE_CURVE('',#2546,#2547,#338,.T.);
#3196=EDGE_CURVE('',#2547,#2548,#2027,.T.);
#3197=EDGE_CURVE('',#2548,#2549,#339,.T.);
#3198=EDGE_CURVE('',#2549,#2550,#2028,.T.);
#3199=EDGE_CURVE('',#2550,#2551,#340,.T.);
#3200=EDGE_CURVE('',#2551,#2552,#2029,.T.);
#3201=EDGE_CURVE('',#2552,#2553,#341,.T.);
#3202=EDGE_CURVE('',#2553,#2554,#2030,.T.);
#3203=EDGE_CURVE('',#2554,#2555,#342,.T.);
#3204=EDGE_CURVE('',#2555,#2556,#2031,.T.);
#3205=EDGE_CURVE('',#2556,#2557,#343,.T.);
#3206=EDGE_CURVE('',#2557,#2558,#2032,.T.);
#3207=EDGE_CURVE('',#2558,#2352,#344,.T.);
#3208=EDGE_CURVE('',#2448,#2559,#2033,.T.);
#3209=EDGE_CURVE('',#2559,#2454,#345,.T.);
#3210=EDGE_CURVE('',#2560,#2559,#346,.T.);
#3211=EDGE_CURVE('',#2561,#2560,#2034,.T.);
#3212=EDGE_CURVE('',#2462,#2561,#347,.T.);
#3213=EDGE_CURVE('',#2455,#2468,#2035,.T.);
#3214=EDGE_CURVE('',#2562,#2471,#348,.T.);
#3215=EDGE_CURVE('',#2563,#2562,#2036,.T.);
#3216=EDGE_CURVE('',#2564,#2563,#349,.T.);
#3217=EDGE_CURVE('',#2457,#2564,#350,.T.);
#3218=EDGE_CURVE('',#2467,#2456,#2037,.T.);
#3219=EDGE_CURVE('',#2564,#2472,#2038,.T.);
#3220=EDGE_CURVE('',#2145,#2561,#351,.T.);
#3221=EDGE_CURVE('',#2189,#2415,#352,.T.);
#3222=EDGE_CURVE('',#2144,#2560,#353,.T.);
#3223=EDGE_CURVE('',#2226,#2563,#354,.T.);
#3224=EDGE_CURVE('',#2271,#2473,#355,.T.);
#3225=EDGE_CURVE('',#2227,#2562,#356,.T.);
#3226=EDGE_CURVE('',#2228,#2506,#357,.T.);
#3227=EDGE_CURVE('',#2479,#2565,#358,.T.);
#3228=EDGE_CURVE('',#2565,#2566,#14,.T.);
#3229=EDGE_CURVE('',#2566,#2480,#359,.T.);
#3230=EDGE_CURVE('',#2565,#2567,#360,.T.);
#3231=EDGE_CURVE('',#2568,#2567,#15,.T.);
#3232=EDGE_CURVE('',#2569,#2568,#361,.T.);
#3233=EDGE_CURVE('',#2570,#2569,#16,.T.);
#3234=EDGE_CURVE('',#2571,#2570,#362,.T.);
#3235=EDGE_CURVE('',#2572,#2571,#17,.T.);
#3236=EDGE_CURVE('',#2572,#2566,#363,.T.);
#3237=EDGE_CURVE('',#2567,#2478,#364,.T.);
#3238=EDGE_CURVE('',#2477,#2568,#365,.T.);
#3239=EDGE_CURVE('',#2571,#2482,#366,.T.);
#3240=EDGE_CURVE('',#2481,#2572,#367,.T.);
#3241=EDGE_CURVE('',#2483,#2570,#368,.T.);
#3242=EDGE_CURVE('',#2569,#2484,#369,.T.);
#3243=EDGE_CURVE('',#2250,#2476,#370,.T.);
#3244=EDGE_CURVE('',#2249,#2485,#371,.T.);
#3245=EDGE_CURVE('',#2573,#2574,#18,.T.);
#3246=EDGE_CURVE('',#2574,#2442,#372,.T.);
#3247=EDGE_CURVE('',#2441,#2573,#373,.T.);
#3248=EDGE_CURVE('',#2574,#2575,#374,.T.);
#3249=EDGE_CURVE('',#2443,#2575,#375,.T.);
#3250=EDGE_CURVE('',#2573,#2576,#376,.T.);
#3251=EDGE_CURVE('',#2577,#2576,#19,.T.);
#3252=EDGE_CURVE('',#2578,#2577,#377,.T.);
#3253=EDGE_CURVE('',#2579,#2578,#20,.T.);
#3254=EDGE_CURVE('',#2580,#2579,#378,.T.);
#3255=EDGE_CURVE('',#2575,#2580,#21,.T.);
#3256=EDGE_CURVE('',#2580,#2444,#379,.T.);
#3257=EDGE_CURVE('',#2437,#2579,#380,.T.);
#3258=EDGE_CURVE('',#2168,#2436,#381,.T.);
#3259=EDGE_CURVE('',#2167,#2445,#382,.T.);
#3260=EDGE_CURVE('',#2439,#2577,#383,.T.);
#3261=EDGE_CURVE('',#2576,#2440,#384,.T.);
#3262=EDGE_CURVE('',#2578,#2438,#385,.T.);
#3263=EDGE_CURVE('',#2188,#2416,#386,.T.);
#3264=EDGE_CURVE('',#2187,#2417,#387,.T.);
#3265=EDGE_CURVE('',#2186,#2418,#388,.T.);
#3266=EDGE_CURVE('',#2185,#2419,#389,.T.);
#3267=EDGE_CURVE('',#2184,#2420,#390,.T.);
#3268=EDGE_CURVE('',#2183,#2421,#391,.T.);
#3269=EDGE_CURVE('',#2182,#2422,#392,.T.);
#3270=EDGE_CURVE('',#2181,#2423,#393,.T.);
#3271=EDGE_CURVE('',#2180,#2424,#394,.T.);
#3272=EDGE_CURVE('',#2179,#2425,#395,.T.);
#3273=EDGE_CURVE('',#2178,#2426,#396,.T.);
#3274=EDGE_CURVE('',#2177,#2427,#397,.T.);
#3275=EDGE_CURVE('',#2176,#2428,#398,.T.);
#3276=EDGE_CURVE('',#2175,#2429,#399,.T.);
#3277=EDGE_CURVE('',#2174,#2430,#400,.T.);
#3278=EDGE_CURVE('',#2173,#2431,#401,.T.);
#3279=EDGE_CURVE('',#2172,#2432,#402,.T.);
#3280=EDGE_CURVE('',#2171,#2433,#403,.T.);
#3281=EDGE_CURVE('',#2170,#2434,#404,.T.);
#3282=EDGE_CURVE('',#2169,#2435,#405,.T.);
#3283=EDGE_CURVE('',#2166,#2446,#406,.T.);
#3284=EDGE_CURVE('',#2160,#2358,#407,.T.);
#3285=EDGE_CURVE('',#2159,#2359,#408,.T.);
#3286=EDGE_CURVE('',#2158,#2360,#409,.T.);
#3287=EDGE_CURVE('',#2157,#2361,#410,.T.);
#3288=EDGE_CURVE('',#2156,#2362,#411,.T.);
#3289=EDGE_CURVE('',#2155,#2363,#412,.T.);
#3290=EDGE_CURVE('',#2154,#2364,#413,.T.);
#3291=EDGE_CURVE('',#2153,#2365,#414,.T.);
#3292=EDGE_CURVE('',#2152,#2366,#415,.T.);
#3293=EDGE_CURVE('',#2151,#2367,#416,.T.);
#3294=EDGE_CURVE('',#2150,#2368,#417,.T.);
#3295=EDGE_CURVE('',#2149,#2369,#418,.T.);
#3296=EDGE_CURVE('',#2148,#2370,#419,.T.);
#3297=EDGE_CURVE('',#2147,#2371,#420,.T.);
#3298=EDGE_CURVE('',#2146,#2447,#421,.T.);
#3299=EDGE_CURVE('',#2294,#2215,#422,.T.);
#3300=EDGE_CURVE('',#2298,#2214,#423,.T.);
#3301=EDGE_CURVE('',#2299,#2213,#424,.T.);
#3302=EDGE_CURVE('',#2341,#2107,#425,.T.);
#3303=EDGE_CURVE('',#2303,#2212,#426,.T.);
#3304=EDGE_CURVE('',#2304,#2211,#427,.T.);
#3305=EDGE_CURVE('',#2312,#2210,#428,.T.);
#3306=EDGE_CURVE('',#2313,#2209,#429,.T.);
#3307=EDGE_CURVE('',#2314,#2208,#430,.T.);
#3308=EDGE_CURVE('',#2315,#2207,#431,.T.);
#3309=EDGE_CURVE('',#2272,#2205,#432,.T.);
#3310=EDGE_CURVE('',#2273,#2204,#433,.T.);
#3311=EDGE_CURVE('',#2274,#2203,#434,.T.);
#3312=EDGE_CURVE('',#2275,#2202,#435,.T.);
#3313=EDGE_CURVE('',#2276,#2201,#436,.T.);
#3314=EDGE_CURVE('',#2277,#2200,#437,.T.);
#3315=EDGE_CURVE('',#2278,#2199,#438,.T.);
#3316=EDGE_CURVE('',#2279,#2198,#439,.T.);
#3317=EDGE_CURVE('',#2280,#2197,#440,.T.);
#3318=EDGE_CURVE('',#2281,#2196,#441,.T.);
#3319=EDGE_CURVE('',#2229,#2505,#442,.T.);
#3320=EDGE_CURVE('',#2230,#2504,#443,.T.);
#3321=EDGE_CURVE('',#2231,#2503,#444,.T.);
#3322=EDGE_CURVE('',#2232,#2502,#445,.T.);
#3323=EDGE_CURVE('',#2233,#2501,#446,.T.);
#3324=EDGE_CURVE('',#2234,#2500,#447,.T.);
#3325=EDGE_CURVE('',#2235,#2499,#448,.T.);
#3326=EDGE_CURVE('',#2236,#2498,#449,.T.);
#3327=EDGE_CURVE('',#2237,#2497,#450,.T.);
#3328=EDGE_CURVE('',#2238,#2496,#451,.T.);
#3329=EDGE_CURVE('',#2239,#2495,#452,.T.);
#3330=EDGE_CURVE('',#2240,#2494,#453,.T.);
#3331=EDGE_CURVE('',#2241,#2493,#454,.T.);
#3332=EDGE_CURVE('',#2242,#2492,#455,.T.);
#3333=EDGE_CURVE('',#2243,#2491,#456,.T.);
#3334=EDGE_CURVE('',#2244,#2490,#457,.T.);
#3335=EDGE_CURVE('',#2245,#2489,#458,.T.);
#3336=EDGE_CURVE('',#2246,#2488,#459,.T.);
#3337=EDGE_CURVE('',#2247,#2487,#460,.T.);
#3338=EDGE_CURVE('',#2248,#2486,#461,.T.);
#3339=EDGE_CURVE('',#2251,#2475,#462,.T.);
#3340=EDGE_CURVE('',#2256,#2558,#463,.T.);
#3341=EDGE_CURVE('',#2257,#2557,#464,.T.);
#3342=EDGE_CURVE('',#2258,#2556,#465,.T.);
#3343=EDGE_CURVE('',#2259,#2555,#466,.T.);
#3344=EDGE_CURVE('',#2260,#2554,#467,.T.);
#3345=EDGE_CURVE('',#2261,#2553,#468,.T.);
#3346=EDGE_CURVE('',#2262,#2552,#469,.T.);
#3347=EDGE_CURVE('',#2263,#2551,#470,.T.);
#3348=EDGE_CURVE('',#2264,#2550,#471,.T.);
#3349=EDGE_CURVE('',#2265,#2549,#472,.T.);
#3350=EDGE_CURVE('',#2266,#2548,#473,.T.);
#3351=EDGE_CURVE('',#2267,#2547,#474,.T.);
#3352=EDGE_CURVE('',#2268,#2546,#475,.T.);
#3353=EDGE_CURVE('',#2269,#2545,#476,.T.);
#3354=EDGE_CURVE('',#2270,#2544,#477,.T.);
#3355=EDGE_CURVE('',#2543,#2375,#478,.T.);
#3356=EDGE_CURVE('',#2542,#2376,#479,.T.);
#3357=EDGE_CURVE('',#2541,#2377,#480,.T.);
#3358=EDGE_CURVE('',#2540,#2378,#481,.T.);
#3359=EDGE_CURVE('',#2539,#2379,#482,.T.);
#3360=EDGE_CURVE('',#2538,#2380,#483,.T.);
#3361=EDGE_CURVE('',#2537,#2381,#484,.T.);
#3362=EDGE_CURVE('',#2536,#2382,#485,.T.);
#3363=EDGE_CURVE('',#2535,#2383,#486,.T.);
#3364=EDGE_CURVE('',#2534,#2384,#487,.T.);
#3365=EDGE_CURVE('',#2533,#2385,#488,.T.);
#3366=EDGE_CURVE('',#2532,#2386,#489,.T.);
#3367=EDGE_CURVE('',#2531,#2387,#490,.T.);
#3368=EDGE_CURVE('',#2530,#2388,#491,.T.);
#3369=EDGE_CURVE('',#2529,#2389,#492,.T.);
#3370=EDGE_CURVE('',#2528,#2390,#493,.T.);
#3371=EDGE_CURVE('',#2527,#2391,#494,.T.);
#3372=EDGE_CURVE('',#2526,#2392,#495,.T.);
#3373=EDGE_CURVE('',#2525,#2393,#496,.T.);
#3374=EDGE_CURVE('',#2524,#2394,#497,.T.);
#3375=EDGE_CURVE('',#2523,#2395,#498,.T.);
#3376=EDGE_CURVE('',#2522,#2396,#499,.T.);
#3377=EDGE_CURVE('',#2521,#2397,#500,.T.);
#3378=EDGE_CURVE('',#2520,#2398,#501,.T.);
#3379=EDGE_CURVE('',#2519,#2399,#502,.T.);
#3380=EDGE_CURVE('',#2518,#2400,#503,.T.);
#3381=EDGE_CURVE('',#2517,#2401,#504,.T.);
#3382=EDGE_CURVE('',#2516,#2402,#505,.T.);
#3383=EDGE_CURVE('',#2515,#2403,#506,.T.);
#3384=EDGE_CURVE('',#2514,#2404,#507,.T.);
#3385=EDGE_CURVE('',#2513,#2405,#508,.T.);
#3386=EDGE_CURVE('',#2512,#2406,#509,.T.);
#3387=EDGE_CURVE('',#2511,#2407,#510,.T.);
#3388=EDGE_CURVE('',#2510,#2408,#511,.T.);
#3389=EDGE_CURVE('',#2509,#2409,#512,.T.);
#3390=EDGE_CURVE('',#2508,#2410,#513,.T.);
#3391=EDGE_CURVE('',#2507,#2411,#514,.T.);
#3392=EDGE_CURVE('',#2581,#2581,#2039,.T.);
#3393=EDGE_CURVE('',#2581,#2582,#515,.T.);
#3394=EDGE_CURVE('',#2582,#2582,#2040,.T.);
#3395=EDGE_CURVE('',#2583,#2583,#2041,.T.);
#3396=EDGE_CURVE('',#2584,#2584,#2042,.T.);
#3397=EDGE_CURVE('',#2584,#2583,#516,.T.);
#3398=ORIENTED_EDGE('',*,*,#2585,.F.);
#3399=ORIENTED_EDGE('',*,*,#2586,.T.);
#3400=ORIENTED_EDGE('',*,*,#2587,.T.);
#3401=ORIENTED_EDGE('',*,*,#2585,.T.);
#3402=ORIENTED_EDGE('',*,*,#2587,.F.);
#3403=ORIENTED_EDGE('',*,*,#2586,.F.);
#3404=ORIENTED_EDGE('',*,*,#2588,.T.);
#3405=ORIENTED_EDGE('',*,*,#2589,.T.);
#3406=ORIENTED_EDGE('',*,*,#2590,.T.);
#3407=ORIENTED_EDGE('',*,*,#2589,.F.);
#3408=ORIENTED_EDGE('',*,*,#2590,.F.);
#3409=ORIENTED_EDGE('',*,*,#2588,.F.);
#3410=ORIENTED_EDGE('',*,*,#2591,.F.);
#3411=ORIENTED_EDGE('',*,*,#2592,.T.);
#3412=ORIENTED_EDGE('',*,*,#2593,.T.);
#3413=ORIENTED_EDGE('',*,*,#2594,.T.);
#3414=ORIENTED_EDGE('',*,*,#2595,.F.);
#3415=ORIENTED_EDGE('',*,*,#2596,.T.);
#3416=ORIENTED_EDGE('',*,*,#2597,.T.);
#3417=ORIENTED_EDGE('',*,*,#2592,.F.);
#3418=ORIENTED_EDGE('',*,*,#2598,.F.);
#3419=ORIENTED_EDGE('',*,*,#2599,.F.);
#3420=ORIENTED_EDGE('',*,*,#2600,.T.);
#3421=ORIENTED_EDGE('',*,*,#2596,.F.);
#3422=ORIENTED_EDGE('',*,*,#2601,.F.);
#3423=ORIENTED_EDGE('',*,*,#2593,.F.);
#3424=ORIENTED_EDGE('',*,*,#2597,.F.);
#3425=ORIENTED_EDGE('',*,*,#2600,.F.);
#3426=ORIENTED_EDGE('',*,*,#2602,.F.);
#3427=ORIENTED_EDGE('',*,*,#2603,.F.);
#3428=ORIENTED_EDGE('',*,*,#2604,.F.);
#3429=ORIENTED_EDGE('',*,*,#2605,.T.);
#3430=ORIENTED_EDGE('',*,*,#2606,.T.);
#3431=ORIENTED_EDGE('',*,*,#2607,.T.);
#3432=ORIENTED_EDGE('',*,*,#2608,.F.);
#3433=ORIENTED_EDGE('',*,*,#2609,.T.);
#3434=ORIENTED_EDGE('',*,*,#2610,.T.);
#3435=ORIENTED_EDGE('',*,*,#2605,.F.);
#3436=ORIENTED_EDGE('',*,*,#2611,.F.);
#3437=ORIENTED_EDGE('',*,*,#2612,.F.);
#3438=ORIENTED_EDGE('',*,*,#2613,.T.);
#3439=ORIENTED_EDGE('',*,*,#2609,.F.);
#3440=ORIENTED_EDGE('',*,*,#2614,.F.);
#3441=ORIENTED_EDGE('',*,*,#2606,.F.);
#3442=ORIENTED_EDGE('',*,*,#2610,.F.);
#3443=ORIENTED_EDGE('',*,*,#2613,.F.);
#3444=ORIENTED_EDGE('',*,*,#2615,.F.);
#3445=ORIENTED_EDGE('',*,*,#2616,.F.);
#3446=ORIENTED_EDGE('',*,*,#2617,.F.);
#3447=ORIENTED_EDGE('',*,*,#2618,.T.);
#3448=ORIENTED_EDGE('',*,*,#2619,.T.);
#3449=ORIENTED_EDGE('',*,*,#2620,.T.);
#3450=ORIENTED_EDGE('',*,*,#2621,.F.);
#3451=ORIENTED_EDGE('',*,*,#2622,.T.);
#3452=ORIENTED_EDGE('',*,*,#2623,.T.);
#3453=ORIENTED_EDGE('',*,*,#2618,.F.);
#3454=ORIENTED_EDGE('',*,*,#2624,.F.);
#3455=ORIENTED_EDGE('',*,*,#2625,.F.);
#3456=ORIENTED_EDGE('',*,*,#2626,.T.);
#3457=ORIENTED_EDGE('',*,*,#2622,.F.);
#3458=ORIENTED_EDGE('',*,*,#2627,.F.);
#3459=ORIENTED_EDGE('',*,*,#2619,.F.);
#3460=ORIENTED_EDGE('',*,*,#2623,.F.);
#3461=ORIENTED_EDGE('',*,*,#2626,.F.);
#3462=ORIENTED_EDGE('',*,*,#2628,.F.);
#3463=ORIENTED_EDGE('',*,*,#2629,.F.);
#3464=ORIENTED_EDGE('',*,*,#2630,.F.);
#3465=ORIENTED_EDGE('',*,*,#2631,.T.);
#3466=ORIENTED_EDGE('',*,*,#2632,.T.);
#3467=ORIENTED_EDGE('',*,*,#2633,.T.);
#3468=ORIENTED_EDGE('',*,*,#2634,.F.);
#3469=ORIENTED_EDGE('',*,*,#2635,.T.);
#3470=ORIENTED_EDGE('',*,*,#2636,.T.);
#3471=ORIENTED_EDGE('',*,*,#2631,.F.);
#3472=ORIENTED_EDGE('',*,*,#2637,.F.);
#3473=ORIENTED_EDGE('',*,*,#2638,.F.);
#3474=ORIENTED_EDGE('',*,*,#2639,.T.);
#3475=ORIENTED_EDGE('',*,*,#2635,.F.);
#3476=ORIENTED_EDGE('',*,*,#2640,.F.);
#3477=ORIENTED_EDGE('',*,*,#2632,.F.);
#3478=ORIENTED_EDGE('',*,*,#2636,.F.);
#3479=ORIENTED_EDGE('',*,*,#2639,.F.);
#3480=ORIENTED_EDGE('',*,*,#2641,.F.);
#3481=ORIENTED_EDGE('',*,*,#2642,.F.);
#3482=ORIENTED_EDGE('',*,*,#2643,.F.);
#3483=ORIENTED_EDGE('',*,*,#2644,.T.);
#3484=ORIENTED_EDGE('',*,*,#2645,.T.);
#3485=ORIENTED_EDGE('',*,*,#2646,.T.);
#3486=ORIENTED_EDGE('',*,*,#2647,.F.);
#3487=ORIENTED_EDGE('',*,*,#2648,.T.);
#3488=ORIENTED_EDGE('',*,*,#2649,.T.);
#3489=ORIENTED_EDGE('',*,*,#2644,.F.);
#3490=ORIENTED_EDGE('',*,*,#2650,.F.);
#3491=ORIENTED_EDGE('',*,*,#2651,.F.);
#3492=ORIENTED_EDGE('',*,*,#2652,.T.);
#3493=ORIENTED_EDGE('',*,*,#2648,.F.);
#3494=ORIENTED_EDGE('',*,*,#2653,.F.);
#3495=ORIENTED_EDGE('',*,*,#2645,.F.);
#3496=ORIENTED_EDGE('',*,*,#2649,.F.);
#3497=ORIENTED_EDGE('',*,*,#2652,.F.);
#3498=ORIENTED_EDGE('',*,*,#2654,.F.);
#3499=ORIENTED_EDGE('',*,*,#2655,.F.);
#3500=ORIENTED_EDGE('',*,*,#2656,.F.);
#3501=ORIENTED_EDGE('',*,*,#2657,.T.);
#3502=ORIENTED_EDGE('',*,*,#2658,.T.);
#3503=ORIENTED_EDGE('',*,*,#2659,.F.);
#3504=ORIENTED_EDGE('',*,*,#2660,.F.);
#3505=ORIENTED_EDGE('',*,*,#2661,.T.);
#3506=ORIENTED_EDGE('',*,*,#2662,.T.);
#3507=ORIENTED_EDGE('',*,*,#2657,.F.);
#3508=ORIENTED_EDGE('',*,*,#2663,.F.);
#3509=ORIENTED_EDGE('',*,*,#2664,.F.);
#3510=ORIENTED_EDGE('',*,*,#2665,.T.);
#3511=ORIENTED_EDGE('',*,*,#2661,.F.);
#3512=ORIENTED_EDGE('',*,*,#2666,.F.);
#3513=ORIENTED_EDGE('',*,*,#2667,.F.);
#3514=ORIENTED_EDGE('',*,*,#2658,.F.);
#3515=ORIENTED_EDGE('',*,*,#2662,.F.);
#3516=ORIENTED_EDGE('',*,*,#2665,.F.);
#3517=ORIENTED_EDGE('',*,*,#2668,.F.);
#3518=ORIENTED_EDGE('',*,*,#2669,.F.);
#3519=ORIENTED_EDGE('',*,*,#2670,.F.);
#3520=ORIENTED_EDGE('',*,*,#2671,.T.);
#3521=ORIENTED_EDGE('',*,*,#2672,.T.);
#3522=ORIENTED_EDGE('',*,*,#2673,.T.);
#3523=ORIENTED_EDGE('',*,*,#2674,.F.);
#3524=ORIENTED_EDGE('',*,*,#2675,.T.);
#3525=ORIENTED_EDGE('',*,*,#2676,.T.);
#3526=ORIENTED_EDGE('',*,*,#2671,.F.);
#3527=ORIENTED_EDGE('',*,*,#2677,.F.);
#3528=ORIENTED_EDGE('',*,*,#2678,.F.);
#3529=ORIENTED_EDGE('',*,*,#2679,.T.);
#3530=ORIENTED_EDGE('',*,*,#2675,.F.);
#3531=ORIENTED_EDGE('',*,*,#2680,.F.);
#3532=ORIENTED_EDGE('',*,*,#2672,.F.);
#3533=ORIENTED_EDGE('',*,*,#2676,.F.);
#3534=ORIENTED_EDGE('',*,*,#2679,.F.);
#3535=ORIENTED_EDGE('',*,*,#2681,.F.);
#3536=ORIENTED_EDGE('',*,*,#2682,.F.);
#3537=ORIENTED_EDGE('',*,*,#2594,.F.);
#3538=ORIENTED_EDGE('',*,*,#2601,.T.);
#3539=ORIENTED_EDGE('',*,*,#2683,.F.);
#3540=ORIENTED_EDGE('',*,*,#2684,.T.);
#3541=ORIENTED_EDGE('',*,*,#2685,.F.);
#3542=ORIENTED_EDGE('',*,*,#2686,.T.);
#3543=ORIENTED_EDGE('',*,*,#2687,.F.);
#3544=ORIENTED_EDGE('',*,*,#2688,.F.);
#3545=ORIENTED_EDGE('',*,*,#2607,.F.);
#3546=ORIENTED_EDGE('',*,*,#2614,.T.);
#3547=ORIENTED_EDGE('',*,*,#2689,.F.);
#3548=ORIENTED_EDGE('',*,*,#2690,.T.);
#3549=ORIENTED_EDGE('',*,*,#2691,.F.);
#3550=ORIENTED_EDGE('',*,*,#2692,.T.);
#3551=ORIENTED_EDGE('',*,*,#2693,.T.);
#3552=ORIENTED_EDGE('',*,*,#2694,.F.);
#3553=ORIENTED_EDGE('',*,*,#2620,.F.);
#3554=ORIENTED_EDGE('',*,*,#2627,.T.);
#3555=ORIENTED_EDGE('',*,*,#2695,.F.);
#3556=ORIENTED_EDGE('',*,*,#2696,.T.);
#3557=ORIENTED_EDGE('',*,*,#2697,.F.);
#3558=ORIENTED_EDGE('',*,*,#2698,.T.);
#3559=ORIENTED_EDGE('',*,*,#2699,.T.);
#3560=ORIENTED_EDGE('',*,*,#2700,.F.);
#3561=ORIENTED_EDGE('',*,*,#2633,.F.);
#3562=ORIENTED_EDGE('',*,*,#2640,.T.);
#3563=ORIENTED_EDGE('',*,*,#2701,.F.);
#3564=ORIENTED_EDGE('',*,*,#2702,.T.);
#3565=ORIENTED_EDGE('',*,*,#2703,.F.);
#3566=ORIENTED_EDGE('',*,*,#2704,.T.);
#3567=ORIENTED_EDGE('',*,*,#2705,.T.);
#3568=ORIENTED_EDGE('',*,*,#2706,.F.);
#3569=ORIENTED_EDGE('',*,*,#2659,.T.);
#3570=ORIENTED_EDGE('',*,*,#2667,.T.);
#3571=ORIENTED_EDGE('',*,*,#2707,.F.);
#3572=ORIENTED_EDGE('',*,*,#2708,.T.);
#3573=ORIENTED_EDGE('',*,*,#2709,.F.);
#3574=ORIENTED_EDGE('',*,*,#2710,.T.);
#3575=ORIENTED_EDGE('',*,*,#2711,.T.);
#3576=ORIENTED_EDGE('',*,*,#2712,.F.);
#3577=ORIENTED_EDGE('',*,*,#2666,.T.);
#3578=ORIENTED_EDGE('',*,*,#2713,.F.);
#3579=ORIENTED_EDGE('',*,*,#2714,.T.);
#3580=ORIENTED_EDGE('',*,*,#2707,.T.);
#3581=ORIENTED_EDGE('',*,*,#2715,.F.);
#3582=ORIENTED_EDGE('',*,*,#2716,.F.);
#3583=ORIENTED_EDGE('',*,*,#2717,.F.);
#3584=ORIENTED_EDGE('',*,*,#2718,.F.);
#3585=ORIENTED_EDGE('',*,*,#2719,.F.);
#3586=ORIENTED_EDGE('',*,*,#2720,.F.);
#3587=ORIENTED_EDGE('',*,*,#2721,.F.);
#3588=ORIENTED_EDGE('',*,*,#2722,.F.);
#3589=ORIENTED_EDGE('',*,*,#2723,.F.);
#3590=ORIENTED_EDGE('',*,*,#2724,.F.);
#3591=ORIENTED_EDGE('',*,*,#2725,.F.);
#3592=ORIENTED_EDGE('',*,*,#2726,.F.);
#3593=ORIENTED_EDGE('',*,*,#2727,.F.);
#3594=ORIENTED_EDGE('',*,*,#2728,.F.);
#3595=ORIENTED_EDGE('',*,*,#2729,.F.);
#3596=ORIENTED_EDGE('',*,*,#2730,.F.);
#3597=ORIENTED_EDGE('',*,*,#2731,.F.);
#3598=ORIENTED_EDGE('',*,*,#2732,.F.);
#3599=ORIENTED_EDGE('',*,*,#2733,.F.);
#3600=ORIENTED_EDGE('',*,*,#2734,.F.);
#3601=ORIENTED_EDGE('',*,*,#2735,.F.);
#3602=ORIENTED_EDGE('',*,*,#2736,.F.);
#3603=ORIENTED_EDGE('',*,*,#2737,.F.);
#3604=ORIENTED_EDGE('',*,*,#2738,.F.);
#3605=ORIENTED_EDGE('',*,*,#2739,.F.);
#3606=ORIENTED_EDGE('',*,*,#2740,.F.);
#3607=ORIENTED_EDGE('',*,*,#2741,.F.);
#3608=ORIENTED_EDGE('',*,*,#2742,.F.);
#3609=ORIENTED_EDGE('',*,*,#2743,.F.);
#3610=ORIENTED_EDGE('',*,*,#2744,.F.);
#3611=ORIENTED_EDGE('',*,*,#2745,.F.);
#3612=ORIENTED_EDGE('',*,*,#2746,.F.);
#3613=ORIENTED_EDGE('',*,*,#2747,.F.);
#3614=ORIENTED_EDGE('',*,*,#2748,.F.);
#3615=ORIENTED_EDGE('',*,*,#2749,.F.);
#3616=ORIENTED_EDGE('',*,*,#2750,.F.);
#3617=ORIENTED_EDGE('',*,*,#2751,.F.);
#3618=ORIENTED_EDGE('',*,*,#2752,.F.);
#3619=ORIENTED_EDGE('',*,*,#2753,.F.);
#3620=ORIENTED_EDGE('',*,*,#2754,.F.);
#3621=ORIENTED_EDGE('',*,*,#2755,.F.);
#3622=ORIENTED_EDGE('',*,*,#2756,.F.);
#3623=ORIENTED_EDGE('',*,*,#2757,.F.);
#3624=ORIENTED_EDGE('',*,*,#2758,.F.);
#3625=ORIENTED_EDGE('',*,*,#2759,.F.);
#3626=ORIENTED_EDGE('',*,*,#2760,.F.);
#3627=ORIENTED_EDGE('',*,*,#2598,.T.);
#3628=ORIENTED_EDGE('',*,*,#2595,.T.);
#3629=ORIENTED_EDGE('',*,*,#2591,.T.);
#3630=ORIENTED_EDGE('',*,*,#2688,.T.);
#3631=ORIENTED_EDGE('',*,*,#2761,.F.);
#3632=ORIENTED_EDGE('',*,*,#2762,.T.);
#3633=ORIENTED_EDGE('',*,*,#2763,.T.);
#3634=ORIENTED_EDGE('',*,*,#2764,.T.);
#3635=ORIENTED_EDGE('',*,*,#2765,.F.);
#3636=ORIENTED_EDGE('',*,*,#2766,.T.);
#3637=ORIENTED_EDGE('',*,*,#2767,.T.);
#3638=ORIENTED_EDGE('',*,*,#2637,.T.);
#3639=ORIENTED_EDGE('',*,*,#2634,.T.);
#3640=ORIENTED_EDGE('',*,*,#2630,.T.);
#3641=ORIENTED_EDGE('',*,*,#2706,.T.);
#3642=ORIENTED_EDGE('',*,*,#2768,.T.);
#3643=ORIENTED_EDGE('',*,*,#2769,.T.);
#3644=ORIENTED_EDGE('',*,*,#2770,.T.);
#3645=ORIENTED_EDGE('',*,*,#2771,.T.);
#3646=ORIENTED_EDGE('',*,*,#2772,.T.);
#3647=ORIENTED_EDGE('',*,*,#2773,.T.);
#3648=ORIENTED_EDGE('',*,*,#2774,.T.);
#3649=ORIENTED_EDGE('',*,*,#2775,.T.);
#3650=ORIENTED_EDGE('',*,*,#2776,.T.);
#3651=ORIENTED_EDGE('',*,*,#2777,.T.);
#3652=ORIENTED_EDGE('',*,*,#2778,.T.);
#3653=ORIENTED_EDGE('',*,*,#2677,.T.);
#3654=ORIENTED_EDGE('',*,*,#2674,.T.);
#3655=ORIENTED_EDGE('',*,*,#2670,.T.);
#3656=ORIENTED_EDGE('',*,*,#2779,.T.);
#3657=ORIENTED_EDGE('',*,*,#2780,.T.);
#3658=ORIENTED_EDGE('',*,*,#2781,.T.);
#3659=ORIENTED_EDGE('',*,*,#2782,.T.);
#3660=ORIENTED_EDGE('',*,*,#2783,.T.);
#3661=ORIENTED_EDGE('',*,*,#2784,.T.);
#3662=ORIENTED_EDGE('',*,*,#2650,.T.);
#3663=ORIENTED_EDGE('',*,*,#2647,.T.);
#3664=ORIENTED_EDGE('',*,*,#2643,.T.);
#3665=ORIENTED_EDGE('',*,*,#2785,.T.);
#3666=ORIENTED_EDGE('',*,*,#2611,.T.);
#3667=ORIENTED_EDGE('',*,*,#2608,.T.);
#3668=ORIENTED_EDGE('',*,*,#2604,.T.);
#3669=ORIENTED_EDGE('',*,*,#2694,.T.);
#3670=ORIENTED_EDGE('',*,*,#2786,.T.);
#3671=ORIENTED_EDGE('',*,*,#2787,.T.);
#3672=ORIENTED_EDGE('',*,*,#2788,.T.);
#3673=ORIENTED_EDGE('',*,*,#2663,.T.);
#3674=ORIENTED_EDGE('',*,*,#2660,.T.);
#3675=ORIENTED_EDGE('',*,*,#2656,.T.);
#3676=ORIENTED_EDGE('',*,*,#2712,.T.);
#3677=ORIENTED_EDGE('',*,*,#2789,.T.);
#3678=ORIENTED_EDGE('',*,*,#2790,.T.);
#3679=ORIENTED_EDGE('',*,*,#2791,.T.);
#3680=ORIENTED_EDGE('',*,*,#2624,.T.);
#3681=ORIENTED_EDGE('',*,*,#2621,.T.);
#3682=ORIENTED_EDGE('',*,*,#2617,.T.);
#3683=ORIENTED_EDGE('',*,*,#2700,.T.);
#3684=ORIENTED_EDGE('',*,*,#2792,.T.);
#3685=ORIENTED_EDGE('',*,*,#2793,.T.);
#3686=ORIENTED_EDGE('',*,*,#2673,.F.);
#3687=ORIENTED_EDGE('',*,*,#2680,.T.);
#3688=ORIENTED_EDGE('',*,*,#2794,.F.);
#3689=ORIENTED_EDGE('',*,*,#2795,.T.);
#3690=ORIENTED_EDGE('',*,*,#2796,.F.);
#3691=ORIENTED_EDGE('',*,*,#2797,.T.);
#3692=ORIENTED_EDGE('',*,*,#2798,.T.);
#3693=ORIENTED_EDGE('',*,*,#2779,.F.);
#3694=ORIENTED_EDGE('',*,*,#2799,.T.);
#3695=ORIENTED_EDGE('',*,*,#2800,.T.);
#3696=ORIENTED_EDGE('',*,*,#2801,.T.);
#3697=ORIENTED_EDGE('',*,*,#2802,.T.);
#3698=ORIENTED_EDGE('',*,*,#2800,.F.);
#3699=ORIENTED_EDGE('',*,*,#2803,.F.);
#3700=ORIENTED_EDGE('',*,*,#2804,.F.);
#3701=ORIENTED_EDGE('',*,*,#2805,.T.);
#3702=ORIENTED_EDGE('',*,*,#2806,.T.);
#3703=ORIENTED_EDGE('',*,*,#2807,.T.);
#3704=ORIENTED_EDGE('',*,*,#2808,.T.);
#3705=ORIENTED_EDGE('',*,*,#2809,.T.);
#3706=ORIENTED_EDGE('',*,*,#2810,.T.);
#3707=ORIENTED_EDGE('',*,*,#2811,.T.);
#3708=ORIENTED_EDGE('',*,*,#2812,.T.);
#3709=ORIENTED_EDGE('',*,*,#2813,.T.);
#3710=ORIENTED_EDGE('',*,*,#2814,.T.);
#3711=ORIENTED_EDGE('',*,*,#2815,.T.);
#3712=ORIENTED_EDGE('',*,*,#2816,.T.);
#3713=ORIENTED_EDGE('',*,*,#2817,.T.);
#3714=ORIENTED_EDGE('',*,*,#2818,.T.);
#3715=ORIENTED_EDGE('',*,*,#2819,.T.);
#3716=ORIENTED_EDGE('',*,*,#2820,.T.);
#3717=ORIENTED_EDGE('',*,*,#2821,.T.);
#3718=ORIENTED_EDGE('',*,*,#2822,.T.);
#3719=ORIENTED_EDGE('',*,*,#2823,.T.);
#3720=ORIENTED_EDGE('',*,*,#2824,.T.);
#3721=ORIENTED_EDGE('',*,*,#2825,.T.);
#3722=ORIENTED_EDGE('',*,*,#2826,.T.);
#3723=ORIENTED_EDGE('',*,*,#2827,.T.);
#3724=ORIENTED_EDGE('',*,*,#2828,.T.);
#3725=ORIENTED_EDGE('',*,*,#2829,.T.);
#3726=ORIENTED_EDGE('',*,*,#2830,.T.);
#3727=ORIENTED_EDGE('',*,*,#2831,.T.);
#3728=ORIENTED_EDGE('',*,*,#2832,.F.);
#3729=ORIENTED_EDGE('',*,*,#2833,.F.);
#3730=ORIENTED_EDGE('',*,*,#2834,.F.);
#3731=ORIENTED_EDGE('',*,*,#2835,.T.);
#3732=ORIENTED_EDGE('',*,*,#2836,.T.);
#3733=ORIENTED_EDGE('',*,*,#2837,.T.);
#3734=ORIENTED_EDGE('',*,*,#2838,.T.);
#3735=ORIENTED_EDGE('',*,*,#2839,.T.);
#3736=ORIENTED_EDGE('',*,*,#2840,.T.);
#3737=ORIENTED_EDGE('',*,*,#2841,.T.);
#3738=ORIENTED_EDGE('',*,*,#2842,.T.);
#3739=ORIENTED_EDGE('',*,*,#2843,.T.);
#3740=ORIENTED_EDGE('',*,*,#2844,.T.);
#3741=ORIENTED_EDGE('',*,*,#2845,.T.);
#3742=ORIENTED_EDGE('',*,*,#2846,.T.);
#3743=ORIENTED_EDGE('',*,*,#2847,.T.);
#3744=ORIENTED_EDGE('',*,*,#2848,.T.);
#3745=ORIENTED_EDGE('',*,*,#2849,.T.);
#3746=ORIENTED_EDGE('',*,*,#2850,.T.);
#3747=ORIENTED_EDGE('',*,*,#2851,.T.);
#3748=ORIENTED_EDGE('',*,*,#2799,.F.);
#3749=ORIENTED_EDGE('',*,*,#2852,.F.);
#3750=ORIENTED_EDGE('',*,*,#2853,.F.);
#3751=ORIENTED_EDGE('',*,*,#2854,.F.);
#3752=ORIENTED_EDGE('',*,*,#2855,.F.);
#3753=ORIENTED_EDGE('',*,*,#2856,.F.);
#3754=ORIENTED_EDGE('',*,*,#2857,.F.);
#3755=ORIENTED_EDGE('',*,*,#2858,.F.);
#3756=ORIENTED_EDGE('',*,*,#2859,.F.);
#3757=ORIENTED_EDGE('',*,*,#2860,.F.);
#3758=ORIENTED_EDGE('',*,*,#2861,.F.);
#3759=ORIENTED_EDGE('',*,*,#2862,.F.);
#3760=ORIENTED_EDGE('',*,*,#2704,.F.);
#3761=ORIENTED_EDGE('',*,*,#2863,.F.);
#3762=ORIENTED_EDGE('',*,*,#2864,.T.);
#3763=ORIENTED_EDGE('',*,*,#2865,.F.);
#3764=ORIENTED_EDGE('',*,*,#2866,.F.);
#3765=ORIENTED_EDGE('',*,*,#2867,.F.);
#3766=ORIENTED_EDGE('',*,*,#2868,.F.);
#3767=ORIENTED_EDGE('',*,*,#2869,.F.);
#3768=ORIENTED_EDGE('',*,*,#2870,.T.);
#3769=ORIENTED_EDGE('',*,*,#2871,.F.);
#3770=ORIENTED_EDGE('',*,*,#2872,.T.);
#3771=ORIENTED_EDGE('',*,*,#2686,.F.);
#3772=ORIENTED_EDGE('',*,*,#2873,.F.);
#3773=ORIENTED_EDGE('',*,*,#2874,.T.);
#3774=ORIENTED_EDGE('',*,*,#2875,.F.);
#3775=ORIENTED_EDGE('',*,*,#2876,.F.);
#3776=ORIENTED_EDGE('',*,*,#2877,.F.);
#3777=ORIENTED_EDGE('',*,*,#2698,.F.);
#3778=ORIENTED_EDGE('',*,*,#2878,.F.);
#3779=ORIENTED_EDGE('',*,*,#2879,.T.);
#3780=ORIENTED_EDGE('',*,*,#2880,.F.);
#3781=ORIENTED_EDGE('',*,*,#2881,.F.);
#3782=ORIENTED_EDGE('',*,*,#2882,.F.);
#3783=ORIENTED_EDGE('',*,*,#2883,.F.);
#3784=ORIENTED_EDGE('',*,*,#2710,.F.);
#3785=ORIENTED_EDGE('',*,*,#2884,.F.);
#3786=ORIENTED_EDGE('',*,*,#2885,.T.);
#3787=ORIENTED_EDGE('',*,*,#2886,.F.);
#3788=ORIENTED_EDGE('',*,*,#2887,.F.);
#3789=ORIENTED_EDGE('',*,*,#2888,.F.);
#3790=ORIENTED_EDGE('',*,*,#2889,.F.);
#3791=ORIENTED_EDGE('',*,*,#2692,.F.);
#3792=ORIENTED_EDGE('',*,*,#2890,.F.);
#3793=ORIENTED_EDGE('',*,*,#2891,.T.);
#3794=ORIENTED_EDGE('',*,*,#2892,.F.);
#3795=ORIENTED_EDGE('',*,*,#2893,.F.);
#3796=ORIENTED_EDGE('',*,*,#2894,.F.);
#3797=ORIENTED_EDGE('',*,*,#2895,.T.);
#3798=ORIENTED_EDGE('',*,*,#2896,.F.);
#3799=ORIENTED_EDGE('',*,*,#2897,.F.);
#3800=ORIENTED_EDGE('',*,*,#2898,.F.);
#3801=ORIENTED_EDGE('',*,*,#2899,.F.);
#3802=ORIENTED_EDGE('',*,*,#2900,.F.);
#3803=ORIENTED_EDGE('',*,*,#2901,.F.);
#3804=ORIENTED_EDGE('',*,*,#2797,.F.);
#3805=ORIENTED_EDGE('',*,*,#2902,.F.);
#3806=ORIENTED_EDGE('',*,*,#2803,.T.);
#3807=ORIENTED_EDGE('',*,*,#2902,.T.);
#3808=ORIENTED_EDGE('',*,*,#2796,.T.);
#3809=ORIENTED_EDGE('',*,*,#2903,.T.);
#3810=ORIENTED_EDGE('',*,*,#2804,.T.);
#3811=ORIENTED_EDGE('',*,*,#2880,.T.);
#3812=ORIENTED_EDGE('',*,*,#2904,.T.);
#3813=ORIENTED_EDGE('',*,*,#2905,.T.);
#3814=ORIENTED_EDGE('',*,*,#2906,.T.);
#3815=ORIENTED_EDGE('',*,*,#2904,.F.);
#3816=ORIENTED_EDGE('',*,*,#2879,.F.);
#3817=ORIENTED_EDGE('',*,*,#2907,.F.);
#3818=ORIENTED_EDGE('',*,*,#2908,.T.);
#3819=ORIENTED_EDGE('',*,*,#2878,.T.);
#3820=ORIENTED_EDGE('',*,*,#2697,.T.);
#3821=ORIENTED_EDGE('',*,*,#2909,.T.);
#3822=ORIENTED_EDGE('',*,*,#2907,.T.);
#3823=ORIENTED_EDGE('',*,*,#2875,.T.);
#3824=ORIENTED_EDGE('',*,*,#2910,.T.);
#3825=ORIENTED_EDGE('',*,*,#2911,.T.);
#3826=ORIENTED_EDGE('',*,*,#2912,.T.);
#3827=ORIENTED_EDGE('',*,*,#2910,.F.);
#3828=ORIENTED_EDGE('',*,*,#2874,.F.);
#3829=ORIENTED_EDGE('',*,*,#2913,.F.);
#3830=ORIENTED_EDGE('',*,*,#2914,.T.);
#3831=ORIENTED_EDGE('',*,*,#2873,.T.);
#3832=ORIENTED_EDGE('',*,*,#2685,.T.);
#3833=ORIENTED_EDGE('',*,*,#2915,.T.);
#3834=ORIENTED_EDGE('',*,*,#2913,.T.);
#3835=ORIENTED_EDGE('',*,*,#2865,.T.);
#3836=ORIENTED_EDGE('',*,*,#2916,.T.);
#3837=ORIENTED_EDGE('',*,*,#2917,.T.);
#3838=ORIENTED_EDGE('',*,*,#2918,.T.);
#3839=ORIENTED_EDGE('',*,*,#2916,.F.);
#3840=ORIENTED_EDGE('',*,*,#2864,.F.);
#3841=ORIENTED_EDGE('',*,*,#2919,.F.);
#3842=ORIENTED_EDGE('',*,*,#2920,.T.);
#3843=ORIENTED_EDGE('',*,*,#2863,.T.);
#3844=ORIENTED_EDGE('',*,*,#2703,.T.);
#3845=ORIENTED_EDGE('',*,*,#2921,.T.);
#3846=ORIENTED_EDGE('',*,*,#2919,.T.);
#3847=ORIENTED_EDGE('',*,*,#2896,.T.);
#3848=ORIENTED_EDGE('',*,*,#2922,.T.);
#3849=ORIENTED_EDGE('',*,*,#2923,.T.);
#3850=ORIENTED_EDGE('',*,*,#2924,.T.);
#3851=ORIENTED_EDGE('',*,*,#2922,.F.);
#3852=ORIENTED_EDGE('',*,*,#2895,.F.);
#3853=ORIENTED_EDGE('',*,*,#2925,.F.);
#3854=ORIENTED_EDGE('',*,*,#2926,.T.);
#3855=ORIENTED_EDGE('',*,*,#2894,.T.);
#3856=ORIENTED_EDGE('',*,*,#2927,.T.);
#3857=ORIENTED_EDGE('',*,*,#2928,.T.);
#3858=ORIENTED_EDGE('',*,*,#2925,.T.);
#3859=ORIENTED_EDGE('',*,*,#2612,.T.);
#3860=ORIENTED_EDGE('',*,*,#2785,.F.);
#3861=ORIENTED_EDGE('',*,*,#2646,.F.);
#3862=ORIENTED_EDGE('',*,*,#2653,.T.);
#3863=ORIENTED_EDGE('',*,*,#2929,.F.);
#3864=ORIENTED_EDGE('',*,*,#2930,.T.);
#3865=ORIENTED_EDGE('',*,*,#2927,.F.);
#3866=ORIENTED_EDGE('',*,*,#2893,.T.);
#3867=ORIENTED_EDGE('',*,*,#2931,.F.);
#3868=ORIENTED_EDGE('',*,*,#2932,.T.);
#3869=ORIENTED_EDGE('',*,*,#2933,.T.);
#3870=ORIENTED_EDGE('',*,*,#2615,.T.);
#3871=ORIENTED_EDGE('',*,*,#2892,.T.);
#3872=ORIENTED_EDGE('',*,*,#2934,.T.);
#3873=ORIENTED_EDGE('',*,*,#2935,.T.);
#3874=ORIENTED_EDGE('',*,*,#2931,.T.);
#3875=ORIENTED_EDGE('',*,*,#2934,.F.);
#3876=ORIENTED_EDGE('',*,*,#2891,.F.);
#3877=ORIENTED_EDGE('',*,*,#2936,.F.);
#3878=ORIENTED_EDGE('',*,*,#2937,.T.);
#3879=ORIENTED_EDGE('',*,*,#2890,.T.);
#3880=ORIENTED_EDGE('',*,*,#2691,.T.);
#3881=ORIENTED_EDGE('',*,*,#2938,.T.);
#3882=ORIENTED_EDGE('',*,*,#2936,.T.);
#3883=ORIENTED_EDGE('',*,*,#2886,.T.);
#3884=ORIENTED_EDGE('',*,*,#2939,.T.);
#3885=ORIENTED_EDGE('',*,*,#2940,.T.);
#3886=ORIENTED_EDGE('',*,*,#2941,.T.);
#3887=ORIENTED_EDGE('',*,*,#2939,.F.);
#3888=ORIENTED_EDGE('',*,*,#2885,.F.);
#3889=ORIENTED_EDGE('',*,*,#2942,.F.);
#3890=ORIENTED_EDGE('',*,*,#2943,.T.);
#3891=ORIENTED_EDGE('',*,*,#2884,.T.);
#3892=ORIENTED_EDGE('',*,*,#2709,.T.);
#3893=ORIENTED_EDGE('',*,*,#2944,.T.);
#3894=ORIENTED_EDGE('',*,*,#2942,.T.);
#3895=ORIENTED_EDGE('',*,*,#2932,.F.);
#3896=ORIENTED_EDGE('',*,*,#2935,.F.);
#3897=ORIENTED_EDGE('',*,*,#2937,.F.);
#3898=ORIENTED_EDGE('',*,*,#2938,.F.);
#3899=ORIENTED_EDGE('',*,*,#2690,.F.);
#3900=ORIENTED_EDGE('',*,*,#2945,.F.);
#3901=ORIENTED_EDGE('',*,*,#2946,.F.);
#3902=ORIENTED_EDGE('',*,*,#2911,.F.);
#3903=ORIENTED_EDGE('',*,*,#2914,.F.);
#3904=ORIENTED_EDGE('',*,*,#2915,.F.);
#3905=ORIENTED_EDGE('',*,*,#2684,.F.);
#3906=ORIENTED_EDGE('',*,*,#2947,.F.);
#3907=ORIENTED_EDGE('',*,*,#2948,.F.);
#3908=ORIENTED_EDGE('',*,*,#2923,.F.);
#3909=ORIENTED_EDGE('',*,*,#2926,.F.);
#3910=ORIENTED_EDGE('',*,*,#2928,.F.);
#3911=ORIENTED_EDGE('',*,*,#2930,.F.);
#3912=ORIENTED_EDGE('',*,*,#2949,.F.);
#3913=ORIENTED_EDGE('',*,*,#2950,.F.);
#3914=ORIENTED_EDGE('',*,*,#2917,.F.);
#3915=ORIENTED_EDGE('',*,*,#2920,.F.);
#3916=ORIENTED_EDGE('',*,*,#2921,.F.);
#3917=ORIENTED_EDGE('',*,*,#2702,.F.);
#3918=ORIENTED_EDGE('',*,*,#2951,.F.);
#3919=ORIENTED_EDGE('',*,*,#2952,.F.);
#3920=ORIENTED_EDGE('',*,*,#2905,.F.);
#3921=ORIENTED_EDGE('',*,*,#2908,.F.);
#3922=ORIENTED_EDGE('',*,*,#2909,.F.);
#3923=ORIENTED_EDGE('',*,*,#2696,.F.);
#3924=ORIENTED_EDGE('',*,*,#2953,.F.);
#3925=ORIENTED_EDGE('',*,*,#2954,.F.);
#3926=ORIENTED_EDGE('',*,*,#2940,.F.);
#3927=ORIENTED_EDGE('',*,*,#2943,.F.);
#3928=ORIENTED_EDGE('',*,*,#2944,.F.);
#3929=ORIENTED_EDGE('',*,*,#2708,.F.);
#3930=ORIENTED_EDGE('',*,*,#2714,.F.);
#3931=ORIENTED_EDGE('',*,*,#2955,.F.);
#3932=ORIENTED_EDGE('',*,*,#2956,.F.);
#3933=ORIENTED_EDGE('',*,*,#2801,.F.);
#3934=ORIENTED_EDGE('',*,*,#2805,.F.);
#3935=ORIENTED_EDGE('',*,*,#2903,.F.);
#3936=ORIENTED_EDGE('',*,*,#2795,.F.);
#3937=ORIENTED_EDGE('',*,*,#2957,.F.);
#3938=ORIENTED_EDGE('',*,*,#2616,.T.);
#3939=ORIENTED_EDGE('',*,*,#2933,.F.);
#3940=ORIENTED_EDGE('',*,*,#2945,.T.);
#3941=ORIENTED_EDGE('',*,*,#2689,.T.);
#3942=ORIENTED_EDGE('',*,*,#2603,.T.);
#3943=ORIENTED_EDGE('',*,*,#2958,.F.);
#3944=ORIENTED_EDGE('',*,*,#2947,.T.);
#3945=ORIENTED_EDGE('',*,*,#2683,.T.);
#3946=ORIENTED_EDGE('',*,*,#2655,.T.);
#3947=ORIENTED_EDGE('',*,*,#2959,.F.);
#3948=ORIENTED_EDGE('',*,*,#2949,.T.);
#3949=ORIENTED_EDGE('',*,*,#2929,.T.);
#3950=ORIENTED_EDGE('',*,*,#2642,.T.);
#3951=ORIENTED_EDGE('',*,*,#2960,.F.);
#3952=ORIENTED_EDGE('',*,*,#2951,.T.);
#3953=ORIENTED_EDGE('',*,*,#2701,.T.);
#3954=ORIENTED_EDGE('',*,*,#2629,.T.);
#3955=ORIENTED_EDGE('',*,*,#2961,.F.);
#3956=ORIENTED_EDGE('',*,*,#2953,.T.);
#3957=ORIENTED_EDGE('',*,*,#2695,.T.);
#3958=ORIENTED_EDGE('',*,*,#2682,.T.);
#3959=ORIENTED_EDGE('',*,*,#2962,.F.);
#3960=ORIENTED_EDGE('',*,*,#2957,.T.);
#3961=ORIENTED_EDGE('',*,*,#2794,.T.);
#3962=ORIENTED_EDGE('',*,*,#2872,.F.);
#3963=ORIENTED_EDGE('',*,*,#2963,.T.);
#3964=ORIENTED_EDGE('',*,*,#2761,.T.);
#3965=ORIENTED_EDGE('',*,*,#2687,.T.);
#3966=ORIENTED_EDGE('',*,*,#2765,.T.);
#3967=ORIENTED_EDGE('',*,*,#2964,.T.);
#3968=ORIENTED_EDGE('',*,*,#2868,.T.);
#3969=ORIENTED_EDGE('',*,*,#2965,.T.);
#3970=ORIENTED_EDGE('',*,*,#2964,.F.);
#3971=ORIENTED_EDGE('',*,*,#2764,.F.);
#3972=ORIENTED_EDGE('',*,*,#2966,.F.);
#3973=ORIENTED_EDGE('',*,*,#2869,.T.);
#3974=ORIENTED_EDGE('',*,*,#2870,.F.);
#3975=ORIENTED_EDGE('',*,*,#2966,.T.);
#3976=ORIENTED_EDGE('',*,*,#2763,.F.);
#3977=ORIENTED_EDGE('',*,*,#2967,.F.);
#3978=ORIENTED_EDGE('',*,*,#2963,.F.);
#3979=ORIENTED_EDGE('',*,*,#2871,.T.);
#3980=ORIENTED_EDGE('',*,*,#2967,.T.);
#3981=ORIENTED_EDGE('',*,*,#2762,.F.);
#3982=ORIENTED_EDGE('',*,*,#2965,.F.);
#3983=ORIENTED_EDGE('',*,*,#2867,.T.);
#3984=ORIENTED_EDGE('',*,*,#2968,.T.);
#3985=ORIENTED_EDGE('',*,*,#2766,.F.);
#3986=ORIENTED_EDGE('',*,*,#2969,.T.);
#3987=ORIENTED_EDGE('',*,*,#2970,.F.);
#3988=ORIENTED_EDGE('',*,*,#2971,.F.);
#3989=ORIENTED_EDGE('',*,*,#2972,.F.);
#3990=ORIENTED_EDGE('',*,*,#2973,.F.);
#3991=ORIENTED_EDGE('',*,*,#2972,.T.);
#3992=ORIENTED_EDGE('',*,*,#2974,.F.);
#3993=ORIENTED_EDGE('',*,*,#2975,.T.);
#3994=ORIENTED_EDGE('',*,*,#2976,.F.);
#3995=ORIENTED_EDGE('',*,*,#2977,.T.);
#3996=ORIENTED_EDGE('',*,*,#2832,.T.);
#3997=ORIENTED_EDGE('',*,*,#2978,.T.);
#3998=ORIENTED_EDGE('',*,*,#2979,.F.);
#3999=ORIENTED_EDGE('',*,*,#2980,.T.);
#4000=ORIENTED_EDGE('',*,*,#2833,.T.);
#4001=ORIENTED_EDGE('',*,*,#2977,.F.);
#4002=ORIENTED_EDGE('',*,*,#2981,.F.);
#4003=ORIENTED_EDGE('',*,*,#2982,.F.);
#4004=ORIENTED_EDGE('',*,*,#2834,.T.);
#4005=ORIENTED_EDGE('',*,*,#2980,.F.);
#4006=ORIENTED_EDGE('',*,*,#2983,.F.);
#4007=ORIENTED_EDGE('',*,*,#2984,.T.);
#4008=ORIENTED_EDGE('',*,*,#2733,.T.);
#4009=ORIENTED_EDGE('',*,*,#2985,.F.);
#4010=ORIENTED_EDGE('',*,*,#2986,.F.);
#4011=ORIENTED_EDGE('',*,*,#2987,.T.);
#4012=ORIENTED_EDGE('',*,*,#2734,.T.);
#4013=ORIENTED_EDGE('',*,*,#2984,.F.);
#4014=ORIENTED_EDGE('',*,*,#2988,.F.);
#4015=ORIENTED_EDGE('',*,*,#2989,.F.);
#4016=ORIENTED_EDGE('',*,*,#2735,.T.);
#4017=ORIENTED_EDGE('',*,*,#2987,.F.);
#4018=ORIENTED_EDGE('',*,*,#2988,.T.);
#4019=ORIENTED_EDGE('',*,*,#2986,.T.);
#4020=ORIENTED_EDGE('',*,*,#2983,.T.);
#4021=ORIENTED_EDGE('',*,*,#2990,.F.);
#4022=ORIENTED_EDGE('',*,*,#2991,.F.);
#4023=ORIENTED_EDGE('',*,*,#2992,.F.);
#4024=ORIENTED_EDGE('',*,*,#2993,.F.);
#4025=ORIENTED_EDGE('',*,*,#2994,.F.);
#4026=ORIENTED_EDGE('',*,*,#2995,.F.);
#4027=ORIENTED_EDGE('',*,*,#2996,.F.);
#4028=ORIENTED_EDGE('',*,*,#2997,.F.);
#4029=ORIENTED_EDGE('',*,*,#2998,.F.);
#4030=ORIENTED_EDGE('',*,*,#2999,.F.);
#4031=ORIENTED_EDGE('',*,*,#3000,.F.);
#4032=ORIENTED_EDGE('',*,*,#3001,.F.);
#4033=ORIENTED_EDGE('',*,*,#3002,.F.);
#4034=ORIENTED_EDGE('',*,*,#3003,.F.);
#4035=ORIENTED_EDGE('',*,*,#3004,.F.);
#4036=ORIENTED_EDGE('',*,*,#3005,.F.);
#4037=ORIENTED_EDGE('',*,*,#3006,.F.);
#4038=ORIENTED_EDGE('',*,*,#3007,.F.);
#4039=ORIENTED_EDGE('',*,*,#3008,.F.);
#4040=ORIENTED_EDGE('',*,*,#3009,.F.);
#4041=ORIENTED_EDGE('',*,*,#3010,.F.);
#4042=ORIENTED_EDGE('',*,*,#3011,.F.);
#4043=ORIENTED_EDGE('',*,*,#3012,.F.);
#4044=ORIENTED_EDGE('',*,*,#3013,.F.);
#4045=ORIENTED_EDGE('',*,*,#3014,.F.);
#4046=ORIENTED_EDGE('',*,*,#3015,.F.);
#4047=ORIENTED_EDGE('',*,*,#3016,.F.);
#4048=ORIENTED_EDGE('',*,*,#3017,.F.);
#4049=ORIENTED_EDGE('',*,*,#3018,.F.);
#4050=ORIENTED_EDGE('',*,*,#3019,.F.);
#4051=ORIENTED_EDGE('',*,*,#3020,.F.);
#4052=ORIENTED_EDGE('',*,*,#3021,.F.);
#4053=ORIENTED_EDGE('',*,*,#3022,.F.);
#4054=ORIENTED_EDGE('',*,*,#2969,.F.);
#4055=ORIENTED_EDGE('',*,*,#2973,.T.);
#4056=ORIENTED_EDGE('',*,*,#3023,.F.);
#4057=ORIENTED_EDGE('',*,*,#3024,.F.);
#4058=ORIENTED_EDGE('',*,*,#3025,.F.);
#4059=ORIENTED_EDGE('',*,*,#3026,.F.);
#4060=ORIENTED_EDGE('',*,*,#3027,.F.);
#4061=ORIENTED_EDGE('',*,*,#3028,.F.);
#4062=ORIENTED_EDGE('',*,*,#3029,.F.);
#4063=ORIENTED_EDGE('',*,*,#3030,.F.);
#4064=ORIENTED_EDGE('',*,*,#3031,.F.);
#4065=ORIENTED_EDGE('',*,*,#3032,.F.);
#4066=ORIENTED_EDGE('',*,*,#3033,.F.);
#4067=ORIENTED_EDGE('',*,*,#3034,.F.);
#4068=ORIENTED_EDGE('',*,*,#3035,.F.);
#4069=ORIENTED_EDGE('',*,*,#3036,.F.);
#4070=ORIENTED_EDGE('',*,*,#3037,.F.);
#4071=ORIENTED_EDGE('',*,*,#3038,.F.);
#4072=ORIENTED_EDGE('',*,*,#3039,.F.);
#4073=ORIENTED_EDGE('',*,*,#3040,.F.);
#4074=ORIENTED_EDGE('',*,*,#3041,.F.);
#4075=ORIENTED_EDGE('',*,*,#3042,.F.);
#4076=ORIENTED_EDGE('',*,*,#3043,.F.);
#4077=ORIENTED_EDGE('',*,*,#3044,.F.);
#4078=ORIENTED_EDGE('',*,*,#3045,.F.);
#4079=ORIENTED_EDGE('',*,*,#3046,.F.);
#4080=ORIENTED_EDGE('',*,*,#3047,.F.);
#4081=ORIENTED_EDGE('',*,*,#3048,.F.);
#4082=ORIENTED_EDGE('',*,*,#3049,.F.);
#4083=ORIENTED_EDGE('',*,*,#3050,.F.);
#4084=ORIENTED_EDGE('',*,*,#3051,.F.);
#4085=ORIENTED_EDGE('',*,*,#3052,.F.);
#4086=ORIENTED_EDGE('',*,*,#3053,.F.);
#4087=ORIENTED_EDGE('',*,*,#3054,.F.);
#4088=ORIENTED_EDGE('',*,*,#3055,.F.);
#4089=ORIENTED_EDGE('',*,*,#3056,.F.);
#4090=ORIENTED_EDGE('',*,*,#3057,.F.);
#4091=ORIENTED_EDGE('',*,*,#3058,.F.);
#4092=ORIENTED_EDGE('',*,*,#3059,.F.);
#4093=ORIENTED_EDGE('',*,*,#3060,.F.);
#4094=ORIENTED_EDGE('',*,*,#3061,.F.);
#4095=ORIENTED_EDGE('',*,*,#3062,.F.);
#4096=ORIENTED_EDGE('',*,*,#3063,.F.);
#4097=ORIENTED_EDGE('',*,*,#3064,.F.);
#4098=ORIENTED_EDGE('',*,*,#3065,.F.);
#4099=ORIENTED_EDGE('',*,*,#3066,.F.);
#4100=ORIENTED_EDGE('',*,*,#3067,.F.);
#4101=ORIENTED_EDGE('',*,*,#3068,.F.);
#4102=ORIENTED_EDGE('',*,*,#3069,.F.);
#4103=ORIENTED_EDGE('',*,*,#3070,.F.);
#4104=ORIENTED_EDGE('',*,*,#3071,.F.);
#4105=ORIENTED_EDGE('',*,*,#3072,.F.);
#4106=ORIENTED_EDGE('',*,*,#3073,.F.);
#4107=ORIENTED_EDGE('',*,*,#3074,.F.);
#4108=ORIENTED_EDGE('',*,*,#3075,.F.);
#4109=ORIENTED_EDGE('',*,*,#3076,.F.);
#4110=ORIENTED_EDGE('',*,*,#3077,.F.);
#4111=ORIENTED_EDGE('',*,*,#3078,.F.);
#4112=ORIENTED_EDGE('',*,*,#3079,.F.);
#4113=ORIENTED_EDGE('',*,*,#3080,.F.);
#4114=ORIENTED_EDGE('',*,*,#3081,.F.);
#4115=ORIENTED_EDGE('',*,*,#2985,.T.);
#4116=ORIENTED_EDGE('',*,*,#2732,.T.);
#4117=ORIENTED_EDGE('',*,*,#3082,.T.);
#4118=ORIENTED_EDGE('',*,*,#2990,.T.);
#4119=ORIENTED_EDGE('',*,*,#3083,.T.);
#4120=ORIENTED_EDGE('',*,*,#3084,.T.);
#4121=ORIENTED_EDGE('',*,*,#3085,.T.);
#4122=ORIENTED_EDGE('',*,*,#3086,.T.);
#4123=ORIENTED_EDGE('',*,*,#3006,.T.);
#4124=ORIENTED_EDGE('',*,*,#3087,.T.);
#4125=ORIENTED_EDGE('',*,*,#3086,.F.);
#4126=ORIENTED_EDGE('',*,*,#3088,.F.);
#4127=ORIENTED_EDGE('',*,*,#3089,.F.);
#4128=ORIENTED_EDGE('',*,*,#3090,.F.);
#4129=ORIENTED_EDGE('',*,*,#3091,.T.);
#4130=ORIENTED_EDGE('',*,*,#3007,.T.);
#4131=ORIENTED_EDGE('',*,*,#3085,.F.);
#4132=ORIENTED_EDGE('',*,*,#3092,.F.);
#4133=ORIENTED_EDGE('',*,*,#3093,.T.);
#4134=ORIENTED_EDGE('',*,*,#3094,.T.);
#4135=ORIENTED_EDGE('',*,*,#3095,.T.);
#4136=ORIENTED_EDGE('',*,*,#3096,.F.);
#4137=ORIENTED_EDGE('',*,*,#3097,.F.);
#4138=ORIENTED_EDGE('',*,*,#3088,.T.);
#4139=ORIENTED_EDGE('',*,*,#3098,.T.);
#4140=ORIENTED_EDGE('',*,*,#3099,.T.);
#4141=ORIENTED_EDGE('',*,*,#3100,.T.);
#4142=ORIENTED_EDGE('',*,*,#3048,.T.);
#4143=ORIENTED_EDGE('',*,*,#3099,.F.);
#4144=ORIENTED_EDGE('',*,*,#3101,.T.);
#4145=ORIENTED_EDGE('',*,*,#3102,.T.);
#4146=ORIENTED_EDGE('',*,*,#3103,.T.);
#4147=ORIENTED_EDGE('',*,*,#3098,.F.);
#4148=ORIENTED_EDGE('',*,*,#3047,.T.);
#4149=ORIENTED_EDGE('',*,*,#3104,.F.);
#4150=ORIENTED_EDGE('',*,*,#3105,.F.);
#4151=ORIENTED_EDGE('',*,*,#3106,.F.);
#4152=ORIENTED_EDGE('',*,*,#3107,.F.);
#4153=ORIENTED_EDGE('',*,*,#3108,.T.);
#4154=ORIENTED_EDGE('',*,*,#3109,.T.);
#4155=ORIENTED_EDGE('',*,*,#3110,.T.);
#4156=ORIENTED_EDGE('',*,*,#3101,.F.);
#4157=ORIENTED_EDGE('',*,*,#3111,.T.);
#4158=ORIENTED_EDGE('',*,*,#3112,.T.);
#4159=ORIENTED_EDGE('',*,*,#3106,.T.);
#4160=ORIENTED_EDGE('',*,*,#3113,.T.);
#4161=ORIENTED_EDGE('',*,*,#3112,.F.);
#4162=ORIENTED_EDGE('',*,*,#3114,.T.);
#4163=ORIENTED_EDGE('',*,*,#3115,.T.);
#4164=ORIENTED_EDGE('',*,*,#3107,.T.);
#4165=ORIENTED_EDGE('',*,*,#3097,.T.);
#4166=ORIENTED_EDGE('',*,*,#3116,.T.);
#4167=ORIENTED_EDGE('',*,*,#3117,.T.);
#4168=ORIENTED_EDGE('',*,*,#3118,.T.);
#4169=ORIENTED_EDGE('',*,*,#3119,.T.);
#4170=ORIENTED_EDGE('',*,*,#3089,.T.);
#4171=ORIENTED_EDGE('',*,*,#2976,.T.);
#4172=ORIENTED_EDGE('',*,*,#3120,.T.);
#4173=ORIENTED_EDGE('',*,*,#3121,.T.);
#4174=ORIENTED_EDGE('',*,*,#3122,.T.);
#4175=ORIENTED_EDGE('',*,*,#3123,.F.);
#4176=ORIENTED_EDGE('',*,*,#3124,.F.);
#4177=ORIENTED_EDGE('',*,*,#3125,.F.);
#4178=ORIENTED_EDGE('',*,*,#3126,.F.);
#4179=ORIENTED_EDGE('',*,*,#3127,.F.);
#4180=ORIENTED_EDGE('',*,*,#3128,.F.);
#4181=ORIENTED_EDGE('',*,*,#3129,.F.);
#4182=ORIENTED_EDGE('',*,*,#3130,.T.);
#4183=ORIENTED_EDGE('',*,*,#3131,.T.);
#4184=ORIENTED_EDGE('',*,*,#3132,.T.);
#4185=ORIENTED_EDGE('',*,*,#3133,.T.);
#4186=ORIENTED_EDGE('',*,*,#3134,.T.);
#4187=ORIENTED_EDGE('',*,*,#3135,.T.);
#4188=ORIENTED_EDGE('',*,*,#3136,.T.);
#4189=ORIENTED_EDGE('',*,*,#3137,.T.);
#4190=ORIENTED_EDGE('',*,*,#3138,.T.);
#4191=ORIENTED_EDGE('',*,*,#3139,.T.);
#4192=ORIENTED_EDGE('',*,*,#3140,.T.);
#4193=ORIENTED_EDGE('',*,*,#3141,.T.);
#4194=ORIENTED_EDGE('',*,*,#3142,.T.);
#4195=ORIENTED_EDGE('',*,*,#3143,.T.);
#4196=ORIENTED_EDGE('',*,*,#3144,.T.);
#4197=ORIENTED_EDGE('',*,*,#3145,.T.);
#4198=ORIENTED_EDGE('',*,*,#3146,.T.);
#4199=ORIENTED_EDGE('',*,*,#3147,.T.);
#4200=ORIENTED_EDGE('',*,*,#3148,.T.);
#4201=ORIENTED_EDGE('',*,*,#3149,.T.);
#4202=ORIENTED_EDGE('',*,*,#3150,.T.);
#4203=ORIENTED_EDGE('',*,*,#3151,.T.);
#4204=ORIENTED_EDGE('',*,*,#3152,.T.);
#4205=ORIENTED_EDGE('',*,*,#3113,.F.);
#4206=ORIENTED_EDGE('',*,*,#3105,.T.);
#4207=ORIENTED_EDGE('',*,*,#3153,.T.);
#4208=ORIENTED_EDGE('',*,*,#3154,.T.);
#4209=ORIENTED_EDGE('',*,*,#3155,.T.);
#4210=ORIENTED_EDGE('',*,*,#3156,.T.);
#4211=ORIENTED_EDGE('',*,*,#3157,.T.);
#4212=ORIENTED_EDGE('',*,*,#3158,.T.);
#4213=ORIENTED_EDGE('',*,*,#3159,.T.);
#4214=ORIENTED_EDGE('',*,*,#3160,.T.);
#4215=ORIENTED_EDGE('',*,*,#3161,.T.);
#4216=ORIENTED_EDGE('',*,*,#3162,.T.);
#4217=ORIENTED_EDGE('',*,*,#3163,.T.);
#4218=ORIENTED_EDGE('',*,*,#3164,.T.);
#4219=ORIENTED_EDGE('',*,*,#3165,.T.);
#4220=ORIENTED_EDGE('',*,*,#3166,.T.);
#4221=ORIENTED_EDGE('',*,*,#3167,.T.);
#4222=ORIENTED_EDGE('',*,*,#3168,.T.);
#4223=ORIENTED_EDGE('',*,*,#3169,.T.);
#4224=ORIENTED_EDGE('',*,*,#3170,.T.);
#4225=ORIENTED_EDGE('',*,*,#3171,.T.);
#4226=ORIENTED_EDGE('',*,*,#3172,.T.);
#4227=ORIENTED_EDGE('',*,*,#3173,.T.);
#4228=ORIENTED_EDGE('',*,*,#3174,.T.);
#4229=ORIENTED_EDGE('',*,*,#3175,.T.);
#4230=ORIENTED_EDGE('',*,*,#3176,.T.);
#4231=ORIENTED_EDGE('',*,*,#2974,.T.);
#4232=ORIENTED_EDGE('',*,*,#2971,.T.);
#4233=ORIENTED_EDGE('',*,*,#3177,.T.);
#4234=ORIENTED_EDGE('',*,*,#3178,.T.);
#4235=ORIENTED_EDGE('',*,*,#3179,.T.);
#4236=ORIENTED_EDGE('',*,*,#3180,.T.);
#4237=ORIENTED_EDGE('',*,*,#3181,.T.);
#4238=ORIENTED_EDGE('',*,*,#3182,.T.);
#4239=ORIENTED_EDGE('',*,*,#3183,.T.);
#4240=ORIENTED_EDGE('',*,*,#3184,.T.);
#4241=ORIENTED_EDGE('',*,*,#3185,.T.);
#4242=ORIENTED_EDGE('',*,*,#3186,.T.);
#4243=ORIENTED_EDGE('',*,*,#3187,.T.);
#4244=ORIENTED_EDGE('',*,*,#3188,.T.);
#4245=ORIENTED_EDGE('',*,*,#3189,.T.);
#4246=ORIENTED_EDGE('',*,*,#3190,.T.);
#4247=ORIENTED_EDGE('',*,*,#3191,.T.);
#4248=ORIENTED_EDGE('',*,*,#3090,.T.);
#4249=ORIENTED_EDGE('',*,*,#3119,.F.);
#4250=ORIENTED_EDGE('',*,*,#3192,.T.);
#4251=ORIENTED_EDGE('',*,*,#3193,.T.);
#4252=ORIENTED_EDGE('',*,*,#3194,.T.);
#4253=ORIENTED_EDGE('',*,*,#3195,.T.);
#4254=ORIENTED_EDGE('',*,*,#3196,.T.);
#4255=ORIENTED_EDGE('',*,*,#3197,.T.);
#4256=ORIENTED_EDGE('',*,*,#3198,.T.);
#4257=ORIENTED_EDGE('',*,*,#3199,.T.);
#4258=ORIENTED_EDGE('',*,*,#3200,.T.);
#4259=ORIENTED_EDGE('',*,*,#3201,.T.);
#4260=ORIENTED_EDGE('',*,*,#3202,.T.);
#4261=ORIENTED_EDGE('',*,*,#3203,.T.);
#4262=ORIENTED_EDGE('',*,*,#3204,.T.);
#4263=ORIENTED_EDGE('',*,*,#3205,.T.);
#4264=ORIENTED_EDGE('',*,*,#3206,.T.);
#4265=ORIENTED_EDGE('',*,*,#3207,.T.);
#4266=ORIENTED_EDGE('',*,*,#2981,.T.);
#4267=ORIENTED_EDGE('',*,*,#2979,.T.);
#4268=ORIENTED_EDGE('',*,*,#3084,.F.);
#4269=ORIENTED_EDGE('',*,*,#3208,.T.);
#4270=ORIENTED_EDGE('',*,*,#3209,.T.);
#4271=ORIENTED_EDGE('',*,*,#3092,.T.);
#4272=ORIENTED_EDGE('',*,*,#3209,.F.);
#4273=ORIENTED_EDGE('',*,*,#3210,.F.);
#4274=ORIENTED_EDGE('',*,*,#3211,.F.);
#4275=ORIENTED_EDGE('',*,*,#3212,.F.);
#4276=ORIENTED_EDGE('',*,*,#3102,.F.);
#4277=ORIENTED_EDGE('',*,*,#3110,.F.);
#4278=ORIENTED_EDGE('',*,*,#3213,.F.);
#4279=ORIENTED_EDGE('',*,*,#3093,.F.);
#4280=ORIENTED_EDGE('',*,*,#3115,.F.);
#4281=ORIENTED_EDGE('',*,*,#3214,.F.);
#4282=ORIENTED_EDGE('',*,*,#3215,.F.);
#4283=ORIENTED_EDGE('',*,*,#3216,.F.);
#4284=ORIENTED_EDGE('',*,*,#3217,.F.);
#4285=ORIENTED_EDGE('',*,*,#3095,.F.);
#4286=ORIENTED_EDGE('',*,*,#3218,.F.);
#4287=ORIENTED_EDGE('',*,*,#3108,.F.);
#4288=ORIENTED_EDGE('',*,*,#3116,.F.);
#4289=ORIENTED_EDGE('',*,*,#3096,.T.);
#4290=ORIENTED_EDGE('',*,*,#3217,.T.);
#4291=ORIENTED_EDGE('',*,*,#3219,.T.);
#4292=ORIENTED_EDGE('',*,*,#3100,.F.);
#4293=ORIENTED_EDGE('',*,*,#3103,.F.);
#4294=ORIENTED_EDGE('',*,*,#3212,.T.);
#4295=ORIENTED_EDGE('',*,*,#3220,.F.);
#4296=ORIENTED_EDGE('',*,*,#2760,.T.);
#4297=ORIENTED_EDGE('',*,*,#3221,.T.);
#4298=ORIENTED_EDGE('',*,*,#3049,.T.);
#4299=ORIENTED_EDGE('',*,*,#3211,.T.);
#4300=ORIENTED_EDGE('',*,*,#3222,.F.);
#4301=ORIENTED_EDGE('',*,*,#2715,.T.);
#4302=ORIENTED_EDGE('',*,*,#3220,.T.);
#4303=ORIENTED_EDGE('',*,*,#3117,.F.);
#4304=ORIENTED_EDGE('',*,*,#3219,.F.);
#4305=ORIENTED_EDGE('',*,*,#3216,.T.);
#4306=ORIENTED_EDGE('',*,*,#3223,.F.);
#4307=ORIENTED_EDGE('',*,*,#2851,.F.);
#4308=ORIENTED_EDGE('',*,*,#3224,.T.);
#4309=ORIENTED_EDGE('',*,*,#3215,.T.);
#4310=ORIENTED_EDGE('',*,*,#3225,.F.);
#4311=ORIENTED_EDGE('',*,*,#2806,.F.);
#4312=ORIENTED_EDGE('',*,*,#3223,.T.);
#4313=ORIENTED_EDGE('',*,*,#3111,.F.);
#4314=ORIENTED_EDGE('',*,*,#3152,.F.);
#4315=ORIENTED_EDGE('',*,*,#3226,.F.);
#4316=ORIENTED_EDGE('',*,*,#2807,.F.);
#4317=ORIENTED_EDGE('',*,*,#3225,.T.);
#4318=ORIENTED_EDGE('',*,*,#3214,.T.);
#4319=ORIENTED_EDGE('',*,*,#3114,.F.);
#4320=ORIENTED_EDGE('',*,*,#3125,.T.);
#4321=ORIENTED_EDGE('',*,*,#3227,.T.);
#4322=ORIENTED_EDGE('',*,*,#3228,.T.);
#4323=ORIENTED_EDGE('',*,*,#3229,.T.);
#4324=ORIENTED_EDGE('',*,*,#3228,.F.);
#4325=ORIENTED_EDGE('',*,*,#3230,.T.);
#4326=ORIENTED_EDGE('',*,*,#3231,.F.);
#4327=ORIENTED_EDGE('',*,*,#3232,.F.);
#4328=ORIENTED_EDGE('',*,*,#3233,.F.);
#4329=ORIENTED_EDGE('',*,*,#3234,.F.);
#4330=ORIENTED_EDGE('',*,*,#3235,.F.);
#4331=ORIENTED_EDGE('',*,*,#3236,.T.);
#4332=ORIENTED_EDGE('',*,*,#3227,.F.);
#4333=ORIENTED_EDGE('',*,*,#3124,.T.);
#4334=ORIENTED_EDGE('',*,*,#3237,.F.);
#4335=ORIENTED_EDGE('',*,*,#3230,.F.);
#4336=ORIENTED_EDGE('',*,*,#3231,.T.);
#4337=ORIENTED_EDGE('',*,*,#3237,.T.);
#4338=ORIENTED_EDGE('',*,*,#3123,.T.);
#4339=ORIENTED_EDGE('',*,*,#3238,.T.);
#4340=ORIENTED_EDGE('',*,*,#3235,.T.);
#4341=ORIENTED_EDGE('',*,*,#3239,.T.);
#4342=ORIENTED_EDGE('',*,*,#3127,.T.);
#4343=ORIENTED_EDGE('',*,*,#3240,.T.);
#4344=ORIENTED_EDGE('',*,*,#3239,.F.);
#4345=ORIENTED_EDGE('',*,*,#3234,.T.);
#4346=ORIENTED_EDGE('',*,*,#3241,.F.);
#4347=ORIENTED_EDGE('',*,*,#3128,.T.);
#4348=ORIENTED_EDGE('',*,*,#3233,.T.);
#4349=ORIENTED_EDGE('',*,*,#3242,.T.);
#4350=ORIENTED_EDGE('',*,*,#3129,.T.);
#4351=ORIENTED_EDGE('',*,*,#3241,.T.);
#4352=ORIENTED_EDGE('',*,*,#3238,.F.);
#4353=ORIENTED_EDGE('',*,*,#3122,.F.);
#4354=ORIENTED_EDGE('',*,*,#3243,.F.);
#4355=ORIENTED_EDGE('',*,*,#2829,.F.);
#4356=ORIENTED_EDGE('',*,*,#3244,.T.);
#4357=ORIENTED_EDGE('',*,*,#3130,.F.);
#4358=ORIENTED_EDGE('',*,*,#3242,.F.);
#4359=ORIENTED_EDGE('',*,*,#3232,.T.);
#4360=ORIENTED_EDGE('',*,*,#3229,.F.);
#4361=ORIENTED_EDGE('',*,*,#3236,.F.);
#4362=ORIENTED_EDGE('',*,*,#3240,.F.);
#4363=ORIENTED_EDGE('',*,*,#3126,.T.);
#4364=ORIENTED_EDGE('',*,*,#3245,.T.);
#4365=ORIENTED_EDGE('',*,*,#3246,.T.);
#4366=ORIENTED_EDGE('',*,*,#3076,.T.);
#4367=ORIENTED_EDGE('',*,*,#3247,.T.);
#4368=ORIENTED_EDGE('',*,*,#3246,.F.);
#4369=ORIENTED_EDGE('',*,*,#3248,.T.);
#4370=ORIENTED_EDGE('',*,*,#3249,.F.);
#4371=ORIENTED_EDGE('',*,*,#3077,.T.);
#4372=ORIENTED_EDGE('',*,*,#3245,.F.);
#4373=ORIENTED_EDGE('',*,*,#3250,.T.);
#4374=ORIENTED_EDGE('',*,*,#3251,.F.);
#4375=ORIENTED_EDGE('',*,*,#3252,.F.);
#4376=ORIENTED_EDGE('',*,*,#3253,.F.);
#4377=ORIENTED_EDGE('',*,*,#3254,.F.);
#4378=ORIENTED_EDGE('',*,*,#3255,.F.);
#4379=ORIENTED_EDGE('',*,*,#3248,.F.);
#4380=ORIENTED_EDGE('',*,*,#3255,.T.);
#4381=ORIENTED_EDGE('',*,*,#3256,.T.);
#4382=ORIENTED_EDGE('',*,*,#3078,.T.);
#4383=ORIENTED_EDGE('',*,*,#3249,.T.);
#4384=ORIENTED_EDGE('',*,*,#3256,.F.);
#4385=ORIENTED_EDGE('',*,*,#3254,.T.);
#4386=ORIENTED_EDGE('',*,*,#3257,.F.);
#4387=ORIENTED_EDGE('',*,*,#3071,.T.);
#4388=ORIENTED_EDGE('',*,*,#3258,.F.);
#4389=ORIENTED_EDGE('',*,*,#2738,.T.);
#4390=ORIENTED_EDGE('',*,*,#3259,.T.);
#4391=ORIENTED_EDGE('',*,*,#3079,.T.);
#4392=ORIENTED_EDGE('',*,*,#3074,.T.);
#4393=ORIENTED_EDGE('',*,*,#3260,.T.);
#4394=ORIENTED_EDGE('',*,*,#3251,.T.);
#4395=ORIENTED_EDGE('',*,*,#3261,.T.);
#4396=ORIENTED_EDGE('',*,*,#3260,.F.);
#4397=ORIENTED_EDGE('',*,*,#3073,.T.);
#4398=ORIENTED_EDGE('',*,*,#3262,.F.);
#4399=ORIENTED_EDGE('',*,*,#3252,.T.);
#4400=ORIENTED_EDGE('',*,*,#3253,.T.);
#4401=ORIENTED_EDGE('',*,*,#3262,.T.);
#4402=ORIENTED_EDGE('',*,*,#3072,.T.);
#4403=ORIENTED_EDGE('',*,*,#3257,.T.);
#4404=ORIENTED_EDGE('',*,*,#3247,.F.);
#4405=ORIENTED_EDGE('',*,*,#3075,.T.);
#4406=ORIENTED_EDGE('',*,*,#3261,.F.);
#4407=ORIENTED_EDGE('',*,*,#3250,.F.);
#4408=ORIENTED_EDGE('',*,*,#2759,.T.);
#4409=ORIENTED_EDGE('',*,*,#3263,.T.);
#4410=ORIENTED_EDGE('',*,*,#3050,.T.);
#4411=ORIENTED_EDGE('',*,*,#3221,.F.);
#4412=ORIENTED_EDGE('',*,*,#2758,.T.);
#4413=ORIENTED_EDGE('',*,*,#3264,.T.);
#4414=ORIENTED_EDGE('',*,*,#3051,.T.);
#4415=ORIENTED_EDGE('',*,*,#3263,.F.);
#4416=ORIENTED_EDGE('',*,*,#2757,.T.);
#4417=ORIENTED_EDGE('',*,*,#3265,.T.);
#4418=ORIENTED_EDGE('',*,*,#3052,.T.);
#4419=ORIENTED_EDGE('',*,*,#3264,.F.);
#4420=ORIENTED_EDGE('',*,*,#2756,.T.);
#4421=ORIENTED_EDGE('',*,*,#3266,.T.);
#4422=ORIENTED_EDGE('',*,*,#3053,.T.);
#4423=ORIENTED_EDGE('',*,*,#3265,.F.);
#4424=ORIENTED_EDGE('',*,*,#2755,.T.);
#4425=ORIENTED_EDGE('',*,*,#3267,.T.);
#4426=ORIENTED_EDGE('',*,*,#3054,.T.);
#4427=ORIENTED_EDGE('',*,*,#3266,.F.);
#4428=ORIENTED_EDGE('',*,*,#2754,.T.);
#4429=ORIENTED_EDGE('',*,*,#3268,.T.);
#4430=ORIENTED_EDGE('',*,*,#3055,.T.);
#4431=ORIENTED_EDGE('',*,*,#3267,.F.);
#4432=ORIENTED_EDGE('',*,*,#2753,.T.);
#4433=ORIENTED_EDGE('',*,*,#3269,.T.);
#4434=ORIENTED_EDGE('',*,*,#3056,.T.);
#4435=ORIENTED_EDGE('',*,*,#3268,.F.);
#4436=ORIENTED_EDGE('',*,*,#2752,.T.);
#4437=ORIENTED_EDGE('',*,*,#3270,.T.);
#4438=ORIENTED_EDGE('',*,*,#3057,.T.);
#4439=ORIENTED_EDGE('',*,*,#3269,.F.);
#4440=ORIENTED_EDGE('',*,*,#2751,.T.);
#4441=ORIENTED_EDGE('',*,*,#3271,.T.);
#4442=ORIENTED_EDGE('',*,*,#3058,.T.);
#4443=ORIENTED_EDGE('',*,*,#3270,.F.);
#4444=ORIENTED_EDGE('',*,*,#2750,.T.);
#4445=ORIENTED_EDGE('',*,*,#3272,.T.);
#4446=ORIENTED_EDGE('',*,*,#3059,.T.);
#4447=ORIENTED_EDGE('',*,*,#3271,.F.);
#4448=ORIENTED_EDGE('',*,*,#2749,.T.);
#4449=ORIENTED_EDGE('',*,*,#3273,.T.);
#4450=ORIENTED_EDGE('',*,*,#3060,.T.);
#4451=ORIENTED_EDGE('',*,*,#3272,.F.);
#4452=ORIENTED_EDGE('',*,*,#2748,.T.);
#4453=ORIENTED_EDGE('',*,*,#3274,.T.);
#4454=ORIENTED_EDGE('',*,*,#3061,.T.);
#4455=ORIENTED_EDGE('',*,*,#3273,.F.);
#4456=ORIENTED_EDGE('',*,*,#2747,.T.);
#4457=ORIENTED_EDGE('',*,*,#3275,.T.);
#4458=ORIENTED_EDGE('',*,*,#3062,.T.);
#4459=ORIENTED_EDGE('',*,*,#3274,.F.);
#4460=ORIENTED_EDGE('',*,*,#2746,.T.);
#4461=ORIENTED_EDGE('',*,*,#3276,.T.);
#4462=ORIENTED_EDGE('',*,*,#3063,.T.);
#4463=ORIENTED_EDGE('',*,*,#3275,.F.);
#4464=ORIENTED_EDGE('',*,*,#2745,.T.);
#4465=ORIENTED_EDGE('',*,*,#3277,.T.);
#4466=ORIENTED_EDGE('',*,*,#3064,.T.);
#4467=ORIENTED_EDGE('',*,*,#3276,.F.);
#4468=ORIENTED_EDGE('',*,*,#2744,.T.);
#4469=ORIENTED_EDGE('',*,*,#3278,.T.);
#4470=ORIENTED_EDGE('',*,*,#3065,.T.);
#4471=ORIENTED_EDGE('',*,*,#3277,.F.);
#4472=ORIENTED_EDGE('',*,*,#2743,.T.);
#4473=ORIENTED_EDGE('',*,*,#3279,.T.);
#4474=ORIENTED_EDGE('',*,*,#3066,.T.);
#4475=ORIENTED_EDGE('',*,*,#3278,.F.);
#4476=ORIENTED_EDGE('',*,*,#2742,.T.);
#4477=ORIENTED_EDGE('',*,*,#3280,.T.);
#4478=ORIENTED_EDGE('',*,*,#3067,.T.);
#4479=ORIENTED_EDGE('',*,*,#3279,.F.);
#4480=ORIENTED_EDGE('',*,*,#2741,.T.);
#4481=ORIENTED_EDGE('',*,*,#3281,.T.);
#4482=ORIENTED_EDGE('',*,*,#3068,.T.);
#4483=ORIENTED_EDGE('',*,*,#3280,.F.);
#4484=ORIENTED_EDGE('',*,*,#2740,.T.);
#4485=ORIENTED_EDGE('',*,*,#3282,.T.);
#4486=ORIENTED_EDGE('',*,*,#3069,.T.);
#4487=ORIENTED_EDGE('',*,*,#3281,.F.);
#4488=ORIENTED_EDGE('',*,*,#2739,.T.);
#4489=ORIENTED_EDGE('',*,*,#3258,.T.);
#4490=ORIENTED_EDGE('',*,*,#3070,.T.);
#4491=ORIENTED_EDGE('',*,*,#3282,.F.);
#4492=ORIENTED_EDGE('',*,*,#2737,.T.);
#4493=ORIENTED_EDGE('',*,*,#3283,.T.);
#4494=ORIENTED_EDGE('',*,*,#3080,.T.);
#4495=ORIENTED_EDGE('',*,*,#3259,.F.);
#4496=ORIENTED_EDGE('',*,*,#2736,.T.);
#4497=ORIENTED_EDGE('',*,*,#2989,.T.);
#4498=ORIENTED_EDGE('',*,*,#3081,.T.);
#4499=ORIENTED_EDGE('',*,*,#3283,.F.);
#4500=ORIENTED_EDGE('',*,*,#2731,.T.);
#4501=ORIENTED_EDGE('',*,*,#3284,.T.);
#4502=ORIENTED_EDGE('',*,*,#2991,.T.);
#4503=ORIENTED_EDGE('',*,*,#3082,.F.);
#4504=ORIENTED_EDGE('',*,*,#2730,.T.);
#4505=ORIENTED_EDGE('',*,*,#3285,.T.);
#4506=ORIENTED_EDGE('',*,*,#2992,.T.);
#4507=ORIENTED_EDGE('',*,*,#3284,.F.);
#4508=ORIENTED_EDGE('',*,*,#2729,.T.);
#4509=ORIENTED_EDGE('',*,*,#3286,.T.);
#4510=ORIENTED_EDGE('',*,*,#2993,.T.);
#4511=ORIENTED_EDGE('',*,*,#3285,.F.);
#4512=ORIENTED_EDGE('',*,*,#2728,.T.);
#4513=ORIENTED_EDGE('',*,*,#3287,.T.);
#4514=ORIENTED_EDGE('',*,*,#2994,.T.);
#4515=ORIENTED_EDGE('',*,*,#3286,.F.);
#4516=ORIENTED_EDGE('',*,*,#2727,.T.);
#4517=ORIENTED_EDGE('',*,*,#3288,.T.);
#4518=ORIENTED_EDGE('',*,*,#2995,.T.);
#4519=ORIENTED_EDGE('',*,*,#3287,.F.);
#4520=ORIENTED_EDGE('',*,*,#2726,.T.);
#4521=ORIENTED_EDGE('',*,*,#3289,.T.);
#4522=ORIENTED_EDGE('',*,*,#2996,.T.);
#4523=ORIENTED_EDGE('',*,*,#3288,.F.);
#4524=ORIENTED_EDGE('',*,*,#2725,.T.);
#4525=ORIENTED_EDGE('',*,*,#3290,.T.);
#4526=ORIENTED_EDGE('',*,*,#2997,.T.);
#4527=ORIENTED_EDGE('',*,*,#3289,.F.);
#4528=ORIENTED_EDGE('',*,*,#2724,.T.);
#4529=ORIENTED_EDGE('',*,*,#3291,.T.);
#4530=ORIENTED_EDGE('',*,*,#2998,.T.);
#4531=ORIENTED_EDGE('',*,*,#3290,.F.);
#4532=ORIENTED_EDGE('',*,*,#2723,.T.);
#4533=ORIENTED_EDGE('',*,*,#3292,.T.);
#4534=ORIENTED_EDGE('',*,*,#2999,.T.);
#4535=ORIENTED_EDGE('',*,*,#3291,.F.);
#4536=ORIENTED_EDGE('',*,*,#2722,.T.);
#4537=ORIENTED_EDGE('',*,*,#3293,.T.);
#4538=ORIENTED_EDGE('',*,*,#3000,.T.);
#4539=ORIENTED_EDGE('',*,*,#3292,.F.);
#4540=ORIENTED_EDGE('',*,*,#2721,.T.);
#4541=ORIENTED_EDGE('',*,*,#3294,.T.);
#4542=ORIENTED_EDGE('',*,*,#3001,.T.);
#4543=ORIENTED_EDGE('',*,*,#3293,.F.);
#4544=ORIENTED_EDGE('',*,*,#2720,.T.);
#4545=ORIENTED_EDGE('',*,*,#3295,.T.);
#4546=ORIENTED_EDGE('',*,*,#3002,.T.);
#4547=ORIENTED_EDGE('',*,*,#3294,.F.);
#4548=ORIENTED_EDGE('',*,*,#2719,.T.);
#4549=ORIENTED_EDGE('',*,*,#3296,.T.);
#4550=ORIENTED_EDGE('',*,*,#3003,.T.);
#4551=ORIENTED_EDGE('',*,*,#3295,.F.);
#4552=ORIENTED_EDGE('',*,*,#2718,.T.);
#4553=ORIENTED_EDGE('',*,*,#3297,.T.);
#4554=ORIENTED_EDGE('',*,*,#3004,.T.);
#4555=ORIENTED_EDGE('',*,*,#3296,.F.);
#4556=ORIENTED_EDGE('',*,*,#3087,.F.);
#4557=ORIENTED_EDGE('',*,*,#3005,.T.);
#4558=ORIENTED_EDGE('',*,*,#3297,.F.);
#4559=ORIENTED_EDGE('',*,*,#2717,.T.);
#4560=ORIENTED_EDGE('',*,*,#3298,.T.);
#4561=ORIENTED_EDGE('',*,*,#3083,.F.);
#4562=ORIENTED_EDGE('',*,*,#3298,.F.);
#4563=ORIENTED_EDGE('',*,*,#2716,.T.);
#4564=ORIENTED_EDGE('',*,*,#3222,.T.);
#4565=ORIENTED_EDGE('',*,*,#3210,.T.);
#4566=ORIENTED_EDGE('',*,*,#3208,.F.);
#4567=ORIENTED_EDGE('',*,*,#2599,.T.);
#4568=ORIENTED_EDGE('',*,*,#2793,.F.);
#4569=ORIENTED_EDGE('',*,*,#3299,.F.);
#4570=ORIENTED_EDGE('',*,*,#2876,.T.);
#4571=ORIENTED_EDGE('',*,*,#2912,.F.);
#4572=ORIENTED_EDGE('',*,*,#2946,.T.);
#4573=ORIENTED_EDGE('',*,*,#2958,.T.);
#4574=ORIENTED_EDGE('',*,*,#2602,.T.);
#4575=ORIENTED_EDGE('',*,*,#2877,.T.);
#4576=ORIENTED_EDGE('',*,*,#3299,.T.);
#4577=ORIENTED_EDGE('',*,*,#2792,.F.);
#4578=ORIENTED_EDGE('',*,*,#2699,.F.);
#4579=ORIENTED_EDGE('',*,*,#2625,.T.);
#4580=ORIENTED_EDGE('',*,*,#2791,.F.);
#4581=ORIENTED_EDGE('',*,*,#3300,.F.);
#4582=ORIENTED_EDGE('',*,*,#2881,.T.);
#4583=ORIENTED_EDGE('',*,*,#2906,.F.);
#4584=ORIENTED_EDGE('',*,*,#2952,.T.);
#4585=ORIENTED_EDGE('',*,*,#2961,.T.);
#4586=ORIENTED_EDGE('',*,*,#2628,.T.);
#4587=ORIENTED_EDGE('',*,*,#2882,.T.);
#4588=ORIENTED_EDGE('',*,*,#3300,.T.);
#4589=ORIENTED_EDGE('',*,*,#2790,.F.);
#4590=ORIENTED_EDGE('',*,*,#3301,.F.);
#4591=ORIENTED_EDGE('',*,*,#2883,.T.);
#4592=ORIENTED_EDGE('',*,*,#3301,.T.);
#4593=ORIENTED_EDGE('',*,*,#2789,.F.);
#4594=ORIENTED_EDGE('',*,*,#2711,.F.);
#4595=ORIENTED_EDGE('',*,*,#2669,.T.);
#4596=ORIENTED_EDGE('',*,*,#3302,.F.);
#4597=ORIENTED_EDGE('',*,*,#2955,.T.);
#4598=ORIENTED_EDGE('',*,*,#2713,.T.);
#4599=ORIENTED_EDGE('',*,*,#2664,.T.);
#4600=ORIENTED_EDGE('',*,*,#2788,.F.);
#4601=ORIENTED_EDGE('',*,*,#3303,.F.);
#4602=ORIENTED_EDGE('',*,*,#2887,.T.);
#4603=ORIENTED_EDGE('',*,*,#2941,.F.);
#4604=ORIENTED_EDGE('',*,*,#2954,.T.);
#4605=ORIENTED_EDGE('',*,*,#3302,.T.);
#4606=ORIENTED_EDGE('',*,*,#2668,.T.);
#4607=ORIENTED_EDGE('',*,*,#2888,.T.);
#4608=ORIENTED_EDGE('',*,*,#3303,.T.);
#4609=ORIENTED_EDGE('',*,*,#2787,.F.);
#4610=ORIENTED_EDGE('',*,*,#3304,.F.);
#4611=ORIENTED_EDGE('',*,*,#2889,.T.);
#4612=ORIENTED_EDGE('',*,*,#3304,.T.);
#4613=ORIENTED_EDGE('',*,*,#2786,.F.);
#4614=ORIENTED_EDGE('',*,*,#2693,.F.);
#4615=ORIENTED_EDGE('',*,*,#2651,.T.);
#4616=ORIENTED_EDGE('',*,*,#2784,.F.);
#4617=ORIENTED_EDGE('',*,*,#3305,.F.);
#4618=ORIENTED_EDGE('',*,*,#2897,.T.);
#4619=ORIENTED_EDGE('',*,*,#2924,.F.);
#4620=ORIENTED_EDGE('',*,*,#2948,.T.);
#4621=ORIENTED_EDGE('',*,*,#2959,.T.);
#4622=ORIENTED_EDGE('',*,*,#2654,.T.);
#4623=ORIENTED_EDGE('',*,*,#2898,.T.);
#4624=ORIENTED_EDGE('',*,*,#3305,.T.);
#4625=ORIENTED_EDGE('',*,*,#2783,.F.);
#4626=ORIENTED_EDGE('',*,*,#3306,.F.);
#4627=ORIENTED_EDGE('',*,*,#2899,.T.);
#4628=ORIENTED_EDGE('',*,*,#3306,.T.);
#4629=ORIENTED_EDGE('',*,*,#2782,.F.);
#4630=ORIENTED_EDGE('',*,*,#3307,.F.);
#4631=ORIENTED_EDGE('',*,*,#2900,.T.);
#4632=ORIENTED_EDGE('',*,*,#3307,.T.);
#4633=ORIENTED_EDGE('',*,*,#2781,.F.);
#4634=ORIENTED_EDGE('',*,*,#3308,.F.);
#4635=ORIENTED_EDGE('',*,*,#2901,.T.);
#4636=ORIENTED_EDGE('',*,*,#3308,.T.);
#4637=ORIENTED_EDGE('',*,*,#2780,.F.);
#4638=ORIENTED_EDGE('',*,*,#2798,.F.);
#4639=ORIENTED_EDGE('',*,*,#2678,.T.);
#4640=ORIENTED_EDGE('',*,*,#2778,.F.);
#4641=ORIENTED_EDGE('',*,*,#3309,.F.);
#4642=ORIENTED_EDGE('',*,*,#2852,.T.);
#4643=ORIENTED_EDGE('',*,*,#2802,.F.);
#4644=ORIENTED_EDGE('',*,*,#2956,.T.);
#4645=ORIENTED_EDGE('',*,*,#2962,.T.);
#4646=ORIENTED_EDGE('',*,*,#2681,.T.);
#4647=ORIENTED_EDGE('',*,*,#2853,.T.);
#4648=ORIENTED_EDGE('',*,*,#3309,.T.);
#4649=ORIENTED_EDGE('',*,*,#2777,.F.);
#4650=ORIENTED_EDGE('',*,*,#3310,.F.);
#4651=ORIENTED_EDGE('',*,*,#2854,.T.);
#4652=ORIENTED_EDGE('',*,*,#3310,.T.);
#4653=ORIENTED_EDGE('',*,*,#2776,.F.);
#4654=ORIENTED_EDGE('',*,*,#3311,.F.);
#4655=ORIENTED_EDGE('',*,*,#2855,.T.);
#4656=ORIENTED_EDGE('',*,*,#3311,.T.);
#4657=ORIENTED_EDGE('',*,*,#2775,.F.);
#4658=ORIENTED_EDGE('',*,*,#3312,.F.);
#4659=ORIENTED_EDGE('',*,*,#2856,.T.);
#4660=ORIENTED_EDGE('',*,*,#3312,.T.);
#4661=ORIENTED_EDGE('',*,*,#2774,.F.);
#4662=ORIENTED_EDGE('',*,*,#3313,.F.);
#4663=ORIENTED_EDGE('',*,*,#2857,.T.);
#4664=ORIENTED_EDGE('',*,*,#3313,.T.);
#4665=ORIENTED_EDGE('',*,*,#2773,.F.);
#4666=ORIENTED_EDGE('',*,*,#3314,.F.);
#4667=ORIENTED_EDGE('',*,*,#2858,.T.);
#4668=ORIENTED_EDGE('',*,*,#3314,.T.);
#4669=ORIENTED_EDGE('',*,*,#2772,.F.);
#4670=ORIENTED_EDGE('',*,*,#3315,.F.);
#4671=ORIENTED_EDGE('',*,*,#2859,.T.);
#4672=ORIENTED_EDGE('',*,*,#3315,.T.);
#4673=ORIENTED_EDGE('',*,*,#2771,.F.);
#4674=ORIENTED_EDGE('',*,*,#3316,.F.);
#4675=ORIENTED_EDGE('',*,*,#2860,.T.);
#4676=ORIENTED_EDGE('',*,*,#3316,.T.);
#4677=ORIENTED_EDGE('',*,*,#2770,.F.);
#4678=ORIENTED_EDGE('',*,*,#3317,.F.);
#4679=ORIENTED_EDGE('',*,*,#2861,.T.);
#4680=ORIENTED_EDGE('',*,*,#3317,.T.);
#4681=ORIENTED_EDGE('',*,*,#2769,.F.);
#4682=ORIENTED_EDGE('',*,*,#3318,.F.);
#4683=ORIENTED_EDGE('',*,*,#2862,.T.);
#4684=ORIENTED_EDGE('',*,*,#3318,.T.);
#4685=ORIENTED_EDGE('',*,*,#2768,.F.);
#4686=ORIENTED_EDGE('',*,*,#2705,.F.);
#4687=ORIENTED_EDGE('',*,*,#2638,.T.);
#4688=ORIENTED_EDGE('',*,*,#2767,.F.);
#4689=ORIENTED_EDGE('',*,*,#2968,.F.);
#4690=ORIENTED_EDGE('',*,*,#2866,.T.);
#4691=ORIENTED_EDGE('',*,*,#2918,.F.);
#4692=ORIENTED_EDGE('',*,*,#2950,.T.);
#4693=ORIENTED_EDGE('',*,*,#2960,.T.);
#4694=ORIENTED_EDGE('',*,*,#2641,.T.);
#4695=ORIENTED_EDGE('',*,*,#2808,.F.);
#4696=ORIENTED_EDGE('',*,*,#3226,.T.);
#4697=ORIENTED_EDGE('',*,*,#3151,.F.);
#4698=ORIENTED_EDGE('',*,*,#3319,.F.);
#4699=ORIENTED_EDGE('',*,*,#2809,.F.);
#4700=ORIENTED_EDGE('',*,*,#3319,.T.);
#4701=ORIENTED_EDGE('',*,*,#3150,.F.);
#4702=ORIENTED_EDGE('',*,*,#3320,.F.);
#4703=ORIENTED_EDGE('',*,*,#2810,.F.);
#4704=ORIENTED_EDGE('',*,*,#3320,.T.);
#4705=ORIENTED_EDGE('',*,*,#3149,.F.);
#4706=ORIENTED_EDGE('',*,*,#3321,.F.);
#4707=ORIENTED_EDGE('',*,*,#2811,.F.);
#4708=ORIENTED_EDGE('',*,*,#3321,.T.);
#4709=ORIENTED_EDGE('',*,*,#3148,.F.);
#4710=ORIENTED_EDGE('',*,*,#3322,.F.);
#4711=ORIENTED_EDGE('',*,*,#2812,.F.);
#4712=ORIENTED_EDGE('',*,*,#3322,.T.);
#4713=ORIENTED_EDGE('',*,*,#3147,.F.);
#4714=ORIENTED_EDGE('',*,*,#3323,.F.);
#4715=ORIENTED_EDGE('',*,*,#2813,.F.);
#4716=ORIENTED_EDGE('',*,*,#3323,.T.);
#4717=ORIENTED_EDGE('',*,*,#3146,.F.);
#4718=ORIENTED_EDGE('',*,*,#3324,.F.);
#4719=ORIENTED_EDGE('',*,*,#2814,.F.);
#4720=ORIENTED_EDGE('',*,*,#3324,.T.);
#4721=ORIENTED_EDGE('',*,*,#3145,.F.);
#4722=ORIENTED_EDGE('',*,*,#3325,.F.);
#4723=ORIENTED_EDGE('',*,*,#2815,.F.);
#4724=ORIENTED_EDGE('',*,*,#3325,.T.);
#4725=ORIENTED_EDGE('',*,*,#3144,.F.);
#4726=ORIENTED_EDGE('',*,*,#3326,.F.);
#4727=ORIENTED_EDGE('',*,*,#2816,.F.);
#4728=ORIENTED_EDGE('',*,*,#3326,.T.);
#4729=ORIENTED_EDGE('',*,*,#3143,.F.);
#4730=ORIENTED_EDGE('',*,*,#3327,.F.);
#4731=ORIENTED_EDGE('',*,*,#2817,.F.);
#4732=ORIENTED_EDGE('',*,*,#3327,.T.);
#4733=ORIENTED_EDGE('',*,*,#3142,.F.);
#4734=ORIENTED_EDGE('',*,*,#3328,.F.);
#4735=ORIENTED_EDGE('',*,*,#2818,.F.);
#4736=ORIENTED_EDGE('',*,*,#3328,.T.);
#4737=ORIENTED_EDGE('',*,*,#3141,.F.);
#4738=ORIENTED_EDGE('',*,*,#3329,.F.);
#4739=ORIENTED_EDGE('',*,*,#2819,.F.);
#4740=ORIENTED_EDGE('',*,*,#3329,.T.);
#4741=ORIENTED_EDGE('',*,*,#3140,.F.);
#4742=ORIENTED_EDGE('',*,*,#3330,.F.);
#4743=ORIENTED_EDGE('',*,*,#2820,.F.);
#4744=ORIENTED_EDGE('',*,*,#3330,.T.);
#4745=ORIENTED_EDGE('',*,*,#3139,.F.);
#4746=ORIENTED_EDGE('',*,*,#3331,.F.);
#4747=ORIENTED_EDGE('',*,*,#2821,.F.);
#4748=ORIENTED_EDGE('',*,*,#3331,.T.);
#4749=ORIENTED_EDGE('',*,*,#3138,.F.);
#4750=ORIENTED_EDGE('',*,*,#3332,.F.);
#4751=ORIENTED_EDGE('',*,*,#2822,.F.);
#4752=ORIENTED_EDGE('',*,*,#3332,.T.);
#4753=ORIENTED_EDGE('',*,*,#3137,.F.);
#4754=ORIENTED_EDGE('',*,*,#3333,.F.);
#4755=ORIENTED_EDGE('',*,*,#2823,.F.);
#4756=ORIENTED_EDGE('',*,*,#3333,.T.);
#4757=ORIENTED_EDGE('',*,*,#3136,.F.);
#4758=ORIENTED_EDGE('',*,*,#3334,.F.);
#4759=ORIENTED_EDGE('',*,*,#2824,.F.);
#4760=ORIENTED_EDGE('',*,*,#3334,.T.);
#4761=ORIENTED_EDGE('',*,*,#3135,.F.);
#4762=ORIENTED_EDGE('',*,*,#3335,.F.);
#4763=ORIENTED_EDGE('',*,*,#2825,.F.);
#4764=ORIENTED_EDGE('',*,*,#3335,.T.);
#4765=ORIENTED_EDGE('',*,*,#3134,.F.);
#4766=ORIENTED_EDGE('',*,*,#3336,.F.);
#4767=ORIENTED_EDGE('',*,*,#2826,.F.);
#4768=ORIENTED_EDGE('',*,*,#3336,.T.);
#4769=ORIENTED_EDGE('',*,*,#3133,.F.);
#4770=ORIENTED_EDGE('',*,*,#3337,.F.);
#4771=ORIENTED_EDGE('',*,*,#2827,.F.);
#4772=ORIENTED_EDGE('',*,*,#3337,.T.);
#4773=ORIENTED_EDGE('',*,*,#3132,.F.);
#4774=ORIENTED_EDGE('',*,*,#3338,.F.);
#4775=ORIENTED_EDGE('',*,*,#2828,.F.);
#4776=ORIENTED_EDGE('',*,*,#3338,.T.);
#4777=ORIENTED_EDGE('',*,*,#3131,.F.);
#4778=ORIENTED_EDGE('',*,*,#3244,.F.);
#4779=ORIENTED_EDGE('',*,*,#2830,.F.);
#4780=ORIENTED_EDGE('',*,*,#3243,.T.);
#4781=ORIENTED_EDGE('',*,*,#3121,.F.);
#4782=ORIENTED_EDGE('',*,*,#3339,.F.);
#4783=ORIENTED_EDGE('',*,*,#2831,.F.);
#4784=ORIENTED_EDGE('',*,*,#3339,.T.);
#4785=ORIENTED_EDGE('',*,*,#3120,.F.);
#4786=ORIENTED_EDGE('',*,*,#2978,.F.);
#4787=ORIENTED_EDGE('',*,*,#2982,.T.);
#4788=ORIENTED_EDGE('',*,*,#3207,.F.);
#4789=ORIENTED_EDGE('',*,*,#3340,.F.);
#4790=ORIENTED_EDGE('',*,*,#2835,.F.);
#4791=ORIENTED_EDGE('',*,*,#2836,.F.);
#4792=ORIENTED_EDGE('',*,*,#3340,.T.);
#4793=ORIENTED_EDGE('',*,*,#3206,.F.);
#4794=ORIENTED_EDGE('',*,*,#3341,.F.);
#4795=ORIENTED_EDGE('',*,*,#2837,.F.);
#4796=ORIENTED_EDGE('',*,*,#3341,.T.);
#4797=ORIENTED_EDGE('',*,*,#3205,.F.);
#4798=ORIENTED_EDGE('',*,*,#3342,.F.);
#4799=ORIENTED_EDGE('',*,*,#2838,.F.);
#4800=ORIENTED_EDGE('',*,*,#3342,.T.);
#4801=ORIENTED_EDGE('',*,*,#3204,.F.);
#4802=ORIENTED_EDGE('',*,*,#3343,.F.);
#4803=ORIENTED_EDGE('',*,*,#2839,.F.);
#4804=ORIENTED_EDGE('',*,*,#3343,.T.);
#4805=ORIENTED_EDGE('',*,*,#3203,.F.);
#4806=ORIENTED_EDGE('',*,*,#3344,.F.);
#4807=ORIENTED_EDGE('',*,*,#2840,.F.);
#4808=ORIENTED_EDGE('',*,*,#3344,.T.);
#4809=ORIENTED_EDGE('',*,*,#3202,.F.);
#4810=ORIENTED_EDGE('',*,*,#3345,.F.);
#4811=ORIENTED_EDGE('',*,*,#2841,.F.);
#4812=ORIENTED_EDGE('',*,*,#3345,.T.);
#4813=ORIENTED_EDGE('',*,*,#3201,.F.);
#4814=ORIENTED_EDGE('',*,*,#3346,.F.);
#4815=ORIENTED_EDGE('',*,*,#2842,.F.);
#4816=ORIENTED_EDGE('',*,*,#3346,.T.);
#4817=ORIENTED_EDGE('',*,*,#3200,.F.);
#4818=ORIENTED_EDGE('',*,*,#3347,.F.);
#4819=ORIENTED_EDGE('',*,*,#2843,.F.);
#4820=ORIENTED_EDGE('',*,*,#3347,.T.);
#4821=ORIENTED_EDGE('',*,*,#3199,.F.);
#4822=ORIENTED_EDGE('',*,*,#3348,.F.);
#4823=ORIENTED_EDGE('',*,*,#2844,.F.);
#4824=ORIENTED_EDGE('',*,*,#3348,.T.);
#4825=ORIENTED_EDGE('',*,*,#3198,.F.);
#4826=ORIENTED_EDGE('',*,*,#3349,.F.);
#4827=ORIENTED_EDGE('',*,*,#2845,.F.);
#4828=ORIENTED_EDGE('',*,*,#3349,.T.);
#4829=ORIENTED_EDGE('',*,*,#3197,.F.);
#4830=ORIENTED_EDGE('',*,*,#3350,.F.);
#4831=ORIENTED_EDGE('',*,*,#2846,.F.);
#4832=ORIENTED_EDGE('',*,*,#3350,.T.);
#4833=ORIENTED_EDGE('',*,*,#3196,.F.);
#4834=ORIENTED_EDGE('',*,*,#3351,.F.);
#4835=ORIENTED_EDGE('',*,*,#2847,.F.);
#4836=ORIENTED_EDGE('',*,*,#3351,.T.);
#4837=ORIENTED_EDGE('',*,*,#3195,.F.);
#4838=ORIENTED_EDGE('',*,*,#3352,.F.);
#4839=ORIENTED_EDGE('',*,*,#2848,.F.);
#4840=ORIENTED_EDGE('',*,*,#3352,.T.);
#4841=ORIENTED_EDGE('',*,*,#3194,.F.);
#4842=ORIENTED_EDGE('',*,*,#3353,.F.);
#4843=ORIENTED_EDGE('',*,*,#2849,.F.);
#4844=ORIENTED_EDGE('',*,*,#3353,.T.);
#4845=ORIENTED_EDGE('',*,*,#3193,.F.);
#4846=ORIENTED_EDGE('',*,*,#3354,.F.);
#4847=ORIENTED_EDGE('',*,*,#3118,.F.);
#4848=ORIENTED_EDGE('',*,*,#3224,.F.);
#4849=ORIENTED_EDGE('',*,*,#2850,.F.);
#4850=ORIENTED_EDGE('',*,*,#3354,.T.);
#4851=ORIENTED_EDGE('',*,*,#3192,.F.);
#4852=ORIENTED_EDGE('',*,*,#3091,.F.);
#4853=ORIENTED_EDGE('',*,*,#3191,.F.);
#4854=ORIENTED_EDGE('',*,*,#3355,.T.);
#4855=ORIENTED_EDGE('',*,*,#3008,.T.);
#4856=ORIENTED_EDGE('',*,*,#3355,.F.);
#4857=ORIENTED_EDGE('',*,*,#3190,.F.);
#4858=ORIENTED_EDGE('',*,*,#3356,.T.);
#4859=ORIENTED_EDGE('',*,*,#3009,.T.);
#4860=ORIENTED_EDGE('',*,*,#3356,.F.);
#4861=ORIENTED_EDGE('',*,*,#3189,.F.);
#4862=ORIENTED_EDGE('',*,*,#3357,.T.);
#4863=ORIENTED_EDGE('',*,*,#3010,.T.);
#4864=ORIENTED_EDGE('',*,*,#3357,.F.);
#4865=ORIENTED_EDGE('',*,*,#3188,.F.);
#4866=ORIENTED_EDGE('',*,*,#3358,.T.);
#4867=ORIENTED_EDGE('',*,*,#3011,.T.);
#4868=ORIENTED_EDGE('',*,*,#3358,.F.);
#4869=ORIENTED_EDGE('',*,*,#3187,.F.);
#4870=ORIENTED_EDGE('',*,*,#3359,.T.);
#4871=ORIENTED_EDGE('',*,*,#3012,.T.);
#4872=ORIENTED_EDGE('',*,*,#3359,.F.);
#4873=ORIENTED_EDGE('',*,*,#3186,.F.);
#4874=ORIENTED_EDGE('',*,*,#3360,.T.);
#4875=ORIENTED_EDGE('',*,*,#3013,.T.);
#4876=ORIENTED_EDGE('',*,*,#3360,.F.);
#4877=ORIENTED_EDGE('',*,*,#3185,.F.);
#4878=ORIENTED_EDGE('',*,*,#3361,.T.);
#4879=ORIENTED_EDGE('',*,*,#3014,.T.);
#4880=ORIENTED_EDGE('',*,*,#3361,.F.);
#4881=ORIENTED_EDGE('',*,*,#3184,.F.);
#4882=ORIENTED_EDGE('',*,*,#3362,.T.);
#4883=ORIENTED_EDGE('',*,*,#3015,.T.);
#4884=ORIENTED_EDGE('',*,*,#3362,.F.);
#4885=ORIENTED_EDGE('',*,*,#3183,.F.);
#4886=ORIENTED_EDGE('',*,*,#3363,.T.);
#4887=ORIENTED_EDGE('',*,*,#3016,.T.);
#4888=ORIENTED_EDGE('',*,*,#3363,.F.);
#4889=ORIENTED_EDGE('',*,*,#3182,.F.);
#4890=ORIENTED_EDGE('',*,*,#3364,.T.);
#4891=ORIENTED_EDGE('',*,*,#3017,.T.);
#4892=ORIENTED_EDGE('',*,*,#3364,.F.);
#4893=ORIENTED_EDGE('',*,*,#3181,.F.);
#4894=ORIENTED_EDGE('',*,*,#3365,.T.);
#4895=ORIENTED_EDGE('',*,*,#3018,.T.);
#4896=ORIENTED_EDGE('',*,*,#3365,.F.);
#4897=ORIENTED_EDGE('',*,*,#3180,.F.);
#4898=ORIENTED_EDGE('',*,*,#3366,.T.);
#4899=ORIENTED_EDGE('',*,*,#3019,.T.);
#4900=ORIENTED_EDGE('',*,*,#3366,.F.);
#4901=ORIENTED_EDGE('',*,*,#3179,.F.);
#4902=ORIENTED_EDGE('',*,*,#3367,.T.);
#4903=ORIENTED_EDGE('',*,*,#3020,.T.);
#4904=ORIENTED_EDGE('',*,*,#3367,.F.);
#4905=ORIENTED_EDGE('',*,*,#3178,.F.);
#4906=ORIENTED_EDGE('',*,*,#3368,.T.);
#4907=ORIENTED_EDGE('',*,*,#3021,.T.);
#4908=ORIENTED_EDGE('',*,*,#2970,.T.);
#4909=ORIENTED_EDGE('',*,*,#3022,.T.);
#4910=ORIENTED_EDGE('',*,*,#3368,.F.);
#4911=ORIENTED_EDGE('',*,*,#3177,.F.);
#4912=ORIENTED_EDGE('',*,*,#2975,.F.);
#4913=ORIENTED_EDGE('',*,*,#3176,.F.);
#4914=ORIENTED_EDGE('',*,*,#3369,.T.);
#4915=ORIENTED_EDGE('',*,*,#3023,.T.);
#4916=ORIENTED_EDGE('',*,*,#3369,.F.);
#4917=ORIENTED_EDGE('',*,*,#3175,.F.);
#4918=ORIENTED_EDGE('',*,*,#3370,.T.);
#4919=ORIENTED_EDGE('',*,*,#3024,.T.);
#4920=ORIENTED_EDGE('',*,*,#3370,.F.);
#4921=ORIENTED_EDGE('',*,*,#3174,.F.);
#4922=ORIENTED_EDGE('',*,*,#3371,.T.);
#4923=ORIENTED_EDGE('',*,*,#3025,.T.);
#4924=ORIENTED_EDGE('',*,*,#3371,.F.);
#4925=ORIENTED_EDGE('',*,*,#3173,.F.);
#4926=ORIENTED_EDGE('',*,*,#3372,.T.);
#4927=ORIENTED_EDGE('',*,*,#3026,.T.);
#4928=ORIENTED_EDGE('',*,*,#3372,.F.);
#4929=ORIENTED_EDGE('',*,*,#3172,.F.);
#4930=ORIENTED_EDGE('',*,*,#3373,.T.);
#4931=ORIENTED_EDGE('',*,*,#3027,.T.);
#4932=ORIENTED_EDGE('',*,*,#3373,.F.);
#4933=ORIENTED_EDGE('',*,*,#3171,.F.);
#4934=ORIENTED_EDGE('',*,*,#3374,.T.);
#4935=ORIENTED_EDGE('',*,*,#3028,.T.);
#4936=ORIENTED_EDGE('',*,*,#3374,.F.);
#4937=ORIENTED_EDGE('',*,*,#3170,.F.);
#4938=ORIENTED_EDGE('',*,*,#3375,.T.);
#4939=ORIENTED_EDGE('',*,*,#3029,.T.);
#4940=ORIENTED_EDGE('',*,*,#3375,.F.);
#4941=ORIENTED_EDGE('',*,*,#3169,.F.);
#4942=ORIENTED_EDGE('',*,*,#3376,.T.);
#4943=ORIENTED_EDGE('',*,*,#3030,.T.);
#4944=ORIENTED_EDGE('',*,*,#3376,.F.);
#4945=ORIENTED_EDGE('',*,*,#3168,.F.);
#4946=ORIENTED_EDGE('',*,*,#3377,.T.);
#4947=ORIENTED_EDGE('',*,*,#3031,.T.);
#4948=ORIENTED_EDGE('',*,*,#3377,.F.);
#4949=ORIENTED_EDGE('',*,*,#3167,.F.);
#4950=ORIENTED_EDGE('',*,*,#3378,.T.);
#4951=ORIENTED_EDGE('',*,*,#3032,.T.);
#4952=ORIENTED_EDGE('',*,*,#3378,.F.);
#4953=ORIENTED_EDGE('',*,*,#3166,.F.);
#4954=ORIENTED_EDGE('',*,*,#3379,.T.);
#4955=ORIENTED_EDGE('',*,*,#3033,.T.);
#4956=ORIENTED_EDGE('',*,*,#3379,.F.);
#4957=ORIENTED_EDGE('',*,*,#3165,.F.);
#4958=ORIENTED_EDGE('',*,*,#3380,.T.);
#4959=ORIENTED_EDGE('',*,*,#3034,.T.);
#4960=ORIENTED_EDGE('',*,*,#3380,.F.);
#4961=ORIENTED_EDGE('',*,*,#3164,.F.);
#4962=ORIENTED_EDGE('',*,*,#3381,.T.);
#4963=ORIENTED_EDGE('',*,*,#3035,.T.);
#4964=ORIENTED_EDGE('',*,*,#3381,.F.);
#4965=ORIENTED_EDGE('',*,*,#3163,.F.);
#4966=ORIENTED_EDGE('',*,*,#3382,.T.);
#4967=ORIENTED_EDGE('',*,*,#3036,.T.);
#4968=ORIENTED_EDGE('',*,*,#3382,.F.);
#4969=ORIENTED_EDGE('',*,*,#3162,.F.);
#4970=ORIENTED_EDGE('',*,*,#3383,.T.);
#4971=ORIENTED_EDGE('',*,*,#3037,.T.);
#4972=ORIENTED_EDGE('',*,*,#3383,.F.);
#4973=ORIENTED_EDGE('',*,*,#3161,.F.);
#4974=ORIENTED_EDGE('',*,*,#3384,.T.);
#4975=ORIENTED_EDGE('',*,*,#3038,.T.);
#4976=ORIENTED_EDGE('',*,*,#3384,.F.);
#4977=ORIENTED_EDGE('',*,*,#3160,.F.);
#4978=ORIENTED_EDGE('',*,*,#3385,.T.);
#4979=ORIENTED_EDGE('',*,*,#3039,.T.);
#4980=ORIENTED_EDGE('',*,*,#3385,.F.);
#4981=ORIENTED_EDGE('',*,*,#3159,.F.);
#4982=ORIENTED_EDGE('',*,*,#3386,.T.);
#4983=ORIENTED_EDGE('',*,*,#3040,.T.);
#4984=ORIENTED_EDGE('',*,*,#3386,.F.);
#4985=ORIENTED_EDGE('',*,*,#3158,.F.);
#4986=ORIENTED_EDGE('',*,*,#3387,.T.);
#4987=ORIENTED_EDGE('',*,*,#3041,.T.);
#4988=ORIENTED_EDGE('',*,*,#3387,.F.);
#4989=ORIENTED_EDGE('',*,*,#3157,.F.);
#4990=ORIENTED_EDGE('',*,*,#3388,.T.);
#4991=ORIENTED_EDGE('',*,*,#3042,.T.);
#4992=ORIENTED_EDGE('',*,*,#3388,.F.);
#4993=ORIENTED_EDGE('',*,*,#3156,.F.);
#4994=ORIENTED_EDGE('',*,*,#3389,.T.);
#4995=ORIENTED_EDGE('',*,*,#3043,.T.);
#4996=ORIENTED_EDGE('',*,*,#3389,.F.);
#4997=ORIENTED_EDGE('',*,*,#3155,.F.);
#4998=ORIENTED_EDGE('',*,*,#3390,.T.);
#4999=ORIENTED_EDGE('',*,*,#3044,.T.);
#5000=ORIENTED_EDGE('',*,*,#3390,.F.);
#5001=ORIENTED_EDGE('',*,*,#3154,.F.);
#5002=ORIENTED_EDGE('',*,*,#3391,.T.);
#5003=ORIENTED_EDGE('',*,*,#3045,.T.);
#5004=ORIENTED_EDGE('',*,*,#3391,.F.);
#5005=ORIENTED_EDGE('',*,*,#3153,.F.);
#5006=ORIENTED_EDGE('',*,*,#3104,.T.);
#5007=ORIENTED_EDGE('',*,*,#3046,.T.);
#5008=ORIENTED_EDGE('',*,*,#3213,.T.);
#5009=ORIENTED_EDGE('',*,*,#3109,.F.);
#5010=ORIENTED_EDGE('',*,*,#3218,.T.);
#5011=ORIENTED_EDGE('',*,*,#3094,.F.);
#5012=ORIENTED_EDGE('',*,*,#3392,.T.);
#5013=ORIENTED_EDGE('',*,*,#3393,.T.);
#5014=ORIENTED_EDGE('',*,*,#3394,.T.);
#5015=ORIENTED_EDGE('',*,*,#3393,.F.);
#5016=ORIENTED_EDGE('',*,*,#3394,.F.);
#5017=ORIENTED_EDGE('',*,*,#3392,.F.);
#5018=ORIENTED_EDGE('',*,*,#3395,.F.);
#5019=ORIENTED_EDGE('',*,*,#3396,.T.);
#5020=ORIENTED_EDGE('',*,*,#3397,.T.);
#5021=ORIENTED_EDGE('',*,*,#3395,.T.);
#5022=ORIENTED_EDGE('',*,*,#3397,.F.);
#5023=ORIENTED_EDGE('',*,*,#3396,.F.);
#5024=PLANE('',#5444);
#5025=PLANE('',#5448);
#5026=PLANE('',#5452);
#5027=PLANE('',#5453);
#5028=PLANE('',#5463);
#5029=PLANE('',#5474);
#5030=PLANE('',#5485);
#5031=PLANE('',#5496);
#5032=PLANE('',#5507);
#5033=PLANE('',#5518);
#5034=PLANE('',#5530);
#5035=PLANE('',#5532);
#5036=PLANE('',#5533);
#5037=PLANE('',#5534);
#5038=PLANE('',#5535);
#5039=PLANE('',#5540);
#5040=PLANE('',#5541);
#5041=PLANE('',#5584);
#5042=PLANE('',#5591);
#5043=PLANE('',#5679);
#5044=PLANE('',#5692);
#5045=PLANE('',#5694);
#5046=PLANE('',#5696);
#5047=PLANE('',#5698);
#5048=PLANE('',#5700);
#5049=PLANE('',#5702);
#5050=PLANE('',#5704);
#5051=PLANE('',#5714);
#5052=PLANE('',#5716);
#5053=PLANE('',#5736);
#5054=PLANE('',#5783);
#5055=PLANE('',#5789);
#5056=PLANE('',#5799);
#5057=PLANE('',#5808);
#5058=PLANE('',#5856);
#5059=PLANE('',#5859);
#5060=PLANE('',#5864);
#5061=PLANE('',#5866);
#5062=PLANE('',#5868);
#5063=PLANE('',#5871);
#5064=PLANE('',#5875);
#5065=PLANE('',#5878);
#5066=PLANE('',#5880);
#5067=PLANE('',#5881);
#5068=PLANE('',#5884);
#5069=PLANE('',#5885);
#5070=PLANE('',#5890);
#5071=PLANE('',#5892);
#5072=PLANE('',#5894);
#5073=PLANE('',#5896);
#5074=PLANE('',#5899);
#5075=PLANE('',#5901);
#5076=PLANE('',#5903);
#5077=PLANE('',#5905);
#5078=PLANE('',#5907);
#5079=PLANE('',#5909);
#5080=PLANE('',#5911);
#5081=PLANE('',#5914);
#5082=PLANE('',#5917);
#5083=PLANE('',#5919);
#5084=PLANE('',#5921);
#5085=PLANE('',#5923);
#5086=PLANE('',#5925);
#5087=PLANE('',#5927);
#5088=PLANE('',#5929);
#5089=PLANE('',#5931);
#5090=PLANE('',#5933);
#5091=PLANE('',#5934);
#5092=PLANE('',#5936);
#5093=PLANE('',#5938);
#5094=PLANE('',#5940);
#5095=PLANE('',#5943);
#5096=PLANE('',#5946);
#5097=PLANE('',#5948);
#5098=PLANE('',#5950);
#5099=PLANE('',#5952);
#5100=PLANE('',#5954);
#5101=PLANE('',#5956);
#5102=PLANE('',#5959);
#5103=PLANE('',#5961);
#5104=PLANE('',#5964);
#5105=PLANE('',#5966);
#5106=PLANE('',#5968);
#5107=PLANE('',#5970);
#5108=PLANE('',#5972);
#5109=PLANE('',#5974);
#5110=PLANE('',#5976);
#5111=PLANE('',#5979);
#5112=PLANE('',#5982);
#5113=PLANE('',#5983);
#5114=PLANE('',#5985);
#5115=PLANE('',#5987);
#5116=PLANE('',#5989);
#5117=PLANE('',#5991);
#5118=PLANE('',#5993);
#5119=PLANE('',#5995);
#5120=PLANE('',#5997);
#5121=PLANE('',#5999);
#5122=PLANE('',#6001);
#5123=PLANE('',#6003);
#5124=PLANE('',#6005);
#5125=PLANE('',#6007);
#5126=PLANE('',#6009);
#5127=PLANE('',#6011);
#5128=PLANE('',#6013);
#5129=PLANE('',#6014);
#5130=PLANE('',#6016);
#5131=PLANE('',#6018);
#5132=PLANE('',#6021);
#5133=PLANE('',#6023);
#5134=PLANE('',#6025);
#5135=PLANE('',#6027);
#5136=PLANE('',#6029);
#5137=PLANE('',#6031);
#5138=PLANE('',#6033);
#5139=PLANE('',#6036);
#5140=PLANE('',#6042);
#5141=PLANE('',#6043);
#5142=PLANE('',#6044);
#5143=PLANE('',#6048);
#5144=ADVANCED_FACE('',(#1163),#5024,.T.);
#5145=ADVANCED_FACE('',(#1164),#1002,.F.);
#5146=ADVANCED_FACE('',(#1165),#5025,.F.);
#5147=ADVANCED_FACE('',(#1166),#1003,.F.);
#5148=ADVANCED_FACE('',(#1167),#5026,.T.);
#5149=ADVANCED_FACE('',(#1168),#5027,.F.);
#5150=ADVANCED_FACE('',(#1169),#1004,.T.);
#5151=ADVANCED_FACE('',(#1170),#1005,.F.);
#5152=ADVANCED_FACE('',(#1171),#1006,.T.);
#5153=ADVANCED_FACE('',(#1172),#5028,.T.);
#5154=ADVANCED_FACE('',(#1173),#1007,.T.);
#5155=ADVANCED_FACE('',(#1174),#1008,.F.);
#5156=ADVANCED_FACE('',(#1175),#1009,.T.);
#5157=ADVANCED_FACE('',(#1176),#5029,.T.);
#5158=ADVANCED_FACE('',(#1177),#1010,.T.);
#5159=ADVANCED_FACE('',(#1178),#1011,.F.);
#5160=ADVANCED_FACE('',(#1179),#1012,.T.);
#5161=ADVANCED_FACE('',(#1180),#5030,.T.);
#5162=ADVANCED_FACE('',(#1181),#1013,.T.);
#5163=ADVANCED_FACE('',(#1182),#1014,.F.);
#5164=ADVANCED_FACE('',(#1183),#1015,.T.);
#5165=ADVANCED_FACE('',(#1184),#5031,.T.);
#5166=ADVANCED_FACE('',(#1185),#1016,.T.);
#5167=ADVANCED_FACE('',(#1186),#1017,.F.);
#5168=ADVANCED_FACE('',(#1187),#1018,.T.);
#5169=ADVANCED_FACE('',(#1188),#5032,.T.);
#5170=ADVANCED_FACE('',(#1189),#1019,.T.);
#5171=ADVANCED_FACE('',(#1190),#1020,.F.);
#5172=ADVANCED_FACE('',(#1191),#1021,.T.);
#5173=ADVANCED_FACE('',(#1192),#5033,.T.);
#5174=ADVANCED_FACE('',(#1193),#1022,.T.);
#5175=ADVANCED_FACE('',(#1194),#1023,.F.);
#5176=ADVANCED_FACE('',(#1195),#1024,.T.);
#5177=ADVANCED_FACE('',(#1196),#5034,.T.);
#5178=ADVANCED_FACE('',(#1197),#5035,.T.);
#5179=ADVANCED_FACE('',(#1198),#5036,.T.);
#5180=ADVANCED_FACE('',(#1199),#5037,.T.);
#5181=ADVANCED_FACE('',(#1200),#5038,.T.);
#5182=ADVANCED_FACE('',(#1201),#1025,.T.);
#5183=ADVANCED_FACE('',(#1202),#5039,.T.);
#5184=ADVANCED_FACE('',(#1203,#26),#5040,.T.);
#5185=ADVANCED_FACE('',(#1204),#5041,.T.);
#5186=ADVANCED_FACE('',(#1205),#1026,.T.);
#5187=ADVANCED_FACE('',(#1206),#1027,.F.);
#5188=ADVANCED_FACE('',(#1207,#27),#5042,.F.);
#5189=ADVANCED_FACE('',(#1208),#1028,.T.);
#5190=ADVANCED_FACE('',(#1209),#1029,.T.);
#5191=ADVANCED_FACE('',(#1210),#1030,.F.);
#5192=ADVANCED_FACE('',(#1211),#1031,.T.);
#5193=ADVANCED_FACE('',(#1212),#1032,.T.);
#5194=ADVANCED_FACE('',(#1213),#1033,.F.);
#5195=ADVANCED_FACE('',(#1214),#1034,.T.);
#5196=ADVANCED_FACE('',(#1215),#1035,.T.);
#5197=ADVANCED_FACE('',(#1216),#1036,.F.);
#5198=ADVANCED_FACE('',(#1217),#1037,.T.);
#5199=ADVANCED_FACE('',(#1218),#1038,.T.);
#5200=ADVANCED_FACE('',(#1219),#1039,.F.);
#5201=ADVANCED_FACE('',(#1220),#1040,.T.);
#5202=ADVANCED_FACE('',(#1221),#5043,.T.);
#5203=ADVANCED_FACE('',(#1222),#1041,.T.);
#5204=ADVANCED_FACE('',(#1223),#1042,.F.);
#5205=ADVANCED_FACE('',(#1224),#1043,.T.);
#5206=ADVANCED_FACE('',(#1225),#1044,.T.);
#5207=ADVANCED_FACE('',(#1226),#1045,.F.);
#5208=ADVANCED_FACE('',(#1227),#1046,.T.);
#5209=ADVANCED_FACE('',(#1228),#5044,.T.);
#5210=ADVANCED_FACE('',(#1229),#5045,.T.);
#5211=ADVANCED_FACE('',(#1230),#5046,.T.);
#5212=ADVANCED_FACE('',(#1231),#5047,.T.);
#5213=ADVANCED_FACE('',(#1232),#5048,.T.);
#5214=ADVANCED_FACE('',(#1233),#5049,.T.);
#5215=ADVANCED_FACE('',(#1234),#5050,.T.);
#5216=ADVANCED_FACE('',(#1235),#1047,.F.);
#5217=ADVANCED_FACE('',(#1236),#1048,.F.);
#5218=ADVANCED_FACE('',(#1237),#1049,.F.);
#5219=ADVANCED_FACE('',(#1238),#1050,.F.);
#5220=ADVANCED_FACE('',(#1239),#1051,.F.);
#5221=ADVANCED_FACE('',(#1240),#1052,.F.);
#5222=ADVANCED_FACE('',(#1241),#1053,.F.);
#5223=ADVANCED_FACE('',(#1242),#1054,.F.);
#5224=ADVANCED_FACE('',(#1243),#5051,.T.);
#5225=ADVANCED_FACE('',(#1244),#1055,.T.);
#5226=ADVANCED_FACE('',(#1245),#5052,.T.);
#5227=ADVANCED_FACE('',(#1246),#1056,.T.);
#5228=ADVANCED_FACE('',(#1247),#1057,.F.);
#5229=ADVANCED_FACE('',(#1248),#1058,.T.);
#5230=ADVANCED_FACE('',(#1249),#1059,.F.);
#5231=ADVANCED_FACE('',(#1250),#1060,.T.);
#5232=ADVANCED_FACE('',(#1251),#1061,.F.);
#5233=ADVANCED_FACE('',(#1252),#1062,.F.);
#5234=ADVANCED_FACE('',(#1253),#1063,.T.);
#5235=ADVANCED_FACE('',(#1254),#1064,.F.);
#5236=ADVANCED_FACE('',(#1255),#5053,.T.);
#5237=ADVANCED_FACE('',(#1256),#5054,.F.);
#5238=ADVANCED_FACE('',(#1257),#1065,.T.);
#5239=ADVANCED_FACE('',(#1258),#1066,.T.);
#5240=ADVANCED_FACE('',(#1259),#5055,.T.);
#5241=ADVANCED_FACE('',(#1260),#1067,.T.);
#5242=ADVANCED_FACE('',(#1261),#1068,.F.);
#5243=ADVANCED_FACE('',(#1262),#5056,.T.);
#5244=ADVANCED_FACE('',(#1263),#1069,.T.);
#5245=ADVANCED_FACE('',(#1264),#1070,.F.);
#5246=ADVANCED_FACE('',(#1265),#1071,.T.);
#5247=ADVANCED_FACE('',(#1266),#5057,.F.);
#5248=ADVANCED_FACE('',(#1267),#1072,.F.);
#5249=ADVANCED_FACE('',(#1268),#5058,.T.);
#5250=ADVANCED_FACE('',(#1269),#5059,.T.);
#5251=ADVANCED_FACE('',(#1270),#1073,.F.);
#5252=ADVANCED_FACE('',(#1271),#5060,.F.);
#5253=ADVANCED_FACE('',(#1272),#1074,.T.);
#5254=ADVANCED_FACE('',(#1273),#5061,.T.);
#5255=ADVANCED_FACE('',(#1274),#1075,.T.);
#5256=ADVANCED_FACE('',(#1275),#5062,.T.);
#5257=ADVANCED_FACE('',(#1276),#1076,.T.);
#5258=ADVANCED_FACE('',(#1277),#5063,.T.);
#5259=ADVANCED_FACE('',(#1278),#5064,.T.);
#5260=ADVANCED_FACE('',(#1279),#1077,.F.);
#5261=ADVANCED_FACE('',(#1280),#1078,.T.);
#5262=ADVANCED_FACE('',(#1281),#5065,.T.);
#5263=ADVANCED_FACE('',(#1282),#1079,.F.);
#5264=ADVANCED_FACE('',(#1283),#5066,.T.);
#5265=ADVANCED_FACE('',(#1284),#5067,.T.);
#5266=ADVANCED_FACE('',(#1285),#1080,.T.);
#5267=ADVANCED_FACE('',(#1286),#5068,.T.);
#5268=ADVANCED_FACE('',(#1287),#5069,.T.);
#5269=ADVANCED_FACE('',(#1288),#1081,.F.);
#5270=ADVANCED_FACE('',(#1289),#5070,.F.);
#5271=ADVANCED_FACE('',(#1290),#1082,.T.);
#5272=ADVANCED_FACE('',(#1291),#5071,.T.);
#5273=ADVANCED_FACE('',(#1292),#1083,.F.);
#5274=ADVANCED_FACE('',(#1293),#5072,.T.);
#5275=ADVANCED_FACE('',(#1294),#1084,.F.);
#5276=ADVANCED_FACE('',(#1295),#5073,.F.);
#5277=ADVANCED_FACE('',(#1296),#1085,.T.);
#5278=ADVANCED_FACE('',(#1297),#1086,.F.);
#5279=ADVANCED_FACE('',(#1298),#5074,.F.);
#5280=ADVANCED_FACE('',(#1299),#1087,.T.);
#5281=ADVANCED_FACE('',(#1300),#5075,.F.);
#5282=ADVANCED_FACE('',(#1301),#1088,.F.);
#5283=ADVANCED_FACE('',(#1302),#5076,.F.);
#5284=ADVANCED_FACE('',(#1303),#1089,.F.);
#5285=ADVANCED_FACE('',(#1304),#5077,.F.);
#5286=ADVANCED_FACE('',(#1305),#1090,.T.);
#5287=ADVANCED_FACE('',(#1306),#5078,.F.);
#5288=ADVANCED_FACE('',(#1307),#1091,.F.);
#5289=ADVANCED_FACE('',(#1308),#5079,.F.);
#5290=ADVANCED_FACE('',(#1309),#1092,.T.);
#5291=ADVANCED_FACE('',(#1310),#5080,.F.);
#5292=ADVANCED_FACE('',(#1311),#1093,.F.);
#5293=ADVANCED_FACE('',(#1312),#1094,.T.);
#5294=ADVANCED_FACE('',(#1313),#5081,.F.);
#5295=ADVANCED_FACE('',(#1314),#1095,.F.);
#5296=ADVANCED_FACE('',(#1315),#1096,.F.);
#5297=ADVANCED_FACE('',(#1316),#5082,.F.);
#5298=ADVANCED_FACE('',(#1317),#1097,.F.);
#5299=ADVANCED_FACE('',(#1318),#5083,.F.);
#5300=ADVANCED_FACE('',(#1319),#1098,.T.);
#5301=ADVANCED_FACE('',(#1320),#5084,.F.);
#5302=ADVANCED_FACE('',(#1321),#1099,.T.);
#5303=ADVANCED_FACE('',(#1322),#5085,.F.);
#5304=ADVANCED_FACE('',(#1323),#1100,.F.);
#5305=ADVANCED_FACE('',(#1324),#5086,.F.);
#5306=ADVANCED_FACE('',(#1325),#1101,.T.);
#5307=ADVANCED_FACE('',(#1326),#5087,.F.);
#5308=ADVANCED_FACE('',(#1327),#1102,.F.);
#5309=ADVANCED_FACE('',(#1328),#5088,.F.);
#5310=ADVANCED_FACE('',(#1329),#1103,.F.);
#5311=ADVANCED_FACE('',(#1330),#5089,.F.);
#5312=ADVANCED_FACE('',(#1331),#1104,.F.);
#5313=ADVANCED_FACE('',(#1332),#5090,.F.);
#5314=ADVANCED_FACE('',(#1333),#5091,.T.);
#5315=ADVANCED_FACE('',(#1334),#1105,.T.);
#5316=ADVANCED_FACE('',(#1335),#5092,.T.);
#5317=ADVANCED_FACE('',(#1336),#1106,.T.);
#5318=ADVANCED_FACE('',(#1337),#5093,.T.);
#5319=ADVANCED_FACE('',(#1338),#1107,.F.);
#5320=ADVANCED_FACE('',(#1339),#5094,.T.);
#5321=ADVANCED_FACE('',(#1340),#1108,.T.);
#5322=ADVANCED_FACE('',(#1341),#1109,.F.);
#5323=ADVANCED_FACE('',(#1342),#5095,.T.);
#5324=ADVANCED_FACE('',(#1343),#1110,.T.);
#5325=ADVANCED_FACE('',(#1344),#1111,.F.);
#5326=ADVANCED_FACE('',(#1345),#5096,.T.);
#5327=ADVANCED_FACE('',(#1346),#1112,.T.);
#5328=ADVANCED_FACE('',(#1347),#5097,.T.);
#5329=ADVANCED_FACE('',(#1348),#1113,.T.);
#5330=ADVANCED_FACE('',(#1349),#5098,.T.);
#5331=ADVANCED_FACE('',(#1350),#1114,.F.);
#5332=ADVANCED_FACE('',(#1351),#5099,.T.);
#5333=ADVANCED_FACE('',(#1352),#1115,.F.);
#5334=ADVANCED_FACE('',(#1353),#5100,.T.);
#5335=ADVANCED_FACE('',(#1354),#1116,.T.);
#5336=ADVANCED_FACE('',(#1355),#5101,.T.);
#5337=ADVANCED_FACE('',(#1356),#1117,.F.);
#5338=ADVANCED_FACE('',(#1357),#1118,.T.);
#5339=ADVANCED_FACE('',(#1358),#5102,.T.);
#5340=ADVANCED_FACE('',(#1359),#1119,.F.);
#5341=ADVANCED_FACE('',(#1360),#5103,.T.);
#5342=ADVANCED_FACE('',(#1361),#1120,.T.);
#5343=ADVANCED_FACE('',(#1362),#1121,.F.);
#5344=ADVANCED_FACE('',(#1363),#5104,.T.);
#5345=ADVANCED_FACE('',(#1364),#1122,.T.);
#5346=ADVANCED_FACE('',(#1365),#5105,.T.);
#5347=ADVANCED_FACE('',(#1366),#1123,.F.);
#5348=ADVANCED_FACE('',(#1367),#5106,.T.);
#5349=ADVANCED_FACE('',(#1368),#1124,.F.);
#5350=ADVANCED_FACE('',(#1369),#5107,.T.);
#5351=ADVANCED_FACE('',(#1370),#1125,.T.);
#5352=ADVANCED_FACE('',(#1371),#5108,.T.);
#5353=ADVANCED_FACE('',(#1372),#1126,.F.);
#5354=ADVANCED_FACE('',(#1373),#5109,.T.);
#5355=ADVANCED_FACE('',(#1374),#1127,.T.);
#5356=ADVANCED_FACE('',(#1375),#5110,.T.);
#5357=ADVANCED_FACE('',(#1376),#1128,.F.);
#5358=ADVANCED_FACE('',(#1377),#1129,.T.);
#5359=ADVANCED_FACE('',(#1378),#5111,.T.);
#5360=ADVANCED_FACE('',(#1379),#1130,.F.);
#5361=ADVANCED_FACE('',(#1380),#1131,.F.);
#5362=ADVANCED_FACE('',(#1381),#5112,.T.);
#5363=ADVANCED_FACE('',(#1382),#5113,.T.);
#5364=ADVANCED_FACE('',(#1383),#1132,.F.);
#5365=ADVANCED_FACE('',(#1384),#5114,.T.);
#5366=ADVANCED_FACE('',(#1385),#1133,.T.);
#5367=ADVANCED_FACE('',(#1386),#5115,.T.);
#5368=ADVANCED_FACE('',(#1387),#1134,.T.);
#5369=ADVANCED_FACE('',(#1388),#5116,.T.);
#5370=ADVANCED_FACE('',(#1389),#1135,.F.);
#5371=ADVANCED_FACE('',(#1390),#5117,.T.);
#5372=ADVANCED_FACE('',(#1391),#1136,.T.);
#5373=ADVANCED_FACE('',(#1392),#5118,.T.);
#5374=ADVANCED_FACE('',(#1393),#1137,.F.);
#5375=ADVANCED_FACE('',(#1394),#5119,.T.);
#5376=ADVANCED_FACE('',(#1395),#1138,.F.);
#5377=ADVANCED_FACE('',(#1396),#5120,.T.);
#5378=ADVANCED_FACE('',(#1397),#1139,.F.);
#5379=ADVANCED_FACE('',(#1398),#5121,.T.);
#5380=ADVANCED_FACE('',(#1399),#1140,.T.);
#5381=ADVANCED_FACE('',(#1400),#5122,.T.);
#5382=ADVANCED_FACE('',(#1401),#1141,.T.);
#5383=ADVANCED_FACE('',(#1402),#5123,.T.);
#5384=ADVANCED_FACE('',(#1403),#1142,.F.);
#5385=ADVANCED_FACE('',(#1404),#5124,.T.);
#5386=ADVANCED_FACE('',(#1405),#1143,.T.);
#5387=ADVANCED_FACE('',(#1406),#5125,.T.);
#5388=ADVANCED_FACE('',(#1407),#1144,.F.);
#5389=ADVANCED_FACE('',(#1408),#5126,.T.);
#5390=ADVANCED_FACE('',(#1409),#1145,.F.);
#5391=ADVANCED_FACE('',(#1410),#5127,.T.);
#5392=ADVANCED_FACE('',(#1411),#1146,.T.);
#5393=ADVANCED_FACE('',(#1412),#5128,.T.);
#5394=ADVANCED_FACE('',(#1413),#5129,.T.);
#5395=ADVANCED_FACE('',(#1414),#1147,.T.);
#5396=ADVANCED_FACE('',(#1415),#5130,.T.);
#5397=ADVANCED_FACE('',(#1416),#1148,.T.);
#5398=ADVANCED_FACE('',(#1417),#5131,.T.);
#5399=ADVANCED_FACE('',(#1418),#1149,.F.);
#5400=ADVANCED_FACE('',(#1419),#1150,.T.);
#5401=ADVANCED_FACE('',(#1420),#5132,.T.);
#5402=ADVANCED_FACE('',(#1421),#1151,.F.);
#5403=ADVANCED_FACE('',(#1422),#5133,.T.);
#5404=ADVANCED_FACE('',(#1423),#1152,.T.);
#5405=ADVANCED_FACE('',(#1424),#5134,.T.);
#5406=ADVANCED_FACE('',(#1425),#1153,.F.);
#5407=ADVANCED_FACE('',(#1426),#5135,.T.);
#5408=ADVANCED_FACE('',(#1427),#1154,.T.);
#5409=ADVANCED_FACE('',(#1428),#5136,.T.);
#5410=ADVANCED_FACE('',(#1429),#1155,.T.);
#5411=ADVANCED_FACE('',(#1430),#5137,.T.);
#5412=ADVANCED_FACE('',(#1431),#1156,.F.);
#5413=ADVANCED_FACE('',(#1432),#5138,.T.);
#5414=ADVANCED_FACE('',(#1433),#1157,.T.);
#5415=ADVANCED_FACE('',(#1434),#1158,.F.);
#5416=ADVANCED_FACE('',(#1435),#5139,.T.);
#5417=ADVANCED_FACE('',(#1436),#1159,.T.);
#5418=ADVANCED_FACE('',(#1437),#1160,.F.);
#5419=ADVANCED_FACE('',(#1438),#1161,.F.);
#5420=ADVANCED_FACE('',(#1439),#5140,.T.);
#5421=ADVANCED_FACE('',(#1440),#5141,.F.);
#5422=ADVANCED_FACE('',(#1441),#5142,.T.);
#5423=ADVANCED_FACE('',(#1442),#1162,.F.);
#5424=ADVANCED_FACE('',(#1443),#5143,.F.);
#5425=CLOSED_SHELL('',(#5144,#5145,#5146));
#5426=CLOSED_SHELL('',(#5147,#5148,#5149));
#5427=CLOSED_SHELL('',(#5150,#5151,#5152,#5153,#5154,#5155,#5156,#5157,
#5158,#5159,#5160,#5161,#5162,#5163,#5164,#5165,#5166,#5167,#5168,#5169,
#5170,#5171,#5172,#5173,#5174,#5175,#5176,#5177,#5178,#5179,#5180,#5181,
#5182,#5183,#5184,#5185,#5186,#5187,#5188,#5189,#5190,#5191,#5192,#5193,
#5194,#5195,#5196,#5197,#5198,#5199,#5200,#5201,#5202,#5203,#5204,#5205,
#5206,#5207,#5208,#5209,#5210,#5211,#5212,#5213,#5214,#5215,#5216,#5217,
#5218,#5219,#5220,#5221,#5222,#5223,#5224,#5225,#5226,#5227,#5228,#5229,
#5230,#5231,#5232,#5233,#5234,#5235,#5236,#5237,#5238,#5239,#5240,#5241,
#5242,#5243,#5244,#5245,#5246,#5247,#5248,#5249,#5250,#5251,#5252,#5253,
#5254,#5255,#5256,#5257,#5258,#5259,#5260,#5261,#5262,#5263,#5264,#5265,
#5266,#5267,#5268,#5269,#5270,#5271,#5272,#5273,#5274,#5275,#5276,#5277,
#5278,#5279,#5280,#5281,#5282,#5283,#5284,#5285,#5286,#5287,#5288,#5289,
#5290,#5291,#5292,#5293,#5294,#5295,#5296,#5297,#5298,#5299,#5300,#5301,
#5302,#5303,#5304,#5305,#5306,#5307,#5308,#5309,#5310,#5311,#5312,#5313,
#5314,#5315,#5316,#5317,#5318,#5319,#5320,#5321,#5322,#5323,#5324,#5325,
#5326,#5327,#5328,#5329,#5330,#5331,#5332,#5333,#5334,#5335,#5336,#5337,
#5338,#5339,#5340,#5341,#5342,#5343,#5344,#5345,#5346,#5347,#5348,#5349,
#5350,#5351,#5352,#5353,#5354,#5355,#5356,#5357,#5358,#5359,#5360,#5361,
#5362,#5363,#5364,#5365,#5366,#5367,#5368,#5369,#5370,#5371,#5372,#5373,
#5374,#5375,#5376,#5377,#5378,#5379,#5380,#5381,#5382,#5383,#5384,#5385,
#5386,#5387,#5388,#5389,#5390,#5391,#5392,#5393,#5394,#5395,#5396,#5397,
#5398,#5399,#5400,#5401,#5402,#5403,#5404,#5405,#5406,#5407,#5408,#5409,
#5410,#5411,#5412,#5413,#5414,#5415,#5416,#5417,#5418));
#5428=CLOSED_SHELL('',(#5419,#5420,#5421));
#5429=CLOSED_SHELL('',(#5422,#5423,#5424));
#5430=BREP_WITH_VOIDS('Body1',#5427,(#28,#29,#30,#31));
#5431=DERIVED_UNIT_ELEMENT(#5433,1.);
#5432=DERIVED_UNIT_ELEMENT(#9400,-3.);
#5433=(
MASS_UNIT()
NAMED_UNIT(*)
SI_UNIT(.KILO.,.GRAM.)
);
#5434=DERIVED_UNIT((#5431,#5432));
#5435=MEASURE_REPRESENTATION_ITEM('density measure',
POSITIVE_RATIO_MEASURE(7850.),#5434);
#5436=PROPERTY_DEFINITION_REPRESENTATION(#5441,#5438);
#5437=PROPERTY_DEFINITION_REPRESENTATION(#5442,#5439);
#5438=REPRESENTATION('material name',(#5440),#9397);
#5439=REPRESENTATION('density',(#5435),#9397);
#5440=DESCRIPTIVE_REPRESENTATION_ITEM('Steel','Steel');
#5441=PROPERTY_DEFINITION('material property','material name',#9407);
#5442=PROPERTY_DEFINITION('material property','density of part',#9407);
#5443=AXIS2_PLACEMENT_3D('',#7746,#6049,#6050);
#5444=AXIS2_PLACEMENT_3D('',#7747,#6051,#6052);
#5445=AXIS2_PLACEMENT_3D('',#7749,#6053,#6054);
#5446=AXIS2_PLACEMENT_3D('',#7750,#6055,#6056);
#5447=AXIS2_PLACEMENT_3D('',#7752,#6057,#6058);
#5448=AXIS2_PLACEMENT_3D('',#7754,#6060,#6061);
#5449=AXIS2_PLACEMENT_3D('',#7755,#6062,#6063);
#5450=AXIS2_PLACEMENT_3D('',#7757,#6064,#6065);
#5451=AXIS2_PLACEMENT_3D('',#7760,#6067,#6068);
#5452=AXIS2_PLACEMENT_3D('',#7761,#6069,#6070);
#5453=AXIS2_PLACEMENT_3D('',#7762,#6071,#6072);
#5454=AXIS2_PLACEMENT_3D('',#7763,#6073,#6074);
#5455=AXIS2_PLACEMENT_3D('',#7766,#6075,#6076);
#5456=AXIS2_PLACEMENT_3D('',#7770,#6078,#6079);
#5457=AXIS2_PLACEMENT_3D('',#7772,#6081,#6082);
#5458=AXIS2_PLACEMENT_3D('',#7774,#6083,#6084);
#5459=AXIS2_PLACEMENT_3D('',#7777,#6086,#6087);
#5460=AXIS2_PLACEMENT_3D('',#7778,#6088,#6089);
#5461=AXIS2_PLACEMENT_3D('',#7780,#6090,#6091);
#5462=AXIS2_PLACEMENT_3D('',#7783,#6093,#6094);
#5463=AXIS2_PLACEMENT_3D('',#7784,#6095,#6096);
#5464=AXIS2_PLACEMENT_3D('',#7789,#6099,#6100);
#5465=AXIS2_PLACEMENT_3D('',#7790,#6101,#6102);
#5466=AXIS2_PLACEMENT_3D('',#7793,#6103,#6104);
#5467=AXIS2_PLACEMENT_3D('',#7797,#6106,#6107);
#5468=AXIS2_PLACEMENT_3D('',#7799,#6109,#6110);
#5469=AXIS2_PLACEMENT_3D('',#7801,#6111,#6112);
#5470=AXIS2_PLACEMENT_3D('',#7804,#6114,#6115);
#5471=AXIS2_PLACEMENT_3D('',#7805,#6116,#6117);
#5472=AXIS2_PLACEMENT_3D('',#7807,#6118,#6119);
#5473=AXIS2_PLACEMENT_3D('',#7810,#6121,#6122);
#5474=AXIS2_PLACEMENT_3D('',#7811,#6123,#6124);
#5475=AXIS2_PLACEMENT_3D('',#7816,#6127,#6128);
#5476=AXIS2_PLACEMENT_3D('',#7817,#6129,#6130);
#5477=AXIS2_PLACEMENT_3D('',#7820,#6131,#6132);
#5478=AXIS2_PLACEMENT_3D('',#7824,#6134,#6135);
#5479=AXIS2_PLACEMENT_3D('',#7826,#6137,#6138);
#5480=AXIS2_PLACEMENT_3D('',#7828,#6139,#6140);
#5481=AXIS2_PLACEMENT_3D('',#7831,#6142,#6143);
#5482=AXIS2_PLACEMENT_3D('',#7832,#6144,#6145);
#5483=AXIS2_PLACEMENT_3D('',#7834,#6146,#6147);
#5484=AXIS2_PLACEMENT_3D('',#7837,#6149,#6150);
#5485=AXIS2_PLACEMENT_3D('',#7838,#6151,#6152);
#5486=AXIS2_PLACEMENT_3D('',#7843,#6155,#6156);
#5487=AXIS2_PLACEMENT_3D('',#7844,#6157,#6158);
#5488=AXIS2_PLACEMENT_3D('',#7847,#6159,#6160);
#5489=AXIS2_PLACEMENT_3D('',#7851,#6162,#6163);
#5490=AXIS2_PLACEMENT_3D('',#7853,#6165,#6166);
#5491=AXIS2_PLACEMENT_3D('',#7855,#6167,#6168);
#5492=AXIS2_PLACEMENT_3D('',#7858,#6170,#6171);
#5493=AXIS2_PLACEMENT_3D('',#7859,#6172,#6173);
#5494=AXIS2_PLACEMENT_3D('',#7861,#6174,#6175);
#5495=AXIS2_PLACEMENT_3D('',#7864,#6177,#6178);
#5496=AXIS2_PLACEMENT_3D('',#7865,#6179,#6180);
#5497=AXIS2_PLACEMENT_3D('',#7870,#6183,#6184);
#5498=AXIS2_PLACEMENT_3D('',#7871,#6185,#6186);
#5499=AXIS2_PLACEMENT_3D('',#7874,#6187,#6188);
#5500=AXIS2_PLACEMENT_3D('',#7878,#6190,#6191);
#5501=AXIS2_PLACEMENT_3D('',#7880,#6193,#6194);
#5502=AXIS2_PLACEMENT_3D('',#7882,#6195,#6196);
#5503=AXIS2_PLACEMENT_3D('',#7885,#6198,#6199);
#5504=AXIS2_PLACEMENT_3D('',#7886,#6200,#6201);
#5505=AXIS2_PLACEMENT_3D('',#7888,#6202,#6203);
#5506=AXIS2_PLACEMENT_3D('',#7891,#6205,#6206);
#5507=AXIS2_PLACEMENT_3D('',#7892,#6207,#6208);
#5508=AXIS2_PLACEMENT_3D('',#7897,#6211,#6212);
#5509=AXIS2_PLACEMENT_3D('',#7898,#6213,#6214);
#5510=AXIS2_PLACEMENT_3D('',#7901,#6215,#6216);
#5511=AXIS2_PLACEMENT_3D('',#7905,#6218,#6219);
#5512=AXIS2_PLACEMENT_3D('',#7907,#6221,#6222);
#5513=AXIS2_PLACEMENT_3D('',#7909,#6223,#6224);
#5514=AXIS2_PLACEMENT_3D('',#7912,#6226,#6227);
#5515=AXIS2_PLACEMENT_3D('',#7913,#6228,#6229);
#5516=AXIS2_PLACEMENT_3D('',#7915,#6230,#6231);
#5517=AXIS2_PLACEMENT_3D('',#7918,#6233,#6234);
#5518=AXIS2_PLACEMENT_3D('',#7919,#6235,#6236);
#5519=AXIS2_PLACEMENT_3D('',#7923,#6238,#6239);
#5520=AXIS2_PLACEMENT_3D('',#7926,#6241,#6242);
#5521=AXIS2_PLACEMENT_3D('',#7927,#6243,#6244);
#5522=AXIS2_PLACEMENT_3D('',#7930,#6245,#6246);
#5523=AXIS2_PLACEMENT_3D('',#7934,#6248,#6249);
#5524=AXIS2_PLACEMENT_3D('',#7936,#6251,#6252);
#5525=AXIS2_PLACEMENT_3D('',#7938,#6253,#6254);
#5526=AXIS2_PLACEMENT_3D('',#7941,#6256,#6257);
#5527=AXIS2_PLACEMENT_3D('',#7942,#6258,#6259);
#5528=AXIS2_PLACEMENT_3D('',#7944,#6260,#6261);
#5529=AXIS2_PLACEMENT_3D('',#7947,#6263,#6264);
#5530=AXIS2_PLACEMENT_3D('',#7948,#6265,#6266);
#5531=AXIS2_PLACEMENT_3D('',#7953,#6269,#6270);
#5532=AXIS2_PLACEMENT_3D('',#7954,#6271,#6272);
#5533=AXIS2_PLACEMENT_3D('',#7966,#6279,#6280);
#5534=AXIS2_PLACEMENT_3D('',#7978,#6287,#6288);
#5535=AXIS2_PLACEMENT_3D('',#7990,#6295,#6296);
#5536=AXIS2_PLACEMENT_3D('',#8002,#6303,#6304);
#5537=AXIS2_PLACEMENT_3D('',#8006,#6306,#6307);
#5538=AXIS2_PLACEMENT_3D('',#8010,#6309,#6310);
#5539=AXIS2_PLACEMENT_3D('',#8013,#6312,#6313);
#5540=AXIS2_PLACEMENT_3D('',#8014,#6314,#6315);
#5541=AXIS2_PLACEMENT_3D('',#8018,#6318,#6319);
#5542=AXIS2_PLACEMENT_3D('',#8021,#6320,#6321);
#5543=AXIS2_PLACEMENT_3D('',#8025,#6323,#6324);
#5544=AXIS2_PLACEMENT_3D('',#8029,#6326,#6327);
#5545=AXIS2_PLACEMENT_3D('',#8033,#6329,#6330);
#5546=AXIS2_PLACEMENT_3D('',#8037,#6332,#6333);
#5547=AXIS2_PLACEMENT_3D('',#8041,#6335,#6336);
#5548=AXIS2_PLACEMENT_3D('',#8045,#6338,#6339);
#5549=AXIS2_PLACEMENT_3D('',#8049,#6341,#6342);
#5550=AXIS2_PLACEMENT_3D('',#8053,#6344,#6345);
#5551=AXIS2_PLACEMENT_3D('',#8057,#6347,#6348);
#5552=AXIS2_PLACEMENT_3D('',#8059,#6349,#6350);
#5553=AXIS2_PLACEMENT_3D('',#8061,#6351,#6352);
#5554=AXIS2_PLACEMENT_3D('',#8065,#6354,#6355);
#5555=AXIS2_PLACEMENT_3D('',#8069,#6357,#6358);
#5556=AXIS2_PLACEMENT_3D('',#8073,#6360,#6361);
#5557=AXIS2_PLACEMENT_3D('',#8075,#6362,#6363);
#5558=AXIS2_PLACEMENT_3D('',#8079,#6365,#6366);
#5559=AXIS2_PLACEMENT_3D('',#8083,#6368,#6369);
#5560=AXIS2_PLACEMENT_3D('',#8087,#6371,#6372);
#5561=AXIS2_PLACEMENT_3D('',#8091,#6374,#6375);
#5562=AXIS2_PLACEMENT_3D('',#8095,#6377,#6378);
#5563=AXIS2_PLACEMENT_3D('',#8099,#6380,#6381);
#5564=AXIS2_PLACEMENT_3D('',#8103,#6383,#6384);
#5565=AXIS2_PLACEMENT_3D('',#8105,#6385,#6386);
#5566=AXIS2_PLACEMENT_3D('',#8109,#6388,#6389);
#5567=AXIS2_PLACEMENT_3D('',#8112,#6391,#6392);
#5568=AXIS2_PLACEMENT_3D('',#8116,#6394,#6395);
#5569=AXIS2_PLACEMENT_3D('',#8120,#6397,#6398);
#5570=AXIS2_PLACEMENT_3D('',#8122,#6399,#6400);
#5571=AXIS2_PLACEMENT_3D('',#8125,#6402,#6403);
#5572=AXIS2_PLACEMENT_3D('',#8127,#6404,#6405);
#5573=AXIS2_PLACEMENT_3D('',#8131,#6407,#6408);
#5574=AXIS2_PLACEMENT_3D('',#8135,#6410,#6411);
#5575=AXIS2_PLACEMENT_3D('',#8139,#6413,#6414);
#5576=AXIS2_PLACEMENT_3D('',#8143,#6416,#6417);
#5577=AXIS2_PLACEMENT_3D('',#8148,#6420,#6421);
#5578=AXIS2_PLACEMENT_3D('',#8152,#6423,#6424);
#5579=AXIS2_PLACEMENT_3D('',#8154,#6425,#6426);
#5580=AXIS2_PLACEMENT_3D('',#8158,#6429,#6430);
#5581=AXIS2_PLACEMENT_3D('',#8160,#6431,#6432);
#5582=AXIS2_PLACEMENT_3D('',#8165,#6435,#6436);
#5583=AXIS2_PLACEMENT_3D('',#8168,#6438,#6439);
#5584=AXIS2_PLACEMENT_3D('',#8170,#6441,#6442);
#5585=AXIS2_PLACEMENT_3D('',#8180,#6448,#6449);
#5586=AXIS2_PLACEMENT_3D('',#8183,#6450,#6451);
#5587=AXIS2_PLACEMENT_3D('',#8187,#6453,#6454);
#5588=AXIS2_PLACEMENT_3D('',#8189,#6456,#6457);
#5589=AXIS2_PLACEMENT_3D('',#8191,#6458,#6459);
#5590=AXIS2_PLACEMENT_3D('',#8194,#6461,#6462);
#5591=AXIS2_PLACEMENT_3D('',#8195,#6463,#6464);
#5592=AXIS2_PLACEMENT_3D('',#8198,#6465,#6466);
#5593=AXIS2_PLACEMENT_3D('',#8202,#6468,#6469);
#5594=AXIS2_PLACEMENT_3D('',#8206,#6471,#6472);
#5595=AXIS2_PLACEMENT_3D('',#8208,#6473,#6474);
#5596=AXIS2_PLACEMENT_3D('',#8212,#6476,#6477);
#5597=AXIS2_PLACEMENT_3D('',#8216,#6479,#6480);
#5598=AXIS2_PLACEMENT_3D('',#8220,#6482,#6483);
#5599=AXIS2_PLACEMENT_3D('',#8224,#6485,#6486);
#5600=AXIS2_PLACEMENT_3D('',#8228,#6488,#6489);
#5601=AXIS2_PLACEMENT_3D('',#8232,#6491,#6492);
#5602=AXIS2_PLACEMENT_3D('',#8236,#6494,#6495);
#5603=AXIS2_PLACEMENT_3D('',#8238,#6496,#6497);
#5604=AXIS2_PLACEMENT_3D('',#8242,#6499,#6500);
#5605=AXIS2_PLACEMENT_3D('',#8246,#6502,#6503);
#5606=AXIS2_PLACEMENT_3D('',#8250,#6505,#6506);
#5607=AXIS2_PLACEMENT_3D('',#8252,#6507,#6508);
#5608=AXIS2_PLACEMENT_3D('',#8254,#6509,#6510);
#5609=AXIS2_PLACEMENT_3D('',#8258,#6512,#6513);
#5610=AXIS2_PLACEMENT_3D('',#8262,#6515,#6516);
#5611=AXIS2_PLACEMENT_3D('',#8266,#6518,#6519);
#5612=AXIS2_PLACEMENT_3D('',#8270,#6521,#6522);
#5613=AXIS2_PLACEMENT_3D('',#8274,#6524,#6525);
#5614=AXIS2_PLACEMENT_3D('',#8278,#6527,#6528);
#5615=AXIS2_PLACEMENT_3D('',#8282,#6530,#6531);
#5616=AXIS2_PLACEMENT_3D('',#8286,#6533,#6534);
#5617=AXIS2_PLACEMENT_3D('',#8291,#6537,#6538);
#5618=AXIS2_PLACEMENT_3D('',#8295,#6540,#6541);
#5619=AXIS2_PLACEMENT_3D('',#8299,#6543,#6544);
#5620=AXIS2_PLACEMENT_3D('',#8303,#6546,#6547);
#5621=AXIS2_PLACEMENT_3D('',#8307,#6549,#6550);
#5622=AXIS2_PLACEMENT_3D('',#8308,#6551,#6552);
#5623=AXIS2_PLACEMENT_3D('',#8310,#6553,#6554);
#5624=AXIS2_PLACEMENT_3D('',#8312,#6555,#6556);
#5625=AXIS2_PLACEMENT_3D('',#8314,#6557,#6558);
#5626=AXIS2_PLACEMENT_3D('',#8318,#6560,#6561);
#5627=AXIS2_PLACEMENT_3D('',#8320,#6562,#6563);
#5628=AXIS2_PLACEMENT_3D('',#8324,#6565,#6566);
#5629=AXIS2_PLACEMENT_3D('',#8327,#6568,#6569);
#5630=AXIS2_PLACEMENT_3D('',#8329,#6570,#6571);
#5631=AXIS2_PLACEMENT_3D('',#8331,#6572,#6573);
#5632=AXIS2_PLACEMENT_3D('',#8333,#6574,#6575);
#5633=AXIS2_PLACEMENT_3D('',#8336,#6577,#6578);
#5634=AXIS2_PLACEMENT_3D('',#8338,#6579,#6580);
#5635=AXIS2_PLACEMENT_3D('',#8340,#6581,#6582);
#5636=AXIS2_PLACEMENT_3D('',#8342,#6583,#6584);
#5637=AXIS2_PLACEMENT_3D('',#8346,#6586,#6587);
#5638=AXIS2_PLACEMENT_3D('',#8349,#6589,#6590);
#5639=AXIS2_PLACEMENT_3D('',#8351,#6591,#6592);
#5640=AXIS2_PLACEMENT_3D('',#8353,#6593,#6594);
#5641=AXIS2_PLACEMENT_3D('',#8357,#6596,#6597);
#5642=AXIS2_PLACEMENT_3D('',#8358,#6598,#6599);
#5643=AXIS2_PLACEMENT_3D('',#8360,#6600,#6601);
#5644=AXIS2_PLACEMENT_3D('',#8362,#6602,#6603);
#5645=AXIS2_PLACEMENT_3D('',#8364,#6604,#6605);
#5646=AXIS2_PLACEMENT_3D('',#8368,#6607,#6608);
#5647=AXIS2_PLACEMENT_3D('',#8370,#6609,#6610);
#5648=AXIS2_PLACEMENT_3D('',#8372,#6611,#6612);
#5649=AXIS2_PLACEMENT_3D('',#8376,#6614,#6615);
#5650=AXIS2_PLACEMENT_3D('',#8378,#6616,#6617);
#5651=AXIS2_PLACEMENT_3D('',#8381,#6619,#6620);
#5652=AXIS2_PLACEMENT_3D('',#8382,#6621,#6622);
#5653=AXIS2_PLACEMENT_3D('',#8383,#6623,#6624);
#5654=AXIS2_PLACEMENT_3D('',#8384,#6625,#6626);
#5655=AXIS2_PLACEMENT_3D('',#8385,#6627,#6628);
#5656=AXIS2_PLACEMENT_3D('',#8389,#6630,#6631);
#5657=AXIS2_PLACEMENT_3D('',#8391,#6633,#6634);
#5658=AXIS2_PLACEMENT_3D('',#8394,#6636,#6637);
#5659=AXIS2_PLACEMENT_3D('',#8395,#6638,#6639);
#5660=AXIS2_PLACEMENT_3D('',#8396,#6640,#6641);
#5661=AXIS2_PLACEMENT_3D('',#8397,#6642,#6643);
#5662=AXIS2_PLACEMENT_3D('',#8401,#6645,#6646);
#5663=AXIS2_PLACEMENT_3D('',#8403,#6648,#6649);
#5664=AXIS2_PLACEMENT_3D('',#8406,#6651,#6652);
#5665=AXIS2_PLACEMENT_3D('',#8407,#6653,#6654);
#5666=AXIS2_PLACEMENT_3D('',#8408,#6655,#6656);
#5667=AXIS2_PLACEMENT_3D('',#8409,#6657,#6658);
#5668=AXIS2_PLACEMENT_3D('',#8413,#6660,#6661);
#5669=AXIS2_PLACEMENT_3D('',#8415,#6663,#6664);
#5670=AXIS2_PLACEMENT_3D('',#8418,#6666,#6667);
#5671=AXIS2_PLACEMENT_3D('',#8419,#6668,#6669);
#5672=AXIS2_PLACEMENT_3D('',#8420,#6670,#6671);
#5673=AXIS2_PLACEMENT_3D('',#8421,#6672,#6673);
#5674=AXIS2_PLACEMENT_3D('',#8425,#6675,#6676);
#5675=AXIS2_PLACEMENT_3D('',#8427,#6678,#6679);
#5676=AXIS2_PLACEMENT_3D('',#8430,#6681,#6682);
#5677=AXIS2_PLACEMENT_3D('',#8431,#6683,#6684);
#5678=AXIS2_PLACEMENT_3D('',#8434,#6686,#6687);
#5679=AXIS2_PLACEMENT_3D('',#8435,#6688,#6689);
#5680=AXIS2_PLACEMENT_3D('',#8444,#6695,#6696);
#5681=AXIS2_PLACEMENT_3D('',#8447,#6698,#6699);
#5682=AXIS2_PLACEMENT_3D('',#8448,#6700,#6701);
#5683=AXIS2_PLACEMENT_3D('',#8451,#6703,#6704);
#5684=AXIS2_PLACEMENT_3D('',#8452,#6705,#6706);
#5685=AXIS2_PLACEMENT_3D('',#8453,#6707,#6708);
#5686=AXIS2_PLACEMENT_3D('',#8454,#6709,#6710);
#5687=AXIS2_PLACEMENT_3D('',#8458,#6712,#6713);
#5688=AXIS2_PLACEMENT_3D('',#8460,#6715,#6716);
#5689=AXIS2_PLACEMENT_3D('',#8463,#6718,#6719);
#5690=AXIS2_PLACEMENT_3D('',#8464,#6720,#6721);
#5691=AXIS2_PLACEMENT_3D('',#8465,#6722,#6723);
#5692=AXIS2_PLACEMENT_3D('',#8466,#6724,#6725);
#5693=AXIS2_PLACEMENT_3D('',#8467,#6726,#6727);
#5694=AXIS2_PLACEMENT_3D('',#8468,#6728,#6729);
#5695=AXIS2_PLACEMENT_3D('',#8471,#6731,#6732);
#5696=AXIS2_PLACEMENT_3D('',#8472,#6733,#6734);
#5697=AXIS2_PLACEMENT_3D('',#8475,#6736,#6737);
#5698=AXIS2_PLACEMENT_3D('',#8476,#6738,#6739);
#5699=AXIS2_PLACEMENT_3D('',#8479,#6741,#6742);
#5700=AXIS2_PLACEMENT_3D('',#8480,#6743,#6744);
#5701=AXIS2_PLACEMENT_3D('',#8483,#6746,#6747);
#5702=AXIS2_PLACEMENT_3D('',#8484,#6748,#6749);
#5703=AXIS2_PLACEMENT_3D('',#8487,#6751,#6752);
#5704=AXIS2_PLACEMENT_3D('',#8488,#6753,#6754);
#5705=AXIS2_PLACEMENT_3D('',#8491,#6756,#6757);
#5706=AXIS2_PLACEMENT_3D('',#8492,#6758,#6759);
#5707=AXIS2_PLACEMENT_3D('',#8493,#6760,#6761);
#5708=AXIS2_PLACEMENT_3D('',#8495,#6763,#6764);
#5709=AXIS2_PLACEMENT_3D('',#8497,#6766,#6767);
#5710=AXIS2_PLACEMENT_3D('',#8499,#6769,#6770);
#5711=AXIS2_PLACEMENT_3D('',#8501,#6772,#6773);
#5712=AXIS2_PLACEMENT_3D('',#8503,#6775,#6776);
#5713=AXIS2_PLACEMENT_3D('',#8505,#6778,#6779);
#5714=AXIS2_PLACEMENT_3D('',#8508,#6782,#6783);
#5715=AXIS2_PLACEMENT_3D('',#8510,#6785,#6786);
#5716=AXIS2_PLACEMENT_3D('',#8512,#6788,#6789);
#5717=AXIS2_PLACEMENT_3D('',#8513,#6790,#6791);
#5718=AXIS2_PLACEMENT_3D('',#8515,#6793,#6794);
#5719=AXIS2_PLACEMENT_3D('',#8518,#6795,#6796);
#5720=AXIS2_PLACEMENT_3D('',#8522,#6798,#6799);
#5721=AXIS2_PLACEMENT_3D('',#8524,#6801,#6802);
#5722=AXIS2_PLACEMENT_3D('',#8526,#6803,#6804);
#5723=AXIS2_PLACEMENT_3D('',#8528,#6805,#6806);
#5724=AXIS2_PLACEMENT_3D('',#8530,#6808,#6809);
#5725=AXIS2_PLACEMENT_3D('',#8533,#6810,#6811);
#5726=AXIS2_PLACEMENT_3D('',#8536,#6814,#6815);
#5727=AXIS2_PLACEMENT_3D('',#8538,#6816,#6817);
#5728=AXIS2_PLACEMENT_3D('',#8540,#6819,#6820);
#5729=AXIS2_PLACEMENT_3D('',#8542,#6821,#6822);
#5730=AXIS2_PLACEMENT_3D('',#8544,#6824,#6825);
#5731=AXIS2_PLACEMENT_3D('',#8547,#6826,#6827);
#5732=AXIS2_PLACEMENT_3D('',#8550,#6830,#6831);
#5733=AXIS2_PLACEMENT_3D('',#8552,#6832,#6833);
#5734=AXIS2_PLACEMENT_3D('',#8554,#6835,#6836);
#5735=AXIS2_PLACEMENT_3D('',#8556,#6837,#6838);
#5736=AXIS2_PLACEMENT_3D('',#8558,#6840,#6841);
#5737=AXIS2_PLACEMENT_3D('',#8562,#6843,#6844);
#5738=AXIS2_PLACEMENT_3D('',#8566,#6846,#6847);
#5739=AXIS2_PLACEMENT_3D('',#8570,#6849,#6850);
#5740=AXIS2_PLACEMENT_3D('',#8574,#6852,#6853);
#5741=AXIS2_PLACEMENT_3D('',#8578,#6855,#6856);
#5742=AXIS2_PLACEMENT_3D('',#8582,#6858,#6859);
#5743=AXIS2_PLACEMENT_3D('',#8586,#6861,#6862);
#5744=AXIS2_PLACEMENT_3D('',#8590,#6864,#6865);
#5745=AXIS2_PLACEMENT_3D('',#8594,#6867,#6868);
#5746=AXIS2_PLACEMENT_3D('',#8598,#6870,#6871);
#5747=AXIS2_PLACEMENT_3D('',#8602,#6873,#6874);
#5748=AXIS2_PLACEMENT_3D('',#8606,#6876,#6877);
#5749=AXIS2_PLACEMENT_3D('',#8610,#6879,#6880);
#5750=AXIS2_PLACEMENT_3D('',#8614,#6882,#6883);
#5751=AXIS2_PLACEMENT_3D('',#8618,#6885,#6886);
#5752=AXIS2_PLACEMENT_3D('',#8622,#6888,#6889);
#5753=AXIS2_PLACEMENT_3D('',#8627,#6892,#6893);
#5754=AXIS2_PLACEMENT_3D('',#8631,#6895,#6896);
#5755=AXIS2_PLACEMENT_3D('',#8635,#6898,#6899);
#5756=AXIS2_PLACEMENT_3D('',#8637,#6900,#6901);
#5757=AXIS2_PLACEMENT_3D('',#8641,#6903,#6904);
#5758=AXIS2_PLACEMENT_3D('',#8645,#6906,#6907);
#5759=AXIS2_PLACEMENT_3D('',#8649,#6909,#6910);
#5760=AXIS2_PLACEMENT_3D('',#8653,#6912,#6913);
#5761=AXIS2_PLACEMENT_3D('',#8657,#6915,#6916);
#5762=AXIS2_PLACEMENT_3D('',#8661,#6918,#6919);
#5763=AXIS2_PLACEMENT_3D('',#8665,#6921,#6922);
#5764=AXIS2_PLACEMENT_3D('',#8667,#6923,#6924);
#5765=AXIS2_PLACEMENT_3D('',#8671,#6926,#6927);
#5766=AXIS2_PLACEMENT_3D('',#8679,#6931,#6932);
#5767=AXIS2_PLACEMENT_3D('',#8683,#6934,#6935);
#5768=AXIS2_PLACEMENT_3D('',#8685,#6936,#6937);
#5769=AXIS2_PLACEMENT_3D('',#8689,#6939,#6940);
#5770=AXIS2_PLACEMENT_3D('',#8693,#6942,#6943);
#5771=AXIS2_PLACEMENT_3D('',#8697,#6945,#6946);
#5772=AXIS2_PLACEMENT_3D('',#8701,#6948,#6949);
#5773=AXIS2_PLACEMENT_3D('',#8705,#6951,#6952);
#5774=AXIS2_PLACEMENT_3D('',#8709,#6954,#6955);
#5775=AXIS2_PLACEMENT_3D('',#8713,#6957,#6958);
#5776=AXIS2_PLACEMENT_3D('',#8715,#6959,#6960);
#5777=AXIS2_PLACEMENT_3D('',#8719,#6962,#6963);
#5778=AXIS2_PLACEMENT_3D('',#8723,#6965,#6966);
#5779=AXIS2_PLACEMENT_3D('',#8727,#6968,#6969);
#5780=AXIS2_PLACEMENT_3D('',#8731,#6971,#6972);
#5781=AXIS2_PLACEMENT_3D('',#8735,#6974,#6975);
#5782=AXIS2_PLACEMENT_3D('',#8739,#6977,#6978);
#5783=AXIS2_PLACEMENT_3D('',#8741,#6980,#6981);
#5784=AXIS2_PLACEMENT_3D('',#8743,#6983,#6984);
#5785=AXIS2_PLACEMENT_3D('',#8746,#6985,#6986);
#5786=AXIS2_PLACEMENT_3D('',#8750,#6988,#6989);
#5787=AXIS2_PLACEMENT_3D('',#8759,#6990,#6991);
#5788=AXIS2_PLACEMENT_3D('',#8768,#6993,#6994);
#5789=AXIS2_PLACEMENT_3D('',#8770,#6996,#6997);
#5790=AXIS2_PLACEMENT_3D('',#8772,#6998,#6999);
#5791=AXIS2_PLACEMENT_3D('',#8780,#7003,#7004);
#5792=AXIS2_PLACEMENT_3D('',#8781,#7005,#7006);
#5793=AXIS2_PLACEMENT_3D('',#8782,#7007,#7008);
#5794=AXIS2_PLACEMENT_3D('',#8784,#7009,#7010);
#5795=AXIS2_PLACEMENT_3D('',#8787,#7012,#7013);
#5796=AXIS2_PLACEMENT_3D('',#8788,#7014,#7015);
#5797=AXIS2_PLACEMENT_3D('',#8790,#7016,#7017);
#5798=AXIS2_PLACEMENT_3D('',#8793,#7019,#7020);
#5799=AXIS2_PLACEMENT_3D('',#8794,#7021,#7022);
#5800=AXIS2_PLACEMENT_3D('',#8800,#7025,#7026);
#5801=AXIS2_PLACEMENT_3D('',#8802,#7027,#7028);
#5802=AXIS2_PLACEMENT_3D('',#8808,#7032,#7033);
#5803=AXIS2_PLACEMENT_3D('',#8811,#7034,#7035);
#5804=AXIS2_PLACEMENT_3D('',#8814,#7038,#7039);
#5805=AXIS2_PLACEMENT_3D('',#8816,#7040,#7041);
#5806=AXIS2_PLACEMENT_3D('',#8818,#7043,#7044);
#5807=AXIS2_PLACEMENT_3D('',#8822,#7046,#7047);
#5808=AXIS2_PLACEMENT_3D('',#8829,#7049,#7050);
#5809=AXIS2_PLACEMENT_3D('',#8833,#7052,#7053);
#5810=AXIS2_PLACEMENT_3D('',#8837,#7055,#7056);
#5811=AXIS2_PLACEMENT_3D('',#8841,#7058,#7059);
#5812=AXIS2_PLACEMENT_3D('',#8845,#7061,#7062);
#5813=AXIS2_PLACEMENT_3D('',#8849,#7064,#7065);
#5814=AXIS2_PLACEMENT_3D('',#8853,#7067,#7068);
#5815=AXIS2_PLACEMENT_3D('',#8857,#7070,#7071);
#5816=AXIS2_PLACEMENT_3D('',#8859,#7072,#7073);
#5817=AXIS2_PLACEMENT_3D('',#8863,#7075,#7076);
#5818=AXIS2_PLACEMENT_3D('',#8867,#7078,#7079);
#5819=AXIS2_PLACEMENT_3D('',#8871,#7081,#7082);
#5820=AXIS2_PLACEMENT_3D('',#8875,#7084,#7085);
#5821=AXIS2_PLACEMENT_3D('',#8879,#7087,#7088);
#5822=AXIS2_PLACEMENT_3D('',#8883,#7090,#7091);
#5823=AXIS2_PLACEMENT_3D('',#8887,#7093,#7094);
#5824=AXIS2_PLACEMENT_3D('',#8889,#7095,#7096);
#5825=AXIS2_PLACEMENT_3D('',#8893,#7098,#7099);
#5826=AXIS2_PLACEMENT_3D('',#8896,#7101,#7102);
#5827=AXIS2_PLACEMENT_3D('',#8900,#7104,#7105);
#5828=AXIS2_PLACEMENT_3D('',#8902,#7106,#7107);
#5829=AXIS2_PLACEMENT_3D('',#8906,#7109,#7110);
#5830=AXIS2_PLACEMENT_3D('',#8910,#7112,#7113);
#5831=AXIS2_PLACEMENT_3D('',#8914,#7115,#7116);
#5832=AXIS2_PLACEMENT_3D('',#8918,#7118,#7119);
#5833=AXIS2_PLACEMENT_3D('',#8922,#7121,#7122);
#5834=AXIS2_PLACEMENT_3D('',#8926,#7124,#7125);
#5835=AXIS2_PLACEMENT_3D('',#8930,#7127,#7128);
#5836=AXIS2_PLACEMENT_3D('',#8932,#7129,#7130);
#5837=AXIS2_PLACEMENT_3D('',#8936,#7132,#7133);
#5838=AXIS2_PLACEMENT_3D('',#8940,#7135,#7136);
#5839=AXIS2_PLACEMENT_3D('',#8945,#7139,#7140);
#5840=AXIS2_PLACEMENT_3D('',#8949,#7142,#7143);
#5841=AXIS2_PLACEMENT_3D('',#8953,#7145,#7146);
#5842=AXIS2_PLACEMENT_3D('',#8957,#7148,#7149);
#5843=AXIS2_PLACEMENT_3D('',#8961,#7151,#7152);
#5844=AXIS2_PLACEMENT_3D('',#8965,#7154,#7155);
#5845=AXIS2_PLACEMENT_3D('',#8969,#7157,#7158);
#5846=AXIS2_PLACEMENT_3D('',#8972,#7160,#7161);
#5847=AXIS2_PLACEMENT_3D('',#8976,#7163,#7164);
#5848=AXIS2_PLACEMENT_3D('',#8980,#7166,#7167);
#5849=AXIS2_PLACEMENT_3D('',#8984,#7169,#7170);
#5850=AXIS2_PLACEMENT_3D('',#8988,#7172,#7173);
#5851=AXIS2_PLACEMENT_3D('',#8992,#7175,#7176);
#5852=AXIS2_PLACEMENT_3D('',#8996,#7178,#7179);
#5853=AXIS2_PLACEMENT_3D('',#9000,#7181,#7182);
#5854=AXIS2_PLACEMENT_3D('',#9002,#7184,#7185);
#5855=AXIS2_PLACEMENT_3D('',#9004,#7186,#7187);
#5856=AXIS2_PLACEMENT_3D('',#9006,#7189,#7190);
#5857=AXIS2_PLACEMENT_3D('',#9010,#7192,#7193);
#5858=AXIS2_PLACEMENT_3D('',#9012,#7195,#7196);
#5859=AXIS2_PLACEMENT_3D('',#9013,#7197,#7198);
#5860=AXIS2_PLACEMENT_3D('',#9017,#7200,#7201);
#5861=AXIS2_PLACEMENT_3D('',#9021,#7204,#7205);
#5862=AXIS2_PLACEMENT_3D('',#9022,#7206,#7207);
#5863=AXIS2_PLACEMENT_3D('',#9023,#7208,#7209);
#5864=AXIS2_PLACEMENT_3D('',#9024,#7210,#7211);
#5865=AXIS2_PLACEMENT_3D('',#9027,#7214,#7215);
#5866=AXIS2_PLACEMENT_3D('',#9029,#7217,#7218);
#5867=AXIS2_PLACEMENT_3D('',#9032,#7221,#7222);
#5868=AXIS2_PLACEMENT_3D('',#9034,#7224,#7225);
#5869=AXIS2_PLACEMENT_3D('',#9036,#7227,#7228);
#5870=AXIS2_PLACEMENT_3D('',#9040,#7230,#7231);
#5871=AXIS2_PLACEMENT_3D('',#9042,#7233,#7234);
#5872=AXIS2_PLACEMENT_3D('',#9046,#7236,#7237);
#5873=AXIS2_PLACEMENT_3D('',#9050,#7239,#7240);
#5874=AXIS2_PLACEMENT_3D('',#9054,#7242,#7243);
#5875=AXIS2_PLACEMENT_3D('',#9056,#7245,#7246);
#5876=AXIS2_PLACEMENT_3D('',#9058,#7248,#7249);
#5877=AXIS2_PLACEMENT_3D('',#9060,#7251,#7252);
#5878=AXIS2_PLACEMENT_3D('',#9063,#7255,#7256);
#5879=AXIS2_PLACEMENT_3D('',#9065,#7258,#7259);
#5880=AXIS2_PLACEMENT_3D('',#9067,#7261,#7262);
#5881=AXIS2_PLACEMENT_3D('',#9070,#7265,#7266);
#5882=AXIS2_PLACEMENT_3D('',#9071,#7267,#7268);
#5883=AXIS2_PLACEMENT_3D('',#9074,#7269,#7270);
#5884=AXIS2_PLACEMENT_3D('',#9077,#7273,#7274);
#5885=AXIS2_PLACEMENT_3D('',#9081,#7277,#7278);
#5886=AXIS2_PLACEMENT_3D('',#9085,#7280,#7281);
#5887=AXIS2_PLACEMENT_3D('',#9089,#7283,#7284);
#5888=AXIS2_PLACEMENT_3D('',#9092,#7286,#7287);
#5889=AXIS2_PLACEMENT_3D('',#9093,#7288,#7289);
#5890=AXIS2_PLACEMENT_3D('',#9095,#7291,#7292);
#5891=AXIS2_PLACEMENT_3D('',#9099,#7296,#7297);
#5892=AXIS2_PLACEMENT_3D('',#9102,#7300,#7301);
#5893=AXIS2_PLACEMENT_3D('',#9104,#7303,#7304);
#5894=AXIS2_PLACEMENT_3D('',#9105,#7305,#7306);
#5895=AXIS2_PLACEMENT_3D('',#9106,#7307,#7308);
#5896=AXIS2_PLACEMENT_3D('',#9108,#7310,#7311);
#5897=AXIS2_PLACEMENT_3D('',#9110,#7313,#7314);
#5898=AXIS2_PLACEMENT_3D('',#9112,#7316,#7317);
#5899=AXIS2_PLACEMENT_3D('',#9114,#7319,#7320);
#5900=AXIS2_PLACEMENT_3D('',#9116,#7322,#7323);
#5901=AXIS2_PLACEMENT_3D('',#9118,#7325,#7326);
#5902=AXIS2_PLACEMENT_3D('',#9120,#7328,#7329);
#5903=AXIS2_PLACEMENT_3D('',#9122,#7331,#7332);
#5904=AXIS2_PLACEMENT_3D('',#9124,#7334,#7335);
#5905=AXIS2_PLACEMENT_3D('',#9126,#7337,#7338);
#5906=AXIS2_PLACEMENT_3D('',#9128,#7340,#7341);
#5907=AXIS2_PLACEMENT_3D('',#9130,#7343,#7344);
#5908=AXIS2_PLACEMENT_3D('',#9132,#7346,#7347);
#5909=AXIS2_PLACEMENT_3D('',#9134,#7349,#7350);
#5910=AXIS2_PLACEMENT_3D('',#9136,#7352,#7353);
#5911=AXIS2_PLACEMENT_3D('',#9138,#7355,#7356);
#5912=AXIS2_PLACEMENT_3D('',#9140,#7358,#7359);
#5913=AXIS2_PLACEMENT_3D('',#9142,#7361,#7362);
#5914=AXIS2_PLACEMENT_3D('',#9144,#7364,#7365);
#5915=AXIS2_PLACEMENT_3D('',#9146,#7367,#7368);
#5916=AXIS2_PLACEMENT_3D('',#9147,#7369,#7370);
#5917=AXIS2_PLACEMENT_3D('',#9149,#7372,#7373);
#5918=AXIS2_PLACEMENT_3D('',#9150,#7374,#7375);
#5919=AXIS2_PLACEMENT_3D('',#9152,#7377,#7378);
#5920=AXIS2_PLACEMENT_3D('',#9154,#7380,#7381);
#5921=AXIS2_PLACEMENT_3D('',#9156,#7383,#7384);
#5922=AXIS2_PLACEMENT_3D('',#9158,#7386,#7387);
#5923=AXIS2_PLACEMENT_3D('',#9160,#7389,#7390);
#5924=AXIS2_PLACEMENT_3D('',#9162,#7392,#7393);
#5925=AXIS2_PLACEMENT_3D('',#9164,#7395,#7396);
#5926=AXIS2_PLACEMENT_3D('',#9166,#7398,#7399);
#5927=AXIS2_PLACEMENT_3D('',#9168,#7401,#7402);
#5928=AXIS2_PLACEMENT_3D('',#9170,#7404,#7405);
#5929=AXIS2_PLACEMENT_3D('',#9172,#7407,#7408);
#5930=AXIS2_PLACEMENT_3D('',#9174,#7410,#7411);
#5931=AXIS2_PLACEMENT_3D('',#9176,#7413,#7414);
#5932=AXIS2_PLACEMENT_3D('',#9178,#7416,#7417);
#5933=AXIS2_PLACEMENT_3D('',#9180,#7419,#7420);
#5934=AXIS2_PLACEMENT_3D('',#9181,#7421,#7422);
#5935=AXIS2_PLACEMENT_3D('',#9183,#7424,#7425);
#5936=AXIS2_PLACEMENT_3D('',#9184,#7426,#7427);
#5937=AXIS2_PLACEMENT_3D('',#9186,#7429,#7430);
#5938=AXIS2_PLACEMENT_3D('',#9188,#7432,#7433);
#5939=AXIS2_PLACEMENT_3D('',#9189,#7434,#7435);
#5940=AXIS2_PLACEMENT_3D('',#9191,#7437,#7438);
#5941=AXIS2_PLACEMENT_3D('',#9193,#7440,#7441);
#5942=AXIS2_PLACEMENT_3D('',#9195,#7443,#7444);
#5943=AXIS2_PLACEMENT_3D('',#9196,#7445,#7446);
#5944=AXIS2_PLACEMENT_3D('',#9198,#7448,#7449);
#5945=AXIS2_PLACEMENT_3D('',#9200,#7451,#7452);
#5946=AXIS2_PLACEMENT_3D('',#9202,#7454,#7455);
#5947=AXIS2_PLACEMENT_3D('',#9204,#7457,#7458);
#5948=AXIS2_PLACEMENT_3D('',#9205,#7459,#7460);
#5949=AXIS2_PLACEMENT_3D('',#9207,#7462,#7463);
#5950=AXIS2_PLACEMENT_3D('',#9209,#7465,#7466);
#5951=AXIS2_PLACEMENT_3D('',#9211,#7468,#7469);
#5952=AXIS2_PLACEMENT_3D('',#9213,#7471,#7472);
#5953=AXIS2_PLACEMENT_3D('',#9215,#7474,#7475);
#5954=AXIS2_PLACEMENT_3D('',#9217,#7477,#7478);
#5955=AXIS2_PLACEMENT_3D('',#9219,#7480,#7481);
#5956=AXIS2_PLACEMENT_3D('',#9221,#7483,#7484);
#5957=AXIS2_PLACEMENT_3D('',#9223,#7486,#7487);
#5958=AXIS2_PLACEMENT_3D('',#9225,#7489,#7490);
#5959=AXIS2_PLACEMENT_3D('',#9226,#7491,#7492);
#5960=AXIS2_PLACEMENT_3D('',#9227,#7493,#7494);
#5961=AXIS2_PLACEMENT_3D('',#9229,#7496,#7497);
#5962=AXIS2_PLACEMENT_3D('',#9231,#7499,#7500);
#5963=AXIS2_PLACEMENT_3D('',#9233,#7502,#7503);
#5964=AXIS2_PLACEMENT_3D('',#9235,#7505,#7506);
#5965=AXIS2_PLACEMENT_3D('',#9237,#7508,#7509);
#5966=AXIS2_PLACEMENT_3D('',#9239,#7511,#7512);
#5967=AXIS2_PLACEMENT_3D('',#9241,#7514,#7515);
#5968=AXIS2_PLACEMENT_3D('',#9243,#7517,#7518);
#5969=AXIS2_PLACEMENT_3D('',#9245,#7520,#7521);
#5970=AXIS2_PLACEMENT_3D('',#9247,#7523,#7524);
#5971=AXIS2_PLACEMENT_3D('',#9249,#7526,#7527);
#5972=AXIS2_PLACEMENT_3D('',#9251,#7529,#7530);
#5973=AXIS2_PLACEMENT_3D('',#9253,#7532,#7533);
#5974=AXIS2_PLACEMENT_3D('',#9255,#7535,#7536);
#5975=AXIS2_PLACEMENT_3D('',#9257,#7538,#7539);
#5976=AXIS2_PLACEMENT_3D('',#9259,#7541,#7542);
#5977=AXIS2_PLACEMENT_3D('',#9261,#7544,#7545);
#5978=AXIS2_PLACEMENT_3D('',#9263,#7547,#7548);
#5979=AXIS2_PLACEMENT_3D('',#9265,#7550,#7551);
#5980=AXIS2_PLACEMENT_3D('',#9267,#7553,#7554);
#5981=AXIS2_PLACEMENT_3D('',#9268,#7555,#7556);
#5982=AXIS2_PLACEMENT_3D('',#9270,#7558,#7559);
#5983=AXIS2_PLACEMENT_3D('',#9271,#7560,#7561);
#5984=AXIS2_PLACEMENT_3D('',#9273,#7563,#7564);
#5985=AXIS2_PLACEMENT_3D('',#9275,#7566,#7567);
#5986=AXIS2_PLACEMENT_3D('',#9277,#7569,#7570);
#5987=AXIS2_PLACEMENT_3D('',#9279,#7572,#7573);
#5988=AXIS2_PLACEMENT_3D('',#9281,#7575,#7576);
#5989=AXIS2_PLACEMENT_3D('',#9283,#7578,#7579);
#5990=AXIS2_PLACEMENT_3D('',#9285,#7581,#7582);
#5991=AXIS2_PLACEMENT_3D('',#9287,#7584,#7585);
#5992=AXIS2_PLACEMENT_3D('',#9289,#7587,#7588);
#5993=AXIS2_PLACEMENT_3D('',#9291,#7590,#7591);
#5994=AXIS2_PLACEMENT_3D('',#9293,#7593,#7594);
#5995=AXIS2_PLACEMENT_3D('',#9295,#7596,#7597);
#5996=AXIS2_PLACEMENT_3D('',#9297,#7599,#7600);
#5997=AXIS2_PLACEMENT_3D('',#9299,#7602,#7603);
#5998=AXIS2_PLACEMENT_3D('',#9301,#7605,#7606);
#5999=AXIS2_PLACEMENT_3D('',#9302,#7607,#7608);
#6000=AXIS2_PLACEMENT_3D('',#9304,#7610,#7611);
#6001=AXIS2_PLACEMENT_3D('',#9306,#7613,#7614);
#6002=AXIS2_PLACEMENT_3D('',#9308,#7616,#7617);
#6003=AXIS2_PLACEMENT_3D('',#9310,#7619,#7620);
#6004=AXIS2_PLACEMENT_3D('',#9312,#7622,#7623);
#6005=AXIS2_PLACEMENT_3D('',#9314,#7625,#7626);
#6006=AXIS2_PLACEMENT_3D('',#9316,#7628,#7629);
#6007=AXIS2_PLACEMENT_3D('',#9318,#7631,#7632);
#6008=AXIS2_PLACEMENT_3D('',#9320,#7634,#7635);
#6009=AXIS2_PLACEMENT_3D('',#9322,#7637,#7638);
#6010=AXIS2_PLACEMENT_3D('',#9324,#7640,#7641);
#6011=AXIS2_PLACEMENT_3D('',#9326,#7643,#7644);
#6012=AXIS2_PLACEMENT_3D('',#9328,#7646,#7647);
#6013=AXIS2_PLACEMENT_3D('',#9330,#7649,#7650);
#6014=AXIS2_PLACEMENT_3D('',#9331,#7651,#7652);
#6015=AXIS2_PLACEMENT_3D('',#9333,#7654,#7655);
#6016=AXIS2_PLACEMENT_3D('',#9335,#7657,#7658);
#6017=AXIS2_PLACEMENT_3D('',#9337,#7660,#7661);
#6018=AXIS2_PLACEMENT_3D('',#9339,#7663,#7664);
#6019=AXIS2_PLACEMENT_3D('',#9341,#7666,#7667);
#6020=AXIS2_PLACEMENT_3D('',#9343,#7669,#7670);
#6021=AXIS2_PLACEMENT_3D('',#9345,#7672,#7673);
#6022=AXIS2_PLACEMENT_3D('',#9347,#7675,#7676);
#6023=AXIS2_PLACEMENT_3D('',#9349,#7678,#7679);
#6024=AXIS2_PLACEMENT_3D('',#9351,#7681,#7682);
#6025=AXIS2_PLACEMENT_3D('',#9353,#7684,#7685);
#6026=AXIS2_PLACEMENT_3D('',#9355,#7687,#7688);
#6027=AXIS2_PLACEMENT_3D('',#9357,#7690,#7691);
#6028=AXIS2_PLACEMENT_3D('',#9359,#7693,#7694);
#6029=AXIS2_PLACEMENT_3D('',#9361,#7696,#7697);
#6030=AXIS2_PLACEMENT_3D('',#9363,#7699,#7700);
#6031=AXIS2_PLACEMENT_3D('',#9365,#7702,#7703);
#6032=AXIS2_PLACEMENT_3D('',#9367,#7705,#7706);
#6033=AXIS2_PLACEMENT_3D('',#9369,#7708,#7709);
#6034=AXIS2_PLACEMENT_3D('',#9371,#7711,#7712);
#6035=AXIS2_PLACEMENT_3D('',#9373,#7714,#7715);
#6036=AXIS2_PLACEMENT_3D('',#9375,#7717,#7718);
#6037=AXIS2_PLACEMENT_3D('',#9377,#7720,#7721);
#6038=AXIS2_PLACEMENT_3D('',#9378,#7722,#7723);
#6039=AXIS2_PLACEMENT_3D('',#9379,#7724,#7725);
#6040=AXIS2_PLACEMENT_3D('',#9381,#7726,#7727);
#6041=AXIS2_PLACEMENT_3D('',#9384,#7729,#7730);
#6042=AXIS2_PLACEMENT_3D('',#9385,#7731,#7732);
#6043=AXIS2_PLACEMENT_3D('',#9386,#7733,#7734);
#6044=AXIS2_PLACEMENT_3D('',#9387,#7735,#7736);
#6045=AXIS2_PLACEMENT_3D('',#9389,#7737,#7738);
#6046=AXIS2_PLACEMENT_3D('',#9390,#7739,#7740);
#6047=AXIS2_PLACEMENT_3D('',#9392,#7741,#7742);
#6048=AXIS2_PLACEMENT_3D('',#9394,#7744,#7745);
#6049=DIRECTION('axis',(0.,0.,1.));
#6050=DIRECTION('refdir',(1.,0.,0.));
#6051=DIRECTION('center_axis',(0.,0.,-1.));
#6052=DIRECTION('ref_axis',(1.,0.,0.));
#6053=DIRECTION('center_axis',(0.,0.,1.));
#6054=DIRECTION('ref_axis',(1.,0.,0.));
#6055=DIRECTION('center_axis',(0.,0.,1.));
#6056=DIRECTION('ref_axis',(1.,0.,0.));
#6057=DIRECTION('center_axis',(0.,0.,-1.));
#6058=DIRECTION('ref_axis',(1.,0.,0.));
#6059=DIRECTION('',(0.,0.,1.));
#6060=DIRECTION('center_axis',(0.,0.,-1.));
#6061=DIRECTION('ref_axis',(-1.,0.,0.));
#6062=DIRECTION('center_axis',(0.,0.,1.));
#6063=DIRECTION('ref_axis',(1.,0.,0.));
#6064=DIRECTION('center_axis',(0.,0.,-1.));
#6065=DIRECTION('ref_axis',(1.,0.,0.));
#6066=DIRECTION('',(0.,0.,1.));
#6067=DIRECTION('center_axis',(0.,0.,1.));
#6068=DIRECTION('ref_axis',(1.,0.,0.));
#6069=DIRECTION('center_axis',(0.,0.,-1.));
#6070=DIRECTION('ref_axis',(-1.,0.,0.));
#6071=DIRECTION('center_axis',(0.,0.,-1.));
#6072=DIRECTION('ref_axis',(1.,0.,0.));
#6073=DIRECTION('center_axis',(0.,0.,-1.));
#6074=DIRECTION('ref_axis',(0.823901211858036,-0.56673344095691,0.));
#6075=DIRECTION('center_axis',(0.,0.,1.));
#6076=DIRECTION('ref_axis',(0.823901211858036,-0.56673344095691,0.));
#6077=DIRECTION('',(0.,0.,-1.));
#6078=DIRECTION('center_axis',(0.,0.,1.));
#6079=DIRECTION('ref_axis',(0.823901211858036,-0.56673344095691,0.));
#6080=DIRECTION('',(0.,0.,1.));
#6081=DIRECTION('center_axis',(0.,0.,-1.));
#6082=DIRECTION('ref_axis',(-0.469458355354951,-0.882954615247819,0.));
#6083=DIRECTION('center_axis',(0.,0.,-1.));
#6084=DIRECTION('ref_axis',(-0.823901211858036,0.566733440956911,0.));
#6085=DIRECTION('',(0.,0.,-1.));
#6086=DIRECTION('center_axis',(0.,0.,-1.));
#6087=DIRECTION('ref_axis',(-0.823901211858036,0.566733440956911,0.));
#6088=DIRECTION('center_axis',(0.,0.,-1.));
#6089=DIRECTION('ref_axis',(-0.292371704722818,0.956304755963011,0.));
#6090=DIRECTION('center_axis',(0.,0.,1.));
#6091=DIRECTION('ref_axis',(-0.292371704722818,0.956304755963011,0.));
#6092=DIRECTION('',(0.,0.,1.));
#6093=DIRECTION('center_axis',(0.,0.,1.));
#6094=DIRECTION('ref_axis',(-0.292371704722818,0.956304755963011,0.));
#6095=DIRECTION('center_axis',(0.,0.,1.));
#6096=DIRECTION('ref_axis',(-1.,0.,0.));
#6097=DIRECTION('',(0.292371704722674,-0.956304755963055,0.));
#6098=DIRECTION('',(0.95630475596301,0.292371704722818,0.));
#6099=DIRECTION('center_axis',(0.,0.,1.));
#6100=DIRECTION('ref_axis',(-0.956304755963058,-0.292371704722663,0.));
#6101=DIRECTION('center_axis',(0.,0.,-1.));
#6102=DIRECTION('ref_axis',(0.782871618923054,0.622183275478212,0.));
#6103=DIRECTION('center_axis',(0.,0.,1.));
#6104=DIRECTION('ref_axis',(0.782871618923054,0.622183275478212,0.));
#6105=DIRECTION('',(0.,0.,-1.));
#6106=DIRECTION('center_axis',(0.,0.,1.));
#6107=DIRECTION('ref_axis',(0.782871618923054,0.622183275478212,0.));
#6108=DIRECTION('',(0.,0.,1.));
#6109=DIRECTION('center_axis',(0.,0.,-1.));
#6110=DIRECTION('ref_axis',(0.70711187933475,-0.707101683001587,0.));
#6111=DIRECTION('center_axis',(0.,0.,-1.));
#6112=DIRECTION('ref_axis',(-0.782871618923045,-0.622183275478224,0.));
#6113=DIRECTION('',(0.,0.,-1.));
#6114=DIRECTION('center_axis',(0.,0.,-1.));
#6115=DIRECTION('ref_axis',(-0.782871618923045,-0.622183275478224,0.));
#6116=DIRECTION('center_axis',(0.,0.,-1.));
#6117=DIRECTION('ref_axis',(-1.,0.,0.));
#6118=DIRECTION('center_axis',(0.,0.,1.));
#6119=DIRECTION('ref_axis',(-1.,0.,0.));
#6120=DIRECTION('',(0.,0.,1.));
#6121=DIRECTION('center_axis',(0.,0.,1.));
#6122=DIRECTION('ref_axis',(-1.,0.,0.));
#6123=DIRECTION('center_axis',(0.,0.,1.));
#6124=DIRECTION('ref_axis',(-1.,0.,0.));
#6125=DIRECTION('',(1.,1.72701359386135E-15,0.));
#6126=DIRECTION('',(0.,1.,0.));
#6127=DIRECTION('center_axis',(0.,0.,1.));
#6128=DIRECTION('ref_axis',(0.,-1.,0.));
#6129=DIRECTION('center_axis',(0.,0.,-1.));
#6130=DIRECTION('ref_axis',(0.782875207623923,0.62217875991374,0.));
#6131=DIRECTION('center_axis',(0.,0.,1.));
#6132=DIRECTION('ref_axis',(0.782875207623923,0.62217875991374,0.));
#6133=DIRECTION('',(0.,0.,-1.));
#6134=DIRECTION('center_axis',(0.,0.,1.));
#6135=DIRECTION('ref_axis',(0.782875207623923,0.62217875991374,0.));
#6136=DIRECTION('',(0.,0.,1.));
#6137=DIRECTION('center_axis',(0.,0.,-1.));
#6138=DIRECTION('ref_axis',(0.707092251008428,-0.707121311066096,0.));
#6139=DIRECTION('center_axis',(0.,0.,-1.));
#6140=DIRECTION('ref_axis',(-0.782875207623924,-0.622178759913739,0.));
#6141=DIRECTION('',(0.,0.,-1.));
#6142=DIRECTION('center_axis',(0.,0.,-1.));
#6143=DIRECTION('ref_axis',(-0.782875207623924,-0.622178759913739,0.));
#6144=DIRECTION('center_axis',(0.,0.,-1.));
#6145=DIRECTION('ref_axis',(-1.,0.,0.));
#6146=DIRECTION('center_axis',(0.,0.,1.));
#6147=DIRECTION('ref_axis',(-1.,0.,0.));
#6148=DIRECTION('',(0.,0.,1.));
#6149=DIRECTION('center_axis',(0.,0.,1.));
#6150=DIRECTION('ref_axis',(-1.,0.,0.));
#6151=DIRECTION('center_axis',(0.,0.,1.));
#6152=DIRECTION('ref_axis',(-1.,0.,0.));
#6153=DIRECTION('',(1.,1.29763486135535E-13,0.));
#6154=DIRECTION('',(-2.0045693500176E-16,1.,0.));
#6155=DIRECTION('center_axis',(0.,0.,1.));
#6156=DIRECTION('ref_axis',(1.27248638976268E-13,-1.,0.));
#6157=DIRECTION('center_axis',(0.,0.,-1.));
#6158=DIRECTION('ref_axis',(-0.782840664613715,-0.622222222222219,0.));
#6159=DIRECTION('center_axis',(0.,0.,1.));
#6160=DIRECTION('ref_axis',(-0.782840664613715,-0.622222222222219,0.));
#6161=DIRECTION('',(0.,0.,-1.));
#6162=DIRECTION('center_axis',(0.,0.,1.));
#6163=DIRECTION('ref_axis',(-0.782840664613715,-0.622222222222219,0.));
#6164=DIRECTION('',(0.,0.,1.));
#6165=DIRECTION('center_axis',(0.,0.,-1.));
#6166=DIRECTION('ref_axis',(-0.707106781186548,0.707106781186547,0.));
#6167=DIRECTION('center_axis',(0.,0.,-1.));
#6168=DIRECTION('ref_axis',(0.782840664613713,0.622222222222221,0.));
#6169=DIRECTION('',(0.,0.,-1.));
#6170=DIRECTION('center_axis',(0.,0.,-1.));
#6171=DIRECTION('ref_axis',(0.782840664613713,0.622222222222221,0.));
#6172=DIRECTION('center_axis',(0.,0.,-1.));
#6173=DIRECTION('ref_axis',(1.,0.,0.));
#6174=DIRECTION('center_axis',(0.,0.,1.));
#6175=DIRECTION('ref_axis',(1.,0.,0.));
#6176=DIRECTION('',(0.,0.,1.));
#6177=DIRECTION('center_axis',(0.,0.,1.));
#6178=DIRECTION('ref_axis',(1.,0.,0.));
#6179=DIRECTION('center_axis',(0.,0.,1.));
#6180=DIRECTION('ref_axis',(-1.,0.,0.));
#6181=DIRECTION('',(-1.,-6.80596490191666E-16,0.));
#6182=DIRECTION('',(-4.23456436143341E-16,-1.,0.));
#6183=DIRECTION('center_axis',(0.,0.,1.));
#6184=DIRECTION('ref_axis',(6.83214169000106E-15,1.,0.));
#6185=DIRECTION('center_axis',(0.,0.,-1.));
#6186=DIRECTION('ref_axis',(-0.622171986567134,0.782880590595466,0.));
#6187=DIRECTION('center_axis',(0.,0.,1.));
#6188=DIRECTION('ref_axis',(-0.622171986567134,0.782880590595466,0.));
#6189=DIRECTION('',(0.,0.,-1.));
#6190=DIRECTION('center_axis',(0.,0.,1.));
#6191=DIRECTION('ref_axis',(-0.622171986567134,0.782880590595466,0.));
#6192=DIRECTION('',(0.,0.,1.));
#6193=DIRECTION('center_axis',(0.,0.,-1.));
#6194=DIRECTION('ref_axis',(0.707131762319913,0.707081799170601,0.));
#6195=DIRECTION('center_axis',(0.,0.,-1.));
#6196=DIRECTION('ref_axis',(0.622171986567131,-0.782880590595468,0.));
#6197=DIRECTION('',(0.,0.,-1.));
#6198=DIRECTION('center_axis',(0.,0.,-1.));
#6199=DIRECTION('ref_axis',(0.622171986567131,-0.782880590595468,0.));
#6200=DIRECTION('center_axis',(0.,0.,-1.));
#6201=DIRECTION('ref_axis',(0.,-1.,0.));
#6202=DIRECTION('center_axis',(0.,0.,1.));
#6203=DIRECTION('ref_axis',(0.,-1.,0.));
#6204=DIRECTION('',(0.,0.,1.));
#6205=DIRECTION('center_axis',(0.,0.,1.));
#6206=DIRECTION('ref_axis',(0.,-1.,0.));
#6207=DIRECTION('center_axis',(0.,0.,1.));
#6208=DIRECTION('ref_axis',(-1.,0.,0.));
#6209=DIRECTION('',(0.,1.,0.));
#6210=DIRECTION('',(-1.,-1.36119298038332E-15,0.));
#6211=DIRECTION('center_axis',(0.,0.,1.));
#6212=DIRECTION('ref_axis',(1.,1.36642833800018E-14,0.));
#6213=DIRECTION('center_axis',(0.,0.,-1.));
#6214=DIRECTION('ref_axis',(0.679057909968316,-0.734084705541168,0.));
#6215=DIRECTION('center_axis',(0.,0.,1.));
#6216=DIRECTION('ref_axis',(0.679057909968316,-0.734084705541168,0.));
#6217=DIRECTION('',(0.,0.,-1.));
#6218=DIRECTION('center_axis',(0.,0.,1.));
#6219=DIRECTION('ref_axis',(0.679057909968316,-0.734084705541168,0.));
#6220=DIRECTION('',(0.,0.,-1.));
#6221=DIRECTION('center_axis',(0.,0.,-1.));
#6222=DIRECTION('ref_axis',(-0.680118980806542,-0.733101747335709,0.));
#6223=DIRECTION('center_axis',(0.,0.,-1.));
#6224=DIRECTION('ref_axis',(-0.679057909968316,0.734084705541167,0.));
#6225=DIRECTION('',(0.,0.,-1.));
#6226=DIRECTION('center_axis',(0.,0.,-1.));
#6227=DIRECTION('ref_axis',(-0.679057909968316,0.734084705541167,0.));
#6228=DIRECTION('center_axis',(0.,0.,-1.));
#6229=DIRECTION('ref_axis',(0.,1.,0.));
#6230=DIRECTION('center_axis',(0.,0.,1.));
#6231=DIRECTION('ref_axis',(0.,1.,0.));
#6232=DIRECTION('',(0.,0.,1.));
#6233=DIRECTION('center_axis',(0.,0.,1.));
#6234=DIRECTION('ref_axis',(0.,1.,0.));
#6235=DIRECTION('center_axis',(0.,0.,1.));
#6236=DIRECTION('ref_axis',(-1.,0.,0.));
#6237=DIRECTION('',(4.33257765707378E-15,-1.,0.));
#6238=DIRECTION('center_axis',(0.,0.,-1.));
#6239=DIRECTION('ref_axis',(1.,1.41730598888318E-15,0.));
#6240=DIRECTION('',(1.,-6.80596490191666E-16,0.));
#6241=DIRECTION('center_axis',(0.,0.,1.));
#6242=DIRECTION('ref_axis',(-1.,1.8788389647503E-14,0.));
#6243=DIRECTION('center_axis',(0.,0.,-1.));
#6244=DIRECTION('ref_axis',(-0.622188919933347,0.782867132987568,0.));
#6245=DIRECTION('center_axis',(0.,0.,1.));
#6246=DIRECTION('ref_axis',(-0.622188919933347,0.782867132987568,0.));
#6247=DIRECTION('',(0.,0.,-1.));
#6248=DIRECTION('center_axis',(0.,0.,1.));
#6249=DIRECTION('ref_axis',(-0.622188919933347,0.782867132987568,0.));
#6250=DIRECTION('',(0.,0.,1.));
#6251=DIRECTION('center_axis',(0.,0.,-1.));
#6252=DIRECTION('ref_axis',(0.707120546474076,0.707093015631044,0.));
#6253=DIRECTION('center_axis',(0.,0.,-1.));
#6254=DIRECTION('ref_axis',(0.622188919933347,-0.782867132987568,0.));
#6255=DIRECTION('',(0.,0.,-1.));
#6256=DIRECTION('center_axis',(0.,0.,-1.));
#6257=DIRECTION('ref_axis',(0.622188919933347,-0.782867132987568,0.));
#6258=DIRECTION('center_axis',(0.,0.,-1.));
#6259=DIRECTION('ref_axis',(0.,-1.,0.));
#6260=DIRECTION('center_axis',(0.,0.,1.));
#6261=DIRECTION('ref_axis',(0.,-1.,0.));
#6262=DIRECTION('',(0.,0.,1.));
#6263=DIRECTION('center_axis',(0.,0.,1.));
#6264=DIRECTION('ref_axis',(0.,-1.,0.));
#6265=DIRECTION('center_axis',(0.,0.,1.));
#6266=DIRECTION('ref_axis',(-1.,0.,0.));
#6267=DIRECTION('',(0.,1.,0.));
#6268=DIRECTION('',(-1.,-6.80596490191666E-16,0.));
#6269=DIRECTION('center_axis',(0.,0.,1.));
#6270=DIRECTION('ref_axis',(1.,-6.83214169000097E-15,0.));
#6271=DIRECTION('center_axis',(0.956304755963055,0.292371704722674,0.));
#6272=DIRECTION('ref_axis',(-0.292371704722674,0.956304755963055,0.));
#6273=DIRECTION('',(0.,0.,1.));
#6274=DIRECTION('',(-0.292371704722674,0.956304755963055,0.));
#6275=DIRECTION('',(0.,0.,1.));
#6276=DIRECTION('',(-0.292371704722674,0.956304755963055,0.));
#6277=DIRECTION('',(0.,0.,-1.));
#6278=DIRECTION('',(-0.292371704722674,0.956304755963055,0.));
#6279=DIRECTION('center_axis',(-1.72701359386135E-15,1.,0.));
#6280=DIRECTION('ref_axis',(-1.,-1.72701359386135E-15,0.));
#6281=DIRECTION('',(0.,0.,1.));
#6282=DIRECTION('',(-1.,-1.72701359386135E-15,0.));
#6283=DIRECTION('',(0.,0.,1.));
#6284=DIRECTION('',(-1.,-1.72701359386135E-15,0.));
#6285=DIRECTION('',(0.,0.,1.));
#6286=DIRECTION('',(-1.,-1.72701359386135E-15,0.));
#6287=DIRECTION('center_axis',(-1.29763486135535E-13,1.,0.));
#6288=DIRECTION('ref_axis',(-1.,-1.29763486135535E-13,0.));
#6289=DIRECTION('',(0.,0.,1.));
#6290=DIRECTION('',(-1.,-1.29763486135535E-13,0.));
#6291=DIRECTION('',(0.,0.,1.));
#6292=DIRECTION('',(-1.,-1.29763486135535E-13,0.));
#6293=DIRECTION('',(0.,0.,1.));
#6294=DIRECTION('',(-1.,-1.29763486135535E-13,0.));
#6295=DIRECTION('center_axis',(6.80596490191666E-16,-1.,0.));
#6296=DIRECTION('ref_axis',(1.,6.80596490191666E-16,0.));
#6297=DIRECTION('',(0.,0.,1.));
#6298=DIRECTION('',(1.,6.80596490191666E-16,0.));
#6299=DIRECTION('',(0.,0.,1.));
#6300=DIRECTION('',(1.,6.80596490191666E-16,0.));
#6301=DIRECTION('',(0.,0.,1.));
#6302=DIRECTION('',(1.,6.80596490191666E-16,0.));
#6303=DIRECTION('center_axis',(0.,0.,1.));
#6304=DIRECTION('ref_axis',(1.,1.41730598888318E-15,0.));
#6305=DIRECTION('',(0.,0.,1.));
#6306=DIRECTION('center_axis',(0.,0.,1.));
#6307=DIRECTION('ref_axis',(1.,1.41730598888318E-15,0.));
#6308=DIRECTION('',(0.,0.,1.));
#6309=DIRECTION('center_axis',(0.,0.,1.));
#6310=DIRECTION('ref_axis',(1.,1.41730598888318E-15,0.));
#6311=DIRECTION('',(0.,0.,1.));
#6312=DIRECTION('center_axis',(0.,0.,1.));
#6313=DIRECTION('ref_axis',(1.,1.41730598888318E-15,0.));
#6314=DIRECTION('center_axis',(1.,4.33257765707378E-15,0.));
#6315=DIRECTION('ref_axis',(-4.33257765707378E-15,1.,0.));
#6316=DIRECTION('',(0.,0.,1.));
#6317=DIRECTION('',(-4.33257765707378E-15,1.,0.));
#6318=DIRECTION('center_axis',(0.,0.,1.));
#6319=DIRECTION('ref_axis',(-1.,0.,0.));
#6320=DIRECTION('center_axis',(0.,0.,1.));
#6321=DIRECTION('ref_axis',(0.,-1.,0.));
#6322=DIRECTION('',(1.,-7.93016446160826E-16,0.));
#6323=DIRECTION('center_axis',(0.,0.,-1.));
#6324=DIRECTION('ref_axis',(0.,1.,0.));
#6325=DIRECTION('',(3.16985718498097E-16,1.,0.));
#6326=DIRECTION('center_axis',(0.,0.,-1.));
#6327=DIRECTION('ref_axis',(-1.,-4.13106241720982E-15,0.));
#6328=DIRECTION('',(-0.292371704722675,0.956304755963055,0.));
#6329=DIRECTION('center_axis',(0.,0.,-1.));
#6330=DIRECTION('ref_axis',(-0.956304755963055,-0.292371704722672,0.));
#6331=DIRECTION('',(-0.956304755963011,-0.292371704722818,0.));
#6332=DIRECTION('center_axis',(0.,0.,1.));
#6333=DIRECTION('ref_axis',(-1.30614473485312E-13,1.,0.));
#6334=DIRECTION('',(-1.,-1.29763486135535E-13,0.));
#6335=DIRECTION('center_axis',(0.,0.,-1.));
#6336=DIRECTION('ref_axis',(1.29353891938885E-13,-1.,0.));
#6337=DIRECTION('',(2.62135991925379E-16,-1.,0.));
#6338=DIRECTION('center_axis',(0.,0.,1.));
#6339=DIRECTION('ref_axis',(3.26536183713281E-16,1.,0.));
#6340=DIRECTION('',(-1.,0.,0.));
#6341=DIRECTION('center_axis',(0.,0.,1.));
#6342=DIRECTION('ref_axis',(1.,1.30614473485313E-15,0.));
#6343=DIRECTION('',(-4.33257765707376E-15,1.,0.));
#6344=DIRECTION('center_axis',(0.,0.,-1.));
#6345=DIRECTION('ref_axis',(-1.,2.5819140107562E-15,0.));
#6346=DIRECTION('',(-1.,6.80596490191667E-16,0.));
#6347=DIRECTION('center_axis',(0.,0.,-1.));
#6348=DIRECTION('ref_axis',(-1.,0.,0.));
#6349=DIRECTION('center_axis',(0.,0.,1.));
#6350=DIRECTION('ref_axis',(-1.,0.,0.));
#6351=DIRECTION('center_axis',(0.,0.,-1.));
#6352=DIRECTION('ref_axis',(-1.,0.,0.));
#6353=DIRECTION('',(-1.,-1.72701359386135E-15,0.));
#6354=DIRECTION('center_axis',(0.,0.,-1.));
#6355=DIRECTION('ref_axis',(0.,-1.,0.));
#6356=DIRECTION('',(0.,-1.,0.));
#6357=DIRECTION('center_axis',(0.,0.,-1.));
#6358=DIRECTION('ref_axis',(1.,4.13106241720987E-15,0.));
#6359=DIRECTION('',(1.,6.80596490191661E-16,0.));
#6360=DIRECTION('center_axis',(0.,0.,1.));
#6361=DIRECTION('ref_axis',(-1.,-5.2245789394125E-15,0.));
#6362=DIRECTION('center_axis',(0.,0.,-1.));
#6363=DIRECTION('ref_axis',(1.,-2.06553120860494E-15,0.));
#6364=DIRECTION('',(1.,-2.04178947057501E-15,0.));
#6365=DIRECTION('center_axis',(0.,0.,1.));
#6366=DIRECTION('ref_axis',(-1.,0.,0.));
#6367=DIRECTION('',(0.,-1.,0.));
#6368=DIRECTION('center_axis',(0.,0.,-1.));
#6369=DIRECTION('ref_axis',(1.,-2.06553120860494E-15,0.));
#6370=DIRECTION('',(1.,6.80596490191666E-16,0.));
#6371=DIRECTION('center_axis',(0.,0.,1.));
#6372=DIRECTION('ref_axis',(-1.,0.,0.));
#6373=DIRECTION('',(0.,-1.,0.));
#6374=DIRECTION('center_axis',(0.,0.,-1.));
#6375=DIRECTION('ref_axis',(1.,-4.1310624172099E-15,0.));
#6376=DIRECTION('',(1.,0.,0.));
#6377=DIRECTION('center_axis',(0.,0.,-1.));
#6378=DIRECTION('ref_axis',(-3.61467961505863E-15,1.,0.));
#6379=DIRECTION('',(2.22044604925031E-16,1.,0.));
#6380=DIRECTION('center_axis',(0.,0.,1.));
#6381=DIRECTION('ref_axis',(-3.26536183713281E-16,-1.,0.));
#6382=DIRECTION('',(1.,0.,0.));
#6383=DIRECTION('center_axis',(0.,0.,-1.));
#6384=DIRECTION('ref_axis',(7.74574203226854E-16,1.,0.));
#6385=DIRECTION('center_axis',(0.,0.,1.));
#6386=DIRECTION('ref_axis',(1.30614473485313E-15,-1.,0.));
#6387=DIRECTION('',(1.,6.80596490191666E-16,0.));
#6388=DIRECTION('center_axis',(0.,0.,-1.));
#6389=DIRECTION('ref_axis',(2.06553120860495E-15,1.,0.));
#6390=DIRECTION('',(4.23456436143341E-16,1.,0.));
#6391=DIRECTION('center_axis',(0.,0.,1.));
#6392=DIRECTION('ref_axis',(-0.956304755963055,-0.292371704722673,0.));
#6393=DIRECTION('',(0.956304755963054,0.292371704722676,0.));
#6394=DIRECTION('center_axis',(0.,0.,1.));
#6395=DIRECTION('ref_axis',(1.,0.,0.));
#6396=DIRECTION('',(0.,1.,0.));
#6397=DIRECTION('center_axis',(0.,0.,1.));
#6398=DIRECTION('ref_axis',(-0.852447456836296,0.522812904711935,0.));
#6399=DIRECTION('center_axis',(0.,0.,1.));
#6400=DIRECTION('ref_axis',(0.,-1.,0.));
#6401=DIRECTION('',(4.23456436143341E-16,1.,0.));
#6402=DIRECTION('center_axis',(0.,0.,1.));
#6403=DIRECTION('ref_axis',(1.41730598888318E-15,-1.,0.));
#6404=DIRECTION('center_axis',(0.,0.,-1.));
#6405=DIRECTION('ref_axis',(2.56205313375036E-15,1.,0.));
#6406=DIRECTION('',(1.,0.,0.));
#6407=DIRECTION('center_axis',(0.,0.,1.));
#6408=DIRECTION('ref_axis',(-3.54326497220795E-16,-1.,0.));
#6409=DIRECTION('',(-1.33226762955019E-15,1.,0.));
#6410=DIRECTION('center_axis',(0.,0.,-1.));
#6411=DIRECTION('ref_axis',(-1.19562479575015E-14,1.,0.));
#6412=DIRECTION('',(1.,-4.93432455388958E-16,0.));
#6413=DIRECTION('center_axis',(0.,0.,-1.));
#6414=DIRECTION('ref_axis',(1.,-1.36642833800021E-14,0.));
#6415=DIRECTION('',(0.,-1.,0.));
#6416=DIRECTION('center_axis',(0.,0.,1.));
#6417=DIRECTION('ref_axis',(-1.,0.,0.));
#6418=DIRECTION('',(1.,6.80596490191666E-16,0.));
#6419=DIRECTION('',(0.,-1.,0.));
#6420=DIRECTION('center_axis',(0.,0.,1.));
#6421=DIRECTION('ref_axis',(-1.,0.,0.));
#6422=DIRECTION('',(1.,-2.04178947057501E-15,0.));
#6423=DIRECTION('center_axis',(0.,0.,-1.));
#6424=DIRECTION('ref_axis',(1.,-2.04964250700029E-14,0.));
#6425=DIRECTION('center_axis',(0.,0.,1.));
#6426=DIRECTION('ref_axis',(-1.,-5.66922395553272E-15,0.));
#6427=DIRECTION('',(1.,1.36119298038332E-15,0.));
#6428=DIRECTION('',(0.,-1.,0.));
#6429=DIRECTION('center_axis',(0.,0.,-1.));
#6430=DIRECTION('ref_axis',(-1.,0.,0.));
#6431=DIRECTION('center_axis',(0.,0.,1.));
#6432=DIRECTION('ref_axis',(1.,-7.55896527404362E-15,0.));
#6433=DIRECTION('',(-1.,6.80596490191666E-16,0.));
#6434=DIRECTION('',(-1.,0.,0.));
#6435=DIRECTION('center_axis',(0.,0.,1.));
#6436=DIRECTION('ref_axis',(3.54326497220794E-16,1.,0.));
#6437=DIRECTION('',(2.0045693500176E-16,-1.,0.));
#6438=DIRECTION('center_axis',(0.,0.,1.));
#6439=DIRECTION('ref_axis',(-1.30392150977252E-13,1.,0.));
#6440=DIRECTION('',(-0.95630475596301,-0.292371704722818,0.));
#6441=DIRECTION('center_axis',(-1.,0.,0.));
#6442=DIRECTION('ref_axis',(0.,-1.,0.));
#6443=DIRECTION('',(0.,0.,1.));
#6444=DIRECTION('',(0.,-1.,0.));
#6445=DIRECTION('',(0.,0.,1.));
#6446=DIRECTION('',(0.,-1.,0.));
#6447=DIRECTION('',(0.,0.,1.));
#6448=DIRECTION('center_axis',(0.,0.,1.));
#6449=DIRECTION('ref_axis',(0.43461511708892,-0.900616288992035,0.));
#6450=DIRECTION('center_axis',(0.,0.,1.));
#6451=DIRECTION('ref_axis',(0.43461511708892,-0.900616288992035,0.));
#6452=DIRECTION('',(0.,0.,1.));
#6453=DIRECTION('center_axis',(0.,0.,1.));
#6454=DIRECTION('ref_axis',(0.43461511708892,-0.900616288992035,0.));
#6455=DIRECTION('',(0.,0.,-1.));
#6456=DIRECTION('center_axis',(0.,0.,1.));
#6457=DIRECTION('ref_axis',(1.,0.,0.));
#6458=DIRECTION('center_axis',(0.,0.,1.));
#6459=DIRECTION('ref_axis',(1.,0.,0.));
#6460=DIRECTION('',(0.,0.,-1.));
#6461=DIRECTION('center_axis',(0.,0.,1.));
#6462=DIRECTION('ref_axis',(1.,0.,0.));
#6463=DIRECTION('center_axis',(0.,0.,1.));
#6464=DIRECTION('ref_axis',(-1.,0.,0.));
#6465=DIRECTION('center_axis',(0.,0.,1.));
#6466=DIRECTION('ref_axis',(0.,-1.,0.));
#6467=DIRECTION('',(4.23456436143341E-16,1.,0.));
#6468=DIRECTION('center_axis',(0.,0.,-1.));
#6469=DIRECTION('ref_axis',(2.06553120860495E-15,1.,0.));
#6470=DIRECTION('',(1.,6.80596490191666E-16,0.));
#6471=DIRECTION('center_axis',(0.,0.,1.));
#6472=DIRECTION('ref_axis',(1.30614473485313E-15,-1.,0.));
#6473=DIRECTION('center_axis',(0.,0.,-1.));
#6474=DIRECTION('ref_axis',(7.74574203226854E-16,1.,0.));
#6475=DIRECTION('',(1.,0.,0.));
#6476=DIRECTION('center_axis',(0.,0.,1.));
#6477=DIRECTION('ref_axis',(-3.26536183713281E-16,-1.,0.));
#6478=DIRECTION('',(2.22044604925031E-16,1.,0.));
#6479=DIRECTION('center_axis',(0.,0.,-1.));
#6480=DIRECTION('ref_axis',(-3.61467961505863E-15,1.,0.));
#6481=DIRECTION('',(1.,0.,0.));
#6482=DIRECTION('center_axis',(0.,0.,-1.));
#6483=DIRECTION('ref_axis',(1.,-4.1310624172099E-15,0.));
#6484=DIRECTION('',(0.,-1.,0.));
#6485=DIRECTION('center_axis',(0.,0.,1.));
#6486=DIRECTION('ref_axis',(-1.,0.,0.));
#6487=DIRECTION('',(1.,6.80596490191666E-16,0.));
#6488=DIRECTION('center_axis',(0.,0.,-1.));
#6489=DIRECTION('ref_axis',(1.,-2.06553120860494E-15,0.));
#6490=DIRECTION('',(0.,-1.,0.));
#6491=DIRECTION('center_axis',(0.,0.,1.));
#6492=DIRECTION('ref_axis',(-1.,0.,0.));
#6493=DIRECTION('',(1.,-2.04178947057501E-15,0.));
#6494=DIRECTION('center_axis',(0.,0.,-1.));
#6495=DIRECTION('ref_axis',(1.,-2.06553120860494E-15,0.));
#6496=DIRECTION('center_axis',(0.,0.,1.));
#6497=DIRECTION('ref_axis',(-1.,-5.2245789394125E-15,0.));
#6498=DIRECTION('',(1.,6.80596490191661E-16,0.));
#6499=DIRECTION('center_axis',(0.,0.,-1.));
#6500=DIRECTION('ref_axis',(1.,4.13106241720987E-15,0.));
#6501=DIRECTION('',(0.,-1.,0.));
#6502=DIRECTION('center_axis',(0.,0.,-1.));
#6503=DIRECTION('ref_axis',(0.,-1.,0.));
#6504=DIRECTION('',(-1.,-1.72701359386135E-15,0.));
#6505=DIRECTION('center_axis',(0.,0.,1.));
#6506=DIRECTION('ref_axis',(1.,0.,0.));
#6507=DIRECTION('center_axis',(0.,0.,-1.));
#6508=DIRECTION('ref_axis',(1.,0.,0.));
#6509=DIRECTION('center_axis',(0.,0.,1.));
#6510=DIRECTION('ref_axis',(1.,0.,0.));
#6511=DIRECTION('',(-1.,6.80596490191667E-16,0.));
#6512=DIRECTION('center_axis',(0.,0.,-1.));
#6513=DIRECTION('ref_axis',(-1.,2.5819140107562E-15,0.));
#6514=DIRECTION('',(-4.33257765707376E-15,1.,0.));
#6515=DIRECTION('center_axis',(0.,0.,1.));
#6516=DIRECTION('ref_axis',(1.,1.30614473485313E-15,0.));
#6517=DIRECTION('',(-1.,0.,0.));
#6518=DIRECTION('center_axis',(0.,0.,1.));
#6519=DIRECTION('ref_axis',(3.26536183713281E-16,1.,0.));
#6520=DIRECTION('',(2.62135991925379E-16,-1.,0.));
#6521=DIRECTION('center_axis',(0.,0.,-1.));
#6522=DIRECTION('ref_axis',(1.29353891938885E-13,-1.,0.));
#6523=DIRECTION('',(-1.,-1.29763486135535E-13,0.));
#6524=DIRECTION('center_axis',(0.,0.,1.));
#6525=DIRECTION('ref_axis',(-1.30614473485312E-13,1.,0.));
#6526=DIRECTION('',(-0.956304755963011,-0.292371704722818,0.));
#6527=DIRECTION('center_axis',(0.,0.,-1.));
#6528=DIRECTION('ref_axis',(-0.956304755963055,-0.292371704722672,0.));
#6529=DIRECTION('',(-0.292371704722675,0.956304755963055,0.));
#6530=DIRECTION('center_axis',(0.,0.,-1.));
#6531=DIRECTION('ref_axis',(-1.,-4.13106241720982E-15,0.));
#6532=DIRECTION('',(3.16985718498097E-16,1.,0.));
#6533=DIRECTION('center_axis',(0.,0.,-1.));
#6534=DIRECTION('ref_axis',(0.,1.,0.));
#6535=DIRECTION('',(1.,-7.93016446160826E-16,0.));
#6536=DIRECTION('',(1.,6.80596490191666E-16,0.));
#6537=DIRECTION('center_axis',(0.,0.,1.));
#6538=DIRECTION('ref_axis',(-1.,0.,0.));
#6539=DIRECTION('',(0.,-1.,0.));
#6540=DIRECTION('center_axis',(0.,0.,-1.));
#6541=DIRECTION('ref_axis',(1.,-1.36642833800021E-14,0.));
#6542=DIRECTION('',(1.,-4.93432455388958E-16,0.));
#6543=DIRECTION('center_axis',(0.,0.,-1.));
#6544=DIRECTION('ref_axis',(-1.19562479575015E-14,1.,0.));
#6545=DIRECTION('',(-1.33226762955019E-15,1.,0.));
#6546=DIRECTION('center_axis',(0.,0.,1.));
#6547=DIRECTION('ref_axis',(-3.54326497220795E-16,-1.,0.));
#6548=DIRECTION('',(1.,0.,0.));
#6549=DIRECTION('center_axis',(0.,0.,-1.));
#6550=DIRECTION('ref_axis',(2.56205313375036E-15,1.,0.));
#6551=DIRECTION('center_axis',(0.,0.,1.));
#6552=DIRECTION('ref_axis',(1.41730598888318E-15,-1.,0.));
#6553=DIRECTION('center_axis',(0.,0.,1.));
#6554=DIRECTION('ref_axis',(-0.434613493680177,-0.900617072407086,0.));
#6555=DIRECTION('center_axis',(0.,0.,1.));
#6556=DIRECTION('ref_axis',(1.,0.,0.));
#6557=DIRECTION('center_axis',(0.,0.,1.));
#6558=DIRECTION('ref_axis',(0.900617072407088,0.434613493680173,0.));
#6559=DIRECTION('',(4.23456436143341E-16,1.,0.));
#6560=DIRECTION('center_axis',(0.,0.,1.));
#6561=DIRECTION('ref_axis',(0.,-1.,0.));
#6562=DIRECTION('center_axis',(0.,0.,-1.));
#6563=DIRECTION('ref_axis',(-0.852447456836296,0.522812904711935,0.));
#6564=DIRECTION('',(0.,1.,0.));
#6565=DIRECTION('center_axis',(0.,0.,-1.));
#6566=DIRECTION('ref_axis',(1.,0.,0.));
#6567=DIRECTION('',(0.956304755963054,0.292371704722676,0.));
#6568=DIRECTION('center_axis',(0.,0.,-1.));
#6569=DIRECTION('ref_axis',(-0.956304755963055,-0.292371704722673,0.));
#6570=DIRECTION('center_axis',(0.,0.,1.));
#6571=DIRECTION('ref_axis',(0.988331287979765,-0.152319615283976,0.));
#6572=DIRECTION('center_axis',(0.,0.,1.));
#6573=DIRECTION('ref_axis',(1.,0.,0.));
#6574=DIRECTION('center_axis',(0.,0.,1.));
#6575=DIRECTION('ref_axis',(-0.678957508734443,0.734177567985511,0.));
#6576=DIRECTION('',(-0.95630475596301,-0.292371704722818,0.));
#6577=DIRECTION('center_axis',(0.,0.,1.));
#6578=DIRECTION('ref_axis',(-1.30392150977252E-13,1.,0.));
#6579=DIRECTION('center_axis',(0.,0.,1.));
#6580=DIRECTION('ref_axis',(0.434638493512803,0.900605007734756,0.));
#6581=DIRECTION('center_axis',(0.,0.,1.));
#6582=DIRECTION('ref_axis',(1.,0.,0.));
#6583=DIRECTION('center_axis',(0.,0.,1.));
#6584=DIRECTION('ref_axis',(-0.900613938741421,-0.434619987281607,0.));
#6585=DIRECTION('',(2.0045693500176E-16,-1.,0.));
#6586=DIRECTION('center_axis',(0.,0.,1.));
#6587=DIRECTION('ref_axis',(3.54326497220794E-16,1.,0.));
#6588=DIRECTION('',(-1.,0.,0.));
#6589=DIRECTION('center_axis',(0.,0.,1.));
#6590=DIRECTION('ref_axis',(0.977830919307351,-0.209396020130614,0.));
#6591=DIRECTION('center_axis',(0.,0.,1.));
#6592=DIRECTION('ref_axis',(1.,0.,0.));
#6593=DIRECTION('center_axis',(0.,0.,1.));
#6594=DIRECTION('ref_axis',(-0.434634272862707,0.90060704463884,0.));
#6595=DIRECTION('',(-1.,6.80596490191666E-16,0.));
#6596=DIRECTION('center_axis',(0.,0.,1.));
#6597=DIRECTION('ref_axis',(1.,-7.55896527404362E-15,0.));
#6598=DIRECTION('center_axis',(0.,0.,-1.));
#6599=DIRECTION('ref_axis',(-1.,0.,0.));
#6600=DIRECTION('center_axis',(0.,0.,1.));
#6601=DIRECTION('ref_axis',(0.43463589619461,0.900606261214693,0.));
#6602=DIRECTION('center_axis',(0.,0.,1.));
#6603=DIRECTION('ref_axis',(1.,0.,0.));
#6604=DIRECTION('center_axis',(0.,0.,1.));
#6605=DIRECTION('ref_axis',(-0.90060312751154,-0.434642389461075,0.));
#6606=DIRECTION('',(0.,-1.,0.));
#6607=DIRECTION('center_axis',(0.,0.,1.));
#6608=DIRECTION('ref_axis',(-0.900603127511539,0.434642389461077,0.));
#6609=DIRECTION('center_axis',(0.,0.,1.));
#6610=DIRECTION('ref_axis',(1.,0.,0.));
#6611=DIRECTION('center_axis',(0.,0.,1.));
#6612=DIRECTION('ref_axis',(0.434610571528245,-0.900618482552902,0.));
#6613=DIRECTION('',(1.,1.36119298038332E-15,0.));
#6614=DIRECTION('center_axis',(0.,0.,1.));
#6615=DIRECTION('ref_axis',(-1.,-5.66922395553272E-15,0.));
#6616=DIRECTION('center_axis',(0.,0.,-1.));
#6617=DIRECTION('ref_axis',(1.,-2.04964250700029E-14,0.));
#6618=DIRECTION('',(1.,-2.04178947057501E-15,0.));
#6619=DIRECTION('center_axis',(0.,0.,1.));
#6620=DIRECTION('ref_axis',(-1.,0.,0.));
#6621=DIRECTION('center_axis',(0.,0.,1.));
#6622=DIRECTION('ref_axis',(-0.900607828062066,0.434632649525238,0.));
#6623=DIRECTION('center_axis',(0.,0.,-1.));
#6624=DIRECTION('ref_axis',(-0.900607828062066,0.434632649525238,0.));
#6625=DIRECTION('center_axis',(0.,0.,1.));
#6626=DIRECTION('ref_axis',(-0.900607828062066,0.434632649525238,0.));
#6627=DIRECTION('center_axis',(0.,0.,1.));
#6628=DIRECTION('ref_axis',(-0.900613938741421,-0.434619987281607,0.));
#6629=DIRECTION('',(0.,0.,1.));
#6630=DIRECTION('center_axis',(0.,0.,1.));
#6631=DIRECTION('ref_axis',(-0.900613938741421,-0.434619987281607,0.));
#6632=DIRECTION('',(0.,0.,-1.));
#6633=DIRECTION('center_axis',(0.,0.,1.));
#6634=DIRECTION('ref_axis',(1.,0.,0.));
#6635=DIRECTION('',(0.,0.,-1.));
#6636=DIRECTION('center_axis',(0.,0.,1.));
#6637=DIRECTION('ref_axis',(1.,0.,0.));
#6638=DIRECTION('center_axis',(0.,0.,-1.));
#6639=DIRECTION('ref_axis',(0.434638493512803,0.900605007734756,0.));
#6640=DIRECTION('center_axis',(0.,0.,1.));
#6641=DIRECTION('ref_axis',(0.434638493512803,0.900605007734756,0.));
#6642=DIRECTION('center_axis',(0.,0.,1.));
#6643=DIRECTION('ref_axis',(-0.678957508734443,0.734177567985511,0.));
#6644=DIRECTION('',(0.,0.,1.));
#6645=DIRECTION('center_axis',(0.,0.,1.));
#6646=DIRECTION('ref_axis',(-0.678957508734443,0.734177567985511,0.));
#6647=DIRECTION('',(0.,0.,-1.));
#6648=DIRECTION('center_axis',(0.,0.,1.));
#6649=DIRECTION('ref_axis',(-0.469458355354952,-0.882954615247819,0.));
#6650=DIRECTION('',(0.,0.,-1.));
#6651=DIRECTION('center_axis',(0.,0.,1.));
#6652=DIRECTION('ref_axis',(1.,0.,0.));
#6653=DIRECTION('center_axis',(0.,0.,-1.));
#6654=DIRECTION('ref_axis',(0.988331287979765,-0.152319615283976,0.));
#6655=DIRECTION('center_axis',(0.,0.,1.));
#6656=DIRECTION('ref_axis',(0.988331287979765,-0.152319615283976,0.));
#6657=DIRECTION('center_axis',(0.,0.,1.));
#6658=DIRECTION('ref_axis',(0.900617072407088,0.434613493680173,0.));
#6659=DIRECTION('',(0.,0.,1.));
#6660=DIRECTION('center_axis',(0.,0.,1.));
#6661=DIRECTION('ref_axis',(0.900617072407088,0.434613493680173,0.));
#6662=DIRECTION('',(0.,0.,-1.));
#6663=DIRECTION('center_axis',(0.,0.,1.));
#6664=DIRECTION('ref_axis',(-0.707106781186548,0.707106781186547,0.));
#6665=DIRECTION('',(0.,0.,-1.));
#6666=DIRECTION('center_axis',(0.,0.,1.));
#6667=DIRECTION('ref_axis',(1.,0.,0.));
#6668=DIRECTION('center_axis',(0.,0.,-1.));
#6669=DIRECTION('ref_axis',(-0.434613493680177,-0.900617072407086,0.));
#6670=DIRECTION('center_axis',(0.,0.,1.));
#6671=DIRECTION('ref_axis',(-0.434613493680177,-0.900617072407086,0.));
#6672=DIRECTION('center_axis',(0.,0.,1.));
#6673=DIRECTION('ref_axis',(0.434610571528245,-0.900618482552902,0.));
#6674=DIRECTION('',(0.,0.,1.));
#6675=DIRECTION('center_axis',(0.,0.,1.));
#6676=DIRECTION('ref_axis',(0.434610571528245,-0.900618482552902,0.));
#6677=DIRECTION('',(0.,0.,-1.));
#6678=DIRECTION('center_axis',(0.,0.,1.));
#6679=DIRECTION('ref_axis',(1.,0.,0.));
#6680=DIRECTION('',(0.,0.,-1.));
#6681=DIRECTION('center_axis',(0.,0.,1.));
#6682=DIRECTION('ref_axis',(1.,0.,0.));
#6683=DIRECTION('center_axis',(0.,0.,-1.));
#6684=DIRECTION('ref_axis',(-0.900603127511539,0.434642389461077,0.));
#6685=DIRECTION('',(0.,0.,1.));
#6686=DIRECTION('center_axis',(0.,0.,1.));
#6687=DIRECTION('ref_axis',(-0.900603127511539,0.434642389461077,0.));
#6688=DIRECTION('center_axis',(-1.,0.,0.));
#6689=DIRECTION('ref_axis',(0.,-1.,0.));
#6690=DIRECTION('',(0.,0.,1.));
#6691=DIRECTION('',(0.,-1.,0.));
#6692=DIRECTION('',(0.,0.,-1.));
#6693=DIRECTION('',(0.,-1.,0.));
#6694=DIRECTION('',(0.,0.,1.));
#6695=DIRECTION('center_axis',(0.,0.,1.));
#6696=DIRECTION('ref_axis',(-0.90060312751154,-0.434642389461075,0.));
#6697=DIRECTION('',(0.,0.,1.));
#6698=DIRECTION('center_axis',(0.,0.,1.));
#6699=DIRECTION('ref_axis',(-0.90060312751154,-0.434642389461075,0.));
#6700=DIRECTION('center_axis',(0.,0.,1.));
#6701=DIRECTION('ref_axis',(1.,0.,0.));
#6702=DIRECTION('',(0.,0.,-1.));
#6703=DIRECTION('center_axis',(0.,0.,1.));
#6704=DIRECTION('ref_axis',(1.,0.,0.));
#6705=DIRECTION('center_axis',(0.,0.,-1.));
#6706=DIRECTION('ref_axis',(0.43463589619461,0.900606261214693,0.));
#6707=DIRECTION('center_axis',(0.,0.,1.));
#6708=DIRECTION('ref_axis',(0.43463589619461,0.900606261214693,0.));
#6709=DIRECTION('center_axis',(0.,0.,1.));
#6710=DIRECTION('ref_axis',(-0.434634272862707,0.90060704463884,0.));
#6711=DIRECTION('',(0.,0.,1.));
#6712=DIRECTION('center_axis',(0.,0.,1.));
#6713=DIRECTION('ref_axis',(-0.434634272862707,0.90060704463884,0.));
#6714=DIRECTION('',(0.,0.,-1.));
#6715=DIRECTION('center_axis',(0.,0.,1.));
#6716=DIRECTION('ref_axis',(-0.680118980806544,-0.733101747335708,0.));
#6717=DIRECTION('',(0.,0.,-1.));
#6718=DIRECTION('center_axis',(0.,0.,1.));
#6719=DIRECTION('ref_axis',(1.,0.,0.));
#6720=DIRECTION('center_axis',(0.,0.,-1.));
#6721=DIRECTION('ref_axis',(0.977830919307351,-0.209396020130614,0.));
#6722=DIRECTION('center_axis',(0.,0.,1.));
#6723=DIRECTION('ref_axis',(0.977830919307351,-0.209396020130614,0.));
#6724=DIRECTION('center_axis',(0.,0.,-1.));
#6725=DIRECTION('ref_axis',(1.,0.,0.));
#6726=DIRECTION('center_axis',(0.,0.,-1.));
#6727=DIRECTION('ref_axis',(0.,-1.,0.));
#6728=DIRECTION('center_axis',(0.,0.,-1.));
#6729=DIRECTION('ref_axis',(1.,0.,0.));
#6730=DIRECTION('',(-0.95630475596301,-0.292371704722818,0.));
#6731=DIRECTION('center_axis',(0.,0.,-1.));
#6732=DIRECTION('ref_axis',(-0.956304755963058,-0.292371704722663,0.));
#6733=DIRECTION('center_axis',(0.,0.,-1.));
#6734=DIRECTION('ref_axis',(1.,0.,0.));
#6735=DIRECTION('',(1.,1.36119298038332E-15,0.));
#6736=DIRECTION('center_axis',(0.,0.,-1.));
#6737=DIRECTION('ref_axis',(1.,1.36642833800018E-14,0.));
#6738=DIRECTION('center_axis',(0.,0.,-1.));
#6739=DIRECTION('ref_axis',(1.,0.,0.));
#6740=DIRECTION('',(4.23456436143341E-16,1.,0.));
#6741=DIRECTION('center_axis',(0.,0.,-1.));
#6742=DIRECTION('ref_axis',(6.83214169000106E-15,1.,0.));
#6743=DIRECTION('center_axis',(0.,0.,-1.));
#6744=DIRECTION('ref_axis',(1.,0.,0.));
#6745=DIRECTION('',(2.0045693500176E-16,-1.,0.));
#6746=DIRECTION('center_axis',(0.,0.,-1.));
#6747=DIRECTION('ref_axis',(1.27248638976268E-13,-1.,0.));
#6748=DIRECTION('center_axis',(0.,0.,-1.));
#6749=DIRECTION('ref_axis',(1.,0.,0.));
#6750=DIRECTION('',(-1.,6.80596490191666E-16,0.));
#6751=DIRECTION('center_axis',(0.,0.,-1.));
#6752=DIRECTION('ref_axis',(-1.,1.8788389647503E-14,0.));
#6753=DIRECTION('center_axis',(0.,0.,-1.));
#6754=DIRECTION('ref_axis',(1.,0.,0.));
#6755=DIRECTION('',(1.,6.80596490191666E-16,0.));
#6756=DIRECTION('center_axis',(0.,0.,-1.));
#6757=DIRECTION('ref_axis',(1.,-6.83214169000097E-15,0.));
#6758=DIRECTION('center_axis',(0.,0.,1.));
#6759=DIRECTION('ref_axis',(0.,-1.,0.));
#6760=DIRECTION('center_axis',(0.,0.,1.));
#6761=DIRECTION('ref_axis',(-0.956304755963058,-0.292371704722663,0.));
#6762=DIRECTION('',(0.,0.,1.));
#6763=DIRECTION('center_axis',(0.,0.,1.));
#6764=DIRECTION('ref_axis',(1.,1.36642833800018E-14,0.));
#6765=DIRECTION('',(0.,0.,1.));
#6766=DIRECTION('center_axis',(0.,0.,1.));
#6767=DIRECTION('ref_axis',(6.83214169000106E-15,1.,0.));
#6768=DIRECTION('',(0.,0.,1.));
#6769=DIRECTION('center_axis',(0.,0.,1.));
#6770=DIRECTION('ref_axis',(1.27248638976268E-13,-1.,0.));
#6771=DIRECTION('',(0.,0.,1.));
#6772=DIRECTION('center_axis',(0.,0.,1.));
#6773=DIRECTION('ref_axis',(1.,-6.83214169000097E-15,0.));
#6774=DIRECTION('',(0.,0.,1.));
#6775=DIRECTION('center_axis',(0.,0.,-1.));
#6776=DIRECTION('ref_axis',(-0.956304755963055,-0.292371704722673,0.));
#6777=DIRECTION('',(0.,0.,1.));
#6778=DIRECTION('center_axis',(0.,0.,-1.));
#6779=DIRECTION('ref_axis',(-0.852447456836296,0.522812904711935,0.));
#6780=DIRECTION('',(0.,0.,-1.));
#6781=DIRECTION('',(0.,0.,1.));
#6782=DIRECTION('center_axis',(1.,0.,0.));
#6783=DIRECTION('ref_axis',(0.,1.,0.));
#6784=DIRECTION('',(0.,0.,1.));
#6785=DIRECTION('center_axis',(0.,0.,1.));
#6786=DIRECTION('ref_axis',(1.,0.,0.));
#6787=DIRECTION('',(0.,0.,1.));
#6788=DIRECTION('center_axis',(0.292371704722676,-0.956304755963054,0.));
#6789=DIRECTION('ref_axis',(0.956304755963054,0.292371704722676,0.));
#6790=DIRECTION('center_axis',(0.,0.,1.));
#6791=DIRECTION('ref_axis',(0.,-1.,0.));
#6792=DIRECTION('',(0.,0.,1.));
#6793=DIRECTION('center_axis',(0.,0.,-1.));
#6794=DIRECTION('ref_axis',(-1.,0.,0.));
#6795=DIRECTION('center_axis',(0.,0.,1.));
#6796=DIRECTION('ref_axis',(-1.,0.,0.));
#6797=DIRECTION('',(0.,0.,1.));
#6798=DIRECTION('center_axis',(0.,0.,1.));
#6799=DIRECTION('ref_axis',(-1.,0.,0.));
#6800=DIRECTION('',(0.,0.,-1.));
#6801=DIRECTION('center_axis',(0.,0.,-1.));
#6802=DIRECTION('ref_axis',(-1.,0.,0.));
#6803=DIRECTION('center_axis',(0.,0.,1.));
#6804=DIRECTION('ref_axis',(-1.,0.,0.));
#6805=DIRECTION('center_axis',(0.,0.,-1.));
#6806=DIRECTION('ref_axis',(-1.,0.,0.));
#6807=DIRECTION('',(0.,0.,1.));
#6808=DIRECTION('center_axis',(0.,0.,1.));
#6809=DIRECTION('ref_axis',(1.,0.,0.));
#6810=DIRECTION('center_axis',(0.,0.,1.));
#6811=DIRECTION('ref_axis',(1.,0.,0.));
#6812=DIRECTION('',(0.,0.,1.));
#6813=DIRECTION('',(0.,0.,-1.));
#6814=DIRECTION('center_axis',(0.,0.,1.));
#6815=DIRECTION('ref_axis',(1.,0.,0.));
#6816=DIRECTION('center_axis',(0.,0.,-1.));
#6817=DIRECTION('ref_axis',(1.,0.,0.));
#6818=DIRECTION('',(0.,0.,1.));
#6819=DIRECTION('center_axis',(0.,0.,1.));
#6820=DIRECTION('ref_axis',(1.,0.,0.));
#6821=DIRECTION('center_axis',(0.,0.,1.));
#6822=DIRECTION('ref_axis',(1.,0.,0.));
#6823=DIRECTION('',(0.,0.,-1.));
#6824=DIRECTION('center_axis',(0.,0.,-1.));
#6825=DIRECTION('ref_axis',(-1.,0.,0.));
#6826=DIRECTION('center_axis',(0.,0.,-1.));
#6827=DIRECTION('ref_axis',(-1.,0.,0.));
#6828=DIRECTION('',(0.,0.,-1.));
#6829=DIRECTION('',(0.,0.,-1.));
#6830=DIRECTION('center_axis',(0.,0.,-1.));
#6831=DIRECTION('ref_axis',(-1.,0.,0.));
#6832=DIRECTION('center_axis',(0.,0.,1.));
#6833=DIRECTION('ref_axis',(-1.,0.,0.));
#6834=DIRECTION('',(0.,0.,-1.));
#6835=DIRECTION('center_axis',(0.,0.,-1.));
#6836=DIRECTION('ref_axis',(-1.,0.,0.));
#6837=DIRECTION('center_axis',(0.,0.,-1.));
#6838=DIRECTION('ref_axis',(-1.,0.,0.));
#6839=DIRECTION('',(0.,0.,1.));
#6840=DIRECTION('center_axis',(0.,0.,1.));
#6841=DIRECTION('ref_axis',(-1.,0.,0.));
#6842=DIRECTION('',(1.,-6.80596490191667E-16,0.));
#6843=DIRECTION('center_axis',(0.,0.,1.));
#6844=DIRECTION('ref_axis',(-1.,2.5819140107562E-15,0.));
#6845=DIRECTION('',(4.33257765707376E-15,-1.,0.));
#6846=DIRECTION('center_axis',(0.,0.,-1.));
#6847=DIRECTION('ref_axis',(1.,1.30614473485313E-15,0.));
#6848=DIRECTION('',(1.,0.,0.));
#6849=DIRECTION('center_axis',(0.,0.,-1.));
#6850=DIRECTION('ref_axis',(3.26536183713281E-16,1.,0.));
#6851=DIRECTION('',(-2.62135991925379E-16,1.,0.));
#6852=DIRECTION('center_axis',(0.,0.,1.));
#6853=DIRECTION('ref_axis',(1.29353891938885E-13,-1.,0.));
#6854=DIRECTION('',(1.,1.29763486135535E-13,0.));
#6855=DIRECTION('center_axis',(0.,0.,-1.));
#6856=DIRECTION('ref_axis',(-1.30614473485312E-13,1.,0.));
#6857=DIRECTION('',(0.956304755963011,0.292371704722818,0.));
#6858=DIRECTION('center_axis',(0.,0.,1.));
#6859=DIRECTION('ref_axis',(-0.956304755963055,-0.292371704722672,0.));
#6860=DIRECTION('',(0.292371704722675,-0.956304755963055,0.));
#6861=DIRECTION('center_axis',(0.,0.,1.));
#6862=DIRECTION('ref_axis',(-1.,-4.13106241720982E-15,0.));
#6863=DIRECTION('',(-3.16985718498097E-16,-1.,0.));
#6864=DIRECTION('center_axis',(0.,0.,1.));
#6865=DIRECTION('ref_axis',(0.,1.,0.));
#6866=DIRECTION('',(-4.71027737605133E-15,-1.,0.));
#6867=DIRECTION('center_axis',(0.,0.,-1.));
#6868=DIRECTION('ref_axis',(0.,1.,0.));
#6869=DIRECTION('',(3.16985718498097E-16,1.,0.));
#6870=DIRECTION('center_axis',(0.,0.,-1.));
#6871=DIRECTION('ref_axis',(-1.,-3.01077430406819E-15,0.));
#6872=DIRECTION('',(-0.292371704722675,0.956304755963055,0.));
#6873=DIRECTION('center_axis',(0.,0.,-1.));
#6874=DIRECTION('ref_axis',(-0.956304755963055,-0.292371704722672,0.));
#6875=DIRECTION('',(-0.956304755963011,-0.292371704722818,0.));
#6876=DIRECTION('center_axis',(0.,0.,1.));
#6877=DIRECTION('ref_axis',(-1.3322676295501E-13,1.,0.));
#6878=DIRECTION('',(-1.,-1.30010654680555E-13,0.));
#6879=DIRECTION('center_axis',(0.,0.,-1.));
#6880=DIRECTION('ref_axis',(1.29651468468938E-13,-1.,0.));
#6881=DIRECTION('',(1.85037170770856E-16,-1.,0.));
#6882=DIRECTION('center_axis',(0.,0.,1.));
#6883=DIRECTION('ref_axis',(0.,1.,0.));
#6884=DIRECTION('',(-1.,0.,0.));
#6885=DIRECTION('center_axis',(0.,0.,1.));
#6886=DIRECTION('ref_axis',(1.,0.,0.));
#6887=DIRECTION('',(-4.33257765707375E-15,1.,0.));
#6888=DIRECTION('center_axis',(0.,0.,-1.));
#6889=DIRECTION('ref_axis',(-1.,7.52693576017059E-16,0.));
#6890=DIRECTION('',(-1.,6.80596490191668E-16,0.));
#6891=DIRECTION('',(-1.,-1.72701359386135E-15,0.));
#6892=DIRECTION('center_axis',(0.,0.,-1.));
#6893=DIRECTION('ref_axis',(0.,-1.,0.));
#6894=DIRECTION('',(0.,-1.,0.));
#6895=DIRECTION('center_axis',(0.,0.,-1.));
#6896=DIRECTION('ref_axis',(1.,3.01077430406821E-15,0.));
#6897=DIRECTION('',(1.,1.36119298038332E-15,0.));
#6898=DIRECTION('center_axis',(0.,0.,1.));
#6899=DIRECTION('ref_axis',(-1.,0.,0.));
#6900=DIRECTION('center_axis',(0.,0.,-1.));
#6901=DIRECTION('ref_axis',(1.,0.,0.));
#6902=DIRECTION('',(1.,-2.04178947057501E-15,0.));
#6903=DIRECTION('center_axis',(0.,0.,1.));
#6904=DIRECTION('ref_axis',(-1.,0.,0.));
#6905=DIRECTION('',(0.,-1.,0.));
#6906=DIRECTION('center_axis',(0.,0.,-1.));
#6907=DIRECTION('ref_axis',(1.,-1.50538715203411E-15,0.));
#6908=DIRECTION('',(1.,6.80596490191667E-16,0.));
#6909=DIRECTION('center_axis',(0.,0.,1.));
#6910=DIRECTION('ref_axis',(-1.,0.,0.));
#6911=DIRECTION('',(0.,-1.,0.));
#6912=DIRECTION('center_axis',(0.,0.,-1.));
#6913=DIRECTION('ref_axis',(1.,-3.01077430406823E-15,0.));
#6914=DIRECTION('',(1.,0.,0.));
#6915=DIRECTION('center_axis',(0.,0.,-1.));
#6916=DIRECTION('ref_axis',(-2.63442751605968E-15,1.,0.));
#6917=DIRECTION('',(-1.33226762955018E-15,1.,0.));
#6918=DIRECTION('center_axis',(0.,0.,1.));
#6919=DIRECTION('ref_axis',(0.,-1.,0.));
#6920=DIRECTION('',(1.,0.,0.));
#6921=DIRECTION('center_axis',(0.,0.,-1.));
#6922=DIRECTION('ref_axis',(7.52693576017055E-16,1.,0.));
#6923=DIRECTION('center_axis',(0.,0.,1.));
#6924=DIRECTION('ref_axis',(0.,-1.,0.));
#6925=DIRECTION('',(1.,6.80596490191666E-16,0.));
#6926=DIRECTION('center_axis',(0.,0.,-1.));
#6927=DIRECTION('ref_axis',(1.50538715203412E-15,1.,0.));
#6928=DIRECTION('',(4.23456436143341E-16,1.,0.));
#6929=DIRECTION('',(-1.,0.,0.));
#6930=DIRECTION('',(-4.23456436143341E-16,-1.,0.));
#6931=DIRECTION('center_axis',(0.,0.,1.));
#6932=DIRECTION('ref_axis',(2.06553120860495E-15,1.,0.));
#6933=DIRECTION('',(-1.,-6.80596490191666E-16,0.));
#6934=DIRECTION('center_axis',(0.,0.,-1.));
#6935=DIRECTION('ref_axis',(1.30614473485313E-15,-1.,0.));
#6936=DIRECTION('center_axis',(0.,0.,1.));
#6937=DIRECTION('ref_axis',(7.74574203226854E-16,1.,0.));
#6938=DIRECTION('',(-1.,0.,0.));
#6939=DIRECTION('center_axis',(0.,0.,-1.));
#6940=DIRECTION('ref_axis',(-3.26536183713281E-16,-1.,0.));
#6941=DIRECTION('',(-2.22044604925031E-16,-1.,0.));
#6942=DIRECTION('center_axis',(0.,0.,1.));
#6943=DIRECTION('ref_axis',(-3.61467961505863E-15,1.,0.));
#6944=DIRECTION('',(-1.,0.,0.));
#6945=DIRECTION('center_axis',(0.,0.,1.));
#6946=DIRECTION('ref_axis',(1.,-4.1310624172099E-15,0.));
#6947=DIRECTION('',(0.,1.,0.));
#6948=DIRECTION('center_axis',(0.,0.,-1.));
#6949=DIRECTION('ref_axis',(-1.,0.,0.));
#6950=DIRECTION('',(-1.,-6.80596490191666E-16,0.));
#6951=DIRECTION('center_axis',(0.,0.,1.));
#6952=DIRECTION('ref_axis',(1.,-2.06553120860494E-15,0.));
#6953=DIRECTION('',(0.,1.,0.));
#6954=DIRECTION('center_axis',(0.,0.,-1.));
#6955=DIRECTION('ref_axis',(-1.,0.,0.));
#6956=DIRECTION('',(-1.,2.04178947057501E-15,0.));
#6957=DIRECTION('center_axis',(0.,0.,1.));
#6958=DIRECTION('ref_axis',(1.,-2.06553120860494E-15,0.));
#6959=DIRECTION('center_axis',(0.,0.,-1.));
#6960=DIRECTION('ref_axis',(-1.,-5.2245789394125E-15,0.));
#6961=DIRECTION('',(-1.,-6.80596490191661E-16,0.));
#6962=DIRECTION('center_axis',(0.,0.,1.));
#6963=DIRECTION('ref_axis',(1.,4.13106241720987E-15,0.));
#6964=DIRECTION('',(0.,1.,0.));
#6965=DIRECTION('center_axis',(0.,0.,1.));
#6966=DIRECTION('ref_axis',(0.923879532511288,-0.382683432365087,0.));
#6967=DIRECTION('',(0.707106781186546,0.707106781186549,0.));
#6968=DIRECTION('center_axis',(0.,0.,-1.));
#6969=DIRECTION('ref_axis',(-0.923879532511288,0.382683432365087,0.));
#6970=DIRECTION('',(0.,1.,0.));
#6971=DIRECTION('center_axis',(0.,0.,-1.));
#6972=DIRECTION('ref_axis',(-0.923879532511288,-0.382683432365088,0.));
#6973=DIRECTION('',(-0.707106781186546,0.707106781186549,0.));
#6974=DIRECTION('center_axis',(0.,0.,1.));
#6975=DIRECTION('ref_axis',(0.923879532511287,0.382683432365089,-1.6022623232524E-15));
#6976=DIRECTION('',(0.,1.,0.));
#6977=DIRECTION('center_axis',(0.,0.,1.));
#6978=DIRECTION('ref_axis',(0.,-1.,0.));
#6979=DIRECTION('',(1.,1.72701359386135E-15,0.));
#6980=DIRECTION('center_axis',(-6.80596490191667E-16,-1.,0.));
#6981=DIRECTION('ref_axis',(1.,-6.80596490191667E-16,0.));
#6982=DIRECTION('',(0.,0.,1.));
#6983=DIRECTION('center_axis',(4.71027737605133E-15,1.,0.));
#6984=DIRECTION('ref_axis',(0.,0.,-1.));
#6985=DIRECTION('center_axis',(7.93016446160826E-16,1.,0.));
#6986=DIRECTION('ref_axis',(0.,0.,-1.));
#6987=DIRECTION('',(4.71027737605133E-15,1.,0.));
#6988=DIRECTION('center_axis',(-6.3441315692866E-16,-1.,0.));
#6989=DIRECTION('ref_axis',(0.,0.,-1.));
#6990=DIRECTION('center_axis',(0.,0.,-1.));
#6991=DIRECTION('ref_axis',(0.,1.,0.));
#6992=DIRECTION('',(0.,0.,1.));
#6993=DIRECTION('center_axis',(0.,0.,-1.));
#6994=DIRECTION('ref_axis',(0.,1.,0.));
#6995=DIRECTION('',(0.,0.,1.));
#6996=DIRECTION('center_axis',(6.3441315692866E-16,1.,0.));
#6997=DIRECTION('ref_axis',(1.,-6.3441315692866E-16,0.));
#6998=DIRECTION('center_axis',(6.3441315692866E-16,1.,0.));
#6999=DIRECTION('ref_axis',(-0.707106781186547,4.18691322315674E-15,-0.707106781186548));
#7000=DIRECTION('',(1.,-6.3441315692866E-16,0.));
#7001=DIRECTION('',(0.,0.,-1.));
#7002=DIRECTION('',(-1.,6.3441315692866E-16,0.));
#7003=DIRECTION('center_axis',(6.3441315692866E-16,1.,0.));
#7004=DIRECTION('ref_axis',(-0.707106781186548,4.18691322315673E-15,0.707106781186547));
#7005=DIRECTION('center_axis',(-6.3441315692866E-16,-1.,0.));
#7006=DIRECTION('ref_axis',(0.,0.,1.));
#7007=DIRECTION('center_axis',(1.,0.,0.));
#7008=DIRECTION('ref_axis',(0.,0.,-1.));
#7009=DIRECTION('center_axis',(1.,-4.23456436143341E-16,0.));
#7010=DIRECTION('ref_axis',(0.,0.,-1.));
#7011=DIRECTION('',(1.,0.,0.));
#7012=DIRECTION('center_axis',(-1.,4.23456436143341E-16,0.));
#7013=DIRECTION('ref_axis',(0.,0.,-1.));
#7014=DIRECTION('center_axis',(1.,0.,0.));
#7015=DIRECTION('ref_axis',(0.,0.707106781186547,-0.707106781186548));
#7016=DIRECTION('center_axis',(-1.,4.23456436143341E-16,0.));
#7017=DIRECTION('ref_axis',(0.,0.707106781186547,-0.707106781186548));
#7018=DIRECTION('',(1.,0.,0.));
#7019=DIRECTION('center_axis',(1.,-4.23456436143341E-16,0.));
#7020=DIRECTION('ref_axis',(0.,0.707106781186547,-0.707106781186548));
#7021=DIRECTION('center_axis',(-1.,4.23456436143341E-16,0.));
#7022=DIRECTION('ref_axis',(4.23456436143341E-16,1.,0.));
#7023=DIRECTION('',(0.,0.,1.));
#7024=DIRECTION('',(4.23456436143341E-16,1.,0.));
#7025=DIRECTION('center_axis',(1.,-4.23456436143341E-16,0.));
#7026=DIRECTION('ref_axis',(0.,0.,1.));
#7027=DIRECTION('center_axis',(-1.,4.23456436143341E-16,0.));
#7028=DIRECTION('ref_axis',(0.,0.707106781186546,0.707106781186549));
#7029=DIRECTION('',(-4.23456436143341E-16,-1.,0.));
#7030=DIRECTION('',(0.,0.,1.));
#7031=DIRECTION('',(4.23456436143341E-16,1.,0.));
#7032=DIRECTION('center_axis',(-1.,0.,0.));
#7033=DIRECTION('ref_axis',(0.,0.,1.));
#7034=DIRECTION('center_axis',(-1.,4.23456436143341E-16,0.));
#7035=DIRECTION('ref_axis',(0.,0.,1.));
#7036=DIRECTION('',(-1.,0.,0.));
#7037=DIRECTION('',(1.,0.,0.));
#7038=DIRECTION('center_axis',(-1.,0.,0.));
#7039=DIRECTION('ref_axis',(0.,0.707106781186546,0.707106781186549));
#7040=DIRECTION('center_axis',(1.,-4.23456436143341E-16,0.));
#7041=DIRECTION('ref_axis',(0.,0.707106781186546,0.707106781186549));
#7042=DIRECTION('',(-1.,0.,0.));
#7043=DIRECTION('center_axis',(-4.71027737605133E-15,-1.,0.));
#7044=DIRECTION('ref_axis',(0.,0.,1.));
#7045=DIRECTION('',(-4.71027737605133E-15,-1.,0.));
#7046=DIRECTION('center_axis',(7.93016446160826E-16,1.,0.));
#7047=DIRECTION('ref_axis',(0.,0.,1.));
#7048=DIRECTION('',(4.71027737605133E-15,1.,0.));
#7049=DIRECTION('center_axis',(0.,0.,1.));
#7050=DIRECTION('ref_axis',(-1.,0.,0.));
#7051=DIRECTION('',(1.,1.72701359386135E-15,0.));
#7052=DIRECTION('center_axis',(0.,0.,1.));
#7053=DIRECTION('ref_axis',(0.,-1.,0.));
#7054=DIRECTION('',(0.,1.,0.));
#7055=DIRECTION('center_axis',(0.,0.,-1.));
#7056=DIRECTION('ref_axis',(0.923879532511287,0.382683432365088,0.));
#7057=DIRECTION('',(0.707106781186546,-0.707106781186549,0.));
#7058=DIRECTION('center_axis',(0.,0.,1.));
#7059=DIRECTION('ref_axis',(-0.923879532511288,-0.382683432365088,0.));
#7060=DIRECTION('',(0.,-1.,0.));
#7061=DIRECTION('center_axis',(0.,0.,1.));
#7062=DIRECTION('ref_axis',(-0.923879532511287,0.382683432365088,0.));
#7063=DIRECTION('',(-0.707106781186546,-0.707106781186549,0.));
#7064=DIRECTION('center_axis',(0.,0.,-1.));
#7065=DIRECTION('ref_axis',(0.923879532511288,-0.382683432365087,0.));
#7066=DIRECTION('',(0.,1.,0.));
#7067=DIRECTION('center_axis',(0.,0.,1.));
#7068=DIRECTION('ref_axis',(1.,4.13106241720987E-15,0.));
#7069=DIRECTION('',(-1.,-6.80596490191661E-16,0.));
#7070=DIRECTION('center_axis',(0.,0.,-1.));
#7071=DIRECTION('ref_axis',(-1.,-5.2245789394125E-15,0.));
#7072=DIRECTION('center_axis',(0.,0.,1.));
#7073=DIRECTION('ref_axis',(1.,-2.06553120860494E-15,0.));
#7074=DIRECTION('',(-1.,2.04178947057501E-15,0.));
#7075=DIRECTION('center_axis',(0.,0.,-1.));
#7076=DIRECTION('ref_axis',(-1.,0.,0.));
#7077=DIRECTION('',(0.,1.,0.));
#7078=DIRECTION('center_axis',(0.,0.,1.));
#7079=DIRECTION('ref_axis',(1.,-2.06553120860494E-15,0.));
#7080=DIRECTION('',(-1.,-6.80596490191666E-16,0.));
#7081=DIRECTION('center_axis',(0.,0.,-1.));
#7082=DIRECTION('ref_axis',(-1.,0.,0.));
#7083=DIRECTION('',(0.,1.,0.));
#7084=DIRECTION('center_axis',(0.,0.,1.));
#7085=DIRECTION('ref_axis',(1.,-4.1310624172099E-15,0.));
#7086=DIRECTION('',(-1.,0.,0.));
#7087=DIRECTION('center_axis',(0.,0.,1.));
#7088=DIRECTION('ref_axis',(-3.61467961505863E-15,1.,0.));
#7089=DIRECTION('',(-2.22044604925031E-16,-1.,0.));
#7090=DIRECTION('center_axis',(0.,0.,-1.));
#7091=DIRECTION('ref_axis',(-3.26536183713281E-16,-1.,0.));
#7092=DIRECTION('',(-1.,0.,0.));
#7093=DIRECTION('center_axis',(0.,0.,1.));
#7094=DIRECTION('ref_axis',(7.74574203226854E-16,1.,0.));
#7095=DIRECTION('center_axis',(0.,0.,-1.));
#7096=DIRECTION('ref_axis',(1.30614473485313E-15,-1.,0.));
#7097=DIRECTION('',(-1.,-6.80596490191666E-16,0.));
#7098=DIRECTION('center_axis',(0.,0.,1.));
#7099=DIRECTION('ref_axis',(2.06553120860495E-15,1.,0.));
#7100=DIRECTION('',(-4.23456436143341E-16,-1.,0.));
#7101=DIRECTION('center_axis',(0.,0.,-1.));
#7102=DIRECTION('ref_axis',(1.50538715203412E-15,1.,0.));
#7103=DIRECTION('',(1.,6.80596490191666E-16,0.));
#7104=DIRECTION('center_axis',(0.,0.,1.));
#7105=DIRECTION('ref_axis',(0.,-1.,0.));
#7106=DIRECTION('center_axis',(0.,0.,-1.));
#7107=DIRECTION('ref_axis',(7.52693576017055E-16,1.,0.));
#7108=DIRECTION('',(1.,0.,0.));
#7109=DIRECTION('center_axis',(0.,0.,1.));
#7110=DIRECTION('ref_axis',(0.,-1.,0.));
#7111=DIRECTION('',(-1.33226762955018E-15,1.,0.));
#7112=DIRECTION('center_axis',(0.,0.,-1.));
#7113=DIRECTION('ref_axis',(-2.63442751605968E-15,1.,0.));
#7114=DIRECTION('',(1.,0.,0.));
#7115=DIRECTION('center_axis',(0.,0.,-1.));
#7116=DIRECTION('ref_axis',(1.,-3.01077430406823E-15,0.));
#7117=DIRECTION('',(0.,-1.,0.));
#7118=DIRECTION('center_axis',(0.,0.,1.));
#7119=DIRECTION('ref_axis',(-1.,0.,0.));
#7120=DIRECTION('',(1.,6.80596490191667E-16,0.));
#7121=DIRECTION('center_axis',(0.,0.,-1.));
#7122=DIRECTION('ref_axis',(1.,-1.50538715203411E-15,0.));
#7123=DIRECTION('',(0.,-1.,0.));
#7124=DIRECTION('center_axis',(0.,0.,1.));
#7125=DIRECTION('ref_axis',(-1.,0.,0.));
#7126=DIRECTION('',(1.,-2.04178947057501E-15,0.));
#7127=DIRECTION('center_axis',(0.,0.,-1.));
#7128=DIRECTION('ref_axis',(1.,0.,0.));
#7129=DIRECTION('center_axis',(0.,0.,1.));
#7130=DIRECTION('ref_axis',(-1.,0.,0.));
#7131=DIRECTION('',(1.,1.36119298038332E-15,0.));
#7132=DIRECTION('center_axis',(0.,0.,-1.));
#7133=DIRECTION('ref_axis',(1.,3.01077430406821E-15,0.));
#7134=DIRECTION('',(0.,-1.,0.));
#7135=DIRECTION('center_axis',(0.,0.,-1.));
#7136=DIRECTION('ref_axis',(0.,-1.,0.));
#7137=DIRECTION('',(-1.,-1.72701359386135E-15,0.));
#7138=DIRECTION('',(-1.,6.80596490191668E-16,0.));
#7139=DIRECTION('center_axis',(0.,0.,-1.));
#7140=DIRECTION('ref_axis',(-1.,7.52693576017059E-16,0.));
#7141=DIRECTION('',(-4.33257765707375E-15,1.,0.));
#7142=DIRECTION('center_axis',(0.,0.,1.));
#7143=DIRECTION('ref_axis',(1.,0.,0.));
#7144=DIRECTION('',(-1.,0.,0.));
#7145=DIRECTION('center_axis',(0.,0.,1.));
#7146=DIRECTION('ref_axis',(0.,1.,0.));
#7147=DIRECTION('',(1.85037170770856E-16,-1.,0.));
#7148=DIRECTION('center_axis',(0.,0.,-1.));
#7149=DIRECTION('ref_axis',(1.29651468468938E-13,-1.,0.));
#7150=DIRECTION('',(-1.,-1.30010654680555E-13,0.));
#7151=DIRECTION('center_axis',(0.,0.,1.));
#7152=DIRECTION('ref_axis',(-1.3322676295501E-13,1.,0.));
#7153=DIRECTION('',(-0.956304755963011,-0.292371704722818,0.));
#7154=DIRECTION('center_axis',(0.,0.,-1.));
#7155=DIRECTION('ref_axis',(-0.956304755963055,-0.292371704722672,0.));
#7156=DIRECTION('',(-0.292371704722675,0.956304755963055,0.));
#7157=DIRECTION('center_axis',(0.,0.,-1.));
#7158=DIRECTION('ref_axis',(-1.,-3.01077430406819E-15,0.));
#7159=DIRECTION('',(3.16985718498097E-16,1.,0.));
#7160=DIRECTION('center_axis',(0.,0.,1.));
#7161=DIRECTION('ref_axis',(0.,1.,0.));
#7162=DIRECTION('',(-3.16985718498097E-16,-1.,0.));
#7163=DIRECTION('center_axis',(0.,0.,1.));
#7164=DIRECTION('ref_axis',(-1.,-4.13106241720982E-15,0.));
#7165=DIRECTION('',(0.292371704722675,-0.956304755963055,0.));
#7166=DIRECTION('center_axis',(0.,0.,1.));
#7167=DIRECTION('ref_axis',(-0.956304755963055,-0.292371704722672,0.));
#7168=DIRECTION('',(0.956304755963011,0.292371704722818,0.));
#7169=DIRECTION('center_axis',(0.,0.,-1.));
#7170=DIRECTION('ref_axis',(-1.30614473485312E-13,1.,0.));
#7171=DIRECTION('',(1.,1.29763486135535E-13,0.));
#7172=DIRECTION('center_axis',(0.,0.,1.));
#7173=DIRECTION('ref_axis',(1.29353891938885E-13,-1.,0.));
#7174=DIRECTION('',(-2.62135991925379E-16,1.,0.));
#7175=DIRECTION('center_axis',(0.,0.,-1.));
#7176=DIRECTION('ref_axis',(3.26536183713281E-16,1.,0.));
#7177=DIRECTION('',(1.,0.,0.));
#7178=DIRECTION('center_axis',(0.,0.,-1.));
#7179=DIRECTION('ref_axis',(1.,1.30614473485313E-15,0.));
#7180=DIRECTION('',(4.33257765707376E-15,-1.,0.));
#7181=DIRECTION('center_axis',(0.,0.,1.));
#7182=DIRECTION('ref_axis',(-1.,2.5819140107562E-15,0.));
#7183=DIRECTION('',(1.,-6.80596490191667E-16,0.));
#7184=DIRECTION('center_axis',(5.55111512312579E-15,1.,0.));
#7185=DIRECTION('ref_axis',(-0.707106781186547,4.18691322315674E-15,-0.707106781186548));
#7186=DIRECTION('center_axis',(-7.93016446160826E-16,-1.,0.));
#7187=DIRECTION('ref_axis',(-0.707106781186547,4.18691322315674E-15,-0.707106781186548));
#7188=DIRECTION('',(5.55111512312579E-15,1.,0.));
#7189=DIRECTION('center_axis',(0.,0.,1.));
#7190=DIRECTION('ref_axis',(-1.,0.,0.));
#7191=DIRECTION('',(-1.,7.93016446160826E-16,0.));
#7192=DIRECTION('center_axis',(0.,0.,-1.));
#7193=DIRECTION('ref_axis',(0.,-1.,0.));
#7194=DIRECTION('',(-4.23456436143341E-16,-1.,0.));
#7195=DIRECTION('center_axis',(0.,0.,1.));
#7196=DIRECTION('ref_axis',(0.,-1.,0.));
#7197=DIRECTION('center_axis',(0.,0.,-1.));
#7198=DIRECTION('ref_axis',(1.,0.,0.));
#7199=DIRECTION('',(4.23456436143341E-16,1.,0.));
#7200=DIRECTION('center_axis',(0.,0.,1.));
#7201=DIRECTION('ref_axis',(0.,-1.,0.));
#7202=DIRECTION('',(1.,-7.93016446160826E-16,0.));
#7203=DIRECTION('',(-5.55111512312579E-15,-1.,0.));
#7204=DIRECTION('center_axis',(0.,0.,-1.));
#7205=DIRECTION('ref_axis',(0.,-1.,0.));
#7206=DIRECTION('center_axis',(-5.55111512312579E-15,-1.,0.));
#7207=DIRECTION('ref_axis',(-0.707106781186548,4.18691322315673E-15,0.707106781186547));
#7208=DIRECTION('center_axis',(-7.93016446160826E-16,-1.,0.));
#7209=DIRECTION('ref_axis',(-0.707106781186548,4.18691322315673E-15,0.707106781186547));
#7210=DIRECTION('center_axis',(-1.,4.23456436143341E-16,0.));
#7211=DIRECTION('ref_axis',(-4.23456436143341E-16,-1.,0.));
#7212=DIRECTION('',(0.,0.,1.));
#7213=DIRECTION('',(0.,0.,1.));
#7214=DIRECTION('center_axis',(0.,0.,-1.));
#7215=DIRECTION('ref_axis',(0.,-1.,0.));
#7216=DIRECTION('',(0.,0.,1.));
#7217=DIRECTION('center_axis',(-7.93016446160826E-16,-1.,0.));
#7218=DIRECTION('ref_axis',(-1.,7.93016446160826E-16,0.));
#7219=DIRECTION('',(0.,0.,-1.));
#7220=DIRECTION('',(0.,0.,-1.));
#7221=DIRECTION('center_axis',(0.,0.,-1.));
#7222=DIRECTION('ref_axis',(0.,-1.,0.));
#7223=DIRECTION('',(0.,0.,-1.));
#7224=DIRECTION('center_axis',(1.,-4.23456436143341E-16,0.));
#7225=DIRECTION('ref_axis',(-4.23456436143341E-16,-1.,0.));
#7226=DIRECTION('',(0.,0.,-1.));
#7227=DIRECTION('center_axis',(0.,0.,-1.));
#7228=DIRECTION('ref_axis',(-0.923879532511288,-0.382683432365088,0.));
#7229=DIRECTION('',(0.,0.,1.));
#7230=DIRECTION('center_axis',(0.707106781186549,0.,-0.707106781186546));
#7231=DIRECTION('ref_axis',(-0.707106781186546,6.54205191118238E-17,-0.707106781186549));
#7232=DIRECTION('',(0.,0.,-1.));
#7233=DIRECTION('center_axis',(-0.707106781186549,0.,0.707106781186546));
#7234=DIRECTION('ref_axis',(0.707106781186546,0.,0.707106781186549));
#7235=DIRECTION('',(0.577350269189624,-0.577350269189626,0.577350269189627));
#7236=DIRECTION('center_axis',(-0.707106781186549,0.,0.707106781186546));
#7237=DIRECTION('ref_axis',(0.707106781186546,0.,0.707106781186549));
#7238=DIRECTION('',(0.,-1.,0.));
#7239=DIRECTION('center_axis',(-0.707106781186549,0.,0.707106781186546));
#7240=DIRECTION('ref_axis',(0.707106781186546,0.,0.707106781186549));
#7241=DIRECTION('',(0.577350269189624,0.577350269189627,0.577350269189626));
#7242=DIRECTION('center_axis',(0.707106781186549,0.,-0.707106781186546));
#7243=DIRECTION('ref_axis',(-0.707106781186546,3.27102595559119E-17,-0.707106781186549));
#7244=DIRECTION('',(0.,-1.,0.));
#7245=DIRECTION('center_axis',(-0.707106781186549,-0.707106781186546,0.));
#7246=DIRECTION('ref_axis',(0.,0.,1.));
#7247=DIRECTION('',(0.,0.,-1.));
#7248=DIRECTION('center_axis',(0.,0.,-1.));
#7249=DIRECTION('ref_axis',(0.923879532511287,0.382683432365088,0.));
#7250=DIRECTION('',(0.,0.,1.));
#7251=DIRECTION('center_axis',(0.,0.,1.));
#7252=DIRECTION('ref_axis',(-0.923879532511287,0.382683432365088,0.));
#7253=DIRECTION('',(0.,0.,-1.));
#7254=DIRECTION('',(0.,0.,1.));
#7255=DIRECTION('center_axis',(-0.707106781186549,0.707106781186546,0.));
#7256=DIRECTION('ref_axis',(0.,0.,1.));
#7257=DIRECTION('',(0.,0.,1.));
#7258=DIRECTION('center_axis',(0.,0.,1.));
#7259=DIRECTION('ref_axis',(0.923879532511288,-0.382683432365087,0.));
#7260=DIRECTION('',(0.,0.,-1.));
#7261=DIRECTION('center_axis',(-1.,0.,0.));
#7262=DIRECTION('ref_axis',(0.,1.,0.));
#7263=DIRECTION('',(0.,0.,-1.));
#7264=DIRECTION('',(0.,0.,-1.));
#7265=DIRECTION('center_axis',(-1.,0.,0.));
#7266=DIRECTION('ref_axis',(0.,0.,1.));
#7267=DIRECTION('center_axis',(0.,-2.66453525910038E-15,-1.));
#7268=DIRECTION('ref_axis',(-0.923879532511288,-0.382683432365088,0.));
#7269=DIRECTION('center_axis',(0.707106781186549,0.,0.707106781186546));
#7270=DIRECTION('ref_axis',(-0.707106781186546,3.82710036804169E-15,0.707106781186549));
#7271=DIRECTION('',(0.,2.66453525910038E-15,1.));
#7272=DIRECTION('',(0.,-2.66453525910038E-15,-1.));
#7273=DIRECTION('center_axis',(-0.707106781186549,-0.707106781186546,1.88411095042053E-15));
#7274=DIRECTION('ref_axis',(2.66453525910037E-15,0.,1.));
#7275=DIRECTION('',(0.577350269189624,-0.577350269189627,-0.577350269189626));
#7276=DIRECTION('',(0.,-2.66453525910038E-15,-1.));
#7277=DIRECTION('center_axis',(-0.707106781186549,0.,-0.707106781186546));
#7278=DIRECTION('ref_axis',(-0.707106781186546,0.,0.707106781186549));
#7279=DIRECTION('',(0.,1.,0.));
#7280=DIRECTION('center_axis',(0.707106781186549,0.,0.707106781186546));
#7281=DIRECTION('ref_axis',(-0.707106781186546,0.,0.707106781186549));
#7282=DIRECTION('',(-0.577350269189624,-0.577350269189627,0.577350269189627));
#7283=DIRECTION('center_axis',(-0.707106781186549,0.,-0.707106781186546));
#7284=DIRECTION('ref_axis',(0.707106781186546,0.,-0.707106781186549));
#7285=DIRECTION('',(0.,1.,0.));
#7286=DIRECTION('center_axis',(-0.707106781186549,0.,-0.707106781186546));
#7287=DIRECTION('ref_axis',(0.707106781186546,-3.79439010848578E-15,-0.707106781186549));
#7288=DIRECTION('center_axis',(0.,-2.66453525910038E-15,-1.));
#7289=DIRECTION('ref_axis',(0.923879532511287,0.382683432365089,-1.6022623232524E-15));
#7290=DIRECTION('',(0.,2.66453525910038E-15,1.));
#7291=DIRECTION('center_axis',(1.,0.,0.));
#7292=DIRECTION('ref_axis',(0.,1.,0.));
#7293=DIRECTION('',(0.,0.,-1.));
#7294=DIRECTION('',(0.,0.,1.));
#7295=DIRECTION('',(0.,0.,1.));
#7296=DIRECTION('center_axis',(0.,0.,1.));
#7297=DIRECTION('ref_axis',(-0.923879532511288,0.382683432365087,0.));
#7298=DIRECTION('',(0.,0.,-1.));
#7299=DIRECTION('',(0.,0.,1.));
#7300=DIRECTION('center_axis',(-0.707106781186549,0.707106781186546,0.));
#7301=DIRECTION('ref_axis',(0.,0.,1.));
#7302=DIRECTION('',(0.,0.,1.));
#7303=DIRECTION('center_axis',(0.,0.,1.));
#7304=DIRECTION('ref_axis',(0.923879532511288,-0.382683432365087,0.));
#7305=DIRECTION('center_axis',(-1.,0.,0.));
#7306=DIRECTION('ref_axis',(0.,0.,1.));
#7307=DIRECTION('center_axis',(0.,0.,-1.));
#7308=DIRECTION('ref_axis',(2.06553120860495E-15,1.,0.));
#7309=DIRECTION('',(0.,0.,1.));
#7310=DIRECTION('center_axis',(-6.80596490191666E-16,1.,0.));
#7311=DIRECTION('ref_axis',(-1.,-6.80596490191666E-16,0.));
#7312=DIRECTION('',(0.,0.,1.));
#7313=DIRECTION('center_axis',(0.,0.,-1.));
#7314=DIRECTION('ref_axis',(1.30614473485313E-15,-1.,0.));
#7315=DIRECTION('',(0.,0.,1.));
#7316=DIRECTION('center_axis',(0.,0.,-1.));
#7317=DIRECTION('ref_axis',(7.74574203226854E-16,1.,0.));
#7318=DIRECTION('',(0.,0.,1.));
#7319=DIRECTION('center_axis',(0.,1.,0.));
#7320=DIRECTION('ref_axis',(-1.,0.,0.));
#7321=DIRECTION('',(0.,0.,1.));
#7322=DIRECTION('center_axis',(0.,0.,-1.));
#7323=DIRECTION('ref_axis',(-3.26536183713281E-16,-1.,0.));
#7324=DIRECTION('',(0.,0.,1.));
#7325=DIRECTION('center_axis',(-1.,2.22044604925031E-16,0.));
#7326=DIRECTION('ref_axis',(-2.22044604925031E-16,-1.,0.));
#7327=DIRECTION('',(0.,0.,1.));
#7328=DIRECTION('center_axis',(0.,0.,-1.));
#7329=DIRECTION('ref_axis',(-3.61467961505863E-15,1.,0.));
#7330=DIRECTION('',(0.,0.,1.));
#7331=DIRECTION('center_axis',(0.,1.,0.));
#7332=DIRECTION('ref_axis',(-1.,0.,0.));
#7333=DIRECTION('',(0.,0.,1.));
#7334=DIRECTION('center_axis',(0.,0.,-1.));
#7335=DIRECTION('ref_axis',(1.,-4.1310624172099E-15,0.));
#7336=DIRECTION('',(0.,0.,1.));
#7337=DIRECTION('center_axis',(1.,0.,0.));
#7338=DIRECTION('ref_axis',(0.,1.,0.));
#7339=DIRECTION('',(0.,0.,1.));
#7340=DIRECTION('center_axis',(0.,0.,-1.));
#7341=DIRECTION('ref_axis',(-1.,0.,0.));
#7342=DIRECTION('',(0.,0.,1.));
#7343=DIRECTION('center_axis',(-6.80596490191666E-16,1.,0.));
#7344=DIRECTION('ref_axis',(-1.,-6.80596490191666E-16,0.));
#7345=DIRECTION('',(0.,0.,1.));
#7346=DIRECTION('center_axis',(0.,0.,-1.));
#7347=DIRECTION('ref_axis',(1.,-2.06553120860494E-15,0.));
#7348=DIRECTION('',(0.,0.,1.));
#7349=DIRECTION('center_axis',(1.,0.,0.));
#7350=DIRECTION('ref_axis',(0.,1.,0.));
#7351=DIRECTION('',(0.,0.,1.));
#7352=DIRECTION('center_axis',(0.,0.,-1.));
#7353=DIRECTION('ref_axis',(-1.,0.,0.));
#7354=DIRECTION('',(0.,0.,1.));
#7355=DIRECTION('center_axis',(2.04178947057501E-15,1.,0.));
#7356=DIRECTION('ref_axis',(-1.,2.04178947057501E-15,0.));
#7357=DIRECTION('',(0.,0.,1.));
#7358=DIRECTION('center_axis',(0.,0.,-1.));
#7359=DIRECTION('ref_axis',(1.,-2.06553120860494E-15,0.));
#7360=DIRECTION('',(0.,0.,1.));
#7361=DIRECTION('center_axis',(0.,0.,-1.));
#7362=DIRECTION('ref_axis',(-1.,-5.2245789394125E-15,0.));
#7363=DIRECTION('',(0.,0.,1.));
#7364=DIRECTION('center_axis',(-6.80596490191661E-16,1.,0.));
#7365=DIRECTION('ref_axis',(-1.,-6.80596490191661E-16,0.));
#7366=DIRECTION('',(0.,0.,1.));
#7367=DIRECTION('center_axis',(0.,0.,-1.));
#7368=DIRECTION('ref_axis',(1.,4.13106241720987E-15,0.));
#7369=DIRECTION('center_axis',(0.,0.,-1.));
#7370=DIRECTION('ref_axis',(0.,-1.,0.));
#7371=DIRECTION('',(0.,0.,1.));
#7372=DIRECTION('center_axis',(1.72701359386135E-15,-1.,0.));
#7373=DIRECTION('ref_axis',(1.,1.72701359386135E-15,0.));
#7374=DIRECTION('center_axis',(0.,0.,-1.));
#7375=DIRECTION('ref_axis',(-1.,2.5819140107562E-15,0.));
#7376=DIRECTION('',(0.,0.,1.));
#7377=DIRECTION('center_axis',(-1.,-4.33257765707376E-15,0.));
#7378=DIRECTION('ref_axis',(4.33257765707376E-15,-1.,0.));
#7379=DIRECTION('',(0.,0.,1.));
#7380=DIRECTION('center_axis',(0.,0.,-1.));
#7381=DIRECTION('ref_axis',(1.,1.30614473485313E-15,0.));
#7382=DIRECTION('',(0.,0.,1.));
#7383=DIRECTION('center_axis',(0.,-1.,0.));
#7384=DIRECTION('ref_axis',(1.,0.,0.));
#7385=DIRECTION('',(0.,0.,1.));
#7386=DIRECTION('center_axis',(0.,0.,-1.));
#7387=DIRECTION('ref_axis',(3.26536183713281E-16,1.,0.));
#7388=DIRECTION('',(0.,0.,1.));
#7389=DIRECTION('center_axis',(1.,2.62135991925379E-16,0.));
#7390=DIRECTION('ref_axis',(-2.62135991925379E-16,1.,0.));
#7391=DIRECTION('',(0.,0.,1.));
#7392=DIRECTION('center_axis',(0.,0.,-1.));
#7393=DIRECTION('ref_axis',(1.29353891938885E-13,-1.,0.));
#7394=DIRECTION('',(0.,0.,1.));
#7395=DIRECTION('center_axis',(1.29763486135535E-13,-1.,0.));
#7396=DIRECTION('ref_axis',(1.,1.29763486135535E-13,0.));
#7397=DIRECTION('',(0.,0.,1.));
#7398=DIRECTION('center_axis',(0.,0.,-1.));
#7399=DIRECTION('ref_axis',(-1.30614473485312E-13,1.,0.));
#7400=DIRECTION('',(0.,0.,1.));
#7401=DIRECTION('center_axis',(0.292371704722818,-0.956304755963011,0.));
#7402=DIRECTION('ref_axis',(0.956304755963011,0.292371704722818,0.));
#7403=DIRECTION('',(0.,0.,1.));
#7404=DIRECTION('center_axis',(0.,0.,-1.));
#7405=DIRECTION('ref_axis',(-0.956304755963055,-0.292371704722672,0.));
#7406=DIRECTION('',(0.,0.,1.));
#7407=DIRECTION('center_axis',(-0.956304755963055,-0.292371704722675,0.));
#7408=DIRECTION('ref_axis',(0.292371704722675,-0.956304755963055,0.));
#7409=DIRECTION('',(0.,0.,1.));
#7410=DIRECTION('center_axis',(0.,0.,-1.));
#7411=DIRECTION('ref_axis',(-1.,-4.13106241720982E-15,0.));
#7412=DIRECTION('',(0.,0.,1.));
#7413=DIRECTION('center_axis',(-1.,3.16985718498097E-16,0.));
#7414=DIRECTION('ref_axis',(-3.16985718498097E-16,-1.,0.));
#7415=DIRECTION('',(0.,0.,1.));
#7416=DIRECTION('center_axis',(0.,0.,-1.));
#7417=DIRECTION('ref_axis',(0.,1.,0.));
#7418=DIRECTION('',(0.,0.,1.));
#7419=DIRECTION('center_axis',(7.93016446160826E-16,1.,0.));
#7420=DIRECTION('ref_axis',(-1.,7.93016446160826E-16,0.));
#7421=DIRECTION('center_axis',(-0.292371704722818,0.956304755963011,0.));
#7422=DIRECTION('ref_axis',(-0.95630475596301,-0.292371704722818,0.));
#7423=DIRECTION('',(0.,0.,1.));
#7424=DIRECTION('center_axis',(0.,0.,1.));
#7425=DIRECTION('ref_axis',(-1.30392150977252E-13,1.,0.));
#7426=DIRECTION('center_axis',(-1.,-2.0045693500176E-16,0.));
#7427=DIRECTION('ref_axis',(2.0045693500176E-16,-1.,0.));
#7428=DIRECTION('',(0.,0.,1.));
#7429=DIRECTION('center_axis',(0.,0.,1.));
#7430=DIRECTION('ref_axis',(3.54326497220794E-16,1.,0.));
#7431=DIRECTION('',(0.,0.,1.));
#7432=DIRECTION('center_axis',(0.,1.,0.));
#7433=DIRECTION('ref_axis',(-1.,0.,0.));
#7434=DIRECTION('center_axis',(0.,0.,1.));
#7435=DIRECTION('ref_axis',(-1.,1.8788389647503E-14,0.));
#7436=DIRECTION('',(0.,0.,1.));
#7437=DIRECTION('center_axis',(6.80596490191666E-16,1.,0.));
#7438=DIRECTION('ref_axis',(-1.,6.80596490191666E-16,0.));
#7439=DIRECTION('',(0.,0.,1.));
#7440=DIRECTION('center_axis',(0.,0.,1.));
#7441=DIRECTION('ref_axis',(1.,-7.55896527404362E-15,0.));
#7442=DIRECTION('',(0.,0.,1.));
#7443=DIRECTION('center_axis',(0.,0.,1.));
#7444=DIRECTION('ref_axis',(-1.,0.,0.));
#7445=DIRECTION('center_axis',(1.36119298038332E-15,-1.,0.));
#7446=DIRECTION('ref_axis',(1.,1.36119298038332E-15,0.));
#7447=DIRECTION('',(0.,0.,1.));
#7448=DIRECTION('center_axis',(0.,0.,1.));
#7449=DIRECTION('ref_axis',(-1.,-5.66922395553272E-15,0.));
#7450=DIRECTION('',(0.,0.,1.));
#7451=DIRECTION('center_axis',(0.,0.,1.));
#7452=DIRECTION('ref_axis',(1.,-2.04964250700029E-14,0.));
#7453=DIRECTION('',(0.,0.,1.));
#7454=DIRECTION('center_axis',(-2.04178947057501E-15,-1.,0.));
#7455=DIRECTION('ref_axis',(1.,-2.04178947057501E-15,0.));
#7456=DIRECTION('',(0.,0.,1.));
#7457=DIRECTION('center_axis',(0.,0.,1.));
#7458=DIRECTION('ref_axis',(-1.,0.,0.));
#7459=DIRECTION('center_axis',(6.80596490191666E-16,-1.,0.));
#7460=DIRECTION('ref_axis',(1.,6.80596490191666E-16,0.));
#7461=DIRECTION('',(0.,0.,1.));
#7462=DIRECTION('center_axis',(0.,0.,1.));
#7463=DIRECTION('ref_axis',(-1.,0.,0.));
#7464=DIRECTION('',(0.,0.,1.));
#7465=DIRECTION('center_axis',(-1.,0.,0.));
#7466=DIRECTION('ref_axis',(0.,-1.,0.));
#7467=DIRECTION('',(0.,0.,1.));
#7468=DIRECTION('center_axis',(0.,0.,1.));
#7469=DIRECTION('ref_axis',(1.,-1.36642833800021E-14,0.));
#7470=DIRECTION('',(0.,0.,1.));
#7471=DIRECTION('center_axis',(-4.93432455388958E-16,-1.,0.));
#7472=DIRECTION('ref_axis',(1.,-4.93432455388958E-16,0.));
#7473=DIRECTION('',(0.,0.,1.));
#7474=DIRECTION('center_axis',(0.,0.,1.));
#7475=DIRECTION('ref_axis',(-1.19562479575015E-14,1.,0.));
#7476=DIRECTION('',(0.,0.,1.));
#7477=DIRECTION('center_axis',(1.,1.33226762955019E-15,0.));
#7478=DIRECTION('ref_axis',(-1.33226762955019E-15,1.,0.));
#7479=DIRECTION('',(0.,0.,1.));
#7480=DIRECTION('center_axis',(0.,0.,1.));
#7481=DIRECTION('ref_axis',(-3.54326497220795E-16,-1.,0.));
#7482=DIRECTION('',(0.,0.,1.));
#7483=DIRECTION('center_axis',(0.,-1.,0.));
#7484=DIRECTION('ref_axis',(1.,0.,0.));
#7485=DIRECTION('',(0.,0.,1.));
#7486=DIRECTION('center_axis',(0.,0.,1.));
#7487=DIRECTION('ref_axis',(2.56205313375036E-15,1.,0.));
#7488=DIRECTION('',(0.,0.,1.));
#7489=DIRECTION('center_axis',(0.,0.,1.));
#7490=DIRECTION('ref_axis',(1.41730598888318E-15,-1.,0.));
#7491=DIRECTION('center_axis',(1.,-4.23456436143341E-16,0.));
#7492=DIRECTION('ref_axis',(4.23456436143341E-16,1.,0.));
#7493=DIRECTION('center_axis',(0.,0.,-1.));
#7494=DIRECTION('ref_axis',(2.06553120860495E-15,1.,0.));
#7495=DIRECTION('',(0.,0.,-1.));
#7496=DIRECTION('center_axis',(6.80596490191666E-16,-1.,0.));
#7497=DIRECTION('ref_axis',(-1.,-6.80596490191666E-16,0.));
#7498=DIRECTION('',(0.,0.,-1.));
#7499=DIRECTION('center_axis',(0.,0.,-1.));
#7500=DIRECTION('ref_axis',(1.30614473485313E-15,-1.,0.));
#7501=DIRECTION('',(0.,0.,-1.));
#7502=DIRECTION('center_axis',(0.,0.,-1.));
#7503=DIRECTION('ref_axis',(7.74574203226854E-16,1.,0.));
#7504=DIRECTION('',(0.,0.,-1.));
#7505=DIRECTION('center_axis',(0.,-1.,0.));
#7506=DIRECTION('ref_axis',(-1.,0.,0.));
#7507=DIRECTION('',(0.,0.,-1.));
#7508=DIRECTION('center_axis',(0.,0.,-1.));
#7509=DIRECTION('ref_axis',(-3.26536183713281E-16,-1.,0.));
#7510=DIRECTION('',(0.,0.,-1.));
#7511=DIRECTION('center_axis',(1.,-2.22044604925031E-16,0.));
#7512=DIRECTION('ref_axis',(-2.22044604925031E-16,-1.,0.));
#7513=DIRECTION('',(0.,0.,-1.));
#7514=DIRECTION('center_axis',(0.,0.,-1.));
#7515=DIRECTION('ref_axis',(-3.61467961505863E-15,1.,0.));
#7516=DIRECTION('',(0.,0.,-1.));
#7517=DIRECTION('center_axis',(0.,-1.,0.));
#7518=DIRECTION('ref_axis',(-1.,0.,0.));
#7519=DIRECTION('',(0.,0.,-1.));
#7520=DIRECTION('center_axis',(0.,0.,-1.));
#7521=DIRECTION('ref_axis',(1.,-4.1310624172099E-15,0.));
#7522=DIRECTION('',(0.,0.,-1.));
#7523=DIRECTION('center_axis',(-1.,0.,0.));
#7524=DIRECTION('ref_axis',(0.,1.,0.));
#7525=DIRECTION('',(0.,0.,-1.));
#7526=DIRECTION('center_axis',(0.,0.,-1.));
#7527=DIRECTION('ref_axis',(-1.,0.,0.));
#7528=DIRECTION('',(0.,0.,-1.));
#7529=DIRECTION('center_axis',(6.80596490191666E-16,-1.,0.));
#7530=DIRECTION('ref_axis',(-1.,-6.80596490191666E-16,0.));
#7531=DIRECTION('',(0.,0.,-1.));
#7532=DIRECTION('center_axis',(0.,0.,-1.));
#7533=DIRECTION('ref_axis',(1.,-2.06553120860494E-15,0.));
#7534=DIRECTION('',(0.,0.,-1.));
#7535=DIRECTION('center_axis',(-1.,0.,0.));
#7536=DIRECTION('ref_axis',(0.,1.,0.));
#7537=DIRECTION('',(0.,0.,-1.));
#7538=DIRECTION('center_axis',(0.,0.,-1.));
#7539=DIRECTION('ref_axis',(-1.,0.,0.));
#7540=DIRECTION('',(0.,0.,-1.));
#7541=DIRECTION('center_axis',(-2.04178947057501E-15,-1.,0.));
#7542=DIRECTION('ref_axis',(-1.,2.04178947057501E-15,0.));
#7543=DIRECTION('',(0.,0.,-1.));
#7544=DIRECTION('center_axis',(0.,0.,-1.));
#7545=DIRECTION('ref_axis',(1.,-2.06553120860494E-15,0.));
#7546=DIRECTION('',(0.,0.,-1.));
#7547=DIRECTION('center_axis',(0.,0.,-1.));
#7548=DIRECTION('ref_axis',(-1.,-5.2245789394125E-15,0.));
#7549=DIRECTION('',(0.,0.,-1.));
#7550=DIRECTION('center_axis',(6.80596490191661E-16,-1.,0.));
#7551=DIRECTION('ref_axis',(-1.,-6.80596490191661E-16,0.));
#7552=DIRECTION('',(0.,0.,-1.));
#7553=DIRECTION('center_axis',(0.,0.,-1.));
#7554=DIRECTION('ref_axis',(1.,4.13106241720987E-15,0.));
#7555=DIRECTION('center_axis',(0.,0.,-1.));
#7556=DIRECTION('ref_axis',(0.,-1.,0.));
#7557=DIRECTION('',(0.,0.,-1.));
#7558=DIRECTION('center_axis',(-1.72701359386135E-15,1.,0.));
#7559=DIRECTION('ref_axis',(1.,1.72701359386135E-15,0.));
#7560=DIRECTION('center_axis',(6.80596490191667E-16,1.,0.));
#7561=DIRECTION('ref_axis',(1.,-6.80596490191667E-16,0.));
#7562=DIRECTION('',(0.,0.,-1.));
#7563=DIRECTION('center_axis',(0.,0.,-1.));
#7564=DIRECTION('ref_axis',(-1.,2.5819140107562E-15,0.));
#7565=DIRECTION('',(0.,0.,-1.));
#7566=DIRECTION('center_axis',(1.,4.33257765707376E-15,0.));
#7567=DIRECTION('ref_axis',(4.33257765707376E-15,-1.,0.));
#7568=DIRECTION('',(0.,0.,-1.));
#7569=DIRECTION('center_axis',(0.,0.,-1.));
#7570=DIRECTION('ref_axis',(1.,1.30614473485313E-15,0.));
#7571=DIRECTION('',(0.,0.,-1.));
#7572=DIRECTION('center_axis',(0.,1.,0.));
#7573=DIRECTION('ref_axis',(1.,0.,0.));
#7574=DIRECTION('',(0.,0.,-1.));
#7575=DIRECTION('center_axis',(0.,0.,-1.));
#7576=DIRECTION('ref_axis',(3.26536183713281E-16,1.,0.));
#7577=DIRECTION('',(0.,0.,-1.));
#7578=DIRECTION('center_axis',(-1.,-2.62135991925379E-16,0.));
#7579=DIRECTION('ref_axis',(-2.62135991925379E-16,1.,0.));
#7580=DIRECTION('',(0.,0.,-1.));
#7581=DIRECTION('center_axis',(0.,0.,-1.));
#7582=DIRECTION('ref_axis',(1.29353891938885E-13,-1.,0.));
#7583=DIRECTION('',(0.,0.,-1.));
#7584=DIRECTION('center_axis',(-1.29763486135535E-13,1.,0.));
#7585=DIRECTION('ref_axis',(1.,1.29763486135535E-13,0.));
#7586=DIRECTION('',(0.,0.,-1.));
#7587=DIRECTION('center_axis',(0.,0.,-1.));
#7588=DIRECTION('ref_axis',(-1.30614473485312E-13,1.,0.));
#7589=DIRECTION('',(0.,0.,-1.));
#7590=DIRECTION('center_axis',(-0.292371704722818,0.956304755963011,0.));
#7591=DIRECTION('ref_axis',(0.956304755963011,0.292371704722818,0.));
#7592=DIRECTION('',(0.,0.,-1.));
#7593=DIRECTION('center_axis',(0.,0.,-1.));
#7594=DIRECTION('ref_axis',(-0.956304755963055,-0.292371704722672,0.));
#7595=DIRECTION('',(0.,0.,-1.));
#7596=DIRECTION('center_axis',(0.956304755963055,0.292371704722675,0.));
#7597=DIRECTION('ref_axis',(0.292371704722675,-0.956304755963055,0.));
#7598=DIRECTION('',(0.,0.,-1.));
#7599=DIRECTION('center_axis',(0.,0.,-1.));
#7600=DIRECTION('ref_axis',(-1.,-4.13106241720982E-15,0.));
#7601=DIRECTION('',(0.,0.,-1.));
#7602=DIRECTION('center_axis',(1.,-3.16985718498097E-16,0.));
#7603=DIRECTION('ref_axis',(-3.16985718498097E-16,-1.,0.));
#7604=DIRECTION('',(0.,0.,-1.));
#7605=DIRECTION('center_axis',(0.,0.,-1.));
#7606=DIRECTION('ref_axis',(0.,1.,0.));
#7607=DIRECTION('center_axis',(-1.,3.16985718498097E-16,0.));
#7608=DIRECTION('ref_axis',(3.16985718498097E-16,1.,0.));
#7609=DIRECTION('',(0.,0.,1.));
#7610=DIRECTION('center_axis',(0.,0.,-1.));
#7611=DIRECTION('ref_axis',(-1.,-3.01077430406819E-15,0.));
#7612=DIRECTION('',(0.,0.,1.));
#7613=DIRECTION('center_axis',(-0.956304755963055,-0.292371704722675,0.));
#7614=DIRECTION('ref_axis',(-0.292371704722675,0.956304755963055,0.));
#7615=DIRECTION('',(0.,0.,1.));
#7616=DIRECTION('center_axis',(0.,0.,-1.));
#7617=DIRECTION('ref_axis',(-0.956304755963055,-0.292371704722672,0.));
#7618=DIRECTION('',(0.,0.,1.));
#7619=DIRECTION('center_axis',(0.292371704722818,-0.956304755963011,0.));
#7620=DIRECTION('ref_axis',(-0.956304755963011,-0.292371704722818,0.));
#7621=DIRECTION('',(0.,0.,1.));
#7622=DIRECTION('center_axis',(0.,0.,-1.));
#7623=DIRECTION('ref_axis',(-1.3322676295501E-13,1.,0.));
#7624=DIRECTION('',(0.,0.,1.));
#7625=DIRECTION('center_axis',(1.30010654680555E-13,-1.,0.));
#7626=DIRECTION('ref_axis',(-1.,-1.30010654680555E-13,0.));
#7627=DIRECTION('',(0.,0.,1.));
#7628=DIRECTION('center_axis',(0.,0.,-1.));
#7629=DIRECTION('ref_axis',(1.29651468468938E-13,-1.,0.));
#7630=DIRECTION('',(0.,0.,1.));
#7631=DIRECTION('center_axis',(1.,1.85037170770856E-16,0.));
#7632=DIRECTION('ref_axis',(1.85037170770856E-16,-1.,0.));
#7633=DIRECTION('',(0.,0.,1.));
#7634=DIRECTION('center_axis',(0.,0.,-1.));
#7635=DIRECTION('ref_axis',(0.,1.,0.));
#7636=DIRECTION('',(0.,0.,1.));
#7637=DIRECTION('center_axis',(0.,-1.,0.));
#7638=DIRECTION('ref_axis',(-1.,0.,0.));
#7639=DIRECTION('',(0.,0.,1.));
#7640=DIRECTION('center_axis',(0.,0.,-1.));
#7641=DIRECTION('ref_axis',(1.,0.,0.));
#7642=DIRECTION('',(0.,0.,1.));
#7643=DIRECTION('center_axis',(-1.,-4.33257765707375E-15,0.));
#7644=DIRECTION('ref_axis',(-4.33257765707375E-15,1.,0.));
#7645=DIRECTION('',(0.,0.,1.));
#7646=DIRECTION('center_axis',(0.,0.,-1.));
#7647=DIRECTION('ref_axis',(-1.,7.52693576017059E-16,0.));
#7648=DIRECTION('',(0.,0.,1.));
#7649=DIRECTION('center_axis',(-6.80596490191668E-16,-1.,0.));
#7650=DIRECTION('ref_axis',(-1.,6.80596490191668E-16,0.));
#7651=DIRECTION('center_axis',(1.72701359386135E-15,-1.,0.));
#7652=DIRECTION('ref_axis',(-1.,-1.72701359386135E-15,0.));
#7653=DIRECTION('',(0.,0.,1.));
#7654=DIRECTION('center_axis',(0.,0.,-1.));
#7655=DIRECTION('ref_axis',(0.,-1.,0.));
#7656=DIRECTION('',(0.,0.,1.));
#7657=DIRECTION('center_axis',(1.,0.,0.));
#7658=DIRECTION('ref_axis',(0.,-1.,0.));
#7659=DIRECTION('',(0.,0.,1.));
#7660=DIRECTION('center_axis',(0.,0.,-1.));
#7661=DIRECTION('ref_axis',(1.,3.01077430406821E-15,0.));
#7662=DIRECTION('',(0.,0.,1.));
#7663=DIRECTION('center_axis',(-1.36119298038332E-15,1.,0.));
#7664=DIRECTION('ref_axis',(1.,1.36119298038332E-15,0.));
#7665=DIRECTION('',(0.,0.,1.));
#7666=DIRECTION('center_axis',(0.,0.,-1.));
#7667=DIRECTION('ref_axis',(-1.,0.,0.));
#7668=DIRECTION('',(0.,0.,1.));
#7669=DIRECTION('center_axis',(0.,0.,-1.));
#7670=DIRECTION('ref_axis',(1.,0.,0.));
#7671=DIRECTION('',(0.,0.,1.));
#7672=DIRECTION('center_axis',(2.04178947057501E-15,1.,0.));
#7673=DIRECTION('ref_axis',(1.,-2.04178947057501E-15,0.));
#7674=DIRECTION('',(0.,0.,1.));
#7675=DIRECTION('center_axis',(0.,0.,-1.));
#7676=DIRECTION('ref_axis',(-1.,0.,0.));
#7677=DIRECTION('',(0.,0.,1.));
#7678=DIRECTION('center_axis',(1.,0.,0.));
#7679=DIRECTION('ref_axis',(0.,-1.,0.));
#7680=DIRECTION('',(0.,0.,1.));
#7681=DIRECTION('center_axis',(0.,0.,-1.));
#7682=DIRECTION('ref_axis',(1.,-1.50538715203411E-15,0.));
#7683=DIRECTION('',(0.,0.,1.));
#7684=DIRECTION('center_axis',(-6.80596490191667E-16,1.,0.));
#7685=DIRECTION('ref_axis',(1.,6.80596490191667E-16,0.));
#7686=DIRECTION('',(0.,0.,1.));
#7687=DIRECTION('center_axis',(0.,0.,-1.));
#7688=DIRECTION('ref_axis',(-1.,0.,0.));
#7689=DIRECTION('',(0.,0.,1.));
#7690=DIRECTION('center_axis',(1.,0.,0.));
#7691=DIRECTION('ref_axis',(0.,-1.,0.));
#7692=DIRECTION('',(0.,0.,1.));
#7693=DIRECTION('center_axis',(0.,0.,-1.));
#7694=DIRECTION('ref_axis',(1.,-3.01077430406823E-15,0.));
#7695=DIRECTION('',(0.,0.,1.));
#7696=DIRECTION('center_axis',(0.,1.,0.));
#7697=DIRECTION('ref_axis',(1.,0.,0.));
#7698=DIRECTION('',(0.,0.,1.));
#7699=DIRECTION('center_axis',(0.,0.,-1.));
#7700=DIRECTION('ref_axis',(-2.63442751605968E-15,1.,0.));
#7701=DIRECTION('',(0.,0.,1.));
#7702=DIRECTION('center_axis',(-1.,-1.33226762955018E-15,0.));
#7703=DIRECTION('ref_axis',(-1.33226762955018E-15,1.,0.));
#7704=DIRECTION('',(0.,0.,1.));
#7705=DIRECTION('center_axis',(0.,0.,-1.));
#7706=DIRECTION('ref_axis',(0.,-1.,0.));
#7707=DIRECTION('',(0.,0.,1.));
#7708=DIRECTION('center_axis',(0.,1.,0.));
#7709=DIRECTION('ref_axis',(1.,0.,0.));
#7710=DIRECTION('',(0.,0.,1.));
#7711=DIRECTION('center_axis',(0.,0.,-1.));
#7712=DIRECTION('ref_axis',(7.52693576017055E-16,1.,0.));
#7713=DIRECTION('',(0.,0.,1.));
#7714=DIRECTION('center_axis',(0.,0.,-1.));
#7715=DIRECTION('ref_axis',(0.,-1.,0.));
#7716=DIRECTION('',(0.,0.,1.));
#7717=DIRECTION('center_axis',(-6.80596490191666E-16,1.,0.));
#7718=DIRECTION('ref_axis',(1.,6.80596490191666E-16,0.));
#7719=DIRECTION('',(0.,0.,1.));
#7720=DIRECTION('center_axis',(0.,0.,-1.));
#7721=DIRECTION('ref_axis',(1.50538715203412E-15,1.,0.));
#7722=DIRECTION('center_axis',(0.,0.,-1.));
#7723=DIRECTION('ref_axis',(0.,-1.,0.));
#7724=DIRECTION('center_axis',(0.,0.,1.));
#7725=DIRECTION('ref_axis',(1.,0.,0.));
#7726=DIRECTION('center_axis',(0.,0.,-1.));
#7727=DIRECTION('ref_axis',(1.,0.,0.));
#7728=DIRECTION('',(0.,0.,1.));
#7729=DIRECTION('center_axis',(0.,0.,1.));
#7730=DIRECTION('ref_axis',(1.,0.,0.));
#7731=DIRECTION('center_axis',(0.,0.,-1.));
#7732=DIRECTION('ref_axis',(-1.,0.,0.));
#7733=DIRECTION('center_axis',(0.,0.,-1.));
#7734=DIRECTION('ref_axis',(1.,0.,0.));
#7735=DIRECTION('center_axis',(0.,0.,-1.));
#7736=DIRECTION('ref_axis',(1.,0.,0.));
#7737=DIRECTION('center_axis',(0.,0.,1.));
#7738=DIRECTION('ref_axis',(1.,0.,0.));
#7739=DIRECTION('center_axis',(0.,0.,1.));
#7740=DIRECTION('ref_axis',(1.,0.,0.));
#7741=DIRECTION('center_axis',(0.,0.,-1.));
#7742=DIRECTION('ref_axis',(1.,0.,0.));
#7743=DIRECTION('',(0.,0.,1.));
#7744=DIRECTION('center_axis',(0.,0.,-1.));
#7745=DIRECTION('ref_axis',(-1.,0.,0.));
#7746=CARTESIAN_POINT('',(0.,0.,0.));
#7747=CARTESIAN_POINT('Origin',(-39.73,-12.5489866674018,20.6));
#7748=CARTESIAN_POINT('',(-44.78,-12.5489866674018,20.6));
#7749=CARTESIAN_POINT('Origin',(-39.73,-12.5489866674018,20.6));
#7750=CARTESIAN_POINT('Origin',(-39.73,-12.5489866674018,1.2));
#7751=CARTESIAN_POINT('',(-44.78,-12.5489866674018,17.2));
#7752=CARTESIAN_POINT('Origin',(-39.73,-12.5489866674018,17.2));
#7753=CARTESIAN_POINT('',(-44.78,-12.5489866674018,1.2));
#7754=CARTESIAN_POINT('Origin',(-39.73,-12.5489866674018,17.2));
#7755=CARTESIAN_POINT('Origin',(-39.73,-12.5489866674018,1.2));
#7756=CARTESIAN_POINT('',(-44.78,-12.5489866674018,1.8));
#7757=CARTESIAN_POINT('Origin',(-39.73,-12.5489866674018,1.8));
#7758=CARTESIAN_POINT('',(-44.78,-12.5489866674018,5.2));
#7759=CARTESIAN_POINT('',(-44.78,-12.5489866674018,1.2));
#7760=CARTESIAN_POINT('Origin',(-39.73,-12.5489866674018,5.2));
#7761=CARTESIAN_POINT('Origin',(-39.73,-12.5489866674018,5.2));
#7762=CARTESIAN_POINT('Origin',(-39.73,-12.5489866674018,1.8));
#7763=CARTESIAN_POINT('Origin',(-43.6108549199592,-37.9151351265629,21.2));
#7764=CARTESIAN_POINT('',(-42.3750031021721,-38.7652352879983,21.2));
#7765=CARTESIAN_POINT('',(-42.1763977860146,-37.4765775694789,21.2));
#7766=CARTESIAN_POINT('Origin',(-43.6108549199592,-37.9151351265629,21.2));
#7767=CARTESIAN_POINT('',(-42.3750031021721,-38.7652352879983,19.7));
#7768=CARTESIAN_POINT('',(-42.3750031021721,-38.7652352879983,21.2));
#7769=CARTESIAN_POINT('',(-42.1763977860146,-37.4765775694789,19.7));
#7770=CARTESIAN_POINT('Origin',(-43.6108549199592,-37.9151351265629,19.7));
#7771=CARTESIAN_POINT('',(-42.1763977860146,-37.4765775694789,21.2));
#7772=CARTESIAN_POINT('Origin',(-39.903299466598,-40.465435610869,21.2));
#7773=CARTESIAN_POINT('',(-37.1115775266119,-41.5637473197205,21.2));
#7774=CARTESIAN_POINT('Origin',(-39.903299466598,-40.465435610869,21.2));
#7775=CARTESIAN_POINT('',(-37.1115775266119,-41.5637473197205,19.7));
#7776=CARTESIAN_POINT('',(-37.1115775266119,-41.5637473197205,21.2));
#7777=CARTESIAN_POINT('Origin',(-39.903299466598,-40.465435610869,19.7));
#7778=CARTESIAN_POINT('Origin',(-35.7157165566189,-42.1129031741462,21.2));
#7779=CARTESIAN_POINT('',(-36.1542741137031,-40.6784460402017,21.2));
#7780=CARTESIAN_POINT('Origin',(-35.7157165566189,-42.1129031741462,21.2));
#7781=CARTESIAN_POINT('',(-36.1542741137031,-40.6784460402017,19.7));
#7782=CARTESIAN_POINT('',(-36.1542741137031,-40.6784460402017,21.2));
#7783=CARTESIAN_POINT('Origin',(-35.7157165566189,-42.1129031741462,19.7));
#7784=CARTESIAN_POINT('Origin',(-39.5287867901506,-40.471006590174,19.7));
#7785=CARTESIAN_POINT('',(-41.1464714981208,-40.8453146650828,19.7));
#7786=CARTESIAN_POINT('',(-41.1296582767922,-40.9003082340905,19.7));
#7787=CARTESIAN_POINT('',(-39.5231920992292,-41.7084276316953,19.7));
#7788=CARTESIAN_POINT('',(-30.7617685549156,-39.0297916409435,19.7));
#7789=CARTESIAN_POINT('Origin',(-39.9032753153688,-40.4652314489434,19.7));
#7790=CARTESIAN_POINT('Origin',(81.6773037752943,-27.8,21.2));
#7791=CARTESIAN_POINT('',(82.8516112036789,-26.8667250867827,21.2));
#7792=CARTESIAN_POINT('',(81.6773037752943,-26.3,21.2));
#7793=CARTESIAN_POINT('Origin',(81.6773037752943,-27.8,21.2));
#7794=CARTESIAN_POINT('',(82.8516112036789,-26.8667250867827,19.7));
#7795=CARTESIAN_POINT('',(82.8516112036789,-26.8667250867827,21.2));
#7796=CARTESIAN_POINT('',(81.6773037752943,-26.3,19.7));
#7797=CARTESIAN_POINT('Origin',(81.6773037752943,-27.8,19.7));
#7798=CARTESIAN_POINT('',(81.6773037752943,-26.3,21.2));
#7799=CARTESIAN_POINT('Origin',(85.200226060448,-25.000175260348,21.2));
#7800=CARTESIAN_POINT('',(87.0667420201494,-22.6515334885616,21.2));
#7801=CARTESIAN_POINT('Origin',(85.200226060448,-25.000175260348,21.2));
#7802=CARTESIAN_POINT('',(87.0667420201494,-22.6515334885616,19.7));
#7803=CARTESIAN_POINT('',(87.0667420201494,-22.6515334885616,21.2));
#7804=CARTESIAN_POINT('Origin',(85.200226060448,-25.000175260348,19.7));
#7805=CARTESIAN_POINT('Origin',(88.0000000000001,-21.4772126026684,21.2));
#7806=CARTESIAN_POINT('',(86.5000000000001,-21.4772126026684,21.2));
#7807=CARTESIAN_POINT('Origin',(88.0000000000001,-21.4772126026684,21.2));
#7808=CARTESIAN_POINT('',(86.5000000000001,-21.4772126026684,19.7));
#7809=CARTESIAN_POINT('',(86.5000000000001,-21.4772126026684,21.2));
#7810=CARTESIAN_POINT('Origin',(88.0000000000001,-21.4772126026684,19.7));
#7811=CARTESIAN_POINT('Origin',(84.9387649178711,-24.7386939315082,19.7));
#7812=CARTESIAN_POINT('',(85.2000000000001,-26.3,19.7));
#7813=CARTESIAN_POINT('',(85.0693824589356,-26.3,19.7));
#7814=CARTESIAN_POINT('',(86.5000000000001,-25.,19.7));
#7815=CARTESIAN_POINT('',(86.5000000000001,12.7056530342459,19.7));
#7816=CARTESIAN_POINT('Origin',(85.2000000000001,-25.,19.7));
#7817=CARTESIAN_POINT('Origin',(-6.52288763420568,-37.7500000000008,21.2));
#7818=CARTESIAN_POINT('',(-5.3485748227698,-36.8167318601302,21.2));
#7819=CARTESIAN_POINT('',(-6.52288763420588,-36.2500000000008,21.2));
#7820=CARTESIAN_POINT('Origin',(-6.52288763420568,-37.7500000000008,21.2));
#7821=CARTESIAN_POINT('',(-5.3485748227698,-36.8167318601302,19.7));
#7822=CARTESIAN_POINT('',(-5.3485748227698,-36.8167318601302,21.2));
#7823=CARTESIAN_POINT('',(-6.52288763420588,-36.2500000000008,19.7));
#7824=CARTESIAN_POINT('Origin',(-6.52288763420568,-37.7500000000008,19.7));
#7825=CARTESIAN_POINT('',(-6.52288763420588,-36.2500000000008,21.2));
#7826=CARTESIAN_POINT('Origin',(-2.99994919989802,-34.950195580389,21.2));
#7827=CARTESIAN_POINT('',(-1.133316399966,-32.6016466687804,21.2));
#7828=CARTESIAN_POINT('Origin',(-2.99994919989802,-34.950195580389,21.2));
#7829=CARTESIAN_POINT('',(-1.133316399966,-32.6016466687804,19.7));
#7830=CARTESIAN_POINT('',(-1.133316399966,-32.6016466687804,21.2));
#7831=CARTESIAN_POINT('Origin',(-2.99994919989802,-34.950195580389,19.7));
#7832=CARTESIAN_POINT('Origin',(-0.199999999999987,-31.4273722129761,21.2));
#7833=CARTESIAN_POINT('',(-1.69999999999999,-31.4273722129761,21.2));
#7834=CARTESIAN_POINT('Origin',(-0.199999999999987,-31.4273722129761,21.2));
#7835=CARTESIAN_POINT('',(-1.69999999999999,-31.4273722129761,19.7));
#7836=CARTESIAN_POINT('',(-1.69999999999999,-31.4273722129761,21.2));
#7837=CARTESIAN_POINT('Origin',(-0.199999999999987,-31.4273722129761,19.7));
#7838=CARTESIAN_POINT('Origin',(-3.26141841705195,-34.6887838966826,19.7));
#7839=CARTESIAN_POINT('',(-2.99999999999982,-36.2500000000004,19.7));
#7840=CARTESIAN_POINT('',(-3.13070920852578,-36.2500000000004,19.7));
#7841=CARTESIAN_POINT('',(-1.69999999999999,-34.9500000000004,19.7));
#7842=CARTESIAN_POINT('',(-1.69999999999999,-25.8193919483413,19.7));
#7843=CARTESIAN_POINT('Origin',(-2.99999999999998,-34.9500000000004,19.7));
#7844=CARTESIAN_POINT('Origin',(-24.5272170092383,64.95,21.2));
#7845=CARTESIAN_POINT('',(-25.7014780061589,64.0166666666667,21.2));
#7846=CARTESIAN_POINT('',(-24.5272170092383,63.45,21.2));
#7847=CARTESIAN_POINT('Origin',(-24.5272170092383,64.95,21.2));
#7848=CARTESIAN_POINT('',(-25.7014780061589,64.0166666666667,19.7));
#7849=CARTESIAN_POINT('',(-25.7014780061589,64.0166666666667,21.2));
#7850=CARTESIAN_POINT('',(-24.5272170092383,63.45,19.7));
#7851=CARTESIAN_POINT('Origin',(-24.5272170092383,64.95,19.7));
#7852=CARTESIAN_POINT('',(-24.5272170092383,63.45,21.2));
#7853=CARTESIAN_POINT('Origin',(-28.05,62.15,21.2));
#7854=CARTESIAN_POINT('',(-29.9166666666667,59.8014780061588,21.2));
#7855=CARTESIAN_POINT('Origin',(-28.05,62.15,21.2));
#7856=CARTESIAN_POINT('',(-29.9166666666667,59.8014780061588,19.7));
#7857=CARTESIAN_POINT('',(-29.9166666666667,59.8014780061588,21.2));
#7858=CARTESIAN_POINT('Origin',(-28.05,62.15,19.7));
#7859=CARTESIAN_POINT('Origin',(-30.85,58.6272170092383,21.2));
#7860=CARTESIAN_POINT('',(-29.35,58.6272170092383,21.2));
#7861=CARTESIAN_POINT('Origin',(-30.85,58.6272170092383,21.2));
#7862=CARTESIAN_POINT('',(-29.35,58.6272170092383,19.7));
#7863=CARTESIAN_POINT('',(-29.35,58.6272170092383,21.2));
#7864=CARTESIAN_POINT('Origin',(-30.85,58.6272170092383,19.7));
#7865=CARTESIAN_POINT('Origin',(-27.7886085046191,61.8886085046191,19.7));
#7866=CARTESIAN_POINT('',(-28.05,63.45,19.7));
#7867=CARTESIAN_POINT('',(-27.9193042523096,63.45,19.7));
#7868=CARTESIAN_POINT('',(-29.35,62.15,19.7));
#7869=CARTESIAN_POINT('',(-29.35,41.0448109186087,19.7));
#7870=CARTESIAN_POINT('Origin',(-28.05,62.15,19.7));
#7871=CARTESIAN_POINT('Origin',(88.0000000000001,46.6270144822774,21.2));
#7872=CARTESIAN_POINT('',(87.0667420201494,47.8013353681706,21.2));
#7873=CARTESIAN_POINT('',(86.5000000000001,46.6270144822774,21.2));
#7874=CARTESIAN_POINT('Origin',(88.0000000000001,46.6270144822774,21.2));
#7875=CARTESIAN_POINT('',(87.0667420201494,47.8013353681706,19.7));
#7876=CARTESIAN_POINT('',(87.0667420201494,47.8013353681706,21.2));
#7877=CARTESIAN_POINT('',(86.5000000000001,46.6270144822774,19.7));
#7878=CARTESIAN_POINT('Origin',(88.0000000000001,46.6270144822774,19.7));
#7879=CARTESIAN_POINT('',(86.5000000000001,46.6270144822774,21.2));
#7880=CARTESIAN_POINT('Origin',(85.200226060448,50.149977139957,21.2));
#7881=CARTESIAN_POINT('',(82.8517161798607,52.0166590466523,21.2));
#7882=CARTESIAN_POINT('Origin',(85.200226060448,50.149977139957,21.2));
#7883=CARTESIAN_POINT('',(82.8517161798607,52.0166590466523,19.7));
#7884=CARTESIAN_POINT('',(82.8517161798607,52.0166590466523,21.2));
#7885=CARTESIAN_POINT('Origin',(85.200226060448,50.149977139957,19.7));
#7886=CARTESIAN_POINT('Origin',(81.677461239567,52.95,21.2));
#7887=CARTESIAN_POINT('',(81.677461239567,51.45,21.2));
#7888=CARTESIAN_POINT('Origin',(81.677461239567,52.95,21.2));
#7889=CARTESIAN_POINT('',(81.677461239567,51.45,19.7));
#7890=CARTESIAN_POINT('',(81.677461239567,51.45,21.2));
#7891=CARTESIAN_POINT('Origin',(81.677461239567,52.95,19.7));
#7892=CARTESIAN_POINT('Origin',(84.9388436500075,49.8884958111172,19.7));
#7893=CARTESIAN_POINT('',(86.5000000000001,50.15,19.7));
#7894=CARTESIAN_POINT('',(86.5000000000001,50.0192479055586,19.7));
#7895=CARTESIAN_POINT('',(85.2000000000001,51.45,19.7));
#7896=CARTESIAN_POINT('',(78.5444218250037,51.45,19.7));
#7897=CARTESIAN_POINT('Origin',(85.2000000000001,50.15,19.7));
#7898=CARTESIAN_POINT('Origin',(45.0943918054476,-15.6967813853868,21.2));
#7899=CARTESIAN_POINT('',(46.1129786704,-16.7979084436985,21.2));
#7900=CARTESIAN_POINT('',(46.4745754642511,-15.1093351597868,21.2));
#7901=CARTESIAN_POINT('Origin',(45.0943918054476,-15.6967813853868,21.2));
#7902=CARTESIAN_POINT('',(46.1129786704,-16.7979084436985,19.7));
#7903=CARTESIAN_POINT('',(46.1129786704,-16.7979084436985,21.2));
#7904=CARTESIAN_POINT('',(46.4745754642511,-15.1093351597868,19.7));
#7905=CARTESIAN_POINT('Origin',(45.0943918054476,-15.6967813853868,19.7));
#7906=CARTESIAN_POINT('',(46.4745754642511,-15.1093351597868,21.2));
#7907=CARTESIAN_POINT('Origin',(48.150152400305,-19.000162560322,21.2));
#7908=CARTESIAN_POINT('',(50.4987605281948,-20.8667208534407,21.2));
#7909=CARTESIAN_POINT('Origin',(48.150152400305,-19.000162560322,21.2));
#7910=CARTESIAN_POINT('',(50.4987605281948,-20.8667208534407,19.7));
#7911=CARTESIAN_POINT('',(50.4987605281948,-20.8667208534407,21.2));
#7912=CARTESIAN_POINT('Origin',(48.150152400305,-19.000162560322,19.7));
#7913=CARTESIAN_POINT('Origin',(51.6730645921397,-21.8,21.2));
#7914=CARTESIAN_POINT('',(51.6730645921397,-20.3,21.2));
#7915=CARTESIAN_POINT('Origin',(51.6730645921397,-21.8,21.2));
#7916=CARTESIAN_POINT('',(51.6730645921397,-20.3,19.7));
#7917=CARTESIAN_POINT('',(51.6730645921397,-20.3,21.2));
#7918=CARTESIAN_POINT('Origin',(51.6730645921397,-21.8,19.7));
#7919=CARTESIAN_POINT('Origin',(48.4116084962223,-18.5547488600544,19.7));
#7920=CARTESIAN_POINT('',(46.85,-16.95,19.7));
#7921=CARTESIAN_POINT('',(46.85,-19.,19.7));
#7922=CARTESIAN_POINT('',(46.85,-18.7773744300272,19.7));
#7923=CARTESIAN_POINT('Origin',(42.15,-16.95,19.7));
#7924=CARTESIAN_POINT('',(48.15,-20.3,19.7));
#7925=CARTESIAN_POINT('',(54.8058042481112,-20.3,19.7));
#7926=CARTESIAN_POINT('Origin',(48.15,-19.,19.7));
#7927=CARTESIAN_POINT('Origin',(49.9,65.6271106015759,21.2));
#7928=CARTESIAN_POINT('',(48.9667166201,66.8014113010573,21.2));
#7929=CARTESIAN_POINT('',(48.4,65.6271106015759,21.2));
#7930=CARTESIAN_POINT('Origin',(49.9,65.6271106015759,21.2));
#7931=CARTESIAN_POINT('',(48.9667166201,66.8014113010573,19.7));
#7932=CARTESIAN_POINT('',(48.9667166201,66.8014113010573,21.2));
#7933=CARTESIAN_POINT('',(48.4,65.6271106015759,19.7));
#7934=CARTESIAN_POINT('Origin',(49.9,65.6271106015759,19.7));
#7935=CARTESIAN_POINT('',(48.4,65.6271106015759,21.2));
#7936=CARTESIAN_POINT('Origin',(47.1001498603,69.15001270002,21.2));
#7937=CARTESIAN_POINT('',(44.7516211369452,71.0166709000067,21.2));
#7938=CARTESIAN_POINT('Origin',(47.1001498603,69.15001270002,21.2));
#7939=CARTESIAN_POINT('',(44.7516211369452,71.0166709000067,19.7));
#7940=CARTESIAN_POINT('',(44.7516211369452,71.0166709000067,21.2));
#7941=CARTESIAN_POINT('Origin',(47.1001498603,69.15001270002,19.7));
#7942=CARTESIAN_POINT('Origin',(43.5773567752678,71.9500000000001,21.2));
#7943=CARTESIAN_POINT('',(43.5773567752678,70.45,21.2));
#7944=CARTESIAN_POINT('Origin',(43.5773567752678,71.9500000000001,21.2));
#7945=CARTESIAN_POINT('',(43.5773567752678,70.45,19.7));
#7946=CARTESIAN_POINT('',(43.5773567752678,70.45,21.2));
#7947=CARTESIAN_POINT('Origin',(43.5773567752678,71.9500000000001,19.7));
#7948=CARTESIAN_POINT('Origin',(46.8387533177839,68.888561650798,19.7));
#7949=CARTESIAN_POINT('',(48.4,69.15,19.7));
#7950=CARTESIAN_POINT('',(48.4,69.019280825399,19.7));
#7951=CARTESIAN_POINT('',(47.1,70.45,19.7));
#7952=CARTESIAN_POINT('',(40.4443766588919,70.45,19.7));
#7953=CARTESIAN_POINT('Origin',(47.1,69.15,19.7));
#7954=CARTESIAN_POINT('Origin',(-41.1464714981208,-40.8453146650828,1.2));
#7955=CARTESIAN_POINT('',(-41.1464714981208,-40.8453146650828,2.7));
#7956=CARTESIAN_POINT('',(-41.1464714981208,-40.8453146650828,1.2));
#7957=CARTESIAN_POINT('',(-42.1763977860146,-37.4765775694789,2.7));
#7958=CARTESIAN_POINT('',(-41.0916455260393,-41.0246423394265,2.7));
#7959=CARTESIAN_POINT('',(-42.1763977860146,-37.4765775694789,1.2));
#7960=CARTESIAN_POINT('',(-42.1763977860146,-37.4765775694789,1.2));
#7961=CARTESIAN_POINT('',(-46.4810203808781,-23.3967914834804,1.2));
#7962=CARTESIAN_POINT('',(-49.293196182752,-14.1985788982813,1.2));
#7963=CARTESIAN_POINT('',(-46.4810203808781,-23.3967914834804,21.2));
#7964=CARTESIAN_POINT('',(-46.4810203808781,-23.3967914834804,1.2));
#7965=CARTESIAN_POINT('',(-49.293196182752,-14.1985788982813,21.2));
#7966=CARTESIAN_POINT('Origin',(85.2000000000001,-26.3,1.2));
#7967=CARTESIAN_POINT('',(85.2000000000001,-26.3,2.7));
#7968=CARTESIAN_POINT('',(85.2000000000001,-26.3,1.2));
#7969=CARTESIAN_POINT('',(81.6773037752943,-26.3,2.7));
#7970=CARTESIAN_POINT('',(85.2741666729687,-26.3,2.7));
#7971=CARTESIAN_POINT('',(81.6773037752943,-26.3,1.2));
#7972=CARTESIAN_POINT('',(81.6773037752943,-26.3,1.2));
#7973=CARTESIAN_POINT('',(67.2,-26.3,1.2));
#7974=CARTESIAN_POINT('',(67.2,-26.3,1.2));
#7975=CARTESIAN_POINT('',(67.2,-26.3,21.2));
#7976=CARTESIAN_POINT('',(67.2,-26.3,1.2));
#7977=CARTESIAN_POINT('',(67.2,-26.3,21.2));
#7978=CARTESIAN_POINT('Origin',(-2.99999999999982,-36.2500000000004,1.2));
#7979=CARTESIAN_POINT('',(-2.99999999999982,-36.2500000000004,2.7));
#7980=CARTESIAN_POINT('',(-2.99999999999982,-36.2500000000004,1.2));
#7981=CARTESIAN_POINT('',(-6.52288763420588,-36.2500000000008,2.7));
#7982=CARTESIAN_POINT('',(-2.92592339935777,-36.2500000000004,2.7));
#7983=CARTESIAN_POINT('',(-6.52288763420588,-36.2500000000008,1.2));
#7984=CARTESIAN_POINT('',(-6.52288763420588,-36.2500000000008,1.2));
#7985=CARTESIAN_POINT('',(-20.9670600809664,-36.2500000000027,1.2));
#7986=CARTESIAN_POINT('',(-20.9670600809664,-36.2500000000027,1.2));
#7987=CARTESIAN_POINT('',(-20.9670600809664,-36.2500000000027,21.2));
#7988=CARTESIAN_POINT('',(-20.9670600809664,-36.2500000000027,1.2));
#7989=CARTESIAN_POINT('',(-20.9670600809664,-36.2500000000027,21.2));
#7990=CARTESIAN_POINT('Origin',(-28.05,63.45,1.2));
#7991=CARTESIAN_POINT('',(-28.05,63.45,2.7));
#7992=CARTESIAN_POINT('',(-28.05,63.45,1.2));
#7993=CARTESIAN_POINT('',(-24.5272170092383,63.45,2.7));
#7994=CARTESIAN_POINT('',(-28.1240747082702,63.45,2.7));
#7995=CARTESIAN_POINT('',(-24.5272170092383,63.45,1.2));
#7996=CARTESIAN_POINT('',(-24.5272170092383,63.45,1.2));
#7997=CARTESIAN_POINT('',(-15.,63.45,1.2));
#7998=CARTESIAN_POINT('',(-15.,63.45,1.2));
#7999=CARTESIAN_POINT('',(-15.,63.45,21.2));
#8000=CARTESIAN_POINT('',(-15.,63.45,1.2));
#8001=CARTESIAN_POINT('',(-15.,63.45,21.2));
#8002=CARTESIAN_POINT('Origin',(42.15,-16.95,1.2));
#8003=CARTESIAN_POINT('',(46.85,-16.95,2.7));
#8004=CARTESIAN_POINT('',(46.85,-16.95,1.2));
#8005=CARTESIAN_POINT('',(46.4745754642511,-15.1093351597868,2.7));
#8006=CARTESIAN_POINT('Origin',(42.15,-16.95,2.7));
#8007=CARTESIAN_POINT('',(46.4745754642511,-15.1093351597868,1.2));
#8008=CARTESIAN_POINT('',(46.4745754642511,-15.1093351597868,1.2));
#8009=CARTESIAN_POINT('',(42.15,-12.25,1.2));
#8010=CARTESIAN_POINT('Origin',(42.15,-16.95,1.2));
#8011=CARTESIAN_POINT('',(42.15,-12.25,21.2));
#8012=CARTESIAN_POINT('',(42.15,-12.25,1.2));
#8013=CARTESIAN_POINT('Origin',(42.15,-16.95,21.2));
#8014=CARTESIAN_POINT('Origin',(46.85,-19.,1.2));
#8015=CARTESIAN_POINT('',(46.85,-19.,2.7));
#8016=CARTESIAN_POINT('',(46.85,-19.,1.2));
#8017=CARTESIAN_POINT('',(46.85,-19.0794189131237,2.7));
#8018=CARTESIAN_POINT('Origin',(18.575,18.3423842755283,21.2));
#8019=CARTESIAN_POINT('',(-34.05,18.5010133325982,21.2));
#8020=CARTESIAN_POINT('',(-32.35,20.2010133325982,21.2));
#8021=CARTESIAN_POINT('Origin',(-34.05,20.2010133325982,21.2));
#8022=CARTESIAN_POINT('',(-48.05,18.5010133325982,21.2));
#8023=CARTESIAN_POINT('',(-34.05,18.5010133325982,21.2));
#8024=CARTESIAN_POINT('',(-52.35,14.2010133325982,21.2));
#8025=CARTESIAN_POINT('Origin',(-48.05,14.2010133325982,21.2));
#8026=CARTESIAN_POINT('',(-52.35,-13.8184956821418,21.2));
#8027=CARTESIAN_POINT('',(-52.35,14.2010133325982,21.2));
#8028=CARTESIAN_POINT('',(-52.1621104506412,-15.0756940124493,21.2));
#8029=CARTESIAN_POINT('Origin',(-48.05,-13.8184956821418,21.2));
#8030=CARTESIAN_POINT('',(-44.01538576601,-41.7224297792508,21.2));
#8031=CARTESIAN_POINT('',(-52.1621104506412,-15.0756940124493,21.2));
#8032=CARTESIAN_POINT('',(-38.6460769850607,-44.5773418995843,21.2));
#8033=CARTESIAN_POINT('Origin',(-39.9032753153688,-40.4652314489434,21.2));
#8034=CARTESIAN_POINT('',(-21.4640919789946,-39.3242819148656,21.2));
#8035=CARTESIAN_POINT('',(-38.6460769850607,-44.5773418995843,21.2));
#8036=CARTESIAN_POINT('',(-20.967060080966,-39.2500000000027,21.2));
#8037=CARTESIAN_POINT('Origin',(-20.9670600809658,-40.9500000000027,21.2));
#8038=CARTESIAN_POINT('',(-2.99999999999943,-39.2500000000004,21.2));
#8039=CARTESIAN_POINT('',(-20.967060080966,-39.2500000000027,21.2));
#8040=CARTESIAN_POINT('',(1.30000000000001,-34.9500000000004,21.2));
#8041=CARTESIAN_POINT('Origin',(-2.99999999999998,-34.9500000000004,21.2));
#8042=CARTESIAN_POINT('',(1.30000000000001,-16.95,21.2));
#8043=CARTESIAN_POINT('',(1.30000000000001,-34.9500000000004,21.2));
#8044=CARTESIAN_POINT('',(3.00000000000001,-15.25,21.2));
#8045=CARTESIAN_POINT('Origin',(3.00000000000001,-16.95,21.2));
#8046=CARTESIAN_POINT('',(42.15,-15.25,21.2));
#8047=CARTESIAN_POINT('',(3.00000000000001,-15.25,21.2));
#8048=CARTESIAN_POINT('',(43.85,-16.95,21.2));
#8049=CARTESIAN_POINT('Origin',(42.15,-16.95,21.2));
#8050=CARTESIAN_POINT('',(43.85,-19.,21.2));
#8051=CARTESIAN_POINT('',(43.85,-16.95,21.2));
#8052=CARTESIAN_POINT('',(48.15,-23.3,21.2));
#8053=CARTESIAN_POINT('Origin',(48.15,-19.,21.2));
#8054=CARTESIAN_POINT('',(60.5607229309209,-23.3,21.2));
#8055=CARTESIAN_POINT('',(48.15,-23.3,21.2));
#8056=CARTESIAN_POINT('',(60.5602144305605,-23.3037591886867,21.2));
#8057=CARTESIAN_POINT('Origin',(67.2,-24.2000000000001,21.2));
#8058=CARTESIAN_POINT('',(62.1354170951598,-24.8,21.2));
#8059=CARTESIAN_POINT('Origin',(60.4472227935463,-25.,21.2));
#8060=CARTESIAN_POINT('',(67.2,-29.3,21.2));
#8061=CARTESIAN_POINT('Origin',(67.2,-24.2000000000001,21.2));
#8062=CARTESIAN_POINT('',(85.2000000000001,-29.3,21.2));
#8063=CARTESIAN_POINT('',(67.2,-29.3,21.2));
#8064=CARTESIAN_POINT('',(89.5000000000001,-25.,21.2));
#8065=CARTESIAN_POINT('Origin',(85.2000000000001,-25.,21.2));
#8066=CARTESIAN_POINT('',(89.5000000000001,50.15,21.2));
#8067=CARTESIAN_POINT('',(89.5000000000001,-25.,21.2));
#8068=CARTESIAN_POINT('',(85.2000000000001,54.45,21.2));
#8069=CARTESIAN_POINT('Origin',(85.2000000000001,50.15,21.2));
#8070=CARTESIAN_POINT('',(72.1499999999999,54.45,21.2));
#8071=CARTESIAN_POINT('',(85.2000000000001,54.45,21.2));
#8072=CARTESIAN_POINT('',(70.4499999999999,56.15,21.2));
#8073=CARTESIAN_POINT('Origin',(72.1499999999999,56.15,21.2));
#8074=CARTESIAN_POINT('',(66.1499999999999,60.45,21.2));
#8075=CARTESIAN_POINT('Origin',(66.1499999999999,56.15,21.2));
#8076=CARTESIAN_POINT('',(53.1,60.45,21.2));
#8077=CARTESIAN_POINT('',(66.1499999999999,60.45,21.2));
#8078=CARTESIAN_POINT('',(51.4,62.15,21.2));
#8079=CARTESIAN_POINT('Origin',(53.1,62.15,21.2));
#8080=CARTESIAN_POINT('',(51.4,69.15,21.2));
#8081=CARTESIAN_POINT('',(51.4,62.15,21.2));
#8082=CARTESIAN_POINT('',(47.1,73.45,21.2));
#8083=CARTESIAN_POINT('Origin',(47.1,69.15,21.2));
#8084=CARTESIAN_POINT('',(34.05,73.45,21.2));
#8085=CARTESIAN_POINT('',(47.1,73.45,21.2));
#8086=CARTESIAN_POINT('',(32.35,75.15,21.2));
#8087=CARTESIAN_POINT('Origin',(34.05,75.15,21.2));
#8088=CARTESIAN_POINT('',(32.35,77.15,21.2));
#8089=CARTESIAN_POINT('',(32.35,75.15,21.2));
#8090=CARTESIAN_POINT('',(28.05,81.45,21.2));
#8091=CARTESIAN_POINT('Origin',(28.05,77.15,21.2));
#8092=CARTESIAN_POINT('',(10.05,81.45,21.2));
#8093=CARTESIAN_POINT('',(28.05,81.45,21.2));
#8094=CARTESIAN_POINT('',(5.75,77.15,21.2));
#8095=CARTESIAN_POINT('Origin',(10.05,77.15,21.2));
#8096=CARTESIAN_POINT('',(5.75,72.15,21.2));
#8097=CARTESIAN_POINT('',(5.75,77.15,21.2));
#8098=CARTESIAN_POINT('',(4.05,70.45,21.2));
#8099=CARTESIAN_POINT('Origin',(4.05,72.15,21.2));
#8100=CARTESIAN_POINT('',(-9.34314575050761,70.45,21.2));
#8101=CARTESIAN_POINT('',(4.05,70.45,21.2));
#8102=CARTESIAN_POINT('',(-13.3972246293105,67.5833333333333,21.2));
#8103=CARTESIAN_POINT('Origin',(-9.34314575050761,66.15,21.2));
#8104=CARTESIAN_POINT('',(-15.,66.45,21.2));
#8105=CARTESIAN_POINT('Origin',(-15.,68.15,21.2));
#8106=CARTESIAN_POINT('',(-28.05,66.45,21.2));
#8107=CARTESIAN_POINT('',(-15.,66.45,21.2));
#8108=CARTESIAN_POINT('',(-32.35,62.15,21.2));
#8109=CARTESIAN_POINT('Origin',(-28.05,62.15,21.2));
#8110=CARTESIAN_POINT('',(-32.35,62.15,21.2));
#8111=CARTESIAN_POINT('',(-45.6179074142656,-21.7735120845889,21.2));
#8112=CARTESIAN_POINT('Origin',(-45.2378241981261,-23.0167082673409,21.2));
#8113=CARTESIAN_POINT('',(-37.6541608973592,-19.3387504350116,21.2));
#8114=CARTESIAN_POINT('',(-46.728761201725,-22.1131341700298,21.2));
#8115=CARTESIAN_POINT('',(-32.63,-12.5489866674018,21.2));
#8116=CARTESIAN_POINT('Origin',(-39.73,-12.5489866674018,21.2));
#8117=CARTESIAN_POINT('',(-32.63,14.8529669603236,21.2));
#8118=CARTESIAN_POINT('',(-32.63,-17.8027103001044,21.2));
#8119=CARTESIAN_POINT('',(-31.9193333333333,16.0117103409831,21.2));
#8120=CARTESIAN_POINT('Origin',(-31.33,14.8529669603235,21.2));
#8121=CARTESIAN_POINT('',(-29.35,20.2010133325982,21.2));
#8122=CARTESIAN_POINT('Origin',(-34.05,20.2010133325982,21.2));
#8123=CARTESIAN_POINT('',(-29.35,62.15,21.2));
#8124=CARTESIAN_POINT('',(-10.5687975045643,66.5833333333333,21.2));
#8125=CARTESIAN_POINT('Origin',(-15.,68.15,21.2));
#8126=CARTESIAN_POINT('',(-9.34314575050761,67.45,21.2));
#8127=CARTESIAN_POINT('Origin',(-9.34314575050761,66.15,21.2));
#8128=CARTESIAN_POINT('',(4.05,67.45,21.2));
#8129=CARTESIAN_POINT('',(4.05,67.45,21.2));
#8130=CARTESIAN_POINT('',(8.74999999999999,72.15,21.2));
#8131=CARTESIAN_POINT('Origin',(4.05,72.15,21.2));
#8132=CARTESIAN_POINT('',(8.74999999999999,77.15,21.2));
#8133=CARTESIAN_POINT('',(8.74999999999999,77.15,21.2));
#8134=CARTESIAN_POINT('',(10.05,78.45,21.2));
#8135=CARTESIAN_POINT('Origin',(10.05,77.15,21.2));
#8136=CARTESIAN_POINT('',(28.05,78.45,21.2));
#8137=CARTESIAN_POINT('',(28.05,78.45,21.2));
#8138=CARTESIAN_POINT('',(29.35,77.15,21.2));
#8139=CARTESIAN_POINT('Origin',(28.05,77.15,21.2));
#8140=CARTESIAN_POINT('',(29.35,75.15,21.2));
#8141=CARTESIAN_POINT('',(29.35,75.15,21.2));
#8142=CARTESIAN_POINT('',(34.05,70.45,21.2));
#8143=CARTESIAN_POINT('Origin',(34.05,75.15,21.2));
#8144=CARTESIAN_POINT('',(47.1,70.45,21.2));
#8145=CARTESIAN_POINT('',(48.4,62.15,21.2));
#8146=CARTESIAN_POINT('',(48.4,62.15,21.2));
#8147=CARTESIAN_POINT('',(53.1,57.45,21.2));
#8148=CARTESIAN_POINT('Origin',(53.1,62.15,21.2));
#8149=CARTESIAN_POINT('',(66.1499999999999,57.45,21.2));
#8150=CARTESIAN_POINT('',(66.1499999999999,57.45,21.2));
#8151=CARTESIAN_POINT('',(67.4499999999999,56.15,21.2));
#8152=CARTESIAN_POINT('Origin',(66.1499999999999,56.15,21.2));
#8153=CARTESIAN_POINT('',(72.1499999999999,51.45,21.2));
#8154=CARTESIAN_POINT('Origin',(72.1499999999999,56.15,21.2));
#8155=CARTESIAN_POINT('',(85.2000000000001,51.45,21.2));
#8156=CARTESIAN_POINT('',(86.5000000000001,-25.,21.2));
#8157=CARTESIAN_POINT('',(65.9,-25.,21.2));
#8158=CARTESIAN_POINT('Origin',(67.2,-25.,21.2));
#8159=CARTESIAN_POINT('',(61.2,-20.3,21.2));
#8160=CARTESIAN_POINT('Origin',(61.2,-25.,21.2));
#8161=CARTESIAN_POINT('',(48.15,-20.3,21.2));
#8162=CARTESIAN_POINT('',(3.00000000000001,-12.25,21.2));
#8163=CARTESIAN_POINT('',(3.00000000000001,-12.25,21.2));
#8164=CARTESIAN_POINT('',(-1.69999999999999,-16.95,21.2));
#8165=CARTESIAN_POINT('Origin',(3.00000000000001,-16.95,21.2));
#8166=CARTESIAN_POINT('',(-1.69999999999999,-34.9500000000004,21.2));
#8167=CARTESIAN_POINT('',(-22.341207093163,-36.4553676469765,21.2));
#8168=CARTESIAN_POINT('Origin',(-20.9670600809658,-40.9500000000027,21.2));
#8169=CARTESIAN_POINT('',(-39.5231920992292,-41.7084276316953,21.2));
#8170=CARTESIAN_POINT('Origin',(48.4,69.15,1.2));
#8171=CARTESIAN_POINT('',(48.4,69.15,2.7));
#8172=CARTESIAN_POINT('',(48.4,69.15,1.2));
#8173=CARTESIAN_POINT('',(48.4,65.6271106015759,2.7));
#8174=CARTESIAN_POINT('',(48.4,69.2240630455124,2.7));
#8175=CARTESIAN_POINT('',(48.4,65.6271106015759,1.2));
#8176=CARTESIAN_POINT('',(48.4,65.6271106015759,1.2));
#8177=CARTESIAN_POINT('',(48.4,62.15,1.2));
#8178=CARTESIAN_POINT('',(48.4,62.15,1.2));
#8179=CARTESIAN_POINT('',(48.4,62.15,1.2));
#8180=CARTESIAN_POINT('Origin',(43.5773567752678,71.9500000000001,1.2));
#8181=CARTESIAN_POINT('',(43.5773567752678,70.45,1.2));
#8182=CARTESIAN_POINT('',(44.7516211369452,71.0166709000067,1.2));
#8183=CARTESIAN_POINT('Origin',(43.5773567752678,71.9500000000001,1.2));
#8184=CARTESIAN_POINT('',(44.7516211369452,71.0166709000067,2.7));
#8185=CARTESIAN_POINT('',(44.7516211369452,71.0166709000067,1.2));
#8186=CARTESIAN_POINT('',(43.5773567752678,70.45,2.7));
#8187=CARTESIAN_POINT('Origin',(43.5773567752678,71.9500000000001,2.7));
#8188=CARTESIAN_POINT('',(43.5773567752678,70.45,1.2));
#8189=CARTESIAN_POINT('Origin',(47.1001498603,69.15001270002,1.2));
#8190=CARTESIAN_POINT('',(48.9667166201,66.8014113010573,1.2));
#8191=CARTESIAN_POINT('Origin',(47.1001498603,69.15001270002,1.2));
#8192=CARTESIAN_POINT('',(48.9667166201,66.8014113010573,2.7));
#8193=CARTESIAN_POINT('',(48.9667166201,66.8014113010573,1.2));
#8194=CARTESIAN_POINT('Origin',(47.1001498603,69.15001270002,2.7));
#8195=CARTESIAN_POINT('Origin',(18.575,18.3423842755283,1.2));
#8196=CARTESIAN_POINT('',(-34.05,18.5010133325982,1.2));
#8197=CARTESIAN_POINT('',(-32.35,20.2010133325982,1.2));
#8198=CARTESIAN_POINT('Origin',(-34.05,20.2010133325982,1.2));
#8199=CARTESIAN_POINT('',(-32.35,62.15,1.2));
#8200=CARTESIAN_POINT('',(-32.35,62.15,1.2));
#8201=CARTESIAN_POINT('',(-28.05,66.45,1.2));
#8202=CARTESIAN_POINT('Origin',(-28.05,62.15,1.2));
#8203=CARTESIAN_POINT('',(-15.,66.45,1.2));
#8204=CARTESIAN_POINT('',(-15.,66.45,1.2));
#8205=CARTESIAN_POINT('',(-13.3972246293105,67.5833333333333,1.2));
#8206=CARTESIAN_POINT('Origin',(-15.,68.15,1.2));
#8207=CARTESIAN_POINT('',(-9.34314575050761,70.45,1.2));
#8208=CARTESIAN_POINT('Origin',(-9.34314575050761,66.15,1.2));
#8209=CARTESIAN_POINT('',(4.05,70.45,1.2));
#8210=CARTESIAN_POINT('',(4.05,70.45,1.2));
#8211=CARTESIAN_POINT('',(5.75,72.15,1.2));
#8212=CARTESIAN_POINT('Origin',(4.05,72.15,1.2));
#8213=CARTESIAN_POINT('',(5.75,77.15,1.2));
#8214=CARTESIAN_POINT('',(5.75,77.15,1.2));
#8215=CARTESIAN_POINT('',(10.05,81.45,1.2));
#8216=CARTESIAN_POINT('Origin',(10.05,77.15,1.2));
#8217=CARTESIAN_POINT('',(28.05,81.45,1.2));
#8218=CARTESIAN_POINT('',(28.05,81.45,1.2));
#8219=CARTESIAN_POINT('',(32.35,77.15,1.2));
#8220=CARTESIAN_POINT('Origin',(28.05,77.15,1.2));
#8221=CARTESIAN_POINT('',(32.35,75.15,1.2));
#8222=CARTESIAN_POINT('',(32.35,75.15,1.2));
#8223=CARTESIAN_POINT('',(34.05,73.45,1.2));
#8224=CARTESIAN_POINT('Origin',(34.05,75.15,1.2));
#8225=CARTESIAN_POINT('',(47.1,73.45,1.2));
#8226=CARTESIAN_POINT('',(47.1,73.45,1.2));
#8227=CARTESIAN_POINT('',(51.4,69.15,1.2));
#8228=CARTESIAN_POINT('Origin',(47.1,69.15,1.2));
#8229=CARTESIAN_POINT('',(51.4,62.15,1.2));
#8230=CARTESIAN_POINT('',(51.4,62.15,1.2));
#8231=CARTESIAN_POINT('',(53.1,60.45,1.2));
#8232=CARTESIAN_POINT('Origin',(53.1,62.15,1.2));
#8233=CARTESIAN_POINT('',(66.1499999999999,60.45,1.2));
#8234=CARTESIAN_POINT('',(66.1499999999999,60.45,1.2));
#8235=CARTESIAN_POINT('',(70.4499999999999,56.15,1.2));
#8236=CARTESIAN_POINT('Origin',(66.1499999999999,56.15,1.2));
#8237=CARTESIAN_POINT('',(72.1499999999999,54.45,1.2));
#8238=CARTESIAN_POINT('Origin',(72.1499999999999,56.15,1.2));
#8239=CARTESIAN_POINT('',(85.2000000000001,54.45,1.2));
#8240=CARTESIAN_POINT('',(85.2000000000001,54.45,1.2));
#8241=CARTESIAN_POINT('',(89.5000000000001,50.15,1.2));
#8242=CARTESIAN_POINT('Origin',(85.2000000000001,50.15,1.2));
#8243=CARTESIAN_POINT('',(89.5000000000001,-25.,1.2));
#8244=CARTESIAN_POINT('',(89.5000000000001,-25.,1.2));
#8245=CARTESIAN_POINT('',(85.2000000000001,-29.3,1.2));
#8246=CARTESIAN_POINT('Origin',(85.2000000000001,-25.,1.2));
#8247=CARTESIAN_POINT('',(67.2,-29.3,1.2));
#8248=CARTESIAN_POINT('',(67.2,-29.3,1.2));
#8249=CARTESIAN_POINT('',(62.1354170951598,-24.8,1.2));
#8250=CARTESIAN_POINT('Origin',(67.2,-24.2000000000001,1.2));
#8251=CARTESIAN_POINT('',(60.5602144305605,-23.3037591886867,1.2));
#8252=CARTESIAN_POINT('Origin',(60.4472227935463,-25.,1.2));
#8253=CARTESIAN_POINT('',(60.5607229309209,-23.3,1.2));
#8254=CARTESIAN_POINT('Origin',(67.2,-24.2000000000001,1.2));
#8255=CARTESIAN_POINT('',(48.15,-23.3,1.2));
#8256=CARTESIAN_POINT('',(48.15,-23.3,1.2));
#8257=CARTESIAN_POINT('',(43.85,-19.,1.2));
#8258=CARTESIAN_POINT('Origin',(48.15,-19.,1.2));
#8259=CARTESIAN_POINT('',(43.85,-16.95,1.2));
#8260=CARTESIAN_POINT('',(43.85,-16.95,1.2));
#8261=CARTESIAN_POINT('',(42.15,-15.25,1.2));
#8262=CARTESIAN_POINT('Origin',(42.15,-16.95,1.2));
#8263=CARTESIAN_POINT('',(3.00000000000001,-15.25,1.2));
#8264=CARTESIAN_POINT('',(3.00000000000001,-15.25,1.2));
#8265=CARTESIAN_POINT('',(1.30000000000001,-16.95,1.2));
#8266=CARTESIAN_POINT('Origin',(3.00000000000001,-16.95,1.2));
#8267=CARTESIAN_POINT('',(1.30000000000001,-34.9500000000004,1.2));
#8268=CARTESIAN_POINT('',(1.30000000000001,-34.9500000000004,1.2));
#8269=CARTESIAN_POINT('',(-2.99999999999943,-39.2500000000004,1.2));
#8270=CARTESIAN_POINT('Origin',(-2.99999999999998,-34.9500000000004,1.2));
#8271=CARTESIAN_POINT('',(-20.967060080966,-39.2500000000027,1.2));
#8272=CARTESIAN_POINT('',(-20.967060080966,-39.2500000000027,1.2));
#8273=CARTESIAN_POINT('',(-21.4640919789946,-39.3242819148656,1.2));
#8274=CARTESIAN_POINT('Origin',(-20.9670600809658,-40.9500000000027,1.2));
#8275=CARTESIAN_POINT('',(-38.6460769850607,-44.5773418995843,1.2));
#8276=CARTESIAN_POINT('',(-38.6460769850607,-44.5773418995843,1.2));
#8277=CARTESIAN_POINT('',(-44.01538576601,-41.7224297792508,1.2));
#8278=CARTESIAN_POINT('Origin',(-39.9032753153688,-40.4652314489434,1.2));
#8279=CARTESIAN_POINT('',(-52.1621104506412,-15.0756940124493,1.2));
#8280=CARTESIAN_POINT('',(-52.1621104506412,-15.0756940124493,1.2));
#8281=CARTESIAN_POINT('',(-52.35,-13.8184956821418,1.2));
#8282=CARTESIAN_POINT('Origin',(-48.05,-13.8184956821418,1.2));
#8283=CARTESIAN_POINT('',(-52.35,14.2010133325982,1.2));
#8284=CARTESIAN_POINT('',(-52.35,14.2010133325982,1.2));
#8285=CARTESIAN_POINT('',(-48.05,18.5010133325982,1.2));
#8286=CARTESIAN_POINT('Origin',(-48.05,14.2010133325982,1.2));
#8287=CARTESIAN_POINT('',(-34.05,18.5010133325982,1.2));
#8288=CARTESIAN_POINT('',(34.05,70.45,1.2));
#8289=CARTESIAN_POINT('',(47.1,70.45,1.2));
#8290=CARTESIAN_POINT('',(29.35,75.15,1.2));
#8291=CARTESIAN_POINT('Origin',(34.05,75.15,1.2));
#8292=CARTESIAN_POINT('',(29.35,77.15,1.2));
#8293=CARTESIAN_POINT('',(29.35,75.15,1.2));
#8294=CARTESIAN_POINT('',(28.05,78.45,1.2));
#8295=CARTESIAN_POINT('Origin',(28.05,77.15,1.2));
#8296=CARTESIAN_POINT('',(10.05,78.45,1.2));
#8297=CARTESIAN_POINT('',(28.05,78.45,1.2));
#8298=CARTESIAN_POINT('',(8.74999999999999,77.15,1.2));
#8299=CARTESIAN_POINT('Origin',(10.05,77.15,1.2));
#8300=CARTESIAN_POINT('',(8.74999999999999,72.15,1.2));
#8301=CARTESIAN_POINT('',(8.74999999999999,77.15,1.2));
#8302=CARTESIAN_POINT('',(4.05,67.45,1.2));
#8303=CARTESIAN_POINT('Origin',(4.05,72.15,1.2));
#8304=CARTESIAN_POINT('',(-9.34314575050761,67.45,1.2));
#8305=CARTESIAN_POINT('',(4.05,67.45,1.2));
#8306=CARTESIAN_POINT('',(-10.5687975045643,66.5833333333333,1.2));
#8307=CARTESIAN_POINT('Origin',(-9.34314575050761,66.15,1.2));
#8308=CARTESIAN_POINT('Origin',(-15.,68.15,1.2));
#8309=CARTESIAN_POINT('',(-25.7014780061589,64.0166666666667,1.2));
#8310=CARTESIAN_POINT('Origin',(-24.5272170092383,64.95,1.2));
#8311=CARTESIAN_POINT('',(-29.9166666666667,59.8014780061588,1.2));
#8312=CARTESIAN_POINT('Origin',(-28.05,62.15,1.2));
#8313=CARTESIAN_POINT('',(-29.35,58.6272170092383,1.2));
#8314=CARTESIAN_POINT('Origin',(-30.85,58.6272170092383,1.2));
#8315=CARTESIAN_POINT('',(-29.35,20.2010133325982,1.2));
#8316=CARTESIAN_POINT('',(-29.35,62.15,1.2));
#8317=CARTESIAN_POINT('',(-31.9193333333333,16.0117103409831,1.2));
#8318=CARTESIAN_POINT('Origin',(-34.05,20.2010133325982,1.2));
#8319=CARTESIAN_POINT('',(-32.63,14.8529669603236,1.2));
#8320=CARTESIAN_POINT('Origin',(-31.33,14.8529669603235,1.2));
#8321=CARTESIAN_POINT('',(-32.63,-12.5489866674018,1.2));
#8322=CARTESIAN_POINT('',(-32.63,-17.8027103001044,1.2));
#8323=CARTESIAN_POINT('',(-37.6541608973592,-19.3387504350116,1.2));
#8324=CARTESIAN_POINT('Origin',(-39.73,-12.5489866674018,1.2));
#8325=CARTESIAN_POINT('',(-45.6179074142656,-21.7735120845889,1.2));
#8326=CARTESIAN_POINT('',(-46.728761201725,-22.1131341700298,1.2));
#8327=CARTESIAN_POINT('Origin',(-45.2378241981261,-23.0167082673409,1.2));
#8328=CARTESIAN_POINT('',(-42.3750031021721,-38.7652352879983,1.2));
#8329=CARTESIAN_POINT('Origin',(-43.6108549199592,-37.9151351265629,1.2));
#8330=CARTESIAN_POINT('',(-37.1115775266119,-41.5637473197205,1.2));
#8331=CARTESIAN_POINT('Origin',(-39.903299466598,-40.465435610869,1.2));
#8332=CARTESIAN_POINT('',(-36.1542741137031,-40.6784460402017,1.2));
#8333=CARTESIAN_POINT('Origin',(-35.7157165566189,-42.1129031741462,1.2));
#8334=CARTESIAN_POINT('',(-22.341207093163,-36.4553676469765,1.2));
#8335=CARTESIAN_POINT('',(-39.5231920992292,-41.7084276316953,1.2));
#8336=CARTESIAN_POINT('Origin',(-20.9670600809658,-40.9500000000027,1.2));
#8337=CARTESIAN_POINT('',(-5.34857482276979,-36.8167318601302,1.2));
#8338=CARTESIAN_POINT('Origin',(-6.52288763420568,-37.7500000000008,1.2));
#8339=CARTESIAN_POINT('',(-1.133316399966,-32.6016466687804,1.2));
#8340=CARTESIAN_POINT('Origin',(-2.99994919989802,-34.950195580389,1.2));
#8341=CARTESIAN_POINT('',(-1.69999999999999,-31.4273722129761,1.2));
#8342=CARTESIAN_POINT('Origin',(-0.199999999999987,-31.4273722129761,1.2));
#8343=CARTESIAN_POINT('',(-1.69999999999999,-16.95,1.2));
#8344=CARTESIAN_POINT('',(-1.69999999999999,-34.9500000000004,1.2));
#8345=CARTESIAN_POINT('',(3.00000000000001,-12.25,1.2));
#8346=CARTESIAN_POINT('Origin',(3.00000000000001,-16.95,1.2));
#8347=CARTESIAN_POINT('',(3.00000000000001,-12.25,1.2));
#8348=CARTESIAN_POINT('',(46.1129786704,-16.7979084436985,1.2));
#8349=CARTESIAN_POINT('Origin',(45.0943918054476,-15.6967813853868,1.2));
#8350=CARTESIAN_POINT('',(50.4987605281948,-20.8667208534407,1.2));
#8351=CARTESIAN_POINT('Origin',(48.150152400305,-19.000162560322,1.2));
#8352=CARTESIAN_POINT('',(51.6730645921397,-20.3,1.2));
#8353=CARTESIAN_POINT('Origin',(51.6730645921397,-21.8,1.2));
#8354=CARTESIAN_POINT('',(61.2,-20.3,1.2));
#8355=CARTESIAN_POINT('',(48.15,-20.3,1.2));
#8356=CARTESIAN_POINT('',(65.9,-25.,1.2));
#8357=CARTESIAN_POINT('Origin',(61.2,-25.,1.2));
#8358=CARTESIAN_POINT('Origin',(67.2,-25.,1.2));
#8359=CARTESIAN_POINT('',(82.8516112036789,-26.8667250867827,1.2));
#8360=CARTESIAN_POINT('Origin',(81.6773037752943,-27.8,1.2));
#8361=CARTESIAN_POINT('',(87.0667420201494,-22.6515334885616,1.2));
#8362=CARTESIAN_POINT('Origin',(85.200226060448,-25.000175260348,1.2));
#8363=CARTESIAN_POINT('',(86.5000000000001,-21.4772126026684,1.2));
#8364=CARTESIAN_POINT('Origin',(88.0000000000001,-21.4772126026684,1.2));
#8365=CARTESIAN_POINT('',(86.5000000000001,46.6270144822774,1.2));
#8366=CARTESIAN_POINT('',(86.5000000000001,-25.,1.2));
#8367=CARTESIAN_POINT('',(87.0667420201494,47.8013353681706,1.2));
#8368=CARTESIAN_POINT('Origin',(88.0000000000001,46.6270144822774,1.2));
#8369=CARTESIAN_POINT('',(82.8517161798607,52.0166590466523,1.2));
#8370=CARTESIAN_POINT('Origin',(85.200226060448,50.149977139957,1.2));
#8371=CARTESIAN_POINT('',(81.677461239567,51.45,1.2));
#8372=CARTESIAN_POINT('Origin',(81.677461239567,52.95,1.2));
#8373=CARTESIAN_POINT('',(72.1499999999999,51.45,1.2));
#8374=CARTESIAN_POINT('',(85.2000000000001,51.45,1.2));
#8375=CARTESIAN_POINT('',(67.4499999999999,56.15,1.2));
#8376=CARTESIAN_POINT('Origin',(72.1499999999999,56.15,1.2));
#8377=CARTESIAN_POINT('',(66.1499999999999,57.45,1.2));
#8378=CARTESIAN_POINT('Origin',(66.1499999999999,56.15,1.2));
#8379=CARTESIAN_POINT('',(53.1,57.45,1.2));
#8380=CARTESIAN_POINT('',(66.1499999999999,57.45,1.2));
#8381=CARTESIAN_POINT('Origin',(53.1,62.15,1.2));
#8382=CARTESIAN_POINT('Origin',(49.9,65.6271106015759,1.2));
#8383=CARTESIAN_POINT('Origin',(49.9,65.6271106015759,1.2));
#8384=CARTESIAN_POINT('Origin',(49.9,65.6271106015759,2.7));
#8385=CARTESIAN_POINT('Origin',(-0.199999999999987,-31.4273722129761,1.2));
#8386=CARTESIAN_POINT('',(-1.133316399966,-32.6016466687804,2.7));
#8387=CARTESIAN_POINT('',(-1.133316399966,-32.6016466687804,1.2));
#8388=CARTESIAN_POINT('',(-1.69999999999999,-31.4273722129761,2.7));
#8389=CARTESIAN_POINT('Origin',(-0.199999999999987,-31.4273722129761,2.7));
#8390=CARTESIAN_POINT('',(-1.69999999999999,-31.4273722129761,1.2));
#8391=CARTESIAN_POINT('Origin',(-2.99994919989802,-34.950195580389,1.2));
#8392=CARTESIAN_POINT('',(-5.34857482276979,-36.8167318601302,2.7));
#8393=CARTESIAN_POINT('',(-5.34857482276979,-36.8167318601302,1.2));
#8394=CARTESIAN_POINT('Origin',(-2.99994919989802,-34.950195580389,2.7));
#8395=CARTESIAN_POINT('Origin',(-6.52288763420568,-37.7500000000008,1.2));
#8396=CARTESIAN_POINT('Origin',(-6.52288763420568,-37.7500000000008,2.7));
#8397=CARTESIAN_POINT('Origin',(-35.7157165566189,-42.1129031741462,1.2));
#8398=CARTESIAN_POINT('',(-37.1115775266119,-41.5637473197205,2.7));
#8399=CARTESIAN_POINT('',(-37.1115775266119,-41.5637473197205,1.2));
#8400=CARTESIAN_POINT('',(-36.1542741137031,-40.6784460402017,2.7));
#8401=CARTESIAN_POINT('Origin',(-35.7157165566189,-42.1129031741462,2.7));
#8402=CARTESIAN_POINT('',(-36.1542741137031,-40.6784460402017,1.2));
#8403=CARTESIAN_POINT('Origin',(-39.903299466598,-40.465435610869,1.2));
#8404=CARTESIAN_POINT('',(-42.3750031021721,-38.7652352879983,2.7));
#8405=CARTESIAN_POINT('',(-42.3750031021721,-38.7652352879983,1.2));
#8406=CARTESIAN_POINT('Origin',(-39.903299466598,-40.465435610869,2.7));
#8407=CARTESIAN_POINT('Origin',(-43.6108549199592,-37.9151351265629,1.2));
#8408=CARTESIAN_POINT('Origin',(-43.6108549199592,-37.9151351265629,2.7));
#8409=CARTESIAN_POINT('Origin',(-30.85,58.6272170092383,1.2));
#8410=CARTESIAN_POINT('',(-29.9166666666667,59.8014780061588,2.7));
#8411=CARTESIAN_POINT('',(-29.9166666666667,59.8014780061588,1.2));
#8412=CARTESIAN_POINT('',(-29.35,58.6272170092383,2.7));
#8413=CARTESIAN_POINT('Origin',(-30.85,58.6272170092383,2.7));
#8414=CARTESIAN_POINT('',(-29.35,58.6272170092383,1.2));
#8415=CARTESIAN_POINT('Origin',(-28.05,62.15,1.2));
#8416=CARTESIAN_POINT('',(-25.7014780061589,64.0166666666667,2.7));
#8417=CARTESIAN_POINT('',(-25.7014780061589,64.0166666666667,1.2));
#8418=CARTESIAN_POINT('Origin',(-28.05,62.15,2.7));
#8419=CARTESIAN_POINT('Origin',(-24.5272170092383,64.95,1.2));
#8420=CARTESIAN_POINT('Origin',(-24.5272170092383,64.95,2.7));
#8421=CARTESIAN_POINT('Origin',(81.677461239567,52.95,1.2));
#8422=CARTESIAN_POINT('',(82.8517161798607,52.0166590466523,2.7));
#8423=CARTESIAN_POINT('',(82.8517161798607,52.0166590466523,1.2));
#8424=CARTESIAN_POINT('',(81.677461239567,51.45,2.7));
#8425=CARTESIAN_POINT('Origin',(81.677461239567,52.95,2.7));
#8426=CARTESIAN_POINT('',(81.677461239567,51.45,1.2));
#8427=CARTESIAN_POINT('Origin',(85.200226060448,50.149977139957,1.2));
#8428=CARTESIAN_POINT('',(87.0667420201494,47.8013353681706,2.7));
#8429=CARTESIAN_POINT('',(87.0667420201494,47.8013353681706,1.2));
#8430=CARTESIAN_POINT('Origin',(85.200226060448,50.149977139957,2.7));
#8431=CARTESIAN_POINT('Origin',(88.0000000000001,46.6270144822774,1.2));
#8432=CARTESIAN_POINT('',(86.5000000000001,46.6270144822774,2.7));
#8433=CARTESIAN_POINT('',(86.5000000000001,46.6270144822774,1.2));
#8434=CARTESIAN_POINT('Origin',(88.0000000000001,46.6270144822774,2.7));
#8435=CARTESIAN_POINT('Origin',(86.5000000000001,50.15,1.2));
#8436=CARTESIAN_POINT('',(86.5000000000001,50.15,2.7));
#8437=CARTESIAN_POINT('',(86.5000000000001,50.15,1.2));
#8438=CARTESIAN_POINT('',(86.5000000000001,50.2240361074275,2.7));
#8439=CARTESIAN_POINT('',(86.5000000000001,-21.4772126026684,2.7));
#8440=CARTESIAN_POINT('',(86.5000000000001,-21.4772126026684,1.2));
#8441=CARTESIAN_POINT('',(86.5000000000001,-25.,2.7));
#8442=CARTESIAN_POINT('',(86.5000000000001,12.5008648323771,2.7));
#8443=CARTESIAN_POINT('',(86.5000000000001,-25.,1.2));
#8444=CARTESIAN_POINT('Origin',(88.0000000000001,-21.4772126026684,1.2));
#8445=CARTESIAN_POINT('',(87.0667420201494,-22.6515334885616,2.7));
#8446=CARTESIAN_POINT('',(87.0667420201494,-22.6515334885616,1.2));
#8447=CARTESIAN_POINT('Origin',(88.0000000000001,-21.4772126026684,2.7));
#8448=CARTESIAN_POINT('Origin',(85.200226060448,-25.000175260348,1.2));
#8449=CARTESIAN_POINT('',(82.8516112036789,-26.8667250867827,2.7));
#8450=CARTESIAN_POINT('',(82.8516112036789,-26.8667250867827,1.2));
#8451=CARTESIAN_POINT('Origin',(85.200226060448,-25.000175260348,2.7));
#8452=CARTESIAN_POINT('Origin',(81.6773037752943,-27.8,1.2));
#8453=CARTESIAN_POINT('Origin',(81.6773037752943,-27.8,2.7));
#8454=CARTESIAN_POINT('Origin',(51.6730645921397,-21.8,1.2));
#8455=CARTESIAN_POINT('',(50.4987605281948,-20.8667208534407,2.7));
#8456=CARTESIAN_POINT('',(50.4987605281948,-20.8667208534407,1.2));
#8457=CARTESIAN_POINT('',(51.6730645921397,-20.3,2.7));
#8458=CARTESIAN_POINT('Origin',(51.6730645921397,-21.8,2.7));
#8459=CARTESIAN_POINT('',(51.6730645921397,-20.3,1.2));
#8460=CARTESIAN_POINT('Origin',(48.150152400305,-19.000162560322,1.2));
#8461=CARTESIAN_POINT('',(46.1129786704,-16.7979084436985,2.7));
#8462=CARTESIAN_POINT('',(46.1129786704,-16.7979084436985,1.2));
#8463=CARTESIAN_POINT('Origin',(48.150152400305,-19.000162560322,2.7));
#8464=CARTESIAN_POINT('Origin',(45.0943918054476,-15.6967813853868,1.2));
#8465=CARTESIAN_POINT('Origin',(45.0943918054476,-15.6967813853868,2.7));
#8466=CARTESIAN_POINT('Origin',(85.3483333459373,-25.1482703352459,2.7));
#8467=CARTESIAN_POINT('Origin',(85.2000000000001,-25.,2.7));
#8468=CARTESIAN_POINT('Origin',(-39.9204609655542,-40.8626649417854,2.7));
#8469=CARTESIAN_POINT('',(-39.5231920992292,-41.7084276316953,2.7));
#8470=CARTESIAN_POINT('',(-30.9956183933703,-39.1012867114133,2.7));
#8471=CARTESIAN_POINT('Origin',(-39.9032753153688,-40.4652314489434,2.7));
#8472=CARTESIAN_POINT('Origin',(85.3483809728579,50.2980722148549,2.7));
#8473=CARTESIAN_POINT('',(85.2000000000001,51.45,2.7));
#8474=CARTESIAN_POINT('',(78.7491904864289,51.45,2.7));
#8475=CARTESIAN_POINT('Origin',(85.2000000000001,50.15,2.7));
#8476=CARTESIAN_POINT('Origin',(-28.1981494165404,62.2981494165404,2.7));
#8477=CARTESIAN_POINT('',(-29.35,62.15,2.7));
#8478=CARTESIAN_POINT('',(-29.35,41.2495813745693,2.7));
#8479=CARTESIAN_POINT('Origin',(-28.05,62.15,2.7));
#8480=CARTESIAN_POINT('Origin',(-2.85184679871587,-35.0983327843105,2.7));
#8481=CARTESIAN_POINT('',(-1.69999999999999,-34.9500000000004,2.7));
#8482=CARTESIAN_POINT('',(-1.69999999999999,-26.0241663921553,2.7));
#8483=CARTESIAN_POINT('Origin',(-2.99999999999998,-34.9500000000004,2.7));
#8484=CARTESIAN_POINT('Origin',(48.0020420620758,-19.1588378262474,2.7));
#8485=CARTESIAN_POINT('',(48.15,-20.3,2.7));
#8486=CARTESIAN_POINT('',(54.6010210310379,-20.3,2.7));
#8487=CARTESIAN_POINT('Origin',(48.15,-19.,2.7));
#8488=CARTESIAN_POINT('Origin',(47.2482962236319,69.2981260910248,2.7));
#8489=CARTESIAN_POINT('',(47.1,70.45,2.7));
#8490=CARTESIAN_POINT('',(40.6491481118159,70.45,2.7));
#8491=CARTESIAN_POINT('Origin',(47.1,69.15,2.7));
#8492=CARTESIAN_POINT('Origin',(85.2000000000001,-25.,1.2));
#8493=CARTESIAN_POINT('Origin',(-39.9032753153688,-40.4652314489434,1.2));
#8494=CARTESIAN_POINT('',(-39.5231920992292,-41.7084276316953,1.2));
#8495=CARTESIAN_POINT('Origin',(85.2000000000001,50.15,1.2));
#8496=CARTESIAN_POINT('',(85.2000000000001,51.45,1.2));
#8497=CARTESIAN_POINT('Origin',(-28.05,62.15,1.2));
#8498=CARTESIAN_POINT('',(-29.35,62.15,1.2));
#8499=CARTESIAN_POINT('Origin',(-2.99999999999998,-34.9500000000004,1.2));
#8500=CARTESIAN_POINT('',(-1.69999999999999,-34.9500000000004,1.2));
#8501=CARTESIAN_POINT('Origin',(47.1,69.15,1.2));
#8502=CARTESIAN_POINT('',(47.1,70.45,1.2));
#8503=CARTESIAN_POINT('Origin',(-45.2378241981261,-23.0167082673409,1.2));
#8504=CARTESIAN_POINT('',(-45.6179074142656,-21.7735120845889,1.2));
#8505=CARTESIAN_POINT('Origin',(-31.33,14.8529669603235,1.2));
#8506=CARTESIAN_POINT('',(-32.63,14.8529669603235,1.2));
#8507=CARTESIAN_POINT('',(-31.9193333333333,16.0117103409831,1.2));
#8508=CARTESIAN_POINT('Origin',(-32.63,-12.5489866674018,1.2));
#8509=CARTESIAN_POINT('',(-32.63,-12.5489866674018,1.2));
#8510=CARTESIAN_POINT('Origin',(-39.73,-12.5489866674018,1.2));
#8511=CARTESIAN_POINT('',(-37.6541608973592,-19.3387504350116,1.2));
#8512=CARTESIAN_POINT('Origin',(-46.728761201725,-22.1131341700298,1.2));
#8513=CARTESIAN_POINT('Origin',(-34.05,20.2010133325982,1.2));
#8514=CARTESIAN_POINT('',(-29.35,20.2010133325982,1.2));
#8515=CARTESIAN_POINT('Origin',(60.4472227935463,-25.,27.2));
#8516=CARTESIAN_POINT('',(60.5465283407001,-24.9882352941177,27.2));
#8517=CARTESIAN_POINT('',(60.4472227935463,-24.9,27.2));
#8518=CARTESIAN_POINT('Origin',(60.4472227935463,-25.,27.2));
#8519=CARTESIAN_POINT('',(60.4472227935463,-24.9,-4.8));
#8520=CARTESIAN_POINT('',(60.4472227935463,-24.9,27.2));
#8521=CARTESIAN_POINT('',(60.5465283407001,-24.9882352941177,-4.8));
#8522=CARTESIAN_POINT('Origin',(60.4472227935463,-25.,-4.8));
#8523=CARTESIAN_POINT('',(60.5465283407001,-24.9882352941177,27.2));
#8524=CARTESIAN_POINT('Origin',(67.2,-24.2000000000001,27.2));
#8525=CARTESIAN_POINT('',(67.2,-30.9,27.2));
#8526=CARTESIAN_POINT('Origin',(67.2,-24.2000000000001,27.2));
#8527=CARTESIAN_POINT('',(67.2,-30.9,-4.8));
#8528=CARTESIAN_POINT('Origin',(67.2,-24.2000000000001,-4.8));
#8529=CARTESIAN_POINT('',(67.2,-30.9,1.2));
#8530=CARTESIAN_POINT('Origin',(67.2,-24.2000000000001,-4.8));
#8531=CARTESIAN_POINT('',(62.1354170951598,-24.8,-4.8));
#8532=CARTESIAN_POINT('',(67.2,-29.3,-4.8));
#8533=CARTESIAN_POINT('Origin',(67.2,-24.2000000000001,-4.8));
#8534=CARTESIAN_POINT('',(62.1354170951598,-24.8,-4.8));
#8535=CARTESIAN_POINT('',(67.2,-29.3,1.2));
#8536=CARTESIAN_POINT('Origin',(60.4472227935463,-25.,-4.8));
#8537=CARTESIAN_POINT('',(60.5602144305605,-23.3037591886867,-4.8));
#8538=CARTESIAN_POINT('Origin',(60.4472227935463,-25.,-4.8));
#8539=CARTESIAN_POINT('',(60.5602144305605,-23.3037591886867,-4.8));
#8540=CARTESIAN_POINT('Origin',(67.2,-24.2000000000001,-4.8));
#8541=CARTESIAN_POINT('',(60.5607229309209,-23.3,-4.8));
#8542=CARTESIAN_POINT('Origin',(67.2,-24.2000000000001,-4.8));
#8543=CARTESIAN_POINT('',(60.5607229309209,-23.3,-4.8));
#8544=CARTESIAN_POINT('Origin',(67.2,-24.2000000000001,27.2));
#8545=CARTESIAN_POINT('',(60.5602144305605,-23.3037591886867,27.2));
#8546=CARTESIAN_POINT('',(60.5607229309209,-23.3,27.2));
#8547=CARTESIAN_POINT('Origin',(67.2,-24.2000000000001,27.2));
#8548=CARTESIAN_POINT('',(60.5602144305605,-23.3037591886867,27.2));
#8549=CARTESIAN_POINT('',(60.5607229309209,-23.3,27.2));
#8550=CARTESIAN_POINT('Origin',(60.4472227935463,-25.,27.2));
#8551=CARTESIAN_POINT('',(62.1354170951598,-24.8,27.2));
#8552=CARTESIAN_POINT('Origin',(60.4472227935463,-25.,27.2));
#8553=CARTESIAN_POINT('',(62.1354170951598,-24.8,27.2));
#8554=CARTESIAN_POINT('Origin',(67.2,-24.2000000000001,27.2));
#8555=CARTESIAN_POINT('',(67.2,-29.3,27.2));
#8556=CARTESIAN_POINT('Origin',(67.2,-24.2000000000001,27.2));
#8557=CARTESIAN_POINT('',(67.2,-29.3,21.2));
#8558=CARTESIAN_POINT('Origin',(18.575,18.3423842755283,27.2));
#8559=CARTESIAN_POINT('',(48.15,-23.3,27.2));
#8560=CARTESIAN_POINT('',(48.15,-23.3,27.2));
#8561=CARTESIAN_POINT('',(43.85,-19.,27.2));
#8562=CARTESIAN_POINT('Origin',(48.15,-19.,27.2));
#8563=CARTESIAN_POINT('',(43.85,-16.95,27.2));
#8564=CARTESIAN_POINT('',(43.85,-16.95,27.2));
#8565=CARTESIAN_POINT('',(42.15,-15.25,27.2));
#8566=CARTESIAN_POINT('Origin',(42.15,-16.95,27.2));
#8567=CARTESIAN_POINT('',(3.00000000000001,-15.25,27.2));
#8568=CARTESIAN_POINT('',(3.00000000000001,-15.25,27.2));
#8569=CARTESIAN_POINT('',(1.30000000000001,-16.95,27.2));
#8570=CARTESIAN_POINT('Origin',(3.00000000000001,-16.95,27.2));
#8571=CARTESIAN_POINT('',(1.30000000000002,-34.9500000000004,27.2));
#8572=CARTESIAN_POINT('',(1.30000000000001,-34.9500000000004,27.2));
#8573=CARTESIAN_POINT('',(-2.99999999999943,-39.2500000000004,27.2));
#8574=CARTESIAN_POINT('Origin',(-2.99999999999998,-34.9500000000004,27.2));
#8575=CARTESIAN_POINT('',(-20.967060080966,-39.2500000000027,27.2));
#8576=CARTESIAN_POINT('',(-20.967060080966,-39.2500000000027,27.2));
#8577=CARTESIAN_POINT('',(-21.4640919789946,-39.3242819148656,27.2));
#8578=CARTESIAN_POINT('Origin',(-20.9670600809658,-40.9500000000027,27.2));
#8579=CARTESIAN_POINT('',(-38.6460769850607,-44.5773418995843,27.2));
#8580=CARTESIAN_POINT('',(-38.6460769850607,-44.5773418995843,27.2));
#8581=CARTESIAN_POINT('',(-44.01538576601,-41.7224297792508,27.2));
#8582=CARTESIAN_POINT('Origin',(-39.9032753153688,-40.4652314489434,27.2));
#8583=CARTESIAN_POINT('',(-52.1621104506412,-15.0756940124493,27.2));
#8584=CARTESIAN_POINT('',(-52.1621104506412,-15.0756940124493,27.2));
#8585=CARTESIAN_POINT('',(-52.35,-13.8184956821418,27.2));
#8586=CARTESIAN_POINT('Origin',(-48.05,-13.8184956821418,27.2));
#8587=CARTESIAN_POINT('',(-52.35,14.2010133325982,27.2));
#8588=CARTESIAN_POINT('',(-52.35,14.2010133325982,27.2));
#8589=CARTESIAN_POINT('',(-48.2768542494924,18.4950251105848,27.2));
#8590=CARTESIAN_POINT('Origin',(-48.05,14.2010133325982,27.2));
#8591=CARTESIAN_POINT('',(-48.2768542494924,20.0966504609743,27.2));
#8592=CARTESIAN_POINT('',(-48.2768542494924,25.1510133325982,27.2));
#8593=CARTESIAN_POINT('',(-53.95,14.2010133325982,27.2));
#8594=CARTESIAN_POINT('Origin',(-48.05,14.2010133325982,27.2));
#8595=CARTESIAN_POINT('',(-53.95,-13.8184956821418,27.2));
#8596=CARTESIAN_POINT('',(-53.95,14.2010133325982,27.2));
#8597=CARTESIAN_POINT('',(-53.6921980601821,-15.5434887400056,27.2));
#8598=CARTESIAN_POINT('Origin',(-48.05,-13.8184956821418,27.2));
#8599=CARTESIAN_POINT('',(-45.5454733755508,-42.1902245068071,27.2));
#8600=CARTESIAN_POINT('',(-53.6921980601821,-15.5434887400056,27.2));
#8601=CARTESIAN_POINT('',(-38.1782822575042,-46.1074295091251,27.2));
#8602=CARTESIAN_POINT('Origin',(-39.9032753153688,-40.4652314489434,27.2));
#8603=CARTESIAN_POINT('',(-20.9962972514381,-40.8543695244064,27.2));
#8604=CARTESIAN_POINT('',(-38.1782822575042,-46.1074295091251,27.2));
#8605=CARTESIAN_POINT('',(-20.9670600809658,-40.8500000000027,27.2));
#8606=CARTESIAN_POINT('Origin',(-20.9670600809658,-40.9500000000027,27.2));
#8607=CARTESIAN_POINT('',(-2.99999999999922,-40.8500000000004,27.2));
#8608=CARTESIAN_POINT('',(-20.9670600809658,-40.8500000000027,27.2));
#8609=CARTESIAN_POINT('',(2.90000000000001,-34.9500000000004,27.2));
#8610=CARTESIAN_POINT('Origin',(-2.99999999999998,-34.9500000000004,27.2));
#8611=CARTESIAN_POINT('',(2.90000000000001,-16.95,27.2));
#8612=CARTESIAN_POINT('',(2.90000000000001,-34.9500000000004,27.2));
#8613=CARTESIAN_POINT('',(3.00000000000001,-16.85,27.2));
#8614=CARTESIAN_POINT('Origin',(3.00000000000001,-16.95,27.2));
#8615=CARTESIAN_POINT('',(42.15,-16.85,27.2));
#8616=CARTESIAN_POINT('',(3.00000000000001,-16.85,27.2));
#8617=CARTESIAN_POINT('',(42.25,-16.95,27.2));
#8618=CARTESIAN_POINT('Origin',(42.15,-16.95,27.2));
#8619=CARTESIAN_POINT('',(42.25,-19.,27.2));
#8620=CARTESIAN_POINT('',(42.25,-16.95,27.2));
#8621=CARTESIAN_POINT('',(48.15,-24.9,27.2));
#8622=CARTESIAN_POINT('Origin',(48.15,-19.,27.2));
#8623=CARTESIAN_POINT('',(48.15,-24.9,27.2));
#8624=CARTESIAN_POINT('',(85.2000000000001,-30.9,27.2));
#8625=CARTESIAN_POINT('',(67.2,-30.9,27.2));
#8626=CARTESIAN_POINT('',(91.1000000000001,-25.,27.2));
#8627=CARTESIAN_POINT('Origin',(85.2000000000001,-25.,27.2));
#8628=CARTESIAN_POINT('',(91.1000000000001,50.15,27.2));
#8629=CARTESIAN_POINT('',(91.1000000000001,-25.,27.2));
#8630=CARTESIAN_POINT('',(85.2000000000001,56.05,27.2));
#8631=CARTESIAN_POINT('Origin',(85.2000000000001,50.15,27.2));
#8632=CARTESIAN_POINT('',(72.1499999999999,56.05,27.2));
#8633=CARTESIAN_POINT('',(85.2000000000001,56.05,27.2));
#8634=CARTESIAN_POINT('',(72.05,56.15,27.2));
#8635=CARTESIAN_POINT('Origin',(72.1499999999999,56.15,27.2));
#8636=CARTESIAN_POINT('',(66.1499999999999,62.05,27.2));
#8637=CARTESIAN_POINT('Origin',(66.1499999999999,56.15,27.2));
#8638=CARTESIAN_POINT('',(53.1,62.05,27.2));
#8639=CARTESIAN_POINT('',(66.1499999999999,62.05,27.2));
#8640=CARTESIAN_POINT('',(53.,62.15,27.2));
#8641=CARTESIAN_POINT('Origin',(53.1,62.15,27.2));
#8642=CARTESIAN_POINT('',(53.,69.15,27.2));
#8643=CARTESIAN_POINT('',(53.,62.15,27.2));
#8644=CARTESIAN_POINT('',(47.1,75.0500000000001,27.2));
#8645=CARTESIAN_POINT('Origin',(47.1,69.15,27.2));
#8646=CARTESIAN_POINT('',(34.05,75.05,27.2));
#8647=CARTESIAN_POINT('',(47.1,75.0500000000001,27.2));
#8648=CARTESIAN_POINT('',(33.95,75.15,27.2));
#8649=CARTESIAN_POINT('Origin',(34.05,75.15,27.2));
#8650=CARTESIAN_POINT('',(33.95,77.15,27.2));
#8651=CARTESIAN_POINT('',(33.95,75.15,27.2));
#8652=CARTESIAN_POINT('',(28.05,83.05,27.2));
#8653=CARTESIAN_POINT('Origin',(28.05,77.15,27.2));
#8654=CARTESIAN_POINT('',(10.05,83.05,27.2));
#8655=CARTESIAN_POINT('',(28.05,83.05,27.2));
#8656=CARTESIAN_POINT('',(4.14999999999999,77.15,27.2));
#8657=CARTESIAN_POINT('Origin',(10.05,77.15,27.2));
#8658=CARTESIAN_POINT('',(4.14999999999999,72.15,27.2));
#8659=CARTESIAN_POINT('',(4.14999999999999,77.15,27.2));
#8660=CARTESIAN_POINT('',(4.04999999999999,72.05,27.2));
#8661=CARTESIAN_POINT('Origin',(4.05,72.15,27.2));
#8662=CARTESIAN_POINT('',(-9.3431457505076,72.05,27.2));
#8663=CARTESIAN_POINT('',(4.05,72.05,27.2));
#8664=CARTESIAN_POINT('',(-14.9057190958418,68.1166666666667,27.2));
#8665=CARTESIAN_POINT('Origin',(-9.34314575050761,66.15,27.2));
#8666=CARTESIAN_POINT('',(-15.,68.05,27.2));
#8667=CARTESIAN_POINT('Origin',(-15.,68.15,27.2));
#8668=CARTESIAN_POINT('',(-28.05,68.05,27.2));
#8669=CARTESIAN_POINT('',(-15.,68.05,27.2));
#8670=CARTESIAN_POINT('',(-33.95,62.15,27.2));
#8671=CARTESIAN_POINT('Origin',(-28.05,62.15,27.2));
#8672=CARTESIAN_POINT('',(-33.95,47.7578675820906,27.2));
#8673=CARTESIAN_POINT('',(-33.95,62.15,27.2));
#8674=CARTESIAN_POINT('',(-32.35,47.7578675820906,27.2));
#8675=CARTESIAN_POINT('',(-36.4675,47.7578675820906,27.2));
#8676=CARTESIAN_POINT('',(-32.35,62.15,27.2));
#8677=CARTESIAN_POINT('',(-32.35,62.15,27.2));
#8678=CARTESIAN_POINT('',(-28.05,66.45,27.2));
#8679=CARTESIAN_POINT('Origin',(-28.05,62.15,27.2));
#8680=CARTESIAN_POINT('',(-15.,66.45,27.2));
#8681=CARTESIAN_POINT('',(-15.,66.45,27.2));
#8682=CARTESIAN_POINT('',(-13.3972246293105,67.5833333333333,27.2));
#8683=CARTESIAN_POINT('Origin',(-15.,68.15,27.2));
#8684=CARTESIAN_POINT('',(-9.3431457505076,70.45,27.2));
#8685=CARTESIAN_POINT('Origin',(-9.34314575050761,66.15,27.2));
#8686=CARTESIAN_POINT('',(4.04999999999999,70.45,27.2));
#8687=CARTESIAN_POINT('',(4.05,70.45,27.2));
#8688=CARTESIAN_POINT('',(5.74999999999999,72.15,27.2));
#8689=CARTESIAN_POINT('Origin',(4.05,72.15,27.2));
#8690=CARTESIAN_POINT('',(5.75,77.15,27.2));
#8691=CARTESIAN_POINT('',(5.75,77.15,27.2));
#8692=CARTESIAN_POINT('',(10.05,81.45,27.2));
#8693=CARTESIAN_POINT('Origin',(10.05,77.15,27.2));
#8694=CARTESIAN_POINT('',(28.05,81.45,27.2));
#8695=CARTESIAN_POINT('',(28.05,81.45,27.2));
#8696=CARTESIAN_POINT('',(32.35,77.15,27.2));
#8697=CARTESIAN_POINT('Origin',(28.05,77.15,27.2));
#8698=CARTESIAN_POINT('',(32.35,75.15,27.2));
#8699=CARTESIAN_POINT('',(32.35,75.15,27.2));
#8700=CARTESIAN_POINT('',(34.05,73.45,27.2));
#8701=CARTESIAN_POINT('Origin',(34.05,75.15,27.2));
#8702=CARTESIAN_POINT('',(47.1,73.4500000000001,27.2));
#8703=CARTESIAN_POINT('',(47.1,73.45,27.2));
#8704=CARTESIAN_POINT('',(51.4,69.15,27.2));
#8705=CARTESIAN_POINT('Origin',(47.1,69.15,27.2));
#8706=CARTESIAN_POINT('',(51.4,62.15,27.2));
#8707=CARTESIAN_POINT('',(51.4,62.15,27.2));
#8708=CARTESIAN_POINT('',(53.1,60.45,27.2));
#8709=CARTESIAN_POINT('Origin',(53.1,62.15,27.2));
#8710=CARTESIAN_POINT('',(66.1499999999999,60.45,27.2));
#8711=CARTESIAN_POINT('',(66.1499999999999,60.45,27.2));
#8712=CARTESIAN_POINT('',(70.4499999999999,56.15,27.2));
#8713=CARTESIAN_POINT('Origin',(66.1499999999999,56.15,27.2));
#8714=CARTESIAN_POINT('',(72.1499999999999,54.45,27.2));
#8715=CARTESIAN_POINT('Origin',(72.1499999999999,56.15,27.2));
#8716=CARTESIAN_POINT('',(85.2000000000001,54.45,27.2));
#8717=CARTESIAN_POINT('',(85.2000000000001,54.45,27.2));
#8718=CARTESIAN_POINT('',(89.5000000000001,50.15,27.2));
#8719=CARTESIAN_POINT('Origin',(85.2000000000001,50.15,27.2));
#8720=CARTESIAN_POINT('',(89.5000000000001,41.3926406871193,27.2));
#8721=CARTESIAN_POINT('',(89.5000000000001,-25.,27.2));
#8722=CARTESIAN_POINT('',(88.6213203435597,39.2713203435597,27.2));
#8723=CARTESIAN_POINT('Origin',(86.5000000000001,41.3926406871193,27.2));
#8724=CARTESIAN_POINT('',(88.3786796564404,39.0286796564404,27.2));
#8725=CARTESIAN_POINT('',(65.8168460688822,16.4668460688821,27.2));
#8726=CARTESIAN_POINT('',(87.5000000000001,36.9073593128807,27.2));
#8727=CARTESIAN_POINT('Origin',(90.5000000000001,36.9073593128807,27.2));
#8728=CARTESIAN_POINT('',(87.5000000000001,-11.7573593128808,27.2));
#8729=CARTESIAN_POINT('',(87.5000000000001,40.15,27.2));
#8730=CARTESIAN_POINT('',(88.3786796564405,-13.8786796564404,27.2));
#8731=CARTESIAN_POINT('Origin',(90.5000000000001,-11.7573593128807,27.2000000000001));
#8732=CARTESIAN_POINT('',(88.6213203435597,-14.1213203435597,27.2));
#8733=CARTESIAN_POINT('',(62.933153931118,11.5668460688821,27.2));
#8734=CARTESIAN_POINT('',(89.5000000000001,-16.2426406871193,27.2));
#8735=CARTESIAN_POINT('Origin',(86.5000000000001,-16.2426406871193,27.2000000000001));
#8736=CARTESIAN_POINT('',(89.5000000000001,-25.,27.2));
#8737=CARTESIAN_POINT('',(89.5000000000001,-25.,27.2));
#8738=CARTESIAN_POINT('',(85.2000000000001,-29.3,27.2));
#8739=CARTESIAN_POINT('Origin',(85.2000000000001,-25.,27.2));
#8740=CARTESIAN_POINT('',(67.2,-29.3,27.2));
#8741=CARTESIAN_POINT('Origin',(48.15,-23.3,21.2));
#8742=CARTESIAN_POINT('',(48.15,-23.3,21.2));
#8743=CARTESIAN_POINT('Origin',(-48.2768542494924,25.1510133325982,24.2));
#8744=CARTESIAN_POINT('',(-48.05,18.5010133325982,27.1914105618399));
#8745=CARTESIAN_POINT('',(-45.4484271247462,18.5010133325982,25.2));
#8746=CARTESIAN_POINT('Origin',(-48.2768542494924,18.5010133325983,24.2));
#8747=CARTESIAN_POINT('',(-45.4484271247462,20.1010133325982,25.2));
#8748=CARTESIAN_POINT('',(-45.4484271247462,25.1510133325982,25.2));
#8749=CARTESIAN_POINT('',(-48.05,20.1010133325982,27.1914105618399));
#8750=CARTESIAN_POINT('Origin',(-48.2768542494924,20.1010133325982,24.2));
#8751=CARTESIAN_POINT('Ctrl Pts',(-48.05,20.1010133325982,27.1914105618399));
#8752=CARTESIAN_POINT('Ctrl Pts',(-48.1262032844978,20.1010133325982,27.1971894539566));
#8753=CARTESIAN_POINT('Ctrl Pts',(-48.2019726471507,20.0995317797072,27.2));
#8754=CARTESIAN_POINT('Ctrl Pts',(-48.2768542494924,20.0966504609743,27.2));
#8755=CARTESIAN_POINT('Ctrl Pts',(-48.2768542494924,18.4950251105848,27.2));
#8756=CARTESIAN_POINT('Ctrl Pts',(-48.2018703545156,18.4989865378231,27.2));
#8757=CARTESIAN_POINT('Ctrl Pts',(-48.1261035483665,18.5010133325982,27.1971818904461));
#8758=CARTESIAN_POINT('Ctrl Pts',(-48.05,18.5010133325982,27.1914105618399));
#8759=CARTESIAN_POINT('Origin',(-48.05,14.2010133325982,1.2));
#8760=CARTESIAN_POINT('',(-48.05,20.1010133325982,-4.79141056183989));
#8761=CARTESIAN_POINT('',(-48.05,20.1010133325982,1.2));
#8762=CARTESIAN_POINT('',(-48.2768542494924,20.0966504609743,-4.8));
#8763=CARTESIAN_POINT('Ctrl Pts',(-48.2768542494924,20.0966504609743,-4.8));
#8764=CARTESIAN_POINT('Ctrl Pts',(-48.2019726471507,20.0995317797072,-4.8));
#8765=CARTESIAN_POINT('Ctrl Pts',(-48.1262032844978,20.1010133325982,-4.79718945395658));
#8766=CARTESIAN_POINT('Ctrl Pts',(-48.05,20.1010133325982,-4.79141056183989));
#8767=CARTESIAN_POINT('',(-53.95,14.2010133325982,-4.8));
#8768=CARTESIAN_POINT('Origin',(-48.05,14.2010133325982,-4.8));
#8769=CARTESIAN_POINT('',(-53.95,14.2010133325982,1.2));
#8770=CARTESIAN_POINT('Origin',(-48.05,20.1010133325982,1.2));
#8771=CARTESIAN_POINT('',(-42.62,20.1010133325982,23.2));
#8772=CARTESIAN_POINT('Origin',(-42.62,20.1010133325982,26.2));
#8773=CARTESIAN_POINT('',(-34.05,20.1010133325982,23.2));
#8774=CARTESIAN_POINT('',(-43.5175,20.1010133325982,23.2));
#8775=CARTESIAN_POINT('',(-34.05,20.1010133325982,-0.800000000000001));
#8776=CARTESIAN_POINT('',(-34.05,20.1010133325982,1.2));
#8777=CARTESIAN_POINT('',(-42.62,20.1010133325982,-0.800000000000001));
#8778=CARTESIAN_POINT('',(-43.5175,20.1010133325982,-0.800000000000001));
#8779=CARTESIAN_POINT('',(-45.4484271247462,20.1010133325982,-2.8));
#8780=CARTESIAN_POINT('Origin',(-42.62,20.1010133325982,-3.8));
#8781=CARTESIAN_POINT('Origin',(-48.2768542494924,20.1010133325982,-1.8));
#8782=CARTESIAN_POINT('Origin',(-36.4675,47.7578675820906,24.2));
#8783=CARTESIAN_POINT('',(-33.95,44.9294404573444,25.2));
#8784=CARTESIAN_POINT('Origin',(-33.95,47.7578675820906,24.2));
#8785=CARTESIAN_POINT('',(-32.35,44.9294404573444,25.2));
#8786=CARTESIAN_POINT('',(-36.4675,44.9294404573444,25.2));
#8787=CARTESIAN_POINT('Origin',(-32.35,47.7578675820906,24.2));
#8788=CARTESIAN_POINT('Origin',(-36.4675,42.1010133325982,26.2));
#8789=CARTESIAN_POINT('',(-33.95,42.1010133325982,23.2));
#8790=CARTESIAN_POINT('Origin',(-33.95,42.1010133325982,26.2));
#8791=CARTESIAN_POINT('',(-32.35,42.1010133325982,23.2));
#8792=CARTESIAN_POINT('',(-36.4675,42.1010133325982,23.2));
#8793=CARTESIAN_POINT('Origin',(-32.35,42.1010133325982,26.2));
#8794=CARTESIAN_POINT('Origin',(-33.95,20.2010133325982,1.2));
#8795=CARTESIAN_POINT('',(-33.95,62.15,-4.8));
#8796=CARTESIAN_POINT('',(-33.95,62.15,1.2));
#8797=CARTESIAN_POINT('',(-33.95,47.7578675820906,-4.8));
#8798=CARTESIAN_POINT('',(-33.95,62.15,-4.8));
#8799=CARTESIAN_POINT('',(-33.95,44.9294404573444,-2.8));
#8800=CARTESIAN_POINT('Origin',(-33.95,47.7578675820906,-1.8));
#8801=CARTESIAN_POINT('',(-33.95,42.1010133325982,-0.800000000000001));
#8802=CARTESIAN_POINT('Origin',(-33.95,42.1010133325982,-3.8));
#8803=CARTESIAN_POINT('',(-33.95,20.2010133325982,-0.800000000000001));
#8804=CARTESIAN_POINT('',(-33.95,26.0010133325982,-0.800000000000001));
#8805=CARTESIAN_POINT('',(-33.95,20.2010133325982,23.2));
#8806=CARTESIAN_POINT('',(-33.95,20.2010133325982,1.2));
#8807=CARTESIAN_POINT('',(-33.95,26.0010133325982,23.2));
#8808=CARTESIAN_POINT('Origin',(-35.6675,47.7578675820906,-1.8));
#8809=CARTESIAN_POINT('',(-32.35,47.7578675820906,-4.8));
#8810=CARTESIAN_POINT('',(-32.35,44.9294404573444,-2.8));
#8811=CARTESIAN_POINT('Origin',(-32.35,47.7578675820906,-1.8));
#8812=CARTESIAN_POINT('',(-35.6675,44.9294404573444,-2.8));
#8813=CARTESIAN_POINT('',(-35.6675,47.7578675820906,-4.8));
#8814=CARTESIAN_POINT('Origin',(-35.6675,42.1010133325982,-3.8));
#8815=CARTESIAN_POINT('',(-32.35,42.1010133325982,-0.800000000000001));
#8816=CARTESIAN_POINT('Origin',(-32.35,42.1010133325982,-3.8));
#8817=CARTESIAN_POINT('',(-35.6675,42.1010133325982,-0.800000000000001));
#8818=CARTESIAN_POINT('Origin',(-48.2768542494924,25.9510133325982,-1.8));
#8819=CARTESIAN_POINT('',(-45.4484271247462,18.5010133325982,-2.8));
#8820=CARTESIAN_POINT('',(-45.4484271247462,25.9510133325982,-2.8));
#8821=CARTESIAN_POINT('',(-48.05,18.5010133325982,-4.79141056183989));
#8822=CARTESIAN_POINT('Origin',(-48.2768542494924,18.5010133325983,-1.8));
#8823=CARTESIAN_POINT('',(-48.2768542494924,18.4950251105848,-4.8));
#8824=CARTESIAN_POINT('Ctrl Pts',(-48.05,18.5010133325982,-4.79141056183989));
#8825=CARTESIAN_POINT('Ctrl Pts',(-48.126103547942,18.5010133325982,-4.79718189041388));
#8826=CARTESIAN_POINT('Ctrl Pts',(-48.2018703539641,18.4989865378522,-4.8));
#8827=CARTESIAN_POINT('Ctrl Pts',(-48.2768542494924,18.4950251105847,-4.8));
#8828=CARTESIAN_POINT('',(-48.2768542494924,25.9510133325982,-4.8));
#8829=CARTESIAN_POINT('Origin',(18.575,18.3423842755283,-4.8));
#8830=CARTESIAN_POINT('',(85.2000000000001,-29.3,-4.8));
#8831=CARTESIAN_POINT('',(67.2,-29.3,-4.8));
#8832=CARTESIAN_POINT('',(89.5000000000001,-25.,-4.8));
#8833=CARTESIAN_POINT('Origin',(85.2000000000001,-25.,-4.8));
#8834=CARTESIAN_POINT('',(89.5000000000001,-18.2426406871193,-4.8));
#8835=CARTESIAN_POINT('',(89.5000000000001,-25.,-4.8));
#8836=CARTESIAN_POINT('',(88.6213203435597,-16.1213203435597,-4.8));
#8837=CARTESIAN_POINT('Origin',(86.5000000000001,-18.2426406871193,-4.8));
#8838=CARTESIAN_POINT('',(88.3786796564405,-15.8786796564404,-4.8));
#8839=CARTESIAN_POINT('',(62.433153931118,10.0668460688821,-4.8));
#8840=CARTESIAN_POINT('',(87.5000000000001,-13.7573593128807,-4.8));
#8841=CARTESIAN_POINT('Origin',(90.5000000000001,-13.7573593128807,-4.8));
#8842=CARTESIAN_POINT('',(87.5000000000001,38.9073593128807,-4.8));
#8843=CARTESIAN_POINT('',(87.5000000000001,42.15,-4.8));
#8844=CARTESIAN_POINT('',(88.3786796564404,41.0286796564404,-4.8));
#8845=CARTESIAN_POINT('Origin',(90.5000000000001,38.9073593128807,-4.8));
#8846=CARTESIAN_POINT('',(88.6213203435597,41.2713203435597,-4.8));
#8847=CARTESIAN_POINT('',(65.3168460688822,17.9668460688821,-4.8));
#8848=CARTESIAN_POINT('',(89.5000000000001,43.3926406871193,-4.8));
#8849=CARTESIAN_POINT('Origin',(86.5000000000001,43.3926406871193,-4.8));
#8850=CARTESIAN_POINT('',(89.5000000000001,50.15,-4.8));
#8851=CARTESIAN_POINT('',(89.5000000000001,-25.,-4.8));
#8852=CARTESIAN_POINT('',(85.2000000000001,54.45,-4.8));
#8853=CARTESIAN_POINT('Origin',(85.2000000000001,50.15,-4.8));
#8854=CARTESIAN_POINT('',(72.1499999999999,54.45,-4.8));
#8855=CARTESIAN_POINT('',(85.2000000000001,54.45,-4.8));
#8856=CARTESIAN_POINT('',(70.4499999999999,56.15,-4.8));
#8857=CARTESIAN_POINT('Origin',(72.1499999999999,56.15,-4.8));
#8858=CARTESIAN_POINT('',(66.1499999999999,60.45,-4.8));
#8859=CARTESIAN_POINT('Origin',(66.1499999999999,56.15,-4.8));
#8860=CARTESIAN_POINT('',(53.1,60.45,-4.8));
#8861=CARTESIAN_POINT('',(66.1499999999999,60.45,-4.8));
#8862=CARTESIAN_POINT('',(51.4,62.15,-4.8));
#8863=CARTESIAN_POINT('Origin',(53.1,62.15,-4.8));
#8864=CARTESIAN_POINT('',(51.4,69.15,-4.8));
#8865=CARTESIAN_POINT('',(51.4,62.15,-4.8));
#8866=CARTESIAN_POINT('',(47.1,73.4500000000001,-4.8));
#8867=CARTESIAN_POINT('Origin',(47.1,69.15,-4.8));
#8868=CARTESIAN_POINT('',(34.05,73.45,-4.8));
#8869=CARTESIAN_POINT('',(47.1,73.45,-4.8));
#8870=CARTESIAN_POINT('',(32.35,75.15,-4.8));
#8871=CARTESIAN_POINT('Origin',(34.05,75.15,-4.8));
#8872=CARTESIAN_POINT('',(32.35,77.15,-4.8));
#8873=CARTESIAN_POINT('',(32.35,75.15,-4.8));
#8874=CARTESIAN_POINT('',(28.05,81.45,-4.8));
#8875=CARTESIAN_POINT('Origin',(28.05,77.15,-4.8));
#8876=CARTESIAN_POINT('',(10.05,81.45,-4.8));
#8877=CARTESIAN_POINT('',(28.05,81.45,-4.8));
#8878=CARTESIAN_POINT('',(5.75,77.15,-4.8));
#8879=CARTESIAN_POINT('Origin',(10.05,77.15,-4.8));
#8880=CARTESIAN_POINT('',(5.74999999999999,72.15,-4.8));
#8881=CARTESIAN_POINT('',(5.75,77.15,-4.8));
#8882=CARTESIAN_POINT('',(4.04999999999999,70.45,-4.8));
#8883=CARTESIAN_POINT('Origin',(4.05,72.15,-4.8));
#8884=CARTESIAN_POINT('',(-9.3431457505076,70.45,-4.8));
#8885=CARTESIAN_POINT('',(4.05,70.45,-4.8));
#8886=CARTESIAN_POINT('',(-13.3972246293105,67.5833333333333,-4.8));
#8887=CARTESIAN_POINT('Origin',(-9.34314575050761,66.15,-4.8));
#8888=CARTESIAN_POINT('',(-15.,66.45,-4.8));
#8889=CARTESIAN_POINT('Origin',(-15.,68.15,-4.8));
#8890=CARTESIAN_POINT('',(-28.05,66.45,-4.8));
#8891=CARTESIAN_POINT('',(-15.,66.45,-4.8));
#8892=CARTESIAN_POINT('',(-32.35,62.15,-4.8));
#8893=CARTESIAN_POINT('Origin',(-28.05,62.15,-4.8));
#8894=CARTESIAN_POINT('',(-32.35,62.15,-4.8));
#8895=CARTESIAN_POINT('',(-28.05,68.05,-4.8));
#8896=CARTESIAN_POINT('Origin',(-28.05,62.15,-4.8));
#8897=CARTESIAN_POINT('',(-15.,68.05,-4.8));
#8898=CARTESIAN_POINT('',(-15.,68.05,-4.8));
#8899=CARTESIAN_POINT('',(-14.9057190958418,68.1166666666667,-4.8));
#8900=CARTESIAN_POINT('Origin',(-15.,68.15,-4.8));
#8901=CARTESIAN_POINT('',(-9.3431457505076,72.05,-4.8));
#8902=CARTESIAN_POINT('Origin',(-9.34314575050761,66.15,-4.8));
#8903=CARTESIAN_POINT('',(4.04999999999999,72.05,-4.8));
#8904=CARTESIAN_POINT('',(4.05,72.05,-4.8));
#8905=CARTESIAN_POINT('',(4.14999999999999,72.15,-4.8));
#8906=CARTESIAN_POINT('Origin',(4.05,72.15,-4.8));
#8907=CARTESIAN_POINT('',(4.14999999999999,77.15,-4.8));
#8908=CARTESIAN_POINT('',(4.14999999999999,77.15,-4.8));
#8909=CARTESIAN_POINT('',(10.05,83.05,-4.8));
#8910=CARTESIAN_POINT('Origin',(10.05,77.15,-4.8));
#8911=CARTESIAN_POINT('',(28.05,83.05,-4.8));
#8912=CARTESIAN_POINT('',(28.05,83.05,-4.8));
#8913=CARTESIAN_POINT('',(33.95,77.15,-4.8));
#8914=CARTESIAN_POINT('Origin',(28.05,77.15,-4.8));
#8915=CARTESIAN_POINT('',(33.95,75.15,-4.8));
#8916=CARTESIAN_POINT('',(33.95,75.15,-4.8));
#8917=CARTESIAN_POINT('',(34.05,75.05,-4.8));
#8918=CARTESIAN_POINT('Origin',(34.05,75.15,-4.8));
#8919=CARTESIAN_POINT('',(47.1,75.0500000000001,-4.8));
#8920=CARTESIAN_POINT('',(47.1,75.0500000000001,-4.8));
#8921=CARTESIAN_POINT('',(53.,69.15,-4.8));
#8922=CARTESIAN_POINT('Origin',(47.1,69.15,-4.8));
#8923=CARTESIAN_POINT('',(53.,62.15,-4.8));
#8924=CARTESIAN_POINT('',(53.,62.15,-4.8));
#8925=CARTESIAN_POINT('',(53.1,62.05,-4.8));
#8926=CARTESIAN_POINT('Origin',(53.1,62.15,-4.8));
#8927=CARTESIAN_POINT('',(66.1499999999999,62.05,-4.8));
#8928=CARTESIAN_POINT('',(66.1499999999999,62.05,-4.8));
#8929=CARTESIAN_POINT('',(72.05,56.15,-4.8));
#8930=CARTESIAN_POINT('Origin',(66.1499999999999,56.15,-4.8));
#8931=CARTESIAN_POINT('',(72.1499999999999,56.05,-4.8));
#8932=CARTESIAN_POINT('Origin',(72.1499999999999,56.15,-4.8));
#8933=CARTESIAN_POINT('',(85.2000000000001,56.05,-4.8));
#8934=CARTESIAN_POINT('',(85.2000000000001,56.05,-4.8));
#8935=CARTESIAN_POINT('',(91.1000000000001,50.15,-4.8));
#8936=CARTESIAN_POINT('Origin',(85.2000000000001,50.15,-4.8));
#8937=CARTESIAN_POINT('',(91.1000000000001,-25.,-4.8));
#8938=CARTESIAN_POINT('',(91.1000000000001,-25.,-4.8));
#8939=CARTESIAN_POINT('',(85.2000000000001,-30.9,-4.8));
#8940=CARTESIAN_POINT('Origin',(85.2000000000001,-25.,-4.8));
#8941=CARTESIAN_POINT('',(67.2,-30.9,-4.8));
#8942=CARTESIAN_POINT('',(48.15,-24.9,-4.8));
#8943=CARTESIAN_POINT('',(48.15,-24.9,-4.8));
#8944=CARTESIAN_POINT('',(42.25,-19.,-4.8));
#8945=CARTESIAN_POINT('Origin',(48.15,-19.,-4.8));
#8946=CARTESIAN_POINT('',(42.25,-16.95,-4.8));
#8947=CARTESIAN_POINT('',(42.25,-16.95,-4.8));
#8948=CARTESIAN_POINT('',(42.15,-16.85,-4.8));
#8949=CARTESIAN_POINT('Origin',(42.15,-16.95,-4.8));
#8950=CARTESIAN_POINT('',(3.00000000000001,-16.85,-4.8));
#8951=CARTESIAN_POINT('',(3.00000000000001,-16.85,-4.8));
#8952=CARTESIAN_POINT('',(2.90000000000001,-16.95,-4.8));
#8953=CARTESIAN_POINT('Origin',(3.00000000000001,-16.95,-4.8));
#8954=CARTESIAN_POINT('',(2.90000000000001,-34.9500000000004,-4.8));
#8955=CARTESIAN_POINT('',(2.90000000000001,-34.9500000000004,-4.8));
#8956=CARTESIAN_POINT('',(-2.99999999999922,-40.8500000000004,-4.8));
#8957=CARTESIAN_POINT('Origin',(-2.99999999999998,-34.9500000000004,-4.8));
#8958=CARTESIAN_POINT('',(-20.9670600809658,-40.8500000000027,-4.8));
#8959=CARTESIAN_POINT('',(-20.9670600809658,-40.8500000000027,-4.8));
#8960=CARTESIAN_POINT('',(-20.9962972514381,-40.8543695244064,-4.8));
#8961=CARTESIAN_POINT('Origin',(-20.9670600809658,-40.9500000000027,-4.8));
#8962=CARTESIAN_POINT('',(-38.1782822575042,-46.1074295091251,-4.8));
#8963=CARTESIAN_POINT('',(-38.1782822575042,-46.1074295091251,-4.8));
#8964=CARTESIAN_POINT('',(-45.5454733755508,-42.1902245068071,-4.8));
#8965=CARTESIAN_POINT('Origin',(-39.9032753153688,-40.4652314489434,-4.8));
#8966=CARTESIAN_POINT('',(-53.6921980601821,-15.5434887400056,-4.8));
#8967=CARTESIAN_POINT('',(-53.6921980601821,-15.5434887400056,-4.8));
#8968=CARTESIAN_POINT('',(-53.95,-13.8184956821418,-4.8));
#8969=CARTESIAN_POINT('Origin',(-48.05,-13.8184956821418,-4.8));
#8970=CARTESIAN_POINT('',(-53.95,14.2010133325982,-4.8));
#8971=CARTESIAN_POINT('',(-52.35,14.2010133325982,-4.8));
#8972=CARTESIAN_POINT('Origin',(-48.05,14.2010133325982,-4.8));
#8973=CARTESIAN_POINT('',(-52.35,-13.8184956821418,-4.8));
#8974=CARTESIAN_POINT('',(-52.35,14.2010133325982,-4.8));
#8975=CARTESIAN_POINT('',(-52.1621104506412,-15.0756940124493,-4.8));
#8976=CARTESIAN_POINT('Origin',(-48.05,-13.8184956821418,-4.8));
#8977=CARTESIAN_POINT('',(-44.01538576601,-41.7224297792508,-4.8));
#8978=CARTESIAN_POINT('',(-52.1621104506412,-15.0756940124493,-4.8));
#8979=CARTESIAN_POINT('',(-38.6460769850607,-44.5773418995843,-4.8));
#8980=CARTESIAN_POINT('Origin',(-39.9032753153688,-40.4652314489434,-4.8));
#8981=CARTESIAN_POINT('',(-21.4640919789946,-39.3242819148656,-4.8));
#8982=CARTESIAN_POINT('',(-38.6460769850607,-44.5773418995843,-4.8));
#8983=CARTESIAN_POINT('',(-20.967060080966,-39.2500000000027,-4.8));
#8984=CARTESIAN_POINT('Origin',(-20.9670600809658,-40.9500000000027,-4.8));
#8985=CARTESIAN_POINT('',(-2.99999999999943,-39.2500000000004,-4.8));
#8986=CARTESIAN_POINT('',(-20.967060080966,-39.2500000000027,-4.8));
#8987=CARTESIAN_POINT('',(1.30000000000002,-34.9500000000004,-4.8));
#8988=CARTESIAN_POINT('Origin',(-2.99999999999998,-34.9500000000004,-4.8));
#8989=CARTESIAN_POINT('',(1.30000000000001,-16.95,-4.8));
#8990=CARTESIAN_POINT('',(1.30000000000001,-34.9500000000004,-4.8));
#8991=CARTESIAN_POINT('',(3.00000000000001,-15.25,-4.8));
#8992=CARTESIAN_POINT('Origin',(3.00000000000001,-16.95,-4.8));
#8993=CARTESIAN_POINT('',(42.15,-15.25,-4.8));
#8994=CARTESIAN_POINT('',(3.00000000000001,-15.25,-4.8));
#8995=CARTESIAN_POINT('',(43.85,-16.95,-4.8));
#8996=CARTESIAN_POINT('Origin',(42.15,-16.95,-4.8));
#8997=CARTESIAN_POINT('',(43.85,-19.,-4.8));
#8998=CARTESIAN_POINT('',(43.85,-16.95,-4.8));
#8999=CARTESIAN_POINT('',(48.15,-23.3,-4.8));
#9000=CARTESIAN_POINT('Origin',(48.15,-19.,-4.8));
#9001=CARTESIAN_POINT('',(48.15,-23.3,-4.8));
#9002=CARTESIAN_POINT('Origin',(-42.62,25.1510133325982,26.2));
#9003=CARTESIAN_POINT('',(-42.62,18.5010133325982,23.2));
#9004=CARTESIAN_POINT('Origin',(-42.62,18.5010133325982,26.2));
#9005=CARTESIAN_POINT('',(-42.62,25.1510133325982,23.2));
#9006=CARTESIAN_POINT('Origin',(-38.985,31.8010133325982,23.2));
#9007=CARTESIAN_POINT('',(-34.05,18.5010133325982,23.2));
#9008=CARTESIAN_POINT('',(-36.5175,18.5010133325982,23.2));
#9009=CARTESIAN_POINT('',(-32.35,20.2010133325982,23.2));
#9010=CARTESIAN_POINT('Origin',(-34.05,20.2010133325982,23.2));
#9011=CARTESIAN_POINT('',(-32.35,46.9755066662991,23.2));
#9012=CARTESIAN_POINT('Origin',(-34.05,20.2010133325982,23.2));
#9013=CARTESIAN_POINT('Origin',(-38.985,31.8010133325982,-0.800000000000001));
#9014=CARTESIAN_POINT('',(-32.35,20.2010133325982,-0.800000000000001));
#9015=CARTESIAN_POINT('',(-32.35,46.9755066662991,-0.800000000000001));
#9016=CARTESIAN_POINT('',(-34.05,18.5010133325982,-0.800000000000001));
#9017=CARTESIAN_POINT('Origin',(-34.05,20.2010133325982,-0.800000000000001));
#9018=CARTESIAN_POINT('',(-42.62,18.5010133325982,-0.800000000000001));
#9019=CARTESIAN_POINT('',(-36.5175,18.5010133325982,-0.800000000000001));
#9020=CARTESIAN_POINT('',(-42.62,25.9510133325982,-0.800000000000001));
#9021=CARTESIAN_POINT('Origin',(-34.05,20.2010133325982,-0.800000000000001));
#9022=CARTESIAN_POINT('Origin',(-42.62,25.9510133325982,-3.8));
#9023=CARTESIAN_POINT('Origin',(-42.62,18.5010133325982,-3.8));
#9024=CARTESIAN_POINT('Origin',(-32.35,62.15,21.2));
#9025=CARTESIAN_POINT('',(-32.35,20.2010133325982,21.2));
#9026=CARTESIAN_POINT('',(-32.35,62.15,21.2));
#9027=CARTESIAN_POINT('Origin',(-34.05,20.2010133325982,21.2));
#9028=CARTESIAN_POINT('',(-34.05,18.5010133325982,21.2));
#9029=CARTESIAN_POINT('Origin',(-34.05,18.5010133325982,1.2));
#9030=CARTESIAN_POINT('',(-34.05,18.5010133325982,1.2));
#9031=CARTESIAN_POINT('',(-48.05,18.5010133325982,1.2));
#9032=CARTESIAN_POINT('Origin',(-34.05,20.2010133325982,1.2));
#9033=CARTESIAN_POINT('',(-32.35,20.2010133325982,1.2));
#9034=CARTESIAN_POINT('Origin',(-32.35,62.15,1.2));
#9035=CARTESIAN_POINT('',(-32.35,62.15,1.2));
#9036=CARTESIAN_POINT('Origin',(90.5000000000001,-13.7573593128807,-3.8625));
#9037=CARTESIAN_POINT('',(88.3786796564405,-15.8786796564404,-3.42132034355963));
#9038=CARTESIAN_POINT('',(88.3786796564405,-15.8786796564404,-3.8625));
#9039=CARTESIAN_POINT('',(87.5000000000001,-13.7573593128807,-4.3));
#9040=CARTESIAN_POINT('Origin',(90.5000000000001,-13.7573593128807,-1.29999999999998));
#9041=CARTESIAN_POINT('',(87.5000000000001,-13.7573593128807,-3.8625));
#9042=CARTESIAN_POINT('Origin',(88.5000000000001,-2.21249999999999,-3.3));
#9043=CARTESIAN_POINT('',(88.6213203435597,-16.1213203435596,-3.17867965644035));
#9044=CARTESIAN_POINT('',(87.5000000000001,-15.,-4.3));
#9045=CARTESIAN_POINT('',(89.5000000000001,-18.2426406871193,-2.3));
#9046=CARTESIAN_POINT('Origin',(86.5000000000001,-18.2426406871193,-5.3));
#9047=CARTESIAN_POINT('',(89.5000000000001,43.3926406871193,-2.3));
#9048=CARTESIAN_POINT('',(89.5000000000001,-21.,-2.3));
#9049=CARTESIAN_POINT('',(88.6213203435597,41.2713203435597,-3.17867965644036));
#9050=CARTESIAN_POINT('Origin',(86.5000000000001,43.3926406871193,-5.30000000000002));
#9051=CARTESIAN_POINT('',(88.3786796564404,41.0286796564404,-3.42132034355965));
#9052=CARTESIAN_POINT('',(87.5000000000001,40.15,-4.3));
#9053=CARTESIAN_POINT('',(87.5000000000001,38.9073593128807,-4.3));
#9054=CARTESIAN_POINT('Origin',(90.5000000000001,38.9073593128807,-1.29999999999998));
#9055=CARTESIAN_POINT('',(87.5000000000001,-2.21249999999999,-4.3));
#9056=CARTESIAN_POINT('Origin',(88.5000000000001,-16.,-4.175));
#9057=CARTESIAN_POINT('',(88.6213203435597,-16.1213203435597,-1.4875));
#9058=CARTESIAN_POINT('Origin',(86.5000000000001,-18.2426406871193,-1.4875));
#9059=CARTESIAN_POINT('',(89.5000000000001,-18.2426406871193,-1.4875));
#9060=CARTESIAN_POINT('Origin',(90.5000000000001,38.9073593128807,-3.2375));
#9061=CARTESIAN_POINT('',(88.3786796564404,41.0286796564404,-3.2375));
#9062=CARTESIAN_POINT('',(87.5000000000001,38.9073593128807,-3.2375));
#9063=CARTESIAN_POINT('Origin',(88.5000000000001,41.15,-2.925));
#9064=CARTESIAN_POINT('',(88.6213203435597,41.2713203435597,-0.8625));
#9065=CARTESIAN_POINT('Origin',(86.5000000000001,43.3926406871193,-0.8625));
#9066=CARTESIAN_POINT('',(89.5000000000001,43.3926406871193,-0.8625));
#9067=CARTESIAN_POINT('Origin',(89.5000000000001,-25.,1.2));
#9068=CARTESIAN_POINT('',(89.5000000000001,-25.,1.2));
#9069=CARTESIAN_POINT('',(89.5000000000001,50.15,1.2));
#9070=CARTESIAN_POINT('Origin',(87.5000000000001,12.575,-3.55));
#9071=CARTESIAN_POINT('Origin',(90.5000000000001,-11.7573593128808,25.6375000000001));
#9072=CARTESIAN_POINT('',(87.5000000000001,-11.7573593128807,26.7));
#9073=CARTESIAN_POINT('',(88.3786796564405,-13.8786796564404,25.8213203435596));
#9074=CARTESIAN_POINT('Origin',(90.5000000000001,-11.7573593128808,23.7));
#9075=CARTESIAN_POINT('',(88.3786796564405,-13.8786796564404,25.6375000000001));
#9076=CARTESIAN_POINT('',(87.5000000000001,-11.7573593128808,25.6375000000001));
#9077=CARTESIAN_POINT('Origin',(88.5000000000001,-14.,25.325));
#9078=CARTESIAN_POINT('',(88.6213203435597,-14.1213203435597,25.5786796564404));
#9079=CARTESIAN_POINT('',(81.8354166666668,-7.33541666666664,32.3645833333334));
#9080=CARTESIAN_POINT('',(88.6213203435597,-14.1213203435597,23.2625));
#9081=CARTESIAN_POINT('Origin',(88.5000000000001,26.3625,25.7));
#9082=CARTESIAN_POINT('',(87.5000000000001,36.9073593128807,26.7));
#9083=CARTESIAN_POINT('',(87.5000000000001,26.3625,26.7));
#9084=CARTESIAN_POINT('',(88.3786796564404,39.0286796564404,25.8213203435596));
#9085=CARTESIAN_POINT('Origin',(90.5000000000001,36.9073593128807,23.7));
#9086=CARTESIAN_POINT('',(88.6213203435597,39.2713203435597,25.5786796564404));
#9087=CARTESIAN_POINT('',(86.2229166666667,36.8729166666667,27.9770833333333));
#9088=CARTESIAN_POINT('',(89.5000000000001,41.3926406871193,24.7));
#9089=CARTESIAN_POINT('Origin',(86.5000000000001,41.3926406871193,27.7));
#9090=CARTESIAN_POINT('',(89.5000000000001,-16.2426406871193,24.7));
#9091=CARTESIAN_POINT('',(89.5000000000001,7.57500000000001,24.7));
#9092=CARTESIAN_POINT('Origin',(86.5000000000001,-16.2426406871193,27.7));
#9093=CARTESIAN_POINT('Origin',(86.5000000000001,-16.2426406871193,23.2625));
#9094=CARTESIAN_POINT('',(89.5000000000001,-16.2426406871193,23.2625));
#9095=CARTESIAN_POINT('Origin',(89.5000000000001,-25.,21.2));
#9096=CARTESIAN_POINT('',(89.5000000000001,41.3926406871193,23.8875));
#9097=CARTESIAN_POINT('',(89.5000000000001,50.15,21.2));
#9098=CARTESIAN_POINT('',(89.5000000000001,-25.,21.2));
#9099=CARTESIAN_POINT('Origin',(90.5000000000001,36.9073593128807,26.2625));
#9100=CARTESIAN_POINT('',(88.3786796564404,39.0286796564404,26.2625));
#9101=CARTESIAN_POINT('',(87.5000000000001,36.9073593128807,26.2625));
#9102=CARTESIAN_POINT('Origin',(88.5000000000001,39.15,26.575));
#9103=CARTESIAN_POINT('',(88.6213203435597,39.2713203435597,23.8875));
#9104=CARTESIAN_POINT('Origin',(86.5000000000001,41.3926406871193,23.8875));
#9105=CARTESIAN_POINT('Origin',(87.5000000000001,12.575,25.95));
#9106=CARTESIAN_POINT('Origin',(-28.05,62.15,21.2));
#9107=CARTESIAN_POINT('',(-28.05,66.45,21.2));
#9108=CARTESIAN_POINT('Origin',(-15.,66.45,21.2));
#9109=CARTESIAN_POINT('',(-15.,66.45,21.2));
#9110=CARTESIAN_POINT('Origin',(-15.,68.15,21.2));
#9111=CARTESIAN_POINT('',(-13.3972246293105,67.5833333333333,21.2));
#9112=CARTESIAN_POINT('Origin',(-9.34314575050761,66.15,21.2));
#9113=CARTESIAN_POINT('',(-9.34314575050761,70.45,21.2));
#9114=CARTESIAN_POINT('Origin',(4.05,70.45,21.2));
#9115=CARTESIAN_POINT('',(4.05,70.45,21.2));
#9116=CARTESIAN_POINT('Origin',(4.05,72.15,21.2));
#9117=CARTESIAN_POINT('',(5.75,72.15,21.2));
#9118=CARTESIAN_POINT('Origin',(5.75,77.15,21.2));
#9119=CARTESIAN_POINT('',(5.75,77.15,21.2));
#9120=CARTESIAN_POINT('Origin',(10.05,77.15,21.2));
#9121=CARTESIAN_POINT('',(10.05,81.45,21.2));
#9122=CARTESIAN_POINT('Origin',(28.05,81.45,21.2));
#9123=CARTESIAN_POINT('',(28.05,81.45,21.2));
#9124=CARTESIAN_POINT('Origin',(28.05,77.15,21.2));
#9125=CARTESIAN_POINT('',(32.35,77.15,21.2));
#9126=CARTESIAN_POINT('Origin',(32.35,75.15,21.2));
#9127=CARTESIAN_POINT('',(32.35,75.15,21.2));
#9128=CARTESIAN_POINT('Origin',(34.05,75.15,21.2));
#9129=CARTESIAN_POINT('',(34.05,73.45,21.2));
#9130=CARTESIAN_POINT('Origin',(47.1,73.45,21.2));
#9131=CARTESIAN_POINT('',(47.1,73.45,21.2));
#9132=CARTESIAN_POINT('Origin',(47.1,69.15,21.2));
#9133=CARTESIAN_POINT('',(51.4,69.15,21.2));
#9134=CARTESIAN_POINT('Origin',(51.4,62.15,21.2));
#9135=CARTESIAN_POINT('',(51.4,62.15,21.2));
#9136=CARTESIAN_POINT('Origin',(53.1,62.15,21.2));
#9137=CARTESIAN_POINT('',(53.1,60.45,21.2));
#9138=CARTESIAN_POINT('Origin',(66.1499999999999,60.45,21.2));
#9139=CARTESIAN_POINT('',(66.1499999999999,60.45,21.2));
#9140=CARTESIAN_POINT('Origin',(66.1499999999999,56.15,21.2));
#9141=CARTESIAN_POINT('',(70.4499999999999,56.15,21.2));
#9142=CARTESIAN_POINT('Origin',(72.1499999999999,56.15,21.2));
#9143=CARTESIAN_POINT('',(72.1499999999999,54.45,21.2));
#9144=CARTESIAN_POINT('Origin',(85.2000000000001,54.45,21.2));
#9145=CARTESIAN_POINT('',(85.2000000000001,54.45,21.2));
#9146=CARTESIAN_POINT('Origin',(85.2000000000001,50.15,21.2));
#9147=CARTESIAN_POINT('Origin',(85.2000000000001,-25.,21.2));
#9148=CARTESIAN_POINT('',(85.2000000000001,-29.3,21.2));
#9149=CARTESIAN_POINT('Origin',(67.2,-29.3,21.2));
#9150=CARTESIAN_POINT('Origin',(48.15,-19.,21.2));
#9151=CARTESIAN_POINT('',(43.85,-19.,21.2));
#9152=CARTESIAN_POINT('Origin',(43.85,-16.95,21.2));
#9153=CARTESIAN_POINT('',(43.85,-16.95,21.2));
#9154=CARTESIAN_POINT('Origin',(42.15,-16.95,21.2));
#9155=CARTESIAN_POINT('',(42.15,-15.25,21.2));
#9156=CARTESIAN_POINT('Origin',(3.00000000000001,-15.25,21.2));
#9157=CARTESIAN_POINT('',(3.00000000000001,-15.25,21.2));
#9158=CARTESIAN_POINT('Origin',(3.00000000000001,-16.95,21.2));
#9159=CARTESIAN_POINT('',(1.30000000000001,-16.95,21.2));
#9160=CARTESIAN_POINT('Origin',(1.30000000000001,-34.9500000000004,21.2));
#9161=CARTESIAN_POINT('',(1.30000000000001,-34.9500000000004,21.2));
#9162=CARTESIAN_POINT('Origin',(-2.99999999999998,-34.9500000000004,21.2));
#9163=CARTESIAN_POINT('',(-2.99999999999943,-39.2500000000004,21.2));
#9164=CARTESIAN_POINT('Origin',(-20.967060080966,-39.2500000000027,21.2));
#9165=CARTESIAN_POINT('',(-20.967060080966,-39.2500000000027,21.2));
#9166=CARTESIAN_POINT('Origin',(-20.9670600809658,-40.9500000000027,21.2));
#9167=CARTESIAN_POINT('',(-21.4640919789946,-39.3242819148656,21.2));
#9168=CARTESIAN_POINT('Origin',(-38.6460769850607,-44.5773418995843,21.2));
#9169=CARTESIAN_POINT('',(-38.6460769850607,-44.5773418995843,21.2));
#9170=CARTESIAN_POINT('Origin',(-39.9032753153688,-40.4652314489434,21.2));
#9171=CARTESIAN_POINT('',(-44.01538576601,-41.7224297792508,21.2));
#9172=CARTESIAN_POINT('Origin',(-52.1621104506412,-15.0756940124493,21.2));
#9173=CARTESIAN_POINT('',(-52.1621104506412,-15.0756940124493,21.2));
#9174=CARTESIAN_POINT('Origin',(-48.05,-13.8184956821418,21.2));
#9175=CARTESIAN_POINT('',(-52.35,-13.8184956821418,21.2));
#9176=CARTESIAN_POINT('Origin',(-52.35,14.2010133325982,21.2));
#9177=CARTESIAN_POINT('',(-52.35,14.2010133325982,21.2));
#9178=CARTESIAN_POINT('Origin',(-48.05,14.2010133325982,21.2));
#9179=CARTESIAN_POINT('',(-48.05,18.5010133325982,21.2));
#9180=CARTESIAN_POINT('Origin',(-34.05,18.5010133325982,21.2));
#9181=CARTESIAN_POINT('Origin',(-22.341207093163,-36.4553676469766,1.2));
#9182=CARTESIAN_POINT('',(-22.341207093163,-36.4553676469765,1.2));
#9183=CARTESIAN_POINT('Origin',(-20.9670600809658,-40.9500000000027,1.2));
#9184=CARTESIAN_POINT('Origin',(-1.69999999999999,-16.95,1.2));
#9185=CARTESIAN_POINT('',(-1.69999999999999,-16.95,1.2));
#9186=CARTESIAN_POINT('Origin',(3.00000000000001,-16.95,1.2));
#9187=CARTESIAN_POINT('',(3.00000000000001,-12.25,1.2));
#9188=CARTESIAN_POINT('Origin',(42.15,-12.25,1.2));
#9189=CARTESIAN_POINT('Origin',(48.15,-19.,1.2));
#9190=CARTESIAN_POINT('',(48.15,-20.3,1.2));
#9191=CARTESIAN_POINT('Origin',(61.2,-20.3,1.2));
#9192=CARTESIAN_POINT('',(61.2,-20.3,1.2));
#9193=CARTESIAN_POINT('Origin',(61.2,-25.,1.2));
#9194=CARTESIAN_POINT('',(65.9,-25.,1.2));
#9195=CARTESIAN_POINT('Origin',(67.2,-25.,1.2));
#9196=CARTESIAN_POINT('Origin',(72.1499999999999,51.45,1.2));
#9197=CARTESIAN_POINT('',(72.1499999999999,51.45,1.2));
#9198=CARTESIAN_POINT('Origin',(72.1499999999999,56.15,1.2));
#9199=CARTESIAN_POINT('',(67.4499999999999,56.15,1.2));
#9200=CARTESIAN_POINT('Origin',(66.1499999999999,56.15,1.2));
#9201=CARTESIAN_POINT('',(66.1499999999999,57.45,1.2));
#9202=CARTESIAN_POINT('Origin',(53.1,57.45,1.2));
#9203=CARTESIAN_POINT('',(53.1,57.45,1.2));
#9204=CARTESIAN_POINT('Origin',(53.1,62.15,1.2));
#9205=CARTESIAN_POINT('Origin',(34.05,70.45,1.2));
#9206=CARTESIAN_POINT('',(34.05,70.45,1.2));
#9207=CARTESIAN_POINT('Origin',(34.05,75.15,1.2));
#9208=CARTESIAN_POINT('',(29.35,75.15,1.2));
#9209=CARTESIAN_POINT('Origin',(29.35,77.15,1.2));
#9210=CARTESIAN_POINT('',(29.35,77.15,1.2));
#9211=CARTESIAN_POINT('Origin',(28.05,77.15,1.2));
#9212=CARTESIAN_POINT('',(28.05,78.45,1.2));
#9213=CARTESIAN_POINT('Origin',(10.05,78.45,1.2));
#9214=CARTESIAN_POINT('',(10.05,78.45,1.2));
#9215=CARTESIAN_POINT('Origin',(10.05,77.15,1.2));
#9216=CARTESIAN_POINT('',(8.74999999999999,77.15,1.2));
#9217=CARTESIAN_POINT('Origin',(8.75,72.15,1.2));
#9218=CARTESIAN_POINT('',(8.74999999999999,72.15,1.2));
#9219=CARTESIAN_POINT('Origin',(4.05,72.15,1.2));
#9220=CARTESIAN_POINT('',(4.05,67.45,1.2));
#9221=CARTESIAN_POINT('Origin',(-9.34314575050761,67.45,1.2));
#9222=CARTESIAN_POINT('',(-9.34314575050761,67.45,1.2));
#9223=CARTESIAN_POINT('Origin',(-9.34314575050761,66.15,1.2));
#9224=CARTESIAN_POINT('',(-10.5687975045643,66.5833333333333,1.2));
#9225=CARTESIAN_POINT('Origin',(-15.,68.15,1.2));
#9226=CARTESIAN_POINT('Origin',(-29.35,20.2010133325982,1.2));
#9227=CARTESIAN_POINT('Origin',(-28.05,62.15,1.2));
#9228=CARTESIAN_POINT('',(-28.05,66.45,1.2));
#9229=CARTESIAN_POINT('Origin',(-15.,66.45,1.2));
#9230=CARTESIAN_POINT('',(-15.,66.45,1.2));
#9231=CARTESIAN_POINT('Origin',(-15.,68.15,1.2));
#9232=CARTESIAN_POINT('',(-13.3972246293105,67.5833333333333,1.2));
#9233=CARTESIAN_POINT('Origin',(-9.34314575050761,66.15,1.2));
#9234=CARTESIAN_POINT('',(-9.34314575050761,70.45,1.2));
#9235=CARTESIAN_POINT('Origin',(4.05,70.45,1.2));
#9236=CARTESIAN_POINT('',(4.05,70.45,1.2));
#9237=CARTESIAN_POINT('Origin',(4.05,72.15,1.2));
#9238=CARTESIAN_POINT('',(5.75,72.15,1.2));
#9239=CARTESIAN_POINT('Origin',(5.75,77.15,1.2));
#9240=CARTESIAN_POINT('',(5.75,77.15,1.2));
#9241=CARTESIAN_POINT('Origin',(10.05,77.15,1.2));
#9242=CARTESIAN_POINT('',(10.05,81.45,1.2));
#9243=CARTESIAN_POINT('Origin',(28.05,81.45,1.2));
#9244=CARTESIAN_POINT('',(28.05,81.45,1.2));
#9245=CARTESIAN_POINT('Origin',(28.05,77.15,1.2));
#9246=CARTESIAN_POINT('',(32.35,77.15,1.2));
#9247=CARTESIAN_POINT('Origin',(32.35,75.15,1.2));
#9248=CARTESIAN_POINT('',(32.35,75.15,1.2));
#9249=CARTESIAN_POINT('Origin',(34.05,75.15,1.2));
#9250=CARTESIAN_POINT('',(34.05,73.45,1.2));
#9251=CARTESIAN_POINT('Origin',(47.1,73.45,1.2));
#9252=CARTESIAN_POINT('',(47.1,73.45,1.2));
#9253=CARTESIAN_POINT('Origin',(47.1,69.15,1.2));
#9254=CARTESIAN_POINT('',(51.4,69.15,1.2));
#9255=CARTESIAN_POINT('Origin',(51.4,62.15,1.2));
#9256=CARTESIAN_POINT('',(51.4,62.15,1.2));
#9257=CARTESIAN_POINT('Origin',(53.1,62.15,1.2));
#9258=CARTESIAN_POINT('',(53.1,60.45,1.2));
#9259=CARTESIAN_POINT('Origin',(66.1499999999999,60.45,1.2));
#9260=CARTESIAN_POINT('',(66.1499999999999,60.45,1.2));
#9261=CARTESIAN_POINT('Origin',(66.1499999999999,56.15,1.2));
#9262=CARTESIAN_POINT('',(70.4499999999999,56.15,1.2));
#9263=CARTESIAN_POINT('Origin',(72.1499999999999,56.15,1.2));
#9264=CARTESIAN_POINT('',(72.1499999999999,54.45,1.2));
#9265=CARTESIAN_POINT('Origin',(85.2000000000001,54.45,1.2));
#9266=CARTESIAN_POINT('',(85.2000000000001,54.45,1.2));
#9267=CARTESIAN_POINT('Origin',(85.2000000000001,50.15,1.2));
#9268=CARTESIAN_POINT('Origin',(85.2000000000001,-25.,1.2));
#9269=CARTESIAN_POINT('',(85.2000000000001,-29.3,1.2));
#9270=CARTESIAN_POINT('Origin',(67.2,-29.3,1.2));
#9271=CARTESIAN_POINT('Origin',(48.15,-23.3,1.2));
#9272=CARTESIAN_POINT('',(48.15,-23.3,1.2));
#9273=CARTESIAN_POINT('Origin',(48.15,-19.,1.2));
#9274=CARTESIAN_POINT('',(43.85,-19.,1.2));
#9275=CARTESIAN_POINT('Origin',(43.85,-16.95,1.2));
#9276=CARTESIAN_POINT('',(43.85,-16.95,1.2));
#9277=CARTESIAN_POINT('Origin',(42.15,-16.95,1.2));
#9278=CARTESIAN_POINT('',(42.15,-15.25,1.2));
#9279=CARTESIAN_POINT('Origin',(3.00000000000001,-15.25,1.2));
#9280=CARTESIAN_POINT('',(3.00000000000001,-15.25,1.2));
#9281=CARTESIAN_POINT('Origin',(3.00000000000001,-16.95,1.2));
#9282=CARTESIAN_POINT('',(1.30000000000001,-16.95,1.2));
#9283=CARTESIAN_POINT('Origin',(1.30000000000001,-34.9500000000004,1.2));
#9284=CARTESIAN_POINT('',(1.30000000000001,-34.9500000000004,1.2));
#9285=CARTESIAN_POINT('Origin',(-2.99999999999998,-34.9500000000004,1.2));
#9286=CARTESIAN_POINT('',(-2.99999999999943,-39.2500000000004,1.2));
#9287=CARTESIAN_POINT('Origin',(-20.967060080966,-39.2500000000027,1.2));
#9288=CARTESIAN_POINT('',(-20.967060080966,-39.2500000000027,1.2));
#9289=CARTESIAN_POINT('Origin',(-20.9670600809658,-40.9500000000027,1.2));
#9290=CARTESIAN_POINT('',(-21.4640919789946,-39.3242819148656,1.2));
#9291=CARTESIAN_POINT('Origin',(-38.6460769850607,-44.5773418995843,1.2));
#9292=CARTESIAN_POINT('',(-38.6460769850607,-44.5773418995843,1.2));
#9293=CARTESIAN_POINT('Origin',(-39.9032753153688,-40.4652314489434,1.2));
#9294=CARTESIAN_POINT('',(-44.01538576601,-41.7224297792508,1.2));
#9295=CARTESIAN_POINT('Origin',(-52.1621104506412,-15.0756940124493,1.2));
#9296=CARTESIAN_POINT('',(-52.1621104506412,-15.0756940124493,1.2));
#9297=CARTESIAN_POINT('Origin',(-48.05,-13.8184956821418,1.2));
#9298=CARTESIAN_POINT('',(-52.35,-13.8184956821418,1.2));
#9299=CARTESIAN_POINT('Origin',(-52.35,14.2010133325982,1.2));
#9300=CARTESIAN_POINT('',(-52.35,14.2010133325982,1.2));
#9301=CARTESIAN_POINT('Origin',(-48.05,14.2010133325982,1.2));
#9302=CARTESIAN_POINT('Origin',(-53.95,-13.8184956821418,1.2));
#9303=CARTESIAN_POINT('',(-53.95,-13.8184956821418,1.2));
#9304=CARTESIAN_POINT('Origin',(-48.05,-13.8184956821418,1.2));
#9305=CARTESIAN_POINT('',(-53.6921980601821,-15.5434887400056,1.2));
#9306=CARTESIAN_POINT('Origin',(-45.5454733755508,-42.1902245068071,1.2));
#9307=CARTESIAN_POINT('',(-45.5454733755508,-42.1902245068071,1.2));
#9308=CARTESIAN_POINT('Origin',(-39.9032753153688,-40.4652314489434,1.2));
#9309=CARTESIAN_POINT('',(-38.1782822575042,-46.1074295091251,1.2));
#9310=CARTESIAN_POINT('Origin',(-20.9962972514381,-40.8543695244064,1.2));
#9311=CARTESIAN_POINT('',(-20.9962972514381,-40.8543695244064,1.2));
#9312=CARTESIAN_POINT('Origin',(-20.9670600809658,-40.9500000000027,1.2));
#9313=CARTESIAN_POINT('',(-20.9670600809658,-40.8500000000027,1.2));
#9314=CARTESIAN_POINT('Origin',(-2.99999999999922,-40.8500000000004,1.2));
#9315=CARTESIAN_POINT('',(-2.99999999999922,-40.8500000000004,1.2));
#9316=CARTESIAN_POINT('Origin',(-2.99999999999998,-34.9500000000004,1.2));
#9317=CARTESIAN_POINT('',(2.90000000000001,-34.9500000000004,1.2));
#9318=CARTESIAN_POINT('Origin',(2.90000000000001,-16.95,1.2));
#9319=CARTESIAN_POINT('',(2.90000000000001,-16.95,1.2));
#9320=CARTESIAN_POINT('Origin',(3.00000000000001,-16.95,1.2));
#9321=CARTESIAN_POINT('',(3.00000000000001,-16.85,1.2));
#9322=CARTESIAN_POINT('Origin',(42.15,-16.85,1.2));
#9323=CARTESIAN_POINT('',(42.15,-16.85,1.2));
#9324=CARTESIAN_POINT('Origin',(42.15,-16.95,1.2));
#9325=CARTESIAN_POINT('',(42.25,-16.95,1.2));
#9326=CARTESIAN_POINT('Origin',(42.25,-19.,1.2));
#9327=CARTESIAN_POINT('',(42.25,-19.,1.2));
#9328=CARTESIAN_POINT('Origin',(48.15,-19.,1.2));
#9329=CARTESIAN_POINT('',(48.15,-24.9,1.2));
#9330=CARTESIAN_POINT('Origin',(61.2,-24.9,1.2));
#9331=CARTESIAN_POINT('Origin',(85.2000000000001,-30.9,1.2));
#9332=CARTESIAN_POINT('',(85.2000000000001,-30.9,1.2));
#9333=CARTESIAN_POINT('Origin',(85.2000000000001,-25.,1.2));
#9334=CARTESIAN_POINT('',(91.1000000000001,-25.,1.2));
#9335=CARTESIAN_POINT('Origin',(91.1000000000001,50.15,1.2));
#9336=CARTESIAN_POINT('',(91.1000000000001,50.15,1.2));
#9337=CARTESIAN_POINT('Origin',(85.2000000000001,50.15,1.2));
#9338=CARTESIAN_POINT('',(85.2000000000001,56.05,1.2));
#9339=CARTESIAN_POINT('Origin',(72.1499999999999,56.05,1.2));
#9340=CARTESIAN_POINT('',(72.1499999999999,56.05,1.2));
#9341=CARTESIAN_POINT('Origin',(72.1499999999999,56.15,1.2));
#9342=CARTESIAN_POINT('',(72.05,56.15,1.2));
#9343=CARTESIAN_POINT('Origin',(66.1499999999999,56.15,1.2));
#9344=CARTESIAN_POINT('',(66.1499999999999,62.05,1.2));
#9345=CARTESIAN_POINT('Origin',(53.1,62.05,1.2));
#9346=CARTESIAN_POINT('',(53.1,62.05,1.2));
#9347=CARTESIAN_POINT('Origin',(53.1,62.15,1.2));
#9348=CARTESIAN_POINT('',(53.,62.15,1.2));
#9349=CARTESIAN_POINT('Origin',(53.,69.15,1.2));
#9350=CARTESIAN_POINT('',(53.,69.15,1.2));
#9351=CARTESIAN_POINT('Origin',(47.1,69.15,1.2));
#9352=CARTESIAN_POINT('',(47.1,75.0500000000001,1.2));
#9353=CARTESIAN_POINT('Origin',(34.05,75.05,1.2));
#9354=CARTESIAN_POINT('',(34.05,75.05,1.2));
#9355=CARTESIAN_POINT('Origin',(34.05,75.15,1.2));
#9356=CARTESIAN_POINT('',(33.95,75.15,1.2));
#9357=CARTESIAN_POINT('Origin',(33.95,77.15,1.2));
#9358=CARTESIAN_POINT('',(33.95,77.15,1.2));
#9359=CARTESIAN_POINT('Origin',(28.05,77.15,1.2));
#9360=CARTESIAN_POINT('',(28.05,83.05,1.2));
#9361=CARTESIAN_POINT('Origin',(10.05,83.05,1.2));
#9362=CARTESIAN_POINT('',(10.05,83.05,1.2));
#9363=CARTESIAN_POINT('Origin',(10.05,77.15,1.2));
#9364=CARTESIAN_POINT('',(4.14999999999999,77.15,1.2));
#9365=CARTESIAN_POINT('Origin',(4.15,72.15,1.2));
#9366=CARTESIAN_POINT('',(4.15,72.15,1.2));
#9367=CARTESIAN_POINT('Origin',(4.05,72.15,1.2));
#9368=CARTESIAN_POINT('',(4.05,72.05,1.2));
#9369=CARTESIAN_POINT('Origin',(-9.34314575050761,72.05,1.2));
#9370=CARTESIAN_POINT('',(-9.34314575050761,72.05,1.2));
#9371=CARTESIAN_POINT('Origin',(-9.34314575050761,66.15,1.2));
#9372=CARTESIAN_POINT('',(-14.9057190958418,68.1166666666667,1.2));
#9373=CARTESIAN_POINT('Origin',(-15.,68.15,1.2));
#9374=CARTESIAN_POINT('',(-15.,68.05,1.2));
#9375=CARTESIAN_POINT('Origin',(-28.05,68.05,1.2));
#9376=CARTESIAN_POINT('',(-28.05,68.05,1.2));
#9377=CARTESIAN_POINT('Origin',(-28.05,62.15,1.2));
#9378=CARTESIAN_POINT('Origin',(-34.05,20.2010133325982,1.2));
#9379=CARTESIAN_POINT('Origin',(-39.73,7.45101333259819,1.2));
#9380=CARTESIAN_POINT('',(-44.78,7.45101333259819,1.8));
#9381=CARTESIAN_POINT('Origin',(-39.73,7.45101333259819,1.8));
#9382=CARTESIAN_POINT('',(-44.78,7.45101333259819,5.2));
#9383=CARTESIAN_POINT('',(-44.78,7.45101333259819,1.2));
#9384=CARTESIAN_POINT('Origin',(-39.73,7.45101333259819,5.2));
#9385=CARTESIAN_POINT('Origin',(-39.73,7.45101333259819,5.2));
#9386=CARTESIAN_POINT('Origin',(-39.73,7.45101333259819,1.8));
#9387=CARTESIAN_POINT('Origin',(-39.73,7.45101333259819,20.6));
#9388=CARTESIAN_POINT('',(-44.78,7.45101333259819,20.6));
#9389=CARTESIAN_POINT('Origin',(-39.73,7.45101333259819,20.6));
#9390=CARTESIAN_POINT('Origin',(-39.73,7.45101333259819,1.2));
#9391=CARTESIAN_POINT('',(-44.78,7.45101333259819,17.2));
#9392=CARTESIAN_POINT('Origin',(-39.73,7.45101333259819,17.2));
#9393=CARTESIAN_POINT('',(-44.78,7.45101333259819,1.2));
#9394=CARTESIAN_POINT('Origin',(-39.73,7.45101333259819,17.2));
#9395=UNCERTAINTY_MEASURE_WITH_UNIT(LENGTH_MEASURE(0.01),#9399,
'DISTANCE_ACCURACY_VALUE',
'Maximum model space distance between geometric entities at asserted c
onnectivities');
#9396=UNCERTAINTY_MEASURE_WITH_UNIT(LENGTH_MEASURE(0.01),#9399,
'DISTANCE_ACCURACY_VALUE',
'Maximum model space distance between geometric entities at asserted c
onnectivities');
#9397=(
GEOMETRIC_REPRESENTATION_CONTEXT(3)
GLOBAL_UNCERTAINTY_ASSIGNED_CONTEXT((#9395))
GLOBAL_UNIT_ASSIGNED_CONTEXT((#9399,#9401,#9402))
REPRESENTATION_CONTEXT('','3D')
);
#9398=(
GEOMETRIC_REPRESENTATION_CONTEXT(3)
GLOBAL_UNCERTAINTY_ASSIGNED_CONTEXT((#9396))
GLOBAL_UNIT_ASSIGNED_CONTEXT((#9399,#9401,#9402))
REPRESENTATION_CONTEXT('','3D')
);
#9399=(
LENGTH_UNIT()
NAMED_UNIT(*)
SI_UNIT(.MILLI.,.METRE.)
);
#9400=(
LENGTH_UNIT()
NAMED_UNIT(*)
SI_UNIT($,.METRE.)
);
#9401=(
NAMED_UNIT(*)
PLANE_ANGLE_UNIT()
SI_UNIT($,.RADIAN.)
);
#9402=(
NAMED_UNIT(*)
SI_UNIT($,.STERADIAN.)
SOLID_ANGLE_UNIT()
);
#9403=SHAPE_DEFINITION_REPRESENTATION(#9404,#9405);
#9404=PRODUCT_DEFINITION_SHAPE('',$,#9407);
#9405=SHAPE_REPRESENTATION('',(#5443),#9397);
#9406=PRODUCT_DEFINITION_CONTEXT('part definition',#9411,'design');
#9407=PRODUCT_DEFINITION('Bracket','Bracket',#9408,#9406);
#9408=PRODUCT_DEFINITION_FORMATION('',$,#9413);
#9409=PRODUCT_RELATED_PRODUCT_CATEGORY('Bracket','Bracket',(#9413));
#9410=APPLICATION_PROTOCOL_DEFINITION('international standard',
'automotive_design',2009,#9411);
#9411=APPLICATION_CONTEXT(
'Core Data for Automotive Mechanical Design Process');
#9412=PRODUCT_CONTEXT('part definition',#9411,'mechanical');
#9413=PRODUCT('Bracket','Bracket',$,(#9412));
#9414=PRESENTATION_STYLE_ASSIGNMENT((#9416));
#9415=PRESENTATION_STYLE_ASSIGNMENT((#9417));
#9416=SURFACE_STYLE_USAGE(.BOTH.,#9418);
#9417=SURFACE_STYLE_USAGE(.BOTH.,#9419);
#9418=SURFACE_SIDE_STYLE('',(#9420));
#9419=SURFACE_SIDE_STYLE('',(#9421));
#9420=SURFACE_STYLE_FILL_AREA(#9422);
#9421=SURFACE_STYLE_FILL_AREA(#9423);
#9422=FILL_AREA_STYLE('Steel - Satin',(#9424));
#9423=FILL_AREA_STYLE('ABS (White)',(#9425));
#9424=FILL_AREA_STYLE_COLOUR('Steel - Satin',#9426);
#9425=FILL_AREA_STYLE_COLOUR('ABS (White)',#9427);
#9426=COLOUR_RGB('Steel - Satin',0.627450980392157,0.627450980392157,0.627450980392157);
#9427=COLOUR_RGB('ABS (White)',1.,0.858823529411765,0.474509803921569);
ENDSEC;
END-ISO-10303-21;
