ISO-10303-21;
HEADER;
/* Generated by software containing ST-Developer
 * from STEP Tools, Inc. (www.steptools.com) 
 */

FILE_DESCRIPTION(
/* description */ (''),
/* implementation_level */ '2;1');

FILE_NAME(
/* name */ 'pinkie_spacer_bracket.step',
/* time_stamp */ '2026-05-15T11:50:55+02:00',
/* author */ (''),
/* organization */ (''),
/* preprocessor_version */ 'ST-DEVELOPER v20.1',
/* originating_system */ 'Autodesk Translation Framework v15.8.0.0',
/* authorisation */ '');

FILE_SCHEMA (('AUTOMOTIVE_DESIGN { 1 0 10303 214 3 1 1 }'));
ENDSEC;

DATA;
#10=MECHANICAL_DESIGN_GEOMETRIC_PRESENTATION_REPRESENTATION('',(#13),#9984);
#11=SHAPE_REPRESENTATION_RELATIONSHIP('SRR','None',#9991,#12);
#12=ADVANCED_BREP_SHAPE_REPRESENTATION('',(#14),#9983);
#13=STYLED_ITEM('',(#10001),#14);
#14=MANIFOLD_SOLID_BREP('Body1',#5904);
#15=FACE_BOUND('',#506,.T.);
#16=FACE_BOUND('',#507,.T.);
#17=FACE_BOUND('',#508,.T.);
#18=FACE_BOUND('',#509,.T.);
#19=FACE_BOUND('',#510,.T.);
#20=FACE_BOUND('',#511,.T.);
#21=FACE_BOUND('',#512,.T.);
#22=FACE_BOUND('',#513,.T.);
#23=FACE_BOUND('',#514,.T.);
#24=FACE_BOUND('',#515,.T.);
#25=FACE_BOUND('',#516,.T.);
#26=FACE_BOUND('',#517,.T.);
#27=FACE_BOUND('',#518,.T.);
#28=FACE_BOUND('',#519,.T.);
#29=FACE_BOUND('',#520,.T.);
#30=FACE_BOUND('',#521,.T.);
#31=FACE_BOUND('',#522,.T.);
#32=FACE_BOUND('',#523,.T.);
#33=FACE_BOUND('',#524,.T.);
#34=FACE_BOUND('',#525,.T.);
#35=FACE_BOUND('',#526,.T.);
#36=FACE_BOUND('',#527,.T.);
#37=FACE_BOUND('',#528,.T.);
#38=FACE_BOUND('',#529,.T.);
#39=FACE_BOUND('',#530,.T.);
#40=FACE_BOUND('',#531,.T.);
#41=FACE_BOUND('',#548,.T.);
#42=FACE_BOUND('',#549,.T.);
#43=FACE_BOUND('',#550,.T.);
#44=FACE_BOUND('',#551,.T.);
#45=FACE_BOUND('',#552,.T.);
#46=FACE_BOUND('',#553,.T.);
#47=FACE_BOUND('',#554,.T.);
#48=FACE_BOUND('',#555,.T.);
#49=FACE_BOUND('',#556,.T.);
#50=FACE_BOUND('',#557,.T.);
#51=FACE_BOUND('',#558,.T.);
#52=FACE_BOUND('',#559,.T.);
#53=FACE_BOUND('',#560,.T.);
#54=FACE_BOUND('',#561,.T.);
#55=FACE_BOUND('',#562,.T.);
#56=FACE_BOUND('',#563,.T.);
#57=FACE_BOUND('',#564,.T.);
#58=FACE_BOUND('',#565,.T.);
#59=FACE_BOUND('',#566,.T.);
#60=FACE_BOUND('',#567,.T.);
#61=FACE_BOUND('',#568,.T.);
#62=FACE_BOUND('',#569,.T.);
#63=FACE_BOUND('',#570,.T.);
#64=FACE_BOUND('',#571,.T.);
#65=FACE_BOUND('',#572,.T.);
#66=FACE_BOUND('',#573,.T.);
#67=PLANE('',#5921);
#68=PLANE('',#5922);
#69=PLANE('',#6074);
#70=PLANE('',#6083);
#71=PLANE('',#6086);
#72=PLANE('',#6089);
#73=PLANE('',#6092);
#74=PLANE('',#6093);
#75=PLANE('',#6230);
#76=PLANE('',#6232);
#77=PLANE('',#6234);
#78=PLANE('',#6236);
#79=PLANE('',#6238);
#80=PLANE('',#6240);
#81=PLANE('',#6242);
#82=PLANE('',#6244);
#83=PLANE('',#6246);
#84=PLANE('',#6248);
#85=PLANE('',#6250);
#86=PLANE('',#6252);
#87=PLANE('',#6254);
#88=PLANE('',#6256);
#89=PLANE('',#6258);
#90=PLANE('',#6260);
#91=PLANE('',#6262);
#92=PLANE('',#6264);
#93=PLANE('',#6266);
#94=PLANE('',#6268);
#95=PLANE('',#6270);
#96=PLANE('',#6272);
#97=PLANE('',#6274);
#98=PLANE('',#6276);
#99=PLANE('',#6278);
#100=PLANE('',#6280);
#101=PLANE('',#6282);
#102=PLANE('',#6284);
#103=PLANE('',#6286);
#104=PLANE('',#6288);
#105=PLANE('',#6290);
#106=PLANE('',#6292);
#107=PLANE('',#6294);
#108=PLANE('',#6296);
#109=PLANE('',#6298);
#110=PLANE('',#6300);
#111=PLANE('',#6302);
#112=PLANE('',#6304);
#113=PLANE('',#6306);
#114=PLANE('',#6308);
#115=PLANE('',#6310);
#116=PLANE('',#6312);
#117=PLANE('',#6314);
#118=PLANE('',#6316);
#119=PLANE('',#6318);
#120=PLANE('',#6320);
#121=PLANE('',#6322);
#122=PLANE('',#6324);
#123=PLANE('',#6326);
#124=PLANE('',#6328);
#125=PLANE('',#6330);
#126=PLANE('',#6332);
#127=PLANE('',#6334);
#128=PLANE('',#6336);
#129=PLANE('',#6338);
#130=PLANE('',#6340);
#131=PLANE('',#6342);
#132=PLANE('',#6344);
#133=PLANE('',#6346);
#134=PLANE('',#6348);
#135=PLANE('',#6350);
#136=PLANE('',#6352);
#137=PLANE('',#6354);
#138=PLANE('',#6356);
#139=PLANE('',#6358);
#140=PLANE('',#6360);
#141=PLANE('',#6362);
#142=PLANE('',#6364);
#143=PLANE('',#6366);
#144=PLANE('',#6368);
#145=PLANE('',#6370);
#146=PLANE('',#6372);
#147=PLANE('',#6374);
#148=PLANE('',#6376);
#149=PLANE('',#6378);
#150=PLANE('',#6380);
#151=PLANE('',#6382);
#152=PLANE('',#6384);
#153=PLANE('',#6386);
#154=PLANE('',#6388);
#155=PLANE('',#6390);
#156=PLANE('',#6392);
#157=PLANE('',#6394);
#158=PLANE('',#6396);
#159=PLANE('',#6398);
#160=PLANE('',#6400);
#161=PLANE('',#6402);
#162=PLANE('',#6404);
#163=PLANE('',#6406);
#164=PLANE('',#6408);
#165=PLANE('',#6410);
#166=PLANE('',#6412);
#167=PLANE('',#6414);
#168=PLANE('',#6416);
#169=PLANE('',#6418);
#170=PLANE('',#6420);
#171=PLANE('',#6422);
#172=PLANE('',#6424);
#173=PLANE('',#6426);
#174=PLANE('',#6428);
#175=PLANE('',#6429);
#176=PLANE('',#6430);
#177=PLANE('',#6431);
#178=PLANE('',#6432);
#179=PLANE('',#6434);
#180=PLANE('',#6436);
#181=PLANE('',#6438);
#182=PLANE('',#6440);
#183=PLANE('',#6442);
#184=PLANE('',#6445);
#185=PLANE('',#6447);
#186=PLANE('',#6449);
#187=PLANE('',#6451);
#188=PLANE('',#6453);
#189=PLANE('',#6455);
#190=PLANE('',#6457);
#191=PLANE('',#6459);
#192=PLANE('',#6461);
#193=PLANE('',#6464);
#194=PLANE('',#6466);
#195=PLANE('',#6468);
#196=PLANE('',#6470);
#197=PLANE('',#6471);
#198=PLANE('',#6473);
#199=PLANE('',#6475);
#200=PLANE('',#6477);
#201=PLANE('',#6479);
#202=PLANE('',#6481);
#203=PLANE('',#6483);
#204=PLANE('',#6485);
#205=PLANE('',#6487);
#206=PLANE('',#6489);
#207=PLANE('',#6491);
#208=PLANE('',#6493);
#209=PLANE('',#6495);
#210=PLANE('',#6498);
#211=PLANE('',#6500);
#212=FACE_OUTER_BOUND('',#503,.T.);
#213=FACE_OUTER_BOUND('',#504,.T.);
#214=FACE_OUTER_BOUND('',#505,.T.);
#215=FACE_OUTER_BOUND('',#532,.T.);
#216=FACE_OUTER_BOUND('',#533,.T.);
#217=FACE_OUTER_BOUND('',#534,.T.);
#218=FACE_OUTER_BOUND('',#535,.T.);
#219=FACE_OUTER_BOUND('',#536,.T.);
#220=FACE_OUTER_BOUND('',#537,.T.);
#221=FACE_OUTER_BOUND('',#538,.T.);
#222=FACE_OUTER_BOUND('',#539,.T.);
#223=FACE_OUTER_BOUND('',#540,.T.);
#224=FACE_OUTER_BOUND('',#541,.T.);
#225=FACE_OUTER_BOUND('',#542,.T.);
#226=FACE_OUTER_BOUND('',#543,.T.);
#227=FACE_OUTER_BOUND('',#544,.T.);
#228=FACE_OUTER_BOUND('',#545,.T.);
#229=FACE_OUTER_BOUND('',#546,.T.);
#230=FACE_OUTER_BOUND('',#547,.T.);
#231=FACE_OUTER_BOUND('',#574,.T.);
#232=FACE_OUTER_BOUND('',#575,.T.);
#233=FACE_OUTER_BOUND('',#576,.T.);
#234=FACE_OUTER_BOUND('',#577,.T.);
#235=FACE_OUTER_BOUND('',#578,.T.);
#236=FACE_OUTER_BOUND('',#579,.T.);
#237=FACE_OUTER_BOUND('',#580,.T.);
#238=FACE_OUTER_BOUND('',#581,.T.);
#239=FACE_OUTER_BOUND('',#582,.T.);
#240=FACE_OUTER_BOUND('',#583,.T.);
#241=FACE_OUTER_BOUND('',#584,.T.);
#242=FACE_OUTER_BOUND('',#585,.T.);
#243=FACE_OUTER_BOUND('',#586,.T.);
#244=FACE_OUTER_BOUND('',#587,.T.);
#245=FACE_OUTER_BOUND('',#588,.T.);
#246=FACE_OUTER_BOUND('',#589,.T.);
#247=FACE_OUTER_BOUND('',#590,.T.);
#248=FACE_OUTER_BOUND('',#591,.T.);
#249=FACE_OUTER_BOUND('',#592,.T.);
#250=FACE_OUTER_BOUND('',#593,.T.);
#251=FACE_OUTER_BOUND('',#594,.T.);
#252=FACE_OUTER_BOUND('',#595,.T.);
#253=FACE_OUTER_BOUND('',#596,.T.);
#254=FACE_OUTER_BOUND('',#597,.T.);
#255=FACE_OUTER_BOUND('',#598,.T.);
#256=FACE_OUTER_BOUND('',#599,.T.);
#257=FACE_OUTER_BOUND('',#600,.T.);
#258=FACE_OUTER_BOUND('',#601,.T.);
#259=FACE_OUTER_BOUND('',#602,.T.);
#260=FACE_OUTER_BOUND('',#603,.T.);
#261=FACE_OUTER_BOUND('',#604,.T.);
#262=FACE_OUTER_BOUND('',#605,.T.);
#263=FACE_OUTER_BOUND('',#606,.T.);
#264=FACE_OUTER_BOUND('',#607,.T.);
#265=FACE_OUTER_BOUND('',#608,.T.);
#266=FACE_OUTER_BOUND('',#609,.T.);
#267=FACE_OUTER_BOUND('',#610,.T.);
#268=FACE_OUTER_BOUND('',#611,.T.);
#269=FACE_OUTER_BOUND('',#612,.T.);
#270=FACE_OUTER_BOUND('',#613,.T.);
#271=FACE_OUTER_BOUND('',#614,.T.);
#272=FACE_OUTER_BOUND('',#615,.T.);
#273=FACE_OUTER_BOUND('',#616,.T.);
#274=FACE_OUTER_BOUND('',#617,.T.);
#275=FACE_OUTER_BOUND('',#618,.T.);
#276=FACE_OUTER_BOUND('',#619,.T.);
#277=FACE_OUTER_BOUND('',#620,.T.);
#278=FACE_OUTER_BOUND('',#621,.T.);
#279=FACE_OUTER_BOUND('',#622,.T.);
#280=FACE_OUTER_BOUND('',#623,.T.);
#281=FACE_OUTER_BOUND('',#624,.T.);
#282=FACE_OUTER_BOUND('',#625,.T.);
#283=FACE_OUTER_BOUND('',#626,.T.);
#284=FACE_OUTER_BOUND('',#627,.T.);
#285=FACE_OUTER_BOUND('',#628,.T.);
#286=FACE_OUTER_BOUND('',#629,.T.);
#287=FACE_OUTER_BOUND('',#630,.T.);
#288=FACE_OUTER_BOUND('',#631,.T.);
#289=FACE_OUTER_BOUND('',#632,.T.);
#290=FACE_OUTER_BOUND('',#633,.T.);
#291=FACE_OUTER_BOUND('',#634,.T.);
#292=FACE_OUTER_BOUND('',#635,.T.);
#293=FACE_OUTER_BOUND('',#636,.T.);
#294=FACE_OUTER_BOUND('',#637,.T.);
#295=FACE_OUTER_BOUND('',#638,.T.);
#296=FACE_OUTER_BOUND('',#639,.T.);
#297=FACE_OUTER_BOUND('',#640,.T.);
#298=FACE_OUTER_BOUND('',#641,.T.);
#299=FACE_OUTER_BOUND('',#642,.T.);
#300=FACE_OUTER_BOUND('',#643,.T.);
#301=FACE_OUTER_BOUND('',#644,.T.);
#302=FACE_OUTER_BOUND('',#645,.T.);
#303=FACE_OUTER_BOUND('',#646,.T.);
#304=FACE_OUTER_BOUND('',#647,.T.);
#305=FACE_OUTER_BOUND('',#648,.T.);
#306=FACE_OUTER_BOUND('',#649,.T.);
#307=FACE_OUTER_BOUND('',#650,.T.);
#308=FACE_OUTER_BOUND('',#651,.T.);
#309=FACE_OUTER_BOUND('',#652,.T.);
#310=FACE_OUTER_BOUND('',#653,.T.);
#311=FACE_OUTER_BOUND('',#654,.T.);
#312=FACE_OUTER_BOUND('',#655,.T.);
#313=FACE_OUTER_BOUND('',#656,.T.);
#314=FACE_OUTER_BOUND('',#657,.T.);
#315=FACE_OUTER_BOUND('',#658,.T.);
#316=FACE_OUTER_BOUND('',#659,.T.);
#317=FACE_OUTER_BOUND('',#660,.T.);
#318=FACE_OUTER_BOUND('',#661,.T.);
#319=FACE_OUTER_BOUND('',#662,.T.);
#320=FACE_OUTER_BOUND('',#663,.T.);
#321=FACE_OUTER_BOUND('',#664,.T.);
#322=FACE_OUTER_BOUND('',#665,.T.);
#323=FACE_OUTER_BOUND('',#666,.T.);
#324=FACE_OUTER_BOUND('',#667,.T.);
#325=FACE_OUTER_BOUND('',#668,.T.);
#326=FACE_OUTER_BOUND('',#669,.T.);
#327=FACE_OUTER_BOUND('',#670,.T.);
#328=FACE_OUTER_BOUND('',#671,.T.);
#329=FACE_OUTER_BOUND('',#672,.T.);
#330=FACE_OUTER_BOUND('',#673,.T.);
#331=FACE_OUTER_BOUND('',#674,.T.);
#332=FACE_OUTER_BOUND('',#675,.T.);
#333=FACE_OUTER_BOUND('',#676,.T.);
#334=FACE_OUTER_BOUND('',#677,.T.);
#335=FACE_OUTER_BOUND('',#678,.T.);
#336=FACE_OUTER_BOUND('',#679,.T.);
#337=FACE_OUTER_BOUND('',#680,.T.);
#338=FACE_OUTER_BOUND('',#681,.T.);
#339=FACE_OUTER_BOUND('',#682,.T.);
#340=FACE_OUTER_BOUND('',#683,.T.);
#341=FACE_OUTER_BOUND('',#684,.T.);
#342=FACE_OUTER_BOUND('',#685,.T.);
#343=FACE_OUTER_BOUND('',#686,.T.);
#344=FACE_OUTER_BOUND('',#687,.T.);
#345=FACE_OUTER_BOUND('',#688,.T.);
#346=FACE_OUTER_BOUND('',#689,.T.);
#347=FACE_OUTER_BOUND('',#690,.T.);
#348=FACE_OUTER_BOUND('',#691,.T.);
#349=FACE_OUTER_BOUND('',#692,.T.);
#350=FACE_OUTER_BOUND('',#693,.T.);
#351=FACE_OUTER_BOUND('',#694,.T.);
#352=FACE_OUTER_BOUND('',#695,.T.);
#353=FACE_OUTER_BOUND('',#696,.T.);
#354=FACE_OUTER_BOUND('',#697,.T.);
#355=FACE_OUTER_BOUND('',#698,.T.);
#356=FACE_OUTER_BOUND('',#699,.T.);
#357=FACE_OUTER_BOUND('',#700,.T.);
#358=FACE_OUTER_BOUND('',#701,.T.);
#359=FACE_OUTER_BOUND('',#702,.T.);
#360=FACE_OUTER_BOUND('',#703,.T.);
#361=FACE_OUTER_BOUND('',#704,.T.);
#362=FACE_OUTER_BOUND('',#705,.T.);
#363=FACE_OUTER_BOUND('',#706,.T.);
#364=FACE_OUTER_BOUND('',#707,.T.);
#365=FACE_OUTER_BOUND('',#708,.T.);
#366=FACE_OUTER_BOUND('',#709,.T.);
#367=FACE_OUTER_BOUND('',#710,.T.);
#368=FACE_OUTER_BOUND('',#711,.T.);
#369=FACE_OUTER_BOUND('',#712,.T.);
#370=FACE_OUTER_BOUND('',#713,.T.);
#371=FACE_OUTER_BOUND('',#714,.T.);
#372=FACE_OUTER_BOUND('',#715,.T.);
#373=FACE_OUTER_BOUND('',#716,.T.);
#374=FACE_OUTER_BOUND('',#717,.T.);
#375=FACE_OUTER_BOUND('',#718,.T.);
#376=FACE_OUTER_BOUND('',#719,.T.);
#377=FACE_OUTER_BOUND('',#720,.T.);
#378=FACE_OUTER_BOUND('',#721,.T.);
#379=FACE_OUTER_BOUND('',#722,.T.);
#380=FACE_OUTER_BOUND('',#723,.T.);
#381=FACE_OUTER_BOUND('',#724,.T.);
#382=FACE_OUTER_BOUND('',#725,.T.);
#383=FACE_OUTER_BOUND('',#726,.T.);
#384=FACE_OUTER_BOUND('',#727,.T.);
#385=FACE_OUTER_BOUND('',#728,.T.);
#386=FACE_OUTER_BOUND('',#729,.T.);
#387=FACE_OUTER_BOUND('',#730,.T.);
#388=FACE_OUTER_BOUND('',#731,.T.);
#389=FACE_OUTER_BOUND('',#732,.T.);
#390=FACE_OUTER_BOUND('',#733,.T.);
#391=FACE_OUTER_BOUND('',#734,.T.);
#392=FACE_OUTER_BOUND('',#735,.T.);
#393=FACE_OUTER_BOUND('',#736,.T.);
#394=FACE_OUTER_BOUND('',#737,.T.);
#395=FACE_OUTER_BOUND('',#738,.T.);
#396=FACE_OUTER_BOUND('',#739,.T.);
#397=FACE_OUTER_BOUND('',#740,.T.);
#398=FACE_OUTER_BOUND('',#741,.T.);
#399=FACE_OUTER_BOUND('',#742,.T.);
#400=FACE_OUTER_BOUND('',#743,.T.);
#401=FACE_OUTER_BOUND('',#744,.T.);
#402=FACE_OUTER_BOUND('',#745,.T.);
#403=FACE_OUTER_BOUND('',#746,.T.);
#404=FACE_OUTER_BOUND('',#747,.T.);
#405=FACE_OUTER_BOUND('',#748,.T.);
#406=FACE_OUTER_BOUND('',#749,.T.);
#407=FACE_OUTER_BOUND('',#750,.T.);
#408=FACE_OUTER_BOUND('',#751,.T.);
#409=FACE_OUTER_BOUND('',#752,.T.);
#410=FACE_OUTER_BOUND('',#753,.T.);
#411=FACE_OUTER_BOUND('',#754,.T.);
#412=FACE_OUTER_BOUND('',#755,.T.);
#413=FACE_OUTER_BOUND('',#756,.T.);
#414=FACE_OUTER_BOUND('',#757,.T.);
#415=FACE_OUTER_BOUND('',#758,.T.);
#416=FACE_OUTER_BOUND('',#759,.T.);
#417=FACE_OUTER_BOUND('',#760,.T.);
#418=FACE_OUTER_BOUND('',#761,.T.);
#419=FACE_OUTER_BOUND('',#762,.T.);
#420=FACE_OUTER_BOUND('',#763,.T.);
#421=FACE_OUTER_BOUND('',#764,.T.);
#422=FACE_OUTER_BOUND('',#765,.T.);
#423=FACE_OUTER_BOUND('',#766,.T.);
#424=FACE_OUTER_BOUND('',#767,.T.);
#425=FACE_OUTER_BOUND('',#768,.T.);
#426=FACE_OUTER_BOUND('',#769,.T.);
#427=FACE_OUTER_BOUND('',#770,.T.);
#428=FACE_OUTER_BOUND('',#771,.T.);
#429=FACE_OUTER_BOUND('',#772,.T.);
#430=FACE_OUTER_BOUND('',#773,.T.);
#431=FACE_OUTER_BOUND('',#774,.T.);
#432=FACE_OUTER_BOUND('',#775,.T.);
#433=FACE_OUTER_BOUND('',#776,.T.);
#434=FACE_OUTER_BOUND('',#777,.T.);
#435=FACE_OUTER_BOUND('',#778,.T.);
#436=FACE_OUTER_BOUND('',#779,.T.);
#437=FACE_OUTER_BOUND('',#780,.T.);
#438=FACE_OUTER_BOUND('',#781,.T.);
#439=FACE_OUTER_BOUND('',#782,.T.);
#440=FACE_OUTER_BOUND('',#783,.T.);
#441=FACE_OUTER_BOUND('',#784,.T.);
#442=FACE_OUTER_BOUND('',#785,.T.);
#443=FACE_OUTER_BOUND('',#786,.T.);
#444=FACE_OUTER_BOUND('',#787,.T.);
#445=FACE_OUTER_BOUND('',#788,.T.);
#446=FACE_OUTER_BOUND('',#789,.T.);
#447=FACE_OUTER_BOUND('',#790,.T.);
#448=FACE_OUTER_BOUND('',#791,.T.);
#449=FACE_OUTER_BOUND('',#792,.T.);
#450=FACE_OUTER_BOUND('',#793,.T.);
#451=FACE_OUTER_BOUND('',#794,.T.);
#452=FACE_OUTER_BOUND('',#795,.T.);
#453=FACE_OUTER_BOUND('',#796,.T.);
#454=FACE_OUTER_BOUND('',#797,.T.);
#455=FACE_OUTER_BOUND('',#798,.T.);
#456=FACE_OUTER_BOUND('',#799,.T.);
#457=FACE_OUTER_BOUND('',#800,.T.);
#458=FACE_OUTER_BOUND('',#801,.T.);
#459=FACE_OUTER_BOUND('',#802,.T.);
#460=FACE_OUTER_BOUND('',#803,.T.);
#461=FACE_OUTER_BOUND('',#804,.T.);
#462=FACE_OUTER_BOUND('',#805,.T.);
#463=FACE_OUTER_BOUND('',#806,.T.);
#464=FACE_OUTER_BOUND('',#807,.T.);
#465=FACE_OUTER_BOUND('',#808,.T.);
#466=FACE_OUTER_BOUND('',#809,.T.);
#467=FACE_OUTER_BOUND('',#810,.T.);
#468=FACE_OUTER_BOUND('',#811,.T.);
#469=FACE_OUTER_BOUND('',#812,.T.);
#470=FACE_OUTER_BOUND('',#813,.T.);
#471=FACE_OUTER_BOUND('',#814,.T.);
#472=FACE_OUTER_BOUND('',#815,.T.);
#473=FACE_OUTER_BOUND('',#816,.T.);
#474=FACE_OUTER_BOUND('',#817,.T.);
#475=FACE_OUTER_BOUND('',#818,.T.);
#476=FACE_OUTER_BOUND('',#819,.T.);
#477=FACE_OUTER_BOUND('',#820,.T.);
#478=FACE_OUTER_BOUND('',#821,.T.);
#479=FACE_OUTER_BOUND('',#822,.T.);
#480=FACE_OUTER_BOUND('',#823,.T.);
#481=FACE_OUTER_BOUND('',#824,.T.);
#482=FACE_OUTER_BOUND('',#825,.T.);
#483=FACE_OUTER_BOUND('',#826,.T.);
#484=FACE_OUTER_BOUND('',#827,.T.);
#485=FACE_OUTER_BOUND('',#828,.T.);
#486=FACE_OUTER_BOUND('',#829,.T.);
#487=FACE_OUTER_BOUND('',#830,.T.);
#488=FACE_OUTER_BOUND('',#831,.T.);
#489=FACE_OUTER_BOUND('',#832,.T.);
#490=FACE_OUTER_BOUND('',#833,.T.);
#491=FACE_OUTER_BOUND('',#834,.T.);
#492=FACE_OUTER_BOUND('',#835,.T.);
#493=FACE_OUTER_BOUND('',#836,.T.);
#494=FACE_OUTER_BOUND('',#837,.T.);
#495=FACE_OUTER_BOUND('',#838,.T.);
#496=FACE_OUTER_BOUND('',#839,.T.);
#497=FACE_OUTER_BOUND('',#840,.T.);
#498=FACE_OUTER_BOUND('',#841,.T.);
#499=FACE_OUTER_BOUND('',#842,.T.);
#500=FACE_OUTER_BOUND('',#843,.T.);
#501=FACE_OUTER_BOUND('',#844,.T.);
#502=FACE_OUTER_BOUND('',#845,.T.);
#503=EDGE_LOOP('',(#3733,#3734,#3735,#3736));
#504=EDGE_LOOP('',(#3737,#3738,#3739,#3740));
#505=EDGE_LOOP('',(#3741,#3742,#3743,#3744,#3745,#3746,#3747,#3748,#3749,
#3750,#3751,#3752,#3753,#3754,#3755,#3756,#3757,#3758,#3759,#3760,#3761,
#3762,#3763,#3764,#3765,#3766,#3767,#3768,#3769,#3770,#3771,#3772,#3773,
#3774,#3775,#3776,#3777,#3778,#3779,#3780,#3781,#3782,#3783,#3784,#3785,
#3786,#3787,#3788,#3789,#3790,#3791,#3792,#3793,#3794,#3795,#3796,#3797,
#3798,#3799,#3800,#3801,#3802,#3803,#3804,#3805,#3806,#3807,#3808,#3809,
#3810,#3811,#3812,#3813,#3814,#3815,#3816,#3817,#3818,#3819,#3820,#3821,
#3822,#3823,#3824,#3825));
#506=EDGE_LOOP('',(#3826,#3827,#3828,#3829));
#507=EDGE_LOOP('',(#3830,#3831,#3832,#3833,#3834,#3835,#3836,#3837));
#508=EDGE_LOOP('',(#3838,#3839,#3840,#3841,#3842,#3843,#3844,#3845));
#509=EDGE_LOOP('',(#3846,#3847,#3848,#3849,#3850,#3851,#3852,#3853));
#510=EDGE_LOOP('',(#3854,#3855,#3856,#3857,#3858,#3859,#3860,#3861));
#511=EDGE_LOOP('',(#3862,#3863,#3864,#3865,#3866,#3867,#3868,#3869));
#512=EDGE_LOOP('',(#3870,#3871,#3872,#3873,#3874,#3875,#3876,#3877));
#513=EDGE_LOOP('',(#3878,#3879,#3880,#3881,#3882,#3883,#3884,#3885));
#514=EDGE_LOOP('',(#3886,#3887,#3888,#3889,#3890,#3891,#3892,#3893));
#515=EDGE_LOOP('',(#3894,#3895,#3896,#3897,#3898,#3899,#3900,#3901));
#516=EDGE_LOOP('',(#3902,#3903,#3904,#3905,#3906,#3907,#3908,#3909));
#517=EDGE_LOOP('',(#3910,#3911,#3912,#3913,#3914,#3915,#3916,#3917));
#518=EDGE_LOOP('',(#3918,#3919,#3920,#3921,#3922,#3923,#3924,#3925));
#519=EDGE_LOOP('',(#3926,#3927,#3928,#3929,#3930,#3931,#3932,#3933));
#520=EDGE_LOOP('',(#3934,#3935,#3936,#3937,#3938,#3939,#3940,#3941));
#521=EDGE_LOOP('',(#3942,#3943,#3944,#3945,#3946,#3947,#3948,#3949));
#522=EDGE_LOOP('',(#3950,#3951,#3952,#3953,#3954,#3955,#3956,#3957));
#523=EDGE_LOOP('',(#3958,#3959,#3960,#3961,#3962,#3963,#3964,#3965));
#524=EDGE_LOOP('',(#3966,#3967,#3968,#3969,#3970,#3971,#3972,#3973));
#525=EDGE_LOOP('',(#3974,#3975,#3976,#3977,#3978,#3979,#3980,#3981));
#526=EDGE_LOOP('',(#3982,#3983,#3984,#3985,#3986,#3987,#3988,#3989));
#527=EDGE_LOOP('',(#3990,#3991,#3992,#3993,#3994,#3995,#3996,#3997));
#528=EDGE_LOOP('',(#3998,#3999,#4000,#4001,#4002,#4003,#4004,#4005));
#529=EDGE_LOOP('',(#4006,#4007,#4008,#4009,#4010,#4011,#4012,#4013));
#530=EDGE_LOOP('',(#4014,#4015,#4016,#4017,#4018,#4019,#4020,#4021));
#531=EDGE_LOOP('',(#4022,#4023,#4024,#4025,#4026,#4027,#4028,#4029));
#532=EDGE_LOOP('',(#4030,#4031,#4032,#4033));
#533=EDGE_LOOP('',(#4034,#4035,#4036,#4037));
#534=EDGE_LOOP('',(#4038,#4039,#4040,#4041));
#535=EDGE_LOOP('',(#4042,#4043,#4044,#4045));
#536=EDGE_LOOP('',(#4046,#4047,#4048,#4049));
#537=EDGE_LOOP('',(#4050,#4051,#4052,#4053));
#538=EDGE_LOOP('',(#4054,#4055,#4056,#4057));
#539=EDGE_LOOP('',(#4058,#4059,#4060,#4061));
#540=EDGE_LOOP('',(#4062,#4063,#4064,#4065));
#541=EDGE_LOOP('',(#4066,#4067,#4068,#4069));
#542=EDGE_LOOP('',(#4070,#4071,#4072,#4073));
#543=EDGE_LOOP('',(#4074,#4075,#4076,#4077));
#544=EDGE_LOOP('',(#4078,#4079,#4080,#4081));
#545=EDGE_LOOP('',(#4082,#4083,#4084,#4085));
#546=EDGE_LOOP('',(#4086,#4087,#4088,#4089));
#547=EDGE_LOOP('',(#4090,#4091,#4092,#4093,#4094,#4095,#4096,#4097,#4098,
#4099,#4100,#4101,#4102,#4103,#4104,#4105,#4106,#4107,#4108,#4109,#4110,
#4111,#4112,#4113,#4114,#4115,#4116,#4117,#4118,#4119,#4120,#4121,#4122,
#4123,#4124,#4125,#4126,#4127,#4128,#4129,#4130,#4131,#4132,#4133,#4134,
#4135,#4136,#4137,#4138,#4139,#4140,#4141,#4142,#4143,#4144,#4145,#4146,
#4147,#4148,#4149,#4150,#4151,#4152,#4153,#4154,#4155,#4156,#4157,#4158,
#4159,#4160,#4161,#4162,#4163,#4164,#4165,#4166,#4167,#4168,#4169,#4170,
#4171,#4172,#4173,#4174));
#548=EDGE_LOOP('',(#4175,#4176,#4177,#4178,#4179,#4180,#4181,#4182));
#549=EDGE_LOOP('',(#4183,#4184,#4185,#4186,#4187,#4188,#4189,#4190));
#550=EDGE_LOOP('',(#4191,#4192,#4193,#4194,#4195,#4196,#4197,#4198));
#551=EDGE_LOOP('',(#4199,#4200,#4201,#4202,#4203,#4204,#4205,#4206));
#552=EDGE_LOOP('',(#4207,#4208,#4209,#4210,#4211,#4212,#4213,#4214));
#553=EDGE_LOOP('',(#4215,#4216,#4217,#4218,#4219,#4220,#4221,#4222));
#554=EDGE_LOOP('',(#4223,#4224,#4225,#4226,#4227,#4228,#4229,#4230));
#555=EDGE_LOOP('',(#4231,#4232,#4233,#4234,#4235,#4236,#4237,#4238));
#556=EDGE_LOOP('',(#4239,#4240,#4241,#4242,#4243,#4244,#4245,#4246));
#557=EDGE_LOOP('',(#4247,#4248,#4249,#4250,#4251,#4252,#4253,#4254));
#558=EDGE_LOOP('',(#4255,#4256,#4257,#4258,#4259,#4260,#4261,#4262));
#559=EDGE_LOOP('',(#4263,#4264,#4265,#4266,#4267,#4268,#4269,#4270));
#560=EDGE_LOOP('',(#4271,#4272,#4273,#4274,#4275,#4276,#4277,#4278));
#561=EDGE_LOOP('',(#4279,#4280,#4281,#4282,#4283,#4284,#4285,#4286));
#562=EDGE_LOOP('',(#4287,#4288,#4289,#4290,#4291,#4292,#4293,#4294));
#563=EDGE_LOOP('',(#4295,#4296,#4297,#4298,#4299,#4300,#4301,#4302));
#564=EDGE_LOOP('',(#4303,#4304,#4305,#4306,#4307,#4308,#4309,#4310));
#565=EDGE_LOOP('',(#4311,#4312,#4313,#4314,#4315,#4316,#4317,#4318));
#566=EDGE_LOOP('',(#4319,#4320,#4321,#4322,#4323,#4324,#4325,#4326));
#567=EDGE_LOOP('',(#4327,#4328,#4329,#4330,#4331,#4332,#4333,#4334));
#568=EDGE_LOOP('',(#4335,#4336,#4337,#4338,#4339,#4340,#4341,#4342));
#569=EDGE_LOOP('',(#4343,#4344,#4345,#4346,#4347,#4348,#4349,#4350));
#570=EDGE_LOOP('',(#4351,#4352,#4353,#4354,#4355,#4356,#4357,#4358));
#571=EDGE_LOOP('',(#4359,#4360,#4361,#4362,#4363,#4364,#4365,#4366));
#572=EDGE_LOOP('',(#4367,#4368,#4369,#4370,#4371,#4372,#4373,#4374));
#573=EDGE_LOOP('',(#4375,#4376,#4377,#4378));
#574=EDGE_LOOP('',(#4379,#4380,#4381,#4382));
#575=EDGE_LOOP('',(#4383,#4384,#4385,#4386));
#576=EDGE_LOOP('',(#4387,#4388,#4389,#4390));
#577=EDGE_LOOP('',(#4391,#4392,#4393,#4394));
#578=EDGE_LOOP('',(#4395,#4396,#4397,#4398));
#579=EDGE_LOOP('',(#4399,#4400,#4401,#4402));
#580=EDGE_LOOP('',(#4403,#4404,#4405,#4406));
#581=EDGE_LOOP('',(#4407,#4408,#4409,#4410));
#582=EDGE_LOOP('',(#4411,#4412,#4413,#4414));
#583=EDGE_LOOP('',(#4415,#4416,#4417,#4418));
#584=EDGE_LOOP('',(#4419,#4420,#4421,#4422));
#585=EDGE_LOOP('',(#4423,#4424,#4425,#4426));
#586=EDGE_LOOP('',(#4427,#4428,#4429,#4430));
#587=EDGE_LOOP('',(#4431,#4432,#4433,#4434));
#588=EDGE_LOOP('',(#4435,#4436,#4437,#4438));
#589=EDGE_LOOP('',(#4439,#4440,#4441,#4442));
#590=EDGE_LOOP('',(#4443,#4444,#4445,#4446));
#591=EDGE_LOOP('',(#4447,#4448,#4449,#4450));
#592=EDGE_LOOP('',(#4451,#4452,#4453,#4454));
#593=EDGE_LOOP('',(#4455,#4456,#4457,#4458));
#594=EDGE_LOOP('',(#4459,#4460,#4461,#4462));
#595=EDGE_LOOP('',(#4463,#4464,#4465,#4466));
#596=EDGE_LOOP('',(#4467,#4468,#4469,#4470));
#597=EDGE_LOOP('',(#4471,#4472,#4473,#4474));
#598=EDGE_LOOP('',(#4475,#4476,#4477,#4478));
#599=EDGE_LOOP('',(#4479,#4480,#4481,#4482));
#600=EDGE_LOOP('',(#4483,#4484,#4485,#4486));
#601=EDGE_LOOP('',(#4487,#4488,#4489,#4490));
#602=EDGE_LOOP('',(#4491,#4492,#4493,#4494));
#603=EDGE_LOOP('',(#4495,#4496,#4497,#4498));
#604=EDGE_LOOP('',(#4499,#4500,#4501,#4502));
#605=EDGE_LOOP('',(#4503,#4504,#4505,#4506));
#606=EDGE_LOOP('',(#4507,#4508,#4509,#4510));
#607=EDGE_LOOP('',(#4511,#4512,#4513,#4514));
#608=EDGE_LOOP('',(#4515,#4516,#4517,#4518));
#609=EDGE_LOOP('',(#4519,#4520,#4521,#4522));
#610=EDGE_LOOP('',(#4523,#4524,#4525,#4526));
#611=EDGE_LOOP('',(#4527,#4528,#4529,#4530));
#612=EDGE_LOOP('',(#4531,#4532,#4533,#4534));
#613=EDGE_LOOP('',(#4535,#4536,#4537,#4538));
#614=EDGE_LOOP('',(#4539,#4540,#4541,#4542));
#615=EDGE_LOOP('',(#4543,#4544,#4545,#4546));
#616=EDGE_LOOP('',(#4547,#4548,#4549,#4550));
#617=EDGE_LOOP('',(#4551,#4552,#4553,#4554));
#618=EDGE_LOOP('',(#4555,#4556,#4557,#4558));
#619=EDGE_LOOP('',(#4559,#4560,#4561,#4562));
#620=EDGE_LOOP('',(#4563,#4564,#4565,#4566));
#621=EDGE_LOOP('',(#4567,#4568,#4569,#4570));
#622=EDGE_LOOP('',(#4571,#4572,#4573,#4574));
#623=EDGE_LOOP('',(#4575,#4576,#4577,#4578));
#624=EDGE_LOOP('',(#4579,#4580,#4581,#4582));
#625=EDGE_LOOP('',(#4583,#4584,#4585,#4586));
#626=EDGE_LOOP('',(#4587,#4588,#4589,#4590));
#627=EDGE_LOOP('',(#4591,#4592,#4593,#4594));
#628=EDGE_LOOP('',(#4595,#4596,#4597,#4598));
#629=EDGE_LOOP('',(#4599,#4600,#4601,#4602));
#630=EDGE_LOOP('',(#4603,#4604,#4605,#4606));
#631=EDGE_LOOP('',(#4607,#4608,#4609,#4610));
#632=EDGE_LOOP('',(#4611,#4612,#4613,#4614));
#633=EDGE_LOOP('',(#4615,#4616,#4617,#4618));
#634=EDGE_LOOP('',(#4619,#4620,#4621,#4622));
#635=EDGE_LOOP('',(#4623,#4624,#4625,#4626));
#636=EDGE_LOOP('',(#4627,#4628,#4629,#4630));
#637=EDGE_LOOP('',(#4631,#4632,#4633,#4634));
#638=EDGE_LOOP('',(#4635,#4636,#4637,#4638));
#639=EDGE_LOOP('',(#4639,#4640,#4641,#4642));
#640=EDGE_LOOP('',(#4643,#4644,#4645,#4646));
#641=EDGE_LOOP('',(#4647,#4648,#4649,#4650));
#642=EDGE_LOOP('',(#4651,#4652,#4653,#4654));
#643=EDGE_LOOP('',(#4655,#4656,#4657,#4658));
#644=EDGE_LOOP('',(#4659,#4660,#4661,#4662));
#645=EDGE_LOOP('',(#4663,#4664,#4665,#4666));
#646=EDGE_LOOP('',(#4667,#4668,#4669,#4670));
#647=EDGE_LOOP('',(#4671,#4672,#4673,#4674));
#648=EDGE_LOOP('',(#4675,#4676,#4677,#4678));
#649=EDGE_LOOP('',(#4679,#4680,#4681,#4682));
#650=EDGE_LOOP('',(#4683,#4684,#4685,#4686));
#651=EDGE_LOOP('',(#4687,#4688,#4689,#4690));
#652=EDGE_LOOP('',(#4691,#4692,#4693,#4694));
#653=EDGE_LOOP('',(#4695,#4696,#4697,#4698));
#654=EDGE_LOOP('',(#4699,#4700,#4701,#4702));
#655=EDGE_LOOP('',(#4703,#4704,#4705,#4706));
#656=EDGE_LOOP('',(#4707,#4708,#4709,#4710));
#657=EDGE_LOOP('',(#4711,#4712,#4713,#4714));
#658=EDGE_LOOP('',(#4715,#4716,#4717,#4718));
#659=EDGE_LOOP('',(#4719,#4720,#4721,#4722));
#660=EDGE_LOOP('',(#4723,#4724,#4725,#4726));
#661=EDGE_LOOP('',(#4727,#4728,#4729,#4730));
#662=EDGE_LOOP('',(#4731,#4732,#4733,#4734));
#663=EDGE_LOOP('',(#4735,#4736,#4737,#4738));
#664=EDGE_LOOP('',(#4739,#4740,#4741,#4742));
#665=EDGE_LOOP('',(#4743,#4744,#4745,#4746));
#666=EDGE_LOOP('',(#4747,#4748,#4749,#4750));
#667=EDGE_LOOP('',(#4751,#4752,#4753,#4754));
#668=EDGE_LOOP('',(#4755,#4756,#4757,#4758));
#669=EDGE_LOOP('',(#4759,#4760,#4761,#4762));
#670=EDGE_LOOP('',(#4763,#4764,#4765,#4766));
#671=EDGE_LOOP('',(#4767,#4768,#4769,#4770));
#672=EDGE_LOOP('',(#4771,#4772,#4773,#4774));
#673=EDGE_LOOP('',(#4775,#4776,#4777,#4778));
#674=EDGE_LOOP('',(#4779,#4780,#4781,#4782));
#675=EDGE_LOOP('',(#4783,#4784,#4785,#4786));
#676=EDGE_LOOP('',(#4787,#4788,#4789,#4790));
#677=EDGE_LOOP('',(#4791,#4792,#4793,#4794));
#678=EDGE_LOOP('',(#4795,#4796,#4797,#4798));
#679=EDGE_LOOP('',(#4799,#4800,#4801,#4802));
#680=EDGE_LOOP('',(#4803,#4804,#4805,#4806));
#681=EDGE_LOOP('',(#4807,#4808,#4809,#4810));
#682=EDGE_LOOP('',(#4811,#4812,#4813,#4814));
#683=EDGE_LOOP('',(#4815,#4816,#4817,#4818));
#684=EDGE_LOOP('',(#4819,#4820,#4821,#4822));
#685=EDGE_LOOP('',(#4823,#4824,#4825,#4826));
#686=EDGE_LOOP('',(#4827,#4828,#4829,#4830));
#687=EDGE_LOOP('',(#4831,#4832,#4833,#4834));
#688=EDGE_LOOP('',(#4835,#4836,#4837,#4838));
#689=EDGE_LOOP('',(#4839,#4840,#4841,#4842));
#690=EDGE_LOOP('',(#4843,#4844,#4845,#4846));
#691=EDGE_LOOP('',(#4847,#4848,#4849,#4850));
#692=EDGE_LOOP('',(#4851,#4852,#4853,#4854));
#693=EDGE_LOOP('',(#4855,#4856,#4857,#4858));
#694=EDGE_LOOP('',(#4859,#4860,#4861,#4862));
#695=EDGE_LOOP('',(#4863,#4864,#4865,#4866));
#696=EDGE_LOOP('',(#4867,#4868,#4869,#4870));
#697=EDGE_LOOP('',(#4871,#4872,#4873,#4874));
#698=EDGE_LOOP('',(#4875,#4876,#4877,#4878));
#699=EDGE_LOOP('',(#4879,#4880,#4881,#4882));
#700=EDGE_LOOP('',(#4883,#4884,#4885,#4886));
#701=EDGE_LOOP('',(#4887,#4888,#4889,#4890));
#702=EDGE_LOOP('',(#4891,#4892,#4893,#4894));
#703=EDGE_LOOP('',(#4895,#4896,#4897,#4898));
#704=EDGE_LOOP('',(#4899,#4900,#4901,#4902));
#705=EDGE_LOOP('',(#4903,#4904,#4905,#4906));
#706=EDGE_LOOP('',(#4907,#4908,#4909,#4910));
#707=EDGE_LOOP('',(#4911,#4912,#4913,#4914));
#708=EDGE_LOOP('',(#4915,#4916,#4917,#4918));
#709=EDGE_LOOP('',(#4919,#4920,#4921,#4922));
#710=EDGE_LOOP('',(#4923,#4924,#4925,#4926));
#711=EDGE_LOOP('',(#4927,#4928,#4929,#4930));
#712=EDGE_LOOP('',(#4931,#4932,#4933,#4934));
#713=EDGE_LOOP('',(#4935,#4936,#4937,#4938));
#714=EDGE_LOOP('',(#4939,#4940,#4941,#4942));
#715=EDGE_LOOP('',(#4943,#4944,#4945,#4946));
#716=EDGE_LOOP('',(#4947,#4948,#4949,#4950));
#717=EDGE_LOOP('',(#4951,#4952,#4953,#4954));
#718=EDGE_LOOP('',(#4955,#4956,#4957,#4958));
#719=EDGE_LOOP('',(#4959,#4960,#4961,#4962));
#720=EDGE_LOOP('',(#4963,#4964,#4965,#4966));
#721=EDGE_LOOP('',(#4967,#4968,#4969,#4970));
#722=EDGE_LOOP('',(#4971,#4972,#4973,#4974));
#723=EDGE_LOOP('',(#4975,#4976,#4977,#4978));
#724=EDGE_LOOP('',(#4979,#4980,#4981,#4982));
#725=EDGE_LOOP('',(#4983,#4984,#4985,#4986));
#726=EDGE_LOOP('',(#4987,#4988,#4989,#4990));
#727=EDGE_LOOP('',(#4991,#4992,#4993,#4994));
#728=EDGE_LOOP('',(#4995,#4996,#4997,#4998));
#729=EDGE_LOOP('',(#4999,#5000,#5001,#5002));
#730=EDGE_LOOP('',(#5003,#5004,#5005,#5006));
#731=EDGE_LOOP('',(#5007,#5008,#5009,#5010));
#732=EDGE_LOOP('',(#5011,#5012,#5013,#5014));
#733=EDGE_LOOP('',(#5015,#5016,#5017,#5018));
#734=EDGE_LOOP('',(#5019,#5020,#5021,#5022));
#735=EDGE_LOOP('',(#5023,#5024,#5025,#5026));
#736=EDGE_LOOP('',(#5027,#5028,#5029,#5030));
#737=EDGE_LOOP('',(#5031,#5032,#5033,#5034));
#738=EDGE_LOOP('',(#5035,#5036,#5037,#5038));
#739=EDGE_LOOP('',(#5039,#5040,#5041,#5042));
#740=EDGE_LOOP('',(#5043,#5044,#5045,#5046));
#741=EDGE_LOOP('',(#5047,#5048,#5049,#5050));
#742=EDGE_LOOP('',(#5051,#5052,#5053,#5054));
#743=EDGE_LOOP('',(#5055,#5056,#5057,#5058));
#744=EDGE_LOOP('',(#5059,#5060,#5061,#5062));
#745=EDGE_LOOP('',(#5063,#5064,#5065,#5066));
#746=EDGE_LOOP('',(#5067,#5068,#5069,#5070));
#747=EDGE_LOOP('',(#5071,#5072,#5073,#5074));
#748=EDGE_LOOP('',(#5075,#5076,#5077,#5078));
#749=EDGE_LOOP('',(#5079,#5080,#5081,#5082));
#750=EDGE_LOOP('',(#5083,#5084,#5085,#5086));
#751=EDGE_LOOP('',(#5087,#5088,#5089,#5090));
#752=EDGE_LOOP('',(#5091,#5092,#5093,#5094));
#753=EDGE_LOOP('',(#5095,#5096,#5097,#5098));
#754=EDGE_LOOP('',(#5099,#5100,#5101,#5102));
#755=EDGE_LOOP('',(#5103,#5104,#5105,#5106));
#756=EDGE_LOOP('',(#5107,#5108,#5109,#5110));
#757=EDGE_LOOP('',(#5111,#5112,#5113,#5114));
#758=EDGE_LOOP('',(#5115,#5116,#5117,#5118));
#759=EDGE_LOOP('',(#5119,#5120,#5121,#5122));
#760=EDGE_LOOP('',(#5123,#5124,#5125,#5126));
#761=EDGE_LOOP('',(#5127,#5128,#5129,#5130));
#762=EDGE_LOOP('',(#5131,#5132,#5133,#5134));
#763=EDGE_LOOP('',(#5135,#5136,#5137,#5138));
#764=EDGE_LOOP('',(#5139,#5140,#5141,#5142));
#765=EDGE_LOOP('',(#5143,#5144,#5145,#5146));
#766=EDGE_LOOP('',(#5147,#5148,#5149,#5150));
#767=EDGE_LOOP('',(#5151,#5152,#5153,#5154));
#768=EDGE_LOOP('',(#5155,#5156,#5157,#5158));
#769=EDGE_LOOP('',(#5159,#5160,#5161,#5162));
#770=EDGE_LOOP('',(#5163,#5164,#5165,#5166));
#771=EDGE_LOOP('',(#5167,#5168,#5169,#5170));
#772=EDGE_LOOP('',(#5171,#5172,#5173,#5174));
#773=EDGE_LOOP('',(#5175,#5176,#5177,#5178));
#774=EDGE_LOOP('',(#5179,#5180,#5181,#5182));
#775=EDGE_LOOP('',(#5183,#5184,#5185,#5186));
#776=EDGE_LOOP('',(#5187,#5188,#5189,#5190));
#777=EDGE_LOOP('',(#5191,#5192,#5193,#5194));
#778=EDGE_LOOP('',(#5195,#5196,#5197,#5198));
#779=EDGE_LOOP('',(#5199,#5200,#5201,#5202));
#780=EDGE_LOOP('',(#5203,#5204,#5205,#5206));
#781=EDGE_LOOP('',(#5207,#5208,#5209,#5210));
#782=EDGE_LOOP('',(#5211,#5212,#5213,#5214));
#783=EDGE_LOOP('',(#5215,#5216,#5217,#5218));
#784=EDGE_LOOP('',(#5219,#5220,#5221,#5222));
#785=EDGE_LOOP('',(#5223,#5224,#5225,#5226));
#786=EDGE_LOOP('',(#5227,#5228,#5229,#5230));
#787=EDGE_LOOP('',(#5231,#5232,#5233,#5234));
#788=EDGE_LOOP('',(#5235,#5236,#5237,#5238));
#789=EDGE_LOOP('',(#5239,#5240,#5241,#5242));
#790=EDGE_LOOP('',(#5243,#5244,#5245,#5246));
#791=EDGE_LOOP('',(#5247,#5248,#5249,#5250));
#792=EDGE_LOOP('',(#5251,#5252,#5253,#5254));
#793=EDGE_LOOP('',(#5255,#5256,#5257,#5258));
#794=EDGE_LOOP('',(#5259,#5260,#5261,#5262));
#795=EDGE_LOOP('',(#5263,#5264,#5265,#5266));
#796=EDGE_LOOP('',(#5267,#5268,#5269,#5270));
#797=EDGE_LOOP('',(#5271,#5272,#5273,#5274));
#798=EDGE_LOOP('',(#5275,#5276,#5277,#5278));
#799=EDGE_LOOP('',(#5279,#5280,#5281,#5282));
#800=EDGE_LOOP('',(#5283,#5284,#5285,#5286));
#801=EDGE_LOOP('',(#5287,#5288,#5289,#5290));
#802=EDGE_LOOP('',(#5291,#5292,#5293,#5294));
#803=EDGE_LOOP('',(#5295,#5296,#5297,#5298));
#804=EDGE_LOOP('',(#5299,#5300,#5301,#5302));
#805=EDGE_LOOP('',(#5303,#5304,#5305,#5306));
#806=EDGE_LOOP('',(#5307,#5308,#5309,#5310));
#807=EDGE_LOOP('',(#5311,#5312,#5313,#5314));
#808=EDGE_LOOP('',(#5315,#5316,#5317,#5318));
#809=EDGE_LOOP('',(#5319,#5320,#5321,#5322));
#810=EDGE_LOOP('',(#5323,#5324,#5325,#5326));
#811=EDGE_LOOP('',(#5327,#5328,#5329,#5330));
#812=EDGE_LOOP('',(#5331,#5332,#5333,#5334));
#813=EDGE_LOOP('',(#5335,#5336,#5337,#5338));
#814=EDGE_LOOP('',(#5339,#5340,#5341,#5342));
#815=EDGE_LOOP('',(#5343,#5344,#5345,#5346));
#816=EDGE_LOOP('',(#5347,#5348,#5349,#5350));
#817=EDGE_LOOP('',(#5351,#5352,#5353,#5354));
#818=EDGE_LOOP('',(#5355,#5356,#5357,#5358));
#819=EDGE_LOOP('',(#5359,#5360,#5361,#5362));
#820=EDGE_LOOP('',(#5363,#5364,#5365,#5366));
#821=EDGE_LOOP('',(#5367,#5368,#5369,#5370));
#822=EDGE_LOOP('',(#5371,#5372,#5373,#5374));
#823=EDGE_LOOP('',(#5375,#5376,#5377,#5378));
#824=EDGE_LOOP('',(#5379,#5380,#5381,#5382));
#825=EDGE_LOOP('',(#5383,#5384,#5385,#5386));
#826=EDGE_LOOP('',(#5387,#5388,#5389,#5390));
#827=EDGE_LOOP('',(#5391,#5392,#5393,#5394));
#828=EDGE_LOOP('',(#5395,#5396,#5397,#5398));
#829=EDGE_LOOP('',(#5399,#5400,#5401,#5402));
#830=EDGE_LOOP('',(#5403,#5404,#5405,#5406));
#831=EDGE_LOOP('',(#5407,#5408,#5409,#5410));
#832=EDGE_LOOP('',(#5411,#5412,#5413,#5414));
#833=EDGE_LOOP('',(#5415,#5416,#5417,#5418));
#834=EDGE_LOOP('',(#5419,#5420,#5421,#5422));
#835=EDGE_LOOP('',(#5423,#5424,#5425,#5426));
#836=EDGE_LOOP('',(#5427,#5428,#5429,#5430));
#837=EDGE_LOOP('',(#5431,#5432,#5433,#5434));
#838=EDGE_LOOP('',(#5435,#5436,#5437,#5438));
#839=EDGE_LOOP('',(#5439,#5440,#5441,#5442));
#840=EDGE_LOOP('',(#5443,#5444,#5445,#5446));
#841=EDGE_LOOP('',(#5447,#5448,#5449,#5450));
#842=EDGE_LOOP('',(#5451,#5452,#5453,#5454));
#843=EDGE_LOOP('',(#5455,#5456,#5457,#5458));
#844=EDGE_LOOP('',(#5459,#5460,#5461,#5462));
#845=EDGE_LOOP('',(#5463,#5464,#5465,#5466));
#846=LINE('',#8250,#1421);
#847=LINE('',#8253,#1422);
#848=LINE('',#8256,#1423);
#849=LINE('',#8258,#1424);
#850=LINE('',#8259,#1425);
#851=LINE('',#8262,#1426);
#852=LINE('',#8266,#1427);
#853=LINE('',#8270,#1428);
#854=LINE('',#8274,#1429);
#855=LINE('',#8278,#1430);
#856=LINE('',#8282,#1431);
#857=LINE('',#8286,#1432);
#858=LINE('',#8290,#1433);
#859=LINE('',#8294,#1434);
#860=LINE('',#8298,#1435);
#861=LINE('',#8302,#1436);
#862=LINE('',#8306,#1437);
#863=LINE('',#8310,#1438);
#864=LINE('',#8316,#1439);
#865=LINE('',#8320,#1440);
#866=LINE('',#8324,#1441);
#867=LINE('',#8328,#1442);
#868=LINE('',#8332,#1443);
#869=LINE('',#8336,#1444);
#870=LINE('',#8340,#1445);
#871=LINE('',#8346,#1446);
#872=LINE('',#8350,#1447);
#873=LINE('',#8354,#1448);
#874=LINE('',#8358,#1449);
#875=LINE('',#8362,#1450);
#876=LINE('',#8366,#1451);
#877=LINE('',#8370,#1452);
#878=LINE('',#8374,#1453);
#879=LINE('',#8378,#1454);
#880=LINE('',#8384,#1455);
#881=LINE('',#8388,#1456);
#882=LINE('',#8392,#1457);
#883=LINE('',#8396,#1458);
#884=LINE('',#8400,#1459);
#885=LINE('',#8404,#1460);
#886=LINE('',#8408,#1461);
#887=LINE('',#8412,#1462);
#888=LINE('',#8420,#1463);
#889=LINE('',#8428,#1464);
#890=LINE('',#8430,#1465);
#891=LINE('',#8432,#1466);
#892=LINE('',#8433,#1467);
#893=LINE('',#8436,#1468);
#894=LINE('',#8440,#1469);
#895=LINE('',#8444,#1470);
#896=LINE('',#8448,#1471);
#897=LINE('',#8452,#1472);
#898=LINE('',#8456,#1473);
#899=LINE('',#8460,#1474);
#900=LINE('',#8464,#1475);
#901=LINE('',#8468,#1476);
#902=LINE('',#8472,#1477);
#903=LINE('',#8476,#1478);
#904=LINE('',#8480,#1479);
#905=LINE('',#8484,#1480);
#906=LINE('',#8488,#1481);
#907=LINE('',#8492,#1482);
#908=LINE('',#8496,#1483);
#909=LINE('',#8500,#1484);
#910=LINE('',#8504,#1485);
#911=LINE('',#8508,#1486);
#912=LINE('',#8512,#1487);
#913=LINE('',#8516,#1488);
#914=LINE('',#8520,#1489);
#915=LINE('',#8524,#1490);
#916=LINE('',#8528,#1491);
#917=LINE('',#8532,#1492);
#918=LINE('',#8536,#1493);
#919=LINE('',#8540,#1494);
#920=LINE('',#8544,#1495);
#921=LINE('',#8548,#1496);
#922=LINE('',#8552,#1497);
#923=LINE('',#8556,#1498);
#924=LINE('',#8560,#1499);
#925=LINE('',#8564,#1500);
#926=LINE('',#8568,#1501);
#927=LINE('',#8572,#1502);
#928=LINE('',#8576,#1503);
#929=LINE('',#8580,#1504);
#930=LINE('',#8584,#1505);
#931=LINE('',#8588,#1506);
#932=LINE('',#8592,#1507);
#933=LINE('',#8596,#1508);
#934=LINE('',#8600,#1509);
#935=LINE('',#8604,#1510);
#936=LINE('',#8608,#1511);
#937=LINE('',#8612,#1512);
#938=LINE('',#8616,#1513);
#939=LINE('',#8620,#1514);
#940=LINE('',#8624,#1515);
#941=LINE('',#8628,#1516);
#942=LINE('',#8632,#1517);
#943=LINE('',#8636,#1518);
#944=LINE('',#8640,#1519);
#945=LINE('',#8644,#1520);
#946=LINE('',#8648,#1521);
#947=LINE('',#8652,#1522);
#948=LINE('',#8656,#1523);
#949=LINE('',#8660,#1524);
#950=LINE('',#8664,#1525);
#951=LINE('',#8668,#1526);
#952=LINE('',#8672,#1527);
#953=LINE('',#8676,#1528);
#954=LINE('',#8680,#1529);
#955=LINE('',#8684,#1530);
#956=LINE('',#8688,#1531);
#957=LINE('',#8692,#1532);
#958=LINE('',#8696,#1533);
#959=LINE('',#8700,#1534);
#960=LINE('',#8704,#1535);
#961=LINE('',#8708,#1536);
#962=LINE('',#8712,#1537);
#963=LINE('',#8716,#1538);
#964=LINE('',#8720,#1539);
#965=LINE('',#8724,#1540);
#966=LINE('',#8728,#1541);
#967=LINE('',#8732,#1542);
#968=LINE('',#8736,#1543);
#969=LINE('',#8740,#1544);
#970=LINE('',#8744,#1545);
#971=LINE('',#8748,#1546);
#972=LINE('',#8752,#1547);
#973=LINE('',#8756,#1548);
#974=LINE('',#8760,#1549);
#975=LINE('',#8764,#1550);
#976=LINE('',#8768,#1551);
#977=LINE('',#8772,#1552);
#978=LINE('',#8776,#1553);
#979=LINE('',#8780,#1554);
#980=LINE('',#8784,#1555);
#981=LINE('',#8788,#1556);
#982=LINE('',#8792,#1557);
#983=LINE('',#8796,#1558);
#984=LINE('',#8800,#1559);
#985=LINE('',#8804,#1560);
#986=LINE('',#8808,#1561);
#987=LINE('',#8812,#1562);
#988=LINE('',#8816,#1563);
#989=LINE('',#8820,#1564);
#990=LINE('',#8824,#1565);
#991=LINE('',#8828,#1566);
#992=LINE('',#8832,#1567);
#993=LINE('',#8836,#1568);
#994=LINE('',#8840,#1569);
#995=LINE('',#8844,#1570);
#996=LINE('',#8848,#1571);
#997=LINE('',#8849,#1572);
#998=LINE('',#8852,#1573);
#999=LINE('',#8855,#1574);
#1000=LINE('',#8859,#1575);
#1001=LINE('',#8864,#1576);
#1002=LINE('',#8867,#1577);
#1003=LINE('',#8870,#1578);
#1004=LINE('',#8871,#1579);
#1005=LINE('',#8874,#1580);
#1006=LINE('',#8877,#1581);
#1007=LINE('',#8882,#1582);
#1008=LINE('',#8883,#1583);
#1009=LINE('',#8886,#1584);
#1010=LINE('',#8887,#1585);
#1011=LINE('',#8891,#1586);
#1012=LINE('',#8893,#1587);
#1013=LINE('',#8896,#1588);
#1014=LINE('',#8900,#1589);
#1015=LINE('',#8904,#1590);
#1016=LINE('',#8908,#1591);
#1017=LINE('',#8914,#1592);
#1018=LINE('',#8918,#1593);
#1019=LINE('',#8922,#1594);
#1020=LINE('',#8926,#1595);
#1021=LINE('',#8930,#1596);
#1022=LINE('',#8934,#1597);
#1023=LINE('',#8938,#1598);
#1024=LINE('',#8942,#1599);
#1025=LINE('',#8946,#1600);
#1026=LINE('',#8952,#1601);
#1027=LINE('',#8956,#1602);
#1028=LINE('',#8960,#1603);
#1029=LINE('',#8964,#1604);
#1030=LINE('',#8968,#1605);
#1031=LINE('',#8972,#1606);
#1032=LINE('',#8976,#1607);
#1033=LINE('',#8982,#1608);
#1034=LINE('',#8986,#1609);
#1035=LINE('',#8990,#1610);
#1036=LINE('',#8994,#1611);
#1037=LINE('',#8998,#1612);
#1038=LINE('',#9002,#1613);
#1039=LINE('',#9006,#1614);
#1040=LINE('',#9010,#1615);
#1041=LINE('',#9014,#1616);
#1042=LINE('',#9018,#1617);
#1043=LINE('',#9022,#1618);
#1044=LINE('',#9026,#1619);
#1045=LINE('',#9029,#1620);
#1046=LINE('',#9032,#1621);
#1047=LINE('',#9036,#1622);
#1048=LINE('',#9040,#1623);
#1049=LINE('',#9044,#1624);
#1050=LINE('',#9048,#1625);
#1051=LINE('',#9052,#1626);
#1052=LINE('',#9056,#1627);
#1053=LINE('',#9060,#1628);
#1054=LINE('',#9064,#1629);
#1055=LINE('',#9068,#1630);
#1056=LINE('',#9072,#1631);
#1057=LINE('',#9076,#1632);
#1058=LINE('',#9080,#1633);
#1059=LINE('',#9084,#1634);
#1060=LINE('',#9088,#1635);
#1061=LINE('',#9092,#1636);
#1062=LINE('',#9096,#1637);
#1063=LINE('',#9100,#1638);
#1064=LINE('',#9104,#1639);
#1065=LINE('',#9108,#1640);
#1066=LINE('',#9112,#1641);
#1067=LINE('',#9116,#1642);
#1068=LINE('',#9120,#1643);
#1069=LINE('',#9124,#1644);
#1070=LINE('',#9128,#1645);
#1071=LINE('',#9132,#1646);
#1072=LINE('',#9136,#1647);
#1073=LINE('',#9140,#1648);
#1074=LINE('',#9144,#1649);
#1075=LINE('',#9148,#1650);
#1076=LINE('',#9152,#1651);
#1077=LINE('',#9156,#1652);
#1078=LINE('',#9160,#1653);
#1079=LINE('',#9164,#1654);
#1080=LINE('',#9168,#1655);
#1081=LINE('',#9172,#1656);
#1082=LINE('',#9176,#1657);
#1083=LINE('',#9180,#1658);
#1084=LINE('',#9184,#1659);
#1085=LINE('',#9188,#1660);
#1086=LINE('',#9192,#1661);
#1087=LINE('',#9196,#1662);
#1088=LINE('',#9200,#1663);
#1089=LINE('',#9204,#1664);
#1090=LINE('',#9208,#1665);
#1091=LINE('',#9212,#1666);
#1092=LINE('',#9216,#1667);
#1093=LINE('',#9220,#1668);
#1094=LINE('',#9224,#1669);
#1095=LINE('',#9228,#1670);
#1096=LINE('',#9232,#1671);
#1097=LINE('',#9236,#1672);
#1098=LINE('',#9240,#1673);
#1099=LINE('',#9244,#1674);
#1100=LINE('',#9248,#1675);
#1101=LINE('',#9252,#1676);
#1102=LINE('',#9256,#1677);
#1103=LINE('',#9260,#1678);
#1104=LINE('',#9264,#1679);
#1105=LINE('',#9268,#1680);
#1106=LINE('',#9272,#1681);
#1107=LINE('',#9276,#1682);
#1108=LINE('',#9280,#1683);
#1109=LINE('',#9284,#1684);
#1110=LINE('',#9288,#1685);
#1111=LINE('',#9292,#1686);
#1112=LINE('',#9296,#1687);
#1113=LINE('',#9300,#1688);
#1114=LINE('',#9304,#1689);
#1115=LINE('',#9308,#1690);
#1116=LINE('',#9312,#1691);
#1117=LINE('',#9316,#1692);
#1118=LINE('',#9320,#1693);
#1119=LINE('',#9324,#1694);
#1120=LINE('',#9328,#1695);
#1121=LINE('',#9332,#1696);
#1122=LINE('',#9336,#1697);
#1123=LINE('',#9340,#1698);
#1124=LINE('',#9344,#1699);
#1125=LINE('',#9348,#1700);
#1126=LINE('',#9352,#1701);
#1127=LINE('',#9356,#1702);
#1128=LINE('',#9360,#1703);
#1129=LINE('',#9364,#1704);
#1130=LINE('',#9368,#1705);
#1131=LINE('',#9372,#1706);
#1132=LINE('',#9376,#1707);
#1133=LINE('',#9380,#1708);
#1134=LINE('',#9384,#1709);
#1135=LINE('',#9388,#1710);
#1136=LINE('',#9392,#1711);
#1137=LINE('',#9396,#1712);
#1138=LINE('',#9400,#1713);
#1139=LINE('',#9404,#1714);
#1140=LINE('',#9408,#1715);
#1141=LINE('',#9412,#1716);
#1142=LINE('',#9416,#1717);
#1143=LINE('',#9420,#1718);
#1144=LINE('',#9424,#1719);
#1145=LINE('',#9428,#1720);
#1146=LINE('',#9432,#1721);
#1147=LINE('',#9434,#1722);
#1148=LINE('',#9436,#1723);
#1149=LINE('',#9437,#1724);
#1150=LINE('',#9439,#1725);
#1151=LINE('',#9440,#1726);
#1152=LINE('',#9442,#1727);
#1153=LINE('',#9444,#1728);
#1154=LINE('',#9446,#1729);
#1155=LINE('',#9448,#1730);
#1156=LINE('',#9450,#1731);
#1157=LINE('',#9452,#1732);
#1158=LINE('',#9455,#1733);
#1159=LINE('',#9456,#1734);
#1160=LINE('',#9458,#1735);
#1161=LINE('',#9460,#1736);
#1162=LINE('',#9462,#1737);
#1163=LINE('',#9464,#1738);
#1164=LINE('',#9466,#1739);
#1165=LINE('',#9468,#1740);
#1166=LINE('',#9471,#1741);
#1167=LINE('',#9472,#1742);
#1168=LINE('',#9474,#1743);
#1169=LINE('',#9476,#1744);
#1170=LINE('',#9478,#1745);
#1171=LINE('',#9480,#1746);
#1172=LINE('',#9482,#1747);
#1173=LINE('',#9484,#1748);
#1174=LINE('',#9487,#1749);
#1175=LINE('',#9488,#1750);
#1176=LINE('',#9490,#1751);
#1177=LINE('',#9492,#1752);
#1178=LINE('',#9494,#1753);
#1179=LINE('',#9496,#1754);
#1180=LINE('',#9498,#1755);
#1181=LINE('',#9500,#1756);
#1182=LINE('',#9503,#1757);
#1183=LINE('',#9504,#1758);
#1184=LINE('',#9506,#1759);
#1185=LINE('',#9508,#1760);
#1186=LINE('',#9510,#1761);
#1187=LINE('',#9512,#1762);
#1188=LINE('',#9514,#1763);
#1189=LINE('',#9516,#1764);
#1190=LINE('',#9519,#1765);
#1191=LINE('',#9520,#1766);
#1192=LINE('',#9522,#1767);
#1193=LINE('',#9524,#1768);
#1194=LINE('',#9526,#1769);
#1195=LINE('',#9528,#1770);
#1196=LINE('',#9530,#1771);
#1197=LINE('',#9532,#1772);
#1198=LINE('',#9535,#1773);
#1199=LINE('',#9536,#1774);
#1200=LINE('',#9538,#1775);
#1201=LINE('',#9540,#1776);
#1202=LINE('',#9542,#1777);
#1203=LINE('',#9544,#1778);
#1204=LINE('',#9546,#1779);
#1205=LINE('',#9548,#1780);
#1206=LINE('',#9551,#1781);
#1207=LINE('',#9552,#1782);
#1208=LINE('',#9554,#1783);
#1209=LINE('',#9556,#1784);
#1210=LINE('',#9558,#1785);
#1211=LINE('',#9560,#1786);
#1212=LINE('',#9562,#1787);
#1213=LINE('',#9564,#1788);
#1214=LINE('',#9567,#1789);
#1215=LINE('',#9568,#1790);
#1216=LINE('',#9570,#1791);
#1217=LINE('',#9572,#1792);
#1218=LINE('',#9574,#1793);
#1219=LINE('',#9576,#1794);
#1220=LINE('',#9578,#1795);
#1221=LINE('',#9580,#1796);
#1222=LINE('',#9583,#1797);
#1223=LINE('',#9584,#1798);
#1224=LINE('',#9586,#1799);
#1225=LINE('',#9588,#1800);
#1226=LINE('',#9590,#1801);
#1227=LINE('',#9592,#1802);
#1228=LINE('',#9594,#1803);
#1229=LINE('',#9596,#1804);
#1230=LINE('',#9599,#1805);
#1231=LINE('',#9600,#1806);
#1232=LINE('',#9602,#1807);
#1233=LINE('',#9604,#1808);
#1234=LINE('',#9606,#1809);
#1235=LINE('',#9608,#1810);
#1236=LINE('',#9610,#1811);
#1237=LINE('',#9612,#1812);
#1238=LINE('',#9615,#1813);
#1239=LINE('',#9616,#1814);
#1240=LINE('',#9618,#1815);
#1241=LINE('',#9620,#1816);
#1242=LINE('',#9622,#1817);
#1243=LINE('',#9624,#1818);
#1244=LINE('',#9626,#1819);
#1245=LINE('',#9628,#1820);
#1246=LINE('',#9631,#1821);
#1247=LINE('',#9632,#1822);
#1248=LINE('',#9634,#1823);
#1249=LINE('',#9636,#1824);
#1250=LINE('',#9638,#1825);
#1251=LINE('',#9640,#1826);
#1252=LINE('',#9642,#1827);
#1253=LINE('',#9644,#1828);
#1254=LINE('',#9647,#1829);
#1255=LINE('',#9648,#1830);
#1256=LINE('',#9650,#1831);
#1257=LINE('',#9652,#1832);
#1258=LINE('',#9654,#1833);
#1259=LINE('',#9656,#1834);
#1260=LINE('',#9658,#1835);
#1261=LINE('',#9660,#1836);
#1262=LINE('',#9663,#1837);
#1263=LINE('',#9664,#1838);
#1264=LINE('',#9666,#1839);
#1265=LINE('',#9668,#1840);
#1266=LINE('',#9670,#1841);
#1267=LINE('',#9672,#1842);
#1268=LINE('',#9674,#1843);
#1269=LINE('',#9676,#1844);
#1270=LINE('',#9679,#1845);
#1271=LINE('',#9680,#1846);
#1272=LINE('',#9682,#1847);
#1273=LINE('',#9684,#1848);
#1274=LINE('',#9686,#1849);
#1275=LINE('',#9688,#1850);
#1276=LINE('',#9690,#1851);
#1277=LINE('',#9692,#1852);
#1278=LINE('',#9695,#1853);
#1279=LINE('',#9696,#1854);
#1280=LINE('',#9698,#1855);
#1281=LINE('',#9700,#1856);
#1282=LINE('',#9702,#1857);
#1283=LINE('',#9704,#1858);
#1284=LINE('',#9706,#1859);
#1285=LINE('',#9708,#1860);
#1286=LINE('',#9711,#1861);
#1287=LINE('',#9712,#1862);
#1288=LINE('',#9714,#1863);
#1289=LINE('',#9716,#1864);
#1290=LINE('',#9718,#1865);
#1291=LINE('',#9720,#1866);
#1292=LINE('',#9722,#1867);
#1293=LINE('',#9724,#1868);
#1294=LINE('',#9727,#1869);
#1295=LINE('',#9728,#1870);
#1296=LINE('',#9730,#1871);
#1297=LINE('',#9732,#1872);
#1298=LINE('',#9734,#1873);
#1299=LINE('',#9736,#1874);
#1300=LINE('',#9738,#1875);
#1301=LINE('',#9740,#1876);
#1302=LINE('',#9743,#1877);
#1303=LINE('',#9744,#1878);
#1304=LINE('',#9746,#1879);
#1305=LINE('',#9748,#1880);
#1306=LINE('',#9750,#1881);
#1307=LINE('',#9752,#1882);
#1308=LINE('',#9754,#1883);
#1309=LINE('',#9756,#1884);
#1310=LINE('',#9759,#1885);
#1311=LINE('',#9760,#1886);
#1312=LINE('',#9762,#1887);
#1313=LINE('',#9764,#1888);
#1314=LINE('',#9766,#1889);
#1315=LINE('',#9768,#1890);
#1316=LINE('',#9770,#1891);
#1317=LINE('',#9772,#1892);
#1318=LINE('',#9775,#1893);
#1319=LINE('',#9776,#1894);
#1320=LINE('',#9778,#1895);
#1321=LINE('',#9780,#1896);
#1322=LINE('',#9782,#1897);
#1323=LINE('',#9784,#1898);
#1324=LINE('',#9786,#1899);
#1325=LINE('',#9788,#1900);
#1326=LINE('',#9791,#1901);
#1327=LINE('',#9792,#1902);
#1328=LINE('',#9794,#1903);
#1329=LINE('',#9796,#1904);
#1330=LINE('',#9798,#1905);
#1331=LINE('',#9800,#1906);
#1332=LINE('',#9802,#1907);
#1333=LINE('',#9804,#1908);
#1334=LINE('',#9807,#1909);
#1335=LINE('',#9808,#1910);
#1336=LINE('',#9810,#1911);
#1337=LINE('',#9812,#1912);
#1338=LINE('',#9814,#1913);
#1339=LINE('',#9816,#1914);
#1340=LINE('',#9818,#1915);
#1341=LINE('',#9820,#1916);
#1342=LINE('',#9823,#1917);
#1343=LINE('',#9824,#1918);
#1344=LINE('',#9826,#1919);
#1345=LINE('',#9828,#1920);
#1346=LINE('',#9830,#1921);
#1347=LINE('',#9832,#1922);
#1348=LINE('',#9834,#1923);
#1349=LINE('',#9836,#1924);
#1350=LINE('',#9839,#1925);
#1351=LINE('',#9840,#1926);
#1352=LINE('',#9842,#1927);
#1353=LINE('',#9844,#1928);
#1354=LINE('',#9847,#1929);
#1355=LINE('',#9848,#1930);
#1356=LINE('',#9850,#1931);
#1357=LINE('',#9852,#1932);
#1358=LINE('',#9854,#1933);
#1359=LINE('',#9856,#1934);
#1360=LINE('',#9858,#1935);
#1361=LINE('',#9860,#1936);
#1362=LINE('',#9862,#1937);
#1363=LINE('',#9864,#1938);
#1364=LINE('',#9866,#1939);
#1365=LINE('',#9868,#1940);
#1366=LINE('',#9870,#1941);
#1367=LINE('',#9872,#1942);
#1368=LINE('',#9874,#1943);
#1369=LINE('',#9876,#1944);
#1370=LINE('',#9878,#1945);
#1371=LINE('',#9880,#1946);
#1372=LINE('',#9882,#1947);
#1373=LINE('',#9884,#1948);
#1374=LINE('',#9886,#1949);
#1375=LINE('',#9888,#1950);
#1376=LINE('',#9890,#1951);
#1377=LINE('',#9892,#1952);
#1378=LINE('',#9894,#1953);
#1379=LINE('',#9896,#1954);
#1380=LINE('',#9898,#1955);
#1381=LINE('',#9900,#1956);
#1382=LINE('',#9902,#1957);
#1383=LINE('',#9904,#1958);
#1384=LINE('',#9906,#1959);
#1385=LINE('',#9908,#1960);
#1386=LINE('',#9910,#1961);
#1387=LINE('',#9912,#1962);
#1388=LINE('',#9914,#1963);
#1389=LINE('',#9916,#1964);
#1390=LINE('',#9918,#1965);
#1391=LINE('',#9920,#1966);
#1392=LINE('',#9923,#1967);
#1393=LINE('',#9925,#1968);
#1394=LINE('',#9927,#1969);
#1395=LINE('',#9929,#1970);
#1396=LINE('',#9931,#1971);
#1397=LINE('',#9933,#1972);
#1398=LINE('',#9935,#1973);
#1399=LINE('',#9937,#1974);
#1400=LINE('',#9939,#1975);
#1401=LINE('',#9941,#1976);
#1402=LINE('',#9943,#1977);
#1403=LINE('',#9945,#1978);
#1404=LINE('',#9947,#1979);
#1405=LINE('',#9949,#1980);
#1406=LINE('',#9951,#1981);
#1407=LINE('',#9953,#1982);
#1408=LINE('',#9955,#1983);
#1409=LINE('',#9957,#1984);
#1410=LINE('',#9959,#1985);
#1411=LINE('',#9961,#1986);
#1412=LINE('',#9963,#1987);
#1413=LINE('',#9965,#1988);
#1414=LINE('',#9967,#1989);
#1415=LINE('',#9969,#1990);
#1416=LINE('',#9971,#1991);
#1417=LINE('',#9973,#1992);
#1418=LINE('',#9975,#1993);
#1419=LINE('',#9977,#1994);
#1420=LINE('',#9979,#1995);
#1421=VECTOR('',#6507,10.);
#1422=VECTOR('',#6510,10.);
#1423=VECTOR('',#6513,10.);
#1424=VECTOR('',#6514,10.);
#1425=VECTOR('',#6515,10.);
#1426=VECTOR('',#6518,10.);
#1427=VECTOR('',#6521,10.);
#1428=VECTOR('',#6524,10.);
#1429=VECTOR('',#6527,10.);
#1430=VECTOR('',#6530,10.);
#1431=VECTOR('',#6533,10.);
#1432=VECTOR('',#6536,10.);
#1433=VECTOR('',#6539,10.);
#1434=VECTOR('',#6542,10.);
#1435=VECTOR('',#6545,10.);
#1436=VECTOR('',#6548,10.);
#1437=VECTOR('',#6551,10.);
#1438=VECTOR('',#6554,10.);
#1439=VECTOR('',#6559,10.);
#1440=VECTOR('',#6562,10.);
#1441=VECTOR('',#6565,10.);
#1442=VECTOR('',#6568,10.);
#1443=VECTOR('',#6571,10.);
#1444=VECTOR('',#6574,10.);
#1445=VECTOR('',#6577,10.);
#1446=VECTOR('',#6582,10.);
#1447=VECTOR('',#6585,10.);
#1448=VECTOR('',#6588,10.);
#1449=VECTOR('',#6591,10.);
#1450=VECTOR('',#6594,10.);
#1451=VECTOR('',#6597,10.);
#1452=VECTOR('',#6600,10.);
#1453=VECTOR('',#6603,10.);
#1454=VECTOR('',#6606,10.);
#1455=VECTOR('',#6611,10.);
#1456=VECTOR('',#6614,10.);
#1457=VECTOR('',#6617,10.);
#1458=VECTOR('',#6620,10.);
#1459=VECTOR('',#6623,10.);
#1460=VECTOR('',#6626,10.);
#1461=VECTOR('',#6629,10.);
#1462=VECTOR('',#6632,10.);
#1463=VECTOR('',#6639,10.);
#1464=VECTOR('',#6646,10.);
#1465=VECTOR('',#6647,10.);
#1466=VECTOR('',#6648,10.);
#1467=VECTOR('',#6649,10.);
#1468=VECTOR('',#6650,10.);
#1469=VECTOR('',#6653,10.);
#1470=VECTOR('',#6656,10.);
#1471=VECTOR('',#6659,10.);
#1472=VECTOR('',#6662,10.);
#1473=VECTOR('',#6665,10.);
#1474=VECTOR('',#6668,10.);
#1475=VECTOR('',#6671,10.);
#1476=VECTOR('',#6674,10.);
#1477=VECTOR('',#6677,10.);
#1478=VECTOR('',#6680,10.);
#1479=VECTOR('',#6683,10.);
#1480=VECTOR('',#6686,10.);
#1481=VECTOR('',#6689,10.);
#1482=VECTOR('',#6692,10.);
#1483=VECTOR('',#6695,10.);
#1484=VECTOR('',#6698,10.);
#1485=VECTOR('',#6701,10.);
#1486=VECTOR('',#6704,10.);
#1487=VECTOR('',#6707,10.);
#1488=VECTOR('',#6710,10.);
#1489=VECTOR('',#6713,10.);
#1490=VECTOR('',#6716,10.);
#1491=VECTOR('',#6719,10.);
#1492=VECTOR('',#6722,10.);
#1493=VECTOR('',#6725,10.);
#1494=VECTOR('',#6728,10.);
#1495=VECTOR('',#6731,10.);
#1496=VECTOR('',#6734,10.);
#1497=VECTOR('',#6737,10.);
#1498=VECTOR('',#6740,10.);
#1499=VECTOR('',#6743,10.);
#1500=VECTOR('',#6746,10.);
#1501=VECTOR('',#6749,10.);
#1502=VECTOR('',#6752,10.);
#1503=VECTOR('',#6755,10.);
#1504=VECTOR('',#6758,10.);
#1505=VECTOR('',#6761,10.);
#1506=VECTOR('',#6764,10.);
#1507=VECTOR('',#6767,10.);
#1508=VECTOR('',#6770,10.);
#1509=VECTOR('',#6773,10.);
#1510=VECTOR('',#6776,10.);
#1511=VECTOR('',#6779,10.);
#1512=VECTOR('',#6782,10.);
#1513=VECTOR('',#6785,10.);
#1514=VECTOR('',#6788,10.);
#1515=VECTOR('',#6791,10.);
#1516=VECTOR('',#6794,10.);
#1517=VECTOR('',#6797,10.);
#1518=VECTOR('',#6800,10.);
#1519=VECTOR('',#6803,10.);
#1520=VECTOR('',#6806,10.);
#1521=VECTOR('',#6809,10.);
#1522=VECTOR('',#6812,10.);
#1523=VECTOR('',#6815,10.);
#1524=VECTOR('',#6818,10.);
#1525=VECTOR('',#6821,10.);
#1526=VECTOR('',#6824,10.);
#1527=VECTOR('',#6827,10.);
#1528=VECTOR('',#6830,10.);
#1529=VECTOR('',#6833,10.);
#1530=VECTOR('',#6836,10.);
#1531=VECTOR('',#6839,10.);
#1532=VECTOR('',#6842,10.);
#1533=VECTOR('',#6845,10.);
#1534=VECTOR('',#6848,10.);
#1535=VECTOR('',#6851,10.);
#1536=VECTOR('',#6854,10.);
#1537=VECTOR('',#6857,10.);
#1538=VECTOR('',#6860,10.);
#1539=VECTOR('',#6863,10.);
#1540=VECTOR('',#6866,10.);
#1541=VECTOR('',#6869,10.);
#1542=VECTOR('',#6872,10.);
#1543=VECTOR('',#6875,10.);
#1544=VECTOR('',#6878,10.);
#1545=VECTOR('',#6881,10.);
#1546=VECTOR('',#6884,10.);
#1547=VECTOR('',#6887,10.);
#1548=VECTOR('',#6890,10.);
#1549=VECTOR('',#6893,10.);
#1550=VECTOR('',#6896,10.);
#1551=VECTOR('',#6899,10.);
#1552=VECTOR('',#6902,10.);
#1553=VECTOR('',#6905,10.);
#1554=VECTOR('',#6908,10.);
#1555=VECTOR('',#6911,10.);
#1556=VECTOR('',#6914,10.);
#1557=VECTOR('',#6917,10.);
#1558=VECTOR('',#6920,10.);
#1559=VECTOR('',#6923,10.);
#1560=VECTOR('',#6926,10.);
#1561=VECTOR('',#6929,10.);
#1562=VECTOR('',#6932,10.);
#1563=VECTOR('',#6935,10.);
#1564=VECTOR('',#6938,10.);
#1565=VECTOR('',#6941,10.);
#1566=VECTOR('',#6944,10.);
#1567=VECTOR('',#6947,10.);
#1568=VECTOR('',#6952,10.);
#1569=VECTOR('',#6957,10.);
#1570=VECTOR('',#6962,10.);
#1571=VECTOR('',#6967,10.);
#1572=VECTOR('',#6968,10.);
#1573=VECTOR('',#6971,10.);
#1574=VECTOR('',#6974,10.);
#1575=VECTOR('',#6979,10.);
#1576=VECTOR('',#6986,10.);
#1577=VECTOR('',#6989,10.);
#1578=VECTOR('',#6992,1.2);
#1579=VECTOR('',#6993,10.);
#1580=VECTOR('',#6996,1.2);
#1581=VECTOR('',#7001,10.);
#1582=VECTOR('',#7006,10.);
#1583=VECTOR('',#7007,10.);
#1584=VECTOR('',#7010,10.);
#1585=VECTOR('',#7011,10.);
#1586=VECTOR('',#7016,10.);
#1587=VECTOR('',#7019,10.);
#1588=VECTOR('',#7022,10.);
#1589=VECTOR('',#7025,10.);
#1590=VECTOR('',#7028,10.);
#1591=VECTOR('',#7031,10.);
#1592=VECTOR('',#7036,10.);
#1593=VECTOR('',#7039,10.);
#1594=VECTOR('',#7042,10.);
#1595=VECTOR('',#7045,10.);
#1596=VECTOR('',#7048,10.);
#1597=VECTOR('',#7051,10.);
#1598=VECTOR('',#7054,10.);
#1599=VECTOR('',#7057,10.);
#1600=VECTOR('',#7060,10.);
#1601=VECTOR('',#7065,10.);
#1602=VECTOR('',#7068,10.);
#1603=VECTOR('',#7071,10.);
#1604=VECTOR('',#7074,10.);
#1605=VECTOR('',#7077,10.);
#1606=VECTOR('',#7080,10.);
#1607=VECTOR('',#7083,10.);
#1608=VECTOR('',#7088,10.);
#1609=VECTOR('',#7091,10.);
#1610=VECTOR('',#7094,10.);
#1611=VECTOR('',#7097,10.);
#1612=VECTOR('',#7100,10.);
#1613=VECTOR('',#7103,10.);
#1614=VECTOR('',#7106,10.);
#1615=VECTOR('',#7109,10.);
#1616=VECTOR('',#7112,10.);
#1617=VECTOR('',#7115,10.);
#1618=VECTOR('',#7118,10.);
#1619=VECTOR('',#7121,10.);
#1620=VECTOR('',#7124,10.);
#1621=VECTOR('',#7125,10.);
#1622=VECTOR('',#7128,10.);
#1623=VECTOR('',#7131,10.);
#1624=VECTOR('',#7134,10.);
#1625=VECTOR('',#7137,10.);
#1626=VECTOR('',#7140,10.);
#1627=VECTOR('',#7143,10.);
#1628=VECTOR('',#7146,10.);
#1629=VECTOR('',#7149,10.);
#1630=VECTOR('',#7152,10.);
#1631=VECTOR('',#7155,10.);
#1632=VECTOR('',#7158,10.);
#1633=VECTOR('',#7161,10.);
#1634=VECTOR('',#7164,10.);
#1635=VECTOR('',#7167,10.);
#1636=VECTOR('',#7170,10.);
#1637=VECTOR('',#7173,10.);
#1638=VECTOR('',#7176,10.);
#1639=VECTOR('',#7179,10.);
#1640=VECTOR('',#7182,10.);
#1641=VECTOR('',#7185,10.);
#1642=VECTOR('',#7188,10.);
#1643=VECTOR('',#7191,10.);
#1644=VECTOR('',#7194,10.);
#1645=VECTOR('',#7197,10.);
#1646=VECTOR('',#7200,10.);
#1647=VECTOR('',#7203,10.);
#1648=VECTOR('',#7206,10.);
#1649=VECTOR('',#7209,10.);
#1650=VECTOR('',#7212,10.);
#1651=VECTOR('',#7215,10.);
#1652=VECTOR('',#7218,10.);
#1653=VECTOR('',#7221,10.);
#1654=VECTOR('',#7224,10.);
#1655=VECTOR('',#7227,10.);
#1656=VECTOR('',#7230,10.);
#1657=VECTOR('',#7233,10.);
#1658=VECTOR('',#7236,10.);
#1659=VECTOR('',#7239,10.);
#1660=VECTOR('',#7242,10.);
#1661=VECTOR('',#7245,10.);
#1662=VECTOR('',#7248,10.);
#1663=VECTOR('',#7251,10.);
#1664=VECTOR('',#7254,10.);
#1665=VECTOR('',#7257,10.);
#1666=VECTOR('',#7260,10.);
#1667=VECTOR('',#7263,10.);
#1668=VECTOR('',#7266,10.);
#1669=VECTOR('',#7269,10.);
#1670=VECTOR('',#7272,10.);
#1671=VECTOR('',#7275,10.);
#1672=VECTOR('',#7278,10.);
#1673=VECTOR('',#7281,10.);
#1674=VECTOR('',#7284,10.);
#1675=VECTOR('',#7287,10.);
#1676=VECTOR('',#7290,10.);
#1677=VECTOR('',#7293,10.);
#1678=VECTOR('',#7296,10.);
#1679=VECTOR('',#7299,10.);
#1680=VECTOR('',#7302,10.);
#1681=VECTOR('',#7305,10.);
#1682=VECTOR('',#7308,10.);
#1683=VECTOR('',#7311,10.);
#1684=VECTOR('',#7314,10.);
#1685=VECTOR('',#7317,10.);
#1686=VECTOR('',#7320,10.);
#1687=VECTOR('',#7323,10.);
#1688=VECTOR('',#7326,10.);
#1689=VECTOR('',#7329,10.);
#1690=VECTOR('',#7332,10.);
#1691=VECTOR('',#7335,10.);
#1692=VECTOR('',#7338,10.);
#1693=VECTOR('',#7341,10.);
#1694=VECTOR('',#7344,10.);
#1695=VECTOR('',#7347,10.);
#1696=VECTOR('',#7350,10.);
#1697=VECTOR('',#7353,10.);
#1698=VECTOR('',#7356,10.);
#1699=VECTOR('',#7359,10.);
#1700=VECTOR('',#7362,10.);
#1701=VECTOR('',#7365,10.);
#1702=VECTOR('',#7368,10.);
#1703=VECTOR('',#7371,10.);
#1704=VECTOR('',#7374,10.);
#1705=VECTOR('',#7377,10.);
#1706=VECTOR('',#7380,10.);
#1707=VECTOR('',#7383,10.);
#1708=VECTOR('',#7386,10.);
#1709=VECTOR('',#7389,10.);
#1710=VECTOR('',#7392,10.);
#1711=VECTOR('',#7395,10.);
#1712=VECTOR('',#7398,10.);
#1713=VECTOR('',#7401,10.);
#1714=VECTOR('',#7404,10.);
#1715=VECTOR('',#7407,10.);
#1716=VECTOR('',#7410,10.);
#1717=VECTOR('',#7413,10.);
#1718=VECTOR('',#7416,10.);
#1719=VECTOR('',#7419,10.);
#1720=VECTOR('',#7422,10.);
#1721=VECTOR('',#7425,10.);
#1722=VECTOR('',#7426,10.);
#1723=VECTOR('',#7427,10.);
#1724=VECTOR('',#7428,10.);
#1725=VECTOR('',#7431,10.);
#1726=VECTOR('',#7432,10.);
#1727=VECTOR('',#7435,10.);
#1728=VECTOR('',#7438,10.);
#1729=VECTOR('',#7441,10.);
#1730=VECTOR('',#7444,10.);
#1731=VECTOR('',#7447,10.);
#1732=VECTOR('',#7450,10.);
#1733=VECTOR('',#7455,10.);
#1734=VECTOR('',#7456,10.);
#1735=VECTOR('',#7459,10.);
#1736=VECTOR('',#7462,10.);
#1737=VECTOR('',#7465,10.);
#1738=VECTOR('',#7468,10.);
#1739=VECTOR('',#7471,10.);
#1740=VECTOR('',#7474,10.);
#1741=VECTOR('',#7479,10.);
#1742=VECTOR('',#7480,10.);
#1743=VECTOR('',#7483,10.);
#1744=VECTOR('',#7486,10.);
#1745=VECTOR('',#7489,10.);
#1746=VECTOR('',#7492,10.);
#1747=VECTOR('',#7495,10.);
#1748=VECTOR('',#7498,10.);
#1749=VECTOR('',#7503,10.);
#1750=VECTOR('',#7504,10.);
#1751=VECTOR('',#7507,10.);
#1752=VECTOR('',#7510,10.);
#1753=VECTOR('',#7513,10.);
#1754=VECTOR('',#7516,10.);
#1755=VECTOR('',#7519,10.);
#1756=VECTOR('',#7522,10.);
#1757=VECTOR('',#7527,10.);
#1758=VECTOR('',#7528,10.);
#1759=VECTOR('',#7531,10.);
#1760=VECTOR('',#7534,10.);
#1761=VECTOR('',#7537,10.);
#1762=VECTOR('',#7540,10.);
#1763=VECTOR('',#7543,10.);
#1764=VECTOR('',#7546,10.);
#1765=VECTOR('',#7551,10.);
#1766=VECTOR('',#7552,10.);
#1767=VECTOR('',#7555,10.);
#1768=VECTOR('',#7558,10.);
#1769=VECTOR('',#7561,10.);
#1770=VECTOR('',#7564,10.);
#1771=VECTOR('',#7567,10.);
#1772=VECTOR('',#7570,10.);
#1773=VECTOR('',#7575,10.);
#1774=VECTOR('',#7576,10.);
#1775=VECTOR('',#7579,10.);
#1776=VECTOR('',#7582,10.);
#1777=VECTOR('',#7585,10.);
#1778=VECTOR('',#7588,10.);
#1779=VECTOR('',#7591,10.);
#1780=VECTOR('',#7594,10.);
#1781=VECTOR('',#7599,10.);
#1782=VECTOR('',#7600,10.);
#1783=VECTOR('',#7603,10.);
#1784=VECTOR('',#7606,10.);
#1785=VECTOR('',#7609,10.);
#1786=VECTOR('',#7612,10.);
#1787=VECTOR('',#7615,10.);
#1788=VECTOR('',#7618,10.);
#1789=VECTOR('',#7623,10.);
#1790=VECTOR('',#7624,10.);
#1791=VECTOR('',#7627,10.);
#1792=VECTOR('',#7630,10.);
#1793=VECTOR('',#7633,10.);
#1794=VECTOR('',#7636,10.);
#1795=VECTOR('',#7639,10.);
#1796=VECTOR('',#7642,10.);
#1797=VECTOR('',#7647,10.);
#1798=VECTOR('',#7648,10.);
#1799=VECTOR('',#7651,10.);
#1800=VECTOR('',#7654,10.);
#1801=VECTOR('',#7657,10.);
#1802=VECTOR('',#7660,10.);
#1803=VECTOR('',#7663,10.);
#1804=VECTOR('',#7666,10.);
#1805=VECTOR('',#7671,10.);
#1806=VECTOR('',#7672,10.);
#1807=VECTOR('',#7675,10.);
#1808=VECTOR('',#7678,10.);
#1809=VECTOR('',#7681,10.);
#1810=VECTOR('',#7684,10.);
#1811=VECTOR('',#7687,10.);
#1812=VECTOR('',#7690,10.);
#1813=VECTOR('',#7695,10.);
#1814=VECTOR('',#7696,10.);
#1815=VECTOR('',#7699,10.);
#1816=VECTOR('',#7702,10.);
#1817=VECTOR('',#7705,10.);
#1818=VECTOR('',#7708,10.);
#1819=VECTOR('',#7711,10.);
#1820=VECTOR('',#7714,10.);
#1821=VECTOR('',#7719,10.);
#1822=VECTOR('',#7720,10.);
#1823=VECTOR('',#7723,10.);
#1824=VECTOR('',#7726,10.);
#1825=VECTOR('',#7729,10.);
#1826=VECTOR('',#7732,10.);
#1827=VECTOR('',#7735,10.);
#1828=VECTOR('',#7738,10.);
#1829=VECTOR('',#7743,10.);
#1830=VECTOR('',#7744,10.);
#1831=VECTOR('',#7747,10.);
#1832=VECTOR('',#7750,10.);
#1833=VECTOR('',#7753,10.);
#1834=VECTOR('',#7756,10.);
#1835=VECTOR('',#7759,10.);
#1836=VECTOR('',#7762,10.);
#1837=VECTOR('',#7767,10.);
#1838=VECTOR('',#7768,10.);
#1839=VECTOR('',#7771,10.);
#1840=VECTOR('',#7774,10.);
#1841=VECTOR('',#7777,10.);
#1842=VECTOR('',#7780,10.);
#1843=VECTOR('',#7783,10.);
#1844=VECTOR('',#7786,10.);
#1845=VECTOR('',#7791,10.);
#1846=VECTOR('',#7792,10.);
#1847=VECTOR('',#7795,10.);
#1848=VECTOR('',#7798,10.);
#1849=VECTOR('',#7801,10.);
#1850=VECTOR('',#7804,10.);
#1851=VECTOR('',#7807,10.);
#1852=VECTOR('',#7810,10.);
#1853=VECTOR('',#7815,10.);
#1854=VECTOR('',#7816,10.);
#1855=VECTOR('',#7819,10.);
#1856=VECTOR('',#7822,10.);
#1857=VECTOR('',#7825,10.);
#1858=VECTOR('',#7828,10.);
#1859=VECTOR('',#7831,10.);
#1860=VECTOR('',#7834,10.);
#1861=VECTOR('',#7839,10.);
#1862=VECTOR('',#7840,10.);
#1863=VECTOR('',#7843,10.);
#1864=VECTOR('',#7846,10.);
#1865=VECTOR('',#7849,10.);
#1866=VECTOR('',#7852,10.);
#1867=VECTOR('',#7855,10.);
#1868=VECTOR('',#7858,10.);
#1869=VECTOR('',#7863,10.);
#1870=VECTOR('',#7864,10.);
#1871=VECTOR('',#7867,10.);
#1872=VECTOR('',#7870,10.);
#1873=VECTOR('',#7873,10.);
#1874=VECTOR('',#7876,10.);
#1875=VECTOR('',#7879,10.);
#1876=VECTOR('',#7882,10.);
#1877=VECTOR('',#7887,10.);
#1878=VECTOR('',#7888,10.);
#1879=VECTOR('',#7891,10.);
#1880=VECTOR('',#7894,10.);
#1881=VECTOR('',#7897,10.);
#1882=VECTOR('',#7900,10.);
#1883=VECTOR('',#7903,10.);
#1884=VECTOR('',#7906,10.);
#1885=VECTOR('',#7911,10.);
#1886=VECTOR('',#7912,10.);
#1887=VECTOR('',#7915,10.);
#1888=VECTOR('',#7918,10.);
#1889=VECTOR('',#7921,10.);
#1890=VECTOR('',#7924,10.);
#1891=VECTOR('',#7927,10.);
#1892=VECTOR('',#7930,10.);
#1893=VECTOR('',#7935,10.);
#1894=VECTOR('',#7936,10.);
#1895=VECTOR('',#7939,10.);
#1896=VECTOR('',#7942,10.);
#1897=VECTOR('',#7945,10.);
#1898=VECTOR('',#7948,10.);
#1899=VECTOR('',#7951,10.);
#1900=VECTOR('',#7954,10.);
#1901=VECTOR('',#7959,10.);
#1902=VECTOR('',#7960,10.);
#1903=VECTOR('',#7963,10.);
#1904=VECTOR('',#7966,10.);
#1905=VECTOR('',#7969,10.);
#1906=VECTOR('',#7972,10.);
#1907=VECTOR('',#7975,10.);
#1908=VECTOR('',#7978,10.);
#1909=VECTOR('',#7983,10.);
#1910=VECTOR('',#7984,10.);
#1911=VECTOR('',#7987,10.);
#1912=VECTOR('',#7990,10.);
#1913=VECTOR('',#7993,10.);
#1914=VECTOR('',#7996,10.);
#1915=VECTOR('',#7999,10.);
#1916=VECTOR('',#8002,10.);
#1917=VECTOR('',#8007,10.);
#1918=VECTOR('',#8008,10.);
#1919=VECTOR('',#8011,10.);
#1920=VECTOR('',#8014,10.);
#1921=VECTOR('',#8017,10.);
#1922=VECTOR('',#8020,10.);
#1923=VECTOR('',#8023,10.);
#1924=VECTOR('',#8026,10.);
#1925=VECTOR('',#8031,10.);
#1926=VECTOR('',#8032,10.);
#1927=VECTOR('',#8035,10.);
#1928=VECTOR('',#8038,10.);
#1929=VECTOR('',#8043,10.);
#1930=VECTOR('',#8044,10.);
#1931=VECTOR('',#8047,10.);
#1932=VECTOR('',#8050,10.);
#1933=VECTOR('',#8053,10.);
#1934=VECTOR('',#8056,10.);
#1935=VECTOR('',#8059,10.);
#1936=VECTOR('',#8062,10.);
#1937=VECTOR('',#8065,10.);
#1938=VECTOR('',#8068,10.);
#1939=VECTOR('',#8071,10.);
#1940=VECTOR('',#8074,10.);
#1941=VECTOR('',#8077,10.);
#1942=VECTOR('',#8080,10.);
#1943=VECTOR('',#8083,10.);
#1944=VECTOR('',#8086,10.);
#1945=VECTOR('',#8089,10.);
#1946=VECTOR('',#8092,10.);
#1947=VECTOR('',#8095,10.);
#1948=VECTOR('',#8098,10.);
#1949=VECTOR('',#8101,10.);
#1950=VECTOR('',#8104,10.);
#1951=VECTOR('',#8107,10.);
#1952=VECTOR('',#8110,10.);
#1953=VECTOR('',#8113,10.);
#1954=VECTOR('',#8116,10.);
#1955=VECTOR('',#8119,10.);
#1956=VECTOR('',#8122,10.);
#1957=VECTOR('',#8125,10.);
#1958=VECTOR('',#8128,10.);
#1959=VECTOR('',#8131,10.);
#1960=VECTOR('',#8134,10.);
#1961=VECTOR('',#8137,10.);
#1962=VECTOR('',#8140,10.);
#1963=VECTOR('',#8143,10.);
#1964=VECTOR('',#8146,10.);
#1965=VECTOR('',#8149,10.);
#1966=VECTOR('',#8152,10.);
#1967=VECTOR('',#8157,10.);
#1968=VECTOR('',#8160,10.);
#1969=VECTOR('',#8163,10.);
#1970=VECTOR('',#8166,10.);
#1971=VECTOR('',#8169,10.);
#1972=VECTOR('',#8172,10.);
#1973=VECTOR('',#8175,10.);
#1974=VECTOR('',#8178,10.);
#1975=VECTOR('',#8181,10.);
#1976=VECTOR('',#8184,10.);
#1977=VECTOR('',#8187,10.);
#1978=VECTOR('',#8190,10.);
#1979=VECTOR('',#8193,10.);
#1980=VECTOR('',#8196,10.);
#1981=VECTOR('',#8199,10.);
#1982=VECTOR('',#8202,10.);
#1983=VECTOR('',#8205,10.);
#1984=VECTOR('',#8208,10.);
#1985=VECTOR('',#8211,10.);
#1986=VECTOR('',#8214,10.);
#1987=VECTOR('',#8217,10.);
#1988=VECTOR('',#8220,10.);
#1989=VECTOR('',#8223,10.);
#1990=VECTOR('',#8226,10.);
#1991=VECTOR('',#8229,10.);
#1992=VECTOR('',#8232,10.);
#1993=VECTOR('',#8235,10.);
#1994=VECTOR('',#8238,10.);
#1995=VECTOR('',#8241,10.);
#1996=CIRCLE('',#5919,3.);
#1997=CIRCLE('',#5920,3.);
#1998=CIRCLE('',#5923,0.5);
#1999=CIRCLE('',#5924,1.200002540005);
#2000=CIRCLE('',#5925,0.500000000000001);
#2001=CIRCLE('',#5926,4.74999999999997);
#2002=CIRCLE('',#5927,0.499999999999997);
#2003=CIRCLE('',#5928,1.200002540005);
#2004=CIRCLE('',#5929,0.5);
#2005=CIRCLE('',#5930,4.75);
#2006=CIRCLE('',#5931,4.74999999999999);
#2007=CIRCLE('',#5932,0.5);
#2008=CIRCLE('',#5933,1.200002540005);
#2009=CIRCLE('',#5934,0.500000000000003);
#2010=CIRCLE('',#5935,4.74999999999998);
#2011=CIRCLE('',#5936,1.24999999999999);
#2012=CIRCLE('',#5937,0.500000000000025);
#2013=CIRCLE('',#5938,1.200002540005);
#2014=CIRCLE('',#5939,0.499999999999989);
#2015=CIRCLE('',#5940,0.500000000000007);
#2016=CIRCLE('',#5941,1.200002540005);
#2017=CIRCLE('',#5942,0.500000000000007);
#2018=CIRCLE('',#5943,4.74999999999999);
#2019=CIRCLE('',#5944,1.24999999999997);
#2020=CIRCLE('',#5945,4.74999999999999);
#2021=CIRCLE('',#5946,0.499999999999998);
#2022=CIRCLE('',#5947,1.200002540005);
#2023=CIRCLE('',#5948,0.499999999999989);
#2024=CIRCLE('',#5949,4.75000000000001);
#2025=CIRCLE('',#5950,1.24999999999996);
#2026=CIRCLE('',#5951,1.25);
#2027=CIRCLE('',#5952,4.75000000000001);
#2028=CIRCLE('',#5953,1.24999999999999);
#2029=CIRCLE('',#5954,4.75);
#2030=CIRCLE('',#5955,0.499999999999994);
#2031=CIRCLE('',#5956,1.200002540005);
#2032=CIRCLE('',#5957,0.499999999999994);
#2033=CIRCLE('',#5958,1.20000000000001);
#2034=CIRCLE('',#5959,1.2);
#2035=CIRCLE('',#5960,1.2);
#2036=CIRCLE('',#5961,1.2);
#2037=CIRCLE('',#5962,1.2);
#2038=CIRCLE('',#5963,5.1);
#2039=CIRCLE('',#5964,1.2);
#2040=CIRCLE('',#5965,1.2);
#2041=CIRCLE('',#5966,5.1);
#2042=CIRCLE('',#5967,1.2);
#2043=CIRCLE('',#5968,1.20000000000001);
#2044=CIRCLE('',#5969,1.19999999999999);
#2045=CIRCLE('',#5970,1.20000000000001);
#2046=CIRCLE('',#5971,1.2);
#2047=CIRCLE('',#5972,1.19999999999999);
#2048=CIRCLE('',#5973,1.2);
#2049=CIRCLE('',#5974,1.19999999999999);
#2050=CIRCLE('',#5975,1.20000000000001);
#2051=CIRCLE('',#5976,1.19999999999999);
#2052=CIRCLE('',#5977,1.2);
#2053=CIRCLE('',#5978,1.2);
#2054=CIRCLE('',#5979,1.20000000000001);
#2055=CIRCLE('',#5980,1.19999999999999);
#2056=CIRCLE('',#5981,1.20000000000001);
#2057=CIRCLE('',#5982,1.2);
#2058=CIRCLE('',#5983,1.20000000000001);
#2059=CIRCLE('',#5984,1.2);
#2060=CIRCLE('',#5985,1.2);
#2061=CIRCLE('',#5986,1.2);
#2062=CIRCLE('',#5987,1.2);
#2063=CIRCLE('',#5988,1.20000000000001);
#2064=CIRCLE('',#5989,1.20000000000001);
#2065=CIRCLE('',#5990,1.2);
#2066=CIRCLE('',#5991,1.2);
#2067=CIRCLE('',#5992,1.2);
#2068=CIRCLE('',#5993,1.2);
#2069=CIRCLE('',#5994,1.2);
#2070=CIRCLE('',#5995,1.2);
#2071=CIRCLE('',#5996,1.20000000000001);
#2072=CIRCLE('',#5997,1.20000000000001);
#2073=CIRCLE('',#5998,1.20000000000001);
#2074=CIRCLE('',#5999,1.20000000000001);
#2075=CIRCLE('',#6000,1.2);
#2076=CIRCLE('',#6001,1.2);
#2077=CIRCLE('',#6002,1.2);
#2078=CIRCLE('',#6003,1.2);
#2079=CIRCLE('',#6004,1.2);
#2080=CIRCLE('',#6005,1.20000000000001);
#2081=CIRCLE('',#6006,1.20000000000001);
#2082=CIRCLE('',#6007,1.20000000000001);
#2083=CIRCLE('',#6008,1.20000000000001);
#2084=CIRCLE('',#6009,1.20000000000001);
#2085=CIRCLE('',#6010,1.2);
#2086=CIRCLE('',#6011,1.2);
#2087=CIRCLE('',#6012,1.2);
#2088=CIRCLE('',#6013,1.2);
#2089=CIRCLE('',#6014,1.20000000000001);
#2090=CIRCLE('',#6015,1.20000000000001);
#2091=CIRCLE('',#6016,1.20000000000001);
#2092=CIRCLE('',#6017,1.20000000000001);
#2093=CIRCLE('',#6018,1.2);
#2094=CIRCLE('',#6019,1.2);
#2095=CIRCLE('',#6020,1.20000000000001);
#2096=CIRCLE('',#6021,1.20000000000001);
#2097=CIRCLE('',#6022,1.20000000000001);
#2098=CIRCLE('',#6023,1.20000000000001);
#2099=CIRCLE('',#6024,1.20000000000001);
#2100=CIRCLE('',#6025,1.20000000000001);
#2101=CIRCLE('',#6026,1.2);
#2102=CIRCLE('',#6027,1.2);
#2103=CIRCLE('',#6028,1.2);
#2104=CIRCLE('',#6029,1.2);
#2105=CIRCLE('',#6030,1.2);
#2106=CIRCLE('',#6031,1.2);
#2107=CIRCLE('',#6032,1.2);
#2108=CIRCLE('',#6033,1.20000000000001);
#2109=CIRCLE('',#6034,1.20000000000001);
#2110=CIRCLE('',#6035,1.2);
#2111=CIRCLE('',#6036,1.20000000000001);
#2112=CIRCLE('',#6037,1.2);
#2113=CIRCLE('',#6038,1.2);
#2114=CIRCLE('',#6039,1.20000000000001);
#2115=CIRCLE('',#6040,1.2);
#2116=CIRCLE('',#6041,1.2);
#2117=CIRCLE('',#6042,1.2);
#2118=CIRCLE('',#6043,1.2);
#2119=CIRCLE('',#6044,1.2);
#2120=CIRCLE('',#6045,1.2);
#2121=CIRCLE('',#6046,1.20000000000001);
#2122=CIRCLE('',#6047,1.20000000000001);
#2123=CIRCLE('',#6048,1.2);
#2124=CIRCLE('',#6049,1.20000000000001);
#2125=CIRCLE('',#6050,1.20000000000001);
#2126=CIRCLE('',#6051,1.20000000000001);
#2127=CIRCLE('',#6052,1.20000000000001);
#2128=CIRCLE('',#6053,1.2);
#2129=CIRCLE('',#6054,1.20000000000001);
#2130=CIRCLE('',#6055,1.20000000000001);
#2131=CIRCLE('',#6056,1.2);
#2132=CIRCLE('',#6057,1.2);
#2133=CIRCLE('',#6058,1.20000000000001);
#2134=CIRCLE('',#6059,1.20000000000001);
#2135=CIRCLE('',#6060,1.20000000000001);
#2136=CIRCLE('',#6061,1.20000000000001);
#2137=CIRCLE('',#6062,1.2);
#2138=CIRCLE('',#6063,1.2);
#2139=CIRCLE('',#6064,1.2);
#2140=CIRCLE('',#6065,1.2);
#2141=CIRCLE('',#6066,1.20000000000001);
#2142=CIRCLE('',#6067,1.19999999999999);
#2143=CIRCLE('',#6069,1.2);
#2144=CIRCLE('',#6071,5.1);
#2145=CIRCLE('',#6073,1.2);
#2146=CIRCLE('',#6076,1.2);
#2147=CIRCLE('',#6078,5.1);
#2148=CIRCLE('',#6080,1.2);
#2149=CIRCLE('',#6082,1.2);
#2150=CIRCLE('',#6085,1.2);
#2151=CIRCLE('',#6088,1.20000000000001);
#2152=CIRCLE('',#6091,1.2);
#2153=CIRCLE('',#6094,0.499999999999994);
#2154=CIRCLE('',#6095,1.200002540005);
#2155=CIRCLE('',#6096,0.499999999999994);
#2156=CIRCLE('',#6097,4.75);
#2157=CIRCLE('',#6098,1.24999999999999);
#2158=CIRCLE('',#6099,4.75000000000001);
#2159=CIRCLE('',#6100,1.25);
#2160=CIRCLE('',#6101,1.24999999999996);
#2161=CIRCLE('',#6102,4.75000000000001);
#2162=CIRCLE('',#6103,0.499999999999989);
#2163=CIRCLE('',#6104,1.200002540005);
#2164=CIRCLE('',#6105,0.499999999999998);
#2165=CIRCLE('',#6106,4.74999999999999);
#2166=CIRCLE('',#6107,1.24999999999997);
#2167=CIRCLE('',#6108,4.74999999999999);
#2168=CIRCLE('',#6109,0.500000000000007);
#2169=CIRCLE('',#6110,1.200002540005);
#2170=CIRCLE('',#6111,0.500000000000007);
#2171=CIRCLE('',#6112,0.499999999999989);
#2172=CIRCLE('',#6113,1.200002540005);
#2173=CIRCLE('',#6114,0.500000000000025);
#2174=CIRCLE('',#6115,1.24999999999999);
#2175=CIRCLE('',#6116,4.74999999999998);
#2176=CIRCLE('',#6117,0.500000000000003);
#2177=CIRCLE('',#6118,1.200002540005);
#2178=CIRCLE('',#6119,0.5);
#2179=CIRCLE('',#6120,4.74999999999999);
#2180=CIRCLE('',#6121,4.75);
#2181=CIRCLE('',#6122,0.5);
#2182=CIRCLE('',#6123,1.200002540005);
#2183=CIRCLE('',#6124,0.499999999999997);
#2184=CIRCLE('',#6125,4.74999999999997);
#2185=CIRCLE('',#6126,0.500000000000001);
#2186=CIRCLE('',#6127,1.200002540005);
#2187=CIRCLE('',#6128,0.5);
#2188=CIRCLE('',#6129,1.19999999999999);
#2189=CIRCLE('',#6130,1.20000000000001);
#2190=CIRCLE('',#6131,1.2);
#2191=CIRCLE('',#6132,1.2);
#2192=CIRCLE('',#6133,1.2);
#2193=CIRCLE('',#6134,1.2);
#2194=CIRCLE('',#6135,1.20000000000001);
#2195=CIRCLE('',#6136,1.20000000000001);
#2196=CIRCLE('',#6137,1.20000000000001);
#2197=CIRCLE('',#6138,1.20000000000001);
#2198=CIRCLE('',#6139,1.2);
#2199=CIRCLE('',#6140,1.2);
#2200=CIRCLE('',#6141,1.20000000000001);
#2201=CIRCLE('',#6142,1.20000000000001);
#2202=CIRCLE('',#6143,1.2);
#2203=CIRCLE('',#6144,1.20000000000001);
#2204=CIRCLE('',#6145,1.20000000000001);
#2205=CIRCLE('',#6146,1.20000000000001);
#2206=CIRCLE('',#6147,1.20000000000001);
#2207=CIRCLE('',#6148,1.2);
#2208=CIRCLE('',#6149,1.20000000000001);
#2209=CIRCLE('',#6150,1.20000000000001);
#2210=CIRCLE('',#6151,1.2);
#2211=CIRCLE('',#6152,1.2);
#2212=CIRCLE('',#6153,1.2);
#2213=CIRCLE('',#6154,1.2);
#2214=CIRCLE('',#6155,1.2);
#2215=CIRCLE('',#6156,1.2);
#2216=CIRCLE('',#6157,1.20000000000001);
#2217=CIRCLE('',#6158,1.2);
#2218=CIRCLE('',#6159,1.2);
#2219=CIRCLE('',#6160,1.20000000000001);
#2220=CIRCLE('',#6161,1.2);
#2221=CIRCLE('',#6162,1.20000000000001);
#2222=CIRCLE('',#6163,1.20000000000001);
#2223=CIRCLE('',#6164,1.2);
#2224=CIRCLE('',#6165,1.2);
#2225=CIRCLE('',#6166,1.2);
#2226=CIRCLE('',#6167,1.2);
#2227=CIRCLE('',#6168,1.2);
#2228=CIRCLE('',#6169,1.2);
#2229=CIRCLE('',#6170,1.2);
#2230=CIRCLE('',#6171,1.20000000000001);
#2231=CIRCLE('',#6172,1.20000000000001);
#2232=CIRCLE('',#6173,1.20000000000001);
#2233=CIRCLE('',#6174,1.20000000000001);
#2234=CIRCLE('',#6175,1.20000000000001);
#2235=CIRCLE('',#6176,1.20000000000001);
#2236=CIRCLE('',#6177,1.2);
#2237=CIRCLE('',#6178,1.2);
#2238=CIRCLE('',#6179,1.20000000000001);
#2239=CIRCLE('',#6180,1.20000000000001);
#2240=CIRCLE('',#6181,1.20000000000001);
#2241=CIRCLE('',#6182,1.20000000000001);
#2242=CIRCLE('',#6183,1.2);
#2243=CIRCLE('',#6184,1.2);
#2244=CIRCLE('',#6185,1.2);
#2245=CIRCLE('',#6186,1.2);
#2246=CIRCLE('',#6187,1.20000000000001);
#2247=CIRCLE('',#6188,1.20000000000001);
#2248=CIRCLE('',#6189,1.20000000000001);
#2249=CIRCLE('',#6190,1.20000000000001);
#2250=CIRCLE('',#6191,1.20000000000001);
#2251=CIRCLE('',#6192,1.2);
#2252=CIRCLE('',#6193,1.2);
#2253=CIRCLE('',#6194,1.2);
#2254=CIRCLE('',#6195,1.2);
#2255=CIRCLE('',#6196,1.2);
#2256=CIRCLE('',#6197,1.20000000000001);
#2257=CIRCLE('',#6198,1.20000000000001);
#2258=CIRCLE('',#6199,1.20000000000001);
#2259=CIRCLE('',#6200,1.20000000000001);
#2260=CIRCLE('',#6201,1.2);
#2261=CIRCLE('',#6202,1.2);
#2262=CIRCLE('',#6203,1.2);
#2263=CIRCLE('',#6204,1.2);
#2264=CIRCLE('',#6205,1.2);
#2265=CIRCLE('',#6206,1.2);
#2266=CIRCLE('',#6207,1.20000000000001);
#2267=CIRCLE('',#6208,1.20000000000001);
#2268=CIRCLE('',#6209,1.2);
#2269=CIRCLE('',#6210,1.2);
#2270=CIRCLE('',#6211,1.2);
#2271=CIRCLE('',#6212,1.2);
#2272=CIRCLE('',#6213,1.20000000000001);
#2273=CIRCLE('',#6214,1.2);
#2274=CIRCLE('',#6215,1.20000000000001);
#2275=CIRCLE('',#6216,1.19999999999999);
#2276=CIRCLE('',#6217,1.20000000000001);
#2277=CIRCLE('',#6218,1.2);
#2278=CIRCLE('',#6219,1.2);
#2279=CIRCLE('',#6220,1.19999999999999);
#2280=CIRCLE('',#6221,1.20000000000001);
#2281=CIRCLE('',#6222,1.19999999999999);
#2282=CIRCLE('',#6223,1.2);
#2283=CIRCLE('',#6224,1.19999999999999);
#2284=CIRCLE('',#6225,1.2);
#2285=CIRCLE('',#6226,1.20000000000001);
#2286=CIRCLE('',#6227,1.19999999999999);
#2287=CIRCLE('',#6228,1.20000000000001);
#2288=VERTEX_POINT('',#8246);
#2289=VERTEX_POINT('',#8247);
#2290=VERTEX_POINT('',#8249);
#2291=VERTEX_POINT('',#8251);
#2292=VERTEX_POINT('',#8255);
#2293=VERTEX_POINT('',#8257);
#2294=VERTEX_POINT('',#8261);
#2295=VERTEX_POINT('',#8263);
#2296=VERTEX_POINT('',#8265);
#2297=VERTEX_POINT('',#8267);
#2298=VERTEX_POINT('',#8269);
#2299=VERTEX_POINT('',#8271);
#2300=VERTEX_POINT('',#8273);
#2301=VERTEX_POINT('',#8275);
#2302=VERTEX_POINT('',#8277);
#2303=VERTEX_POINT('',#8279);
#2304=VERTEX_POINT('',#8281);
#2305=VERTEX_POINT('',#8283);
#2306=VERTEX_POINT('',#8285);
#2307=VERTEX_POINT('',#8287);
#2308=VERTEX_POINT('',#8289);
#2309=VERTEX_POINT('',#8291);
#2310=VERTEX_POINT('',#8293);
#2311=VERTEX_POINT('',#8295);
#2312=VERTEX_POINT('',#8297);
#2313=VERTEX_POINT('',#8299);
#2314=VERTEX_POINT('',#8301);
#2315=VERTEX_POINT('',#8303);
#2316=VERTEX_POINT('',#8305);
#2317=VERTEX_POINT('',#8307);
#2318=VERTEX_POINT('',#8309);
#2319=VERTEX_POINT('',#8311);
#2320=VERTEX_POINT('',#8313);
#2321=VERTEX_POINT('',#8315);
#2322=VERTEX_POINT('',#8317);
#2323=VERTEX_POINT('',#8319);
#2324=VERTEX_POINT('',#8321);
#2325=VERTEX_POINT('',#8323);
#2326=VERTEX_POINT('',#8325);
#2327=VERTEX_POINT('',#8327);
#2328=VERTEX_POINT('',#8329);
#2329=VERTEX_POINT('',#8331);
#2330=VERTEX_POINT('',#8333);
#2331=VERTEX_POINT('',#8335);
#2332=VERTEX_POINT('',#8337);
#2333=VERTEX_POINT('',#8339);
#2334=VERTEX_POINT('',#8341);
#2335=VERTEX_POINT('',#8343);
#2336=VERTEX_POINT('',#8345);
#2337=VERTEX_POINT('',#8347);
#2338=VERTEX_POINT('',#8349);
#2339=VERTEX_POINT('',#8351);
#2340=VERTEX_POINT('',#8353);
#2341=VERTEX_POINT('',#8355);
#2342=VERTEX_POINT('',#8357);
#2343=VERTEX_POINT('',#8359);
#2344=VERTEX_POINT('',#8361);
#2345=VERTEX_POINT('',#8363);
#2346=VERTEX_POINT('',#8365);
#2347=VERTEX_POINT('',#8367);
#2348=VERTEX_POINT('',#8369);
#2349=VERTEX_POINT('',#8371);
#2350=VERTEX_POINT('',#8373);
#2351=VERTEX_POINT('',#8375);
#2352=VERTEX_POINT('',#8377);
#2353=VERTEX_POINT('',#8379);
#2354=VERTEX_POINT('',#8381);
#2355=VERTEX_POINT('',#8383);
#2356=VERTEX_POINT('',#8385);
#2357=VERTEX_POINT('',#8387);
#2358=VERTEX_POINT('',#8389);
#2359=VERTEX_POINT('',#8391);
#2360=VERTEX_POINT('',#8393);
#2361=VERTEX_POINT('',#8395);
#2362=VERTEX_POINT('',#8397);
#2363=VERTEX_POINT('',#8399);
#2364=VERTEX_POINT('',#8401);
#2365=VERTEX_POINT('',#8403);
#2366=VERTEX_POINT('',#8405);
#2367=VERTEX_POINT('',#8407);
#2368=VERTEX_POINT('',#8409);
#2369=VERTEX_POINT('',#8411);
#2370=VERTEX_POINT('',#8413);
#2371=VERTEX_POINT('',#8415);
#2372=VERTEX_POINT('',#8417);
#2373=VERTEX_POINT('',#8419);
#2374=VERTEX_POINT('',#8421);
#2375=VERTEX_POINT('',#8423);
#2376=VERTEX_POINT('',#8426);
#2377=VERTEX_POINT('',#8427);
#2378=VERTEX_POINT('',#8429);
#2379=VERTEX_POINT('',#8431);
#2380=VERTEX_POINT('',#8434);
#2381=VERTEX_POINT('',#8435);
#2382=VERTEX_POINT('',#8437);
#2383=VERTEX_POINT('',#8439);
#2384=VERTEX_POINT('',#8441);
#2385=VERTEX_POINT('',#8443);
#2386=VERTEX_POINT('',#8445);
#2387=VERTEX_POINT('',#8447);
#2388=VERTEX_POINT('',#8450);
#2389=VERTEX_POINT('',#8451);
#2390=VERTEX_POINT('',#8453);
#2391=VERTEX_POINT('',#8455);
#2392=VERTEX_POINT('',#8457);
#2393=VERTEX_POINT('',#8459);
#2394=VERTEX_POINT('',#8461);
#2395=VERTEX_POINT('',#8463);
#2396=VERTEX_POINT('',#8466);
#2397=VERTEX_POINT('',#8467);
#2398=VERTEX_POINT('',#8469);
#2399=VERTEX_POINT('',#8471);
#2400=VERTEX_POINT('',#8473);
#2401=VERTEX_POINT('',#8475);
#2402=VERTEX_POINT('',#8477);
#2403=VERTEX_POINT('',#8479);
#2404=VERTEX_POINT('',#8482);
#2405=VERTEX_POINT('',#8483);
#2406=VERTEX_POINT('',#8485);
#2407=VERTEX_POINT('',#8487);
#2408=VERTEX_POINT('',#8489);
#2409=VERTEX_POINT('',#8491);
#2410=VERTEX_POINT('',#8493);
#2411=VERTEX_POINT('',#8495);
#2412=VERTEX_POINT('',#8498);
#2413=VERTEX_POINT('',#8499);
#2414=VERTEX_POINT('',#8501);
#2415=VERTEX_POINT('',#8503);
#2416=VERTEX_POINT('',#8505);
#2417=VERTEX_POINT('',#8507);
#2418=VERTEX_POINT('',#8509);
#2419=VERTEX_POINT('',#8511);
#2420=VERTEX_POINT('',#8514);
#2421=VERTEX_POINT('',#8515);
#2422=VERTEX_POINT('',#8517);
#2423=VERTEX_POINT('',#8519);
#2424=VERTEX_POINT('',#8521);
#2425=VERTEX_POINT('',#8523);
#2426=VERTEX_POINT('',#8525);
#2427=VERTEX_POINT('',#8527);
#2428=VERTEX_POINT('',#8530);
#2429=VERTEX_POINT('',#8531);
#2430=VERTEX_POINT('',#8533);
#2431=VERTEX_POINT('',#8535);
#2432=VERTEX_POINT('',#8537);
#2433=VERTEX_POINT('',#8539);
#2434=VERTEX_POINT('',#8541);
#2435=VERTEX_POINT('',#8543);
#2436=VERTEX_POINT('',#8546);
#2437=VERTEX_POINT('',#8547);
#2438=VERTEX_POINT('',#8549);
#2439=VERTEX_POINT('',#8551);
#2440=VERTEX_POINT('',#8553);
#2441=VERTEX_POINT('',#8555);
#2442=VERTEX_POINT('',#8557);
#2443=VERTEX_POINT('',#8559);
#2444=VERTEX_POINT('',#8562);
#2445=VERTEX_POINT('',#8563);
#2446=VERTEX_POINT('',#8565);
#2447=VERTEX_POINT('',#8567);
#2448=VERTEX_POINT('',#8569);
#2449=VERTEX_POINT('',#8571);
#2450=VERTEX_POINT('',#8573);
#2451=VERTEX_POINT('',#8575);
#2452=VERTEX_POINT('',#8578);
#2453=VERTEX_POINT('',#8579);
#2454=VERTEX_POINT('',#8581);
#2455=VERTEX_POINT('',#8583);
#2456=VERTEX_POINT('',#8585);
#2457=VERTEX_POINT('',#8587);
#2458=VERTEX_POINT('',#8589);
#2459=VERTEX_POINT('',#8591);
#2460=VERTEX_POINT('',#8594);
#2461=VERTEX_POINT('',#8595);
#2462=VERTEX_POINT('',#8597);
#2463=VERTEX_POINT('',#8599);
#2464=VERTEX_POINT('',#8601);
#2465=VERTEX_POINT('',#8603);
#2466=VERTEX_POINT('',#8605);
#2467=VERTEX_POINT('',#8607);
#2468=VERTEX_POINT('',#8610);
#2469=VERTEX_POINT('',#8611);
#2470=VERTEX_POINT('',#8613);
#2471=VERTEX_POINT('',#8615);
#2472=VERTEX_POINT('',#8617);
#2473=VERTEX_POINT('',#8619);
#2474=VERTEX_POINT('',#8621);
#2475=VERTEX_POINT('',#8623);
#2476=VERTEX_POINT('',#8626);
#2477=VERTEX_POINT('',#8627);
#2478=VERTEX_POINT('',#8629);
#2479=VERTEX_POINT('',#8631);
#2480=VERTEX_POINT('',#8633);
#2481=VERTEX_POINT('',#8635);
#2482=VERTEX_POINT('',#8637);
#2483=VERTEX_POINT('',#8639);
#2484=VERTEX_POINT('',#8642);
#2485=VERTEX_POINT('',#8643);
#2486=VERTEX_POINT('',#8645);
#2487=VERTEX_POINT('',#8647);
#2488=VERTEX_POINT('',#8649);
#2489=VERTEX_POINT('',#8651);
#2490=VERTEX_POINT('',#8653);
#2491=VERTEX_POINT('',#8655);
#2492=VERTEX_POINT('',#8658);
#2493=VERTEX_POINT('',#8659);
#2494=VERTEX_POINT('',#8661);
#2495=VERTEX_POINT('',#8663);
#2496=VERTEX_POINT('',#8665);
#2497=VERTEX_POINT('',#8667);
#2498=VERTEX_POINT('',#8669);
#2499=VERTEX_POINT('',#8671);
#2500=VERTEX_POINT('',#8674);
#2501=VERTEX_POINT('',#8675);
#2502=VERTEX_POINT('',#8677);
#2503=VERTEX_POINT('',#8679);
#2504=VERTEX_POINT('',#8681);
#2505=VERTEX_POINT('',#8683);
#2506=VERTEX_POINT('',#8685);
#2507=VERTEX_POINT('',#8687);
#2508=VERTEX_POINT('',#8690);
#2509=VERTEX_POINT('',#8691);
#2510=VERTEX_POINT('',#8693);
#2511=VERTEX_POINT('',#8695);
#2512=VERTEX_POINT('',#8697);
#2513=VERTEX_POINT('',#8699);
#2514=VERTEX_POINT('',#8701);
#2515=VERTEX_POINT('',#8703);
#2516=VERTEX_POINT('',#8706);
#2517=VERTEX_POINT('',#8707);
#2518=VERTEX_POINT('',#8709);
#2519=VERTEX_POINT('',#8711);
#2520=VERTEX_POINT('',#8713);
#2521=VERTEX_POINT('',#8715);
#2522=VERTEX_POINT('',#8717);
#2523=VERTEX_POINT('',#8719);
#2524=VERTEX_POINT('',#8722);
#2525=VERTEX_POINT('',#8723);
#2526=VERTEX_POINT('',#8725);
#2527=VERTEX_POINT('',#8727);
#2528=VERTEX_POINT('',#8729);
#2529=VERTEX_POINT('',#8731);
#2530=VERTEX_POINT('',#8733);
#2531=VERTEX_POINT('',#8735);
#2532=VERTEX_POINT('',#8738);
#2533=VERTEX_POINT('',#8739);
#2534=VERTEX_POINT('',#8741);
#2535=VERTEX_POINT('',#8743);
#2536=VERTEX_POINT('',#8745);
#2537=VERTEX_POINT('',#8747);
#2538=VERTEX_POINT('',#8749);
#2539=VERTEX_POINT('',#8751);
#2540=VERTEX_POINT('',#8754);
#2541=VERTEX_POINT('',#8755);
#2542=VERTEX_POINT('',#8757);
#2543=VERTEX_POINT('',#8759);
#2544=VERTEX_POINT('',#8761);
#2545=VERTEX_POINT('',#8763);
#2546=VERTEX_POINT('',#8765);
#2547=VERTEX_POINT('',#8767);
#2548=VERTEX_POINT('',#8770);
#2549=VERTEX_POINT('',#8771);
#2550=VERTEX_POINT('',#8773);
#2551=VERTEX_POINT('',#8775);
#2552=VERTEX_POINT('',#8777);
#2553=VERTEX_POINT('',#8779);
#2554=VERTEX_POINT('',#8781);
#2555=VERTEX_POINT('',#8783);
#2556=VERTEX_POINT('',#8786);
#2557=VERTEX_POINT('',#8787);
#2558=VERTEX_POINT('',#8789);
#2559=VERTEX_POINT('',#8791);
#2560=VERTEX_POINT('',#8793);
#2561=VERTEX_POINT('',#8795);
#2562=VERTEX_POINT('',#8797);
#2563=VERTEX_POINT('',#8799);
#2564=VERTEX_POINT('',#8802);
#2565=VERTEX_POINT('',#8803);
#2566=VERTEX_POINT('',#8805);
#2567=VERTEX_POINT('',#8807);
#2568=VERTEX_POINT('',#8809);
#2569=VERTEX_POINT('',#8811);
#2570=VERTEX_POINT('',#8813);
#2571=VERTEX_POINT('',#8815);
#2572=VERTEX_POINT('',#8818);
#2573=VERTEX_POINT('',#8819);
#2574=VERTEX_POINT('',#8821);
#2575=VERTEX_POINT('',#8823);
#2576=VERTEX_POINT('',#8825);
#2577=VERTEX_POINT('',#8827);
#2578=VERTEX_POINT('',#8829);
#2579=VERTEX_POINT('',#8831);
#2580=VERTEX_POINT('',#8835);
#2581=VERTEX_POINT('',#8839);
#2582=VERTEX_POINT('',#8843);
#2583=VERTEX_POINT('',#8847);
#2584=VERTEX_POINT('',#8851);
#2585=VERTEX_POINT('',#8853);
#2586=VERTEX_POINT('',#8857);
#2587=VERTEX_POINT('',#8863);
#2588=VERTEX_POINT('',#8865);
#2589=VERTEX_POINT('',#8869);
#2590=VERTEX_POINT('',#8873);
#2591=VERTEX_POINT('',#8879);
#2592=VERTEX_POINT('',#8880);
#2593=VERTEX_POINT('',#8885);
#2594=VERTEX_POINT('',#8889);
#2595=VERTEX_POINT('',#8895);
#2596=VERTEX_POINT('',#8897);
#2597=VERTEX_POINT('',#8899);
#2598=VERTEX_POINT('',#8901);
#2599=VERTEX_POINT('',#8903);
#2600=VERTEX_POINT('',#8905);
#2601=VERTEX_POINT('',#8907);
#2602=VERTEX_POINT('',#8909);
#2603=VERTEX_POINT('',#8911);
#2604=VERTEX_POINT('',#8913);
#2605=VERTEX_POINT('',#8915);
#2606=VERTEX_POINT('',#8917);
#2607=VERTEX_POINT('',#8919);
#2608=VERTEX_POINT('',#8921);
#2609=VERTEX_POINT('',#8923);
#2610=VERTEX_POINT('',#8925);
#2611=VERTEX_POINT('',#8927);
#2612=VERTEX_POINT('',#8929);
#2613=VERTEX_POINT('',#8931);
#2614=VERTEX_POINT('',#8933);
#2615=VERTEX_POINT('',#8935);
#2616=VERTEX_POINT('',#8937);
#2617=VERTEX_POINT('',#8939);
#2618=VERTEX_POINT('',#8941);
#2619=VERTEX_POINT('',#8943);
#2620=VERTEX_POINT('',#8945);
#2621=VERTEX_POINT('',#8947);
#2622=VERTEX_POINT('',#8949);
#2623=VERTEX_POINT('',#8951);
#2624=VERTEX_POINT('',#8953);
#2625=VERTEX_POINT('',#8955);
#2626=VERTEX_POINT('',#8957);
#2627=VERTEX_POINT('',#8959);
#2628=VERTEX_POINT('',#8961);
#2629=VERTEX_POINT('',#8963);
#2630=VERTEX_POINT('',#8965);
#2631=VERTEX_POINT('',#8967);
#2632=VERTEX_POINT('',#8969);
#2633=VERTEX_POINT('',#8971);
#2634=VERTEX_POINT('',#8973);
#2635=VERTEX_POINT('',#8975);
#2636=VERTEX_POINT('',#8977);
#2637=VERTEX_POINT('',#8979);
#2638=VERTEX_POINT('',#8981);
#2639=VERTEX_POINT('',#8983);
#2640=VERTEX_POINT('',#8985);
#2641=VERTEX_POINT('',#8987);
#2642=VERTEX_POINT('',#8989);
#2643=VERTEX_POINT('',#8991);
#2644=VERTEX_POINT('',#8993);
#2645=VERTEX_POINT('',#8995);
#2646=VERTEX_POINT('',#8997);
#2647=VERTEX_POINT('',#8999);
#2648=VERTEX_POINT('',#9001);
#2649=VERTEX_POINT('',#9003);
#2650=VERTEX_POINT('',#9005);
#2651=VERTEX_POINT('',#9007);
#2652=VERTEX_POINT('',#9009);
#2653=VERTEX_POINT('',#9011);
#2654=VERTEX_POINT('',#9013);
#2655=VERTEX_POINT('',#9015);
#2656=VERTEX_POINT('',#9017);
#2657=VERTEX_POINT('',#9019);
#2658=VERTEX_POINT('',#9021);
#2659=VERTEX_POINT('',#9023);
#2660=VERTEX_POINT('',#9025);
#2661=VERTEX_POINT('',#9027);
#2662=VERTEX_POINT('',#9030);
#2663=VERTEX_POINT('',#9031);
#2664=VERTEX_POINT('',#9033);
#2665=VERTEX_POINT('',#9035);
#2666=VERTEX_POINT('',#9037);
#2667=VERTEX_POINT('',#9039);
#2668=VERTEX_POINT('',#9041);
#2669=VERTEX_POINT('',#9043);
#2670=VERTEX_POINT('',#9046);
#2671=VERTEX_POINT('',#9047);
#2672=VERTEX_POINT('',#9049);
#2673=VERTEX_POINT('',#9051);
#2674=VERTEX_POINT('',#9053);
#2675=VERTEX_POINT('',#9055);
#2676=VERTEX_POINT('',#9057);
#2677=VERTEX_POINT('',#9059);
#2678=VERTEX_POINT('',#9062);
#2679=VERTEX_POINT('',#9063);
#2680=VERTEX_POINT('',#9065);
#2681=VERTEX_POINT('',#9067);
#2682=VERTEX_POINT('',#9069);
#2683=VERTEX_POINT('',#9071);
#2684=VERTEX_POINT('',#9073);
#2685=VERTEX_POINT('',#9075);
#2686=VERTEX_POINT('',#9078);
#2687=VERTEX_POINT('',#9079);
#2688=VERTEX_POINT('',#9081);
#2689=VERTEX_POINT('',#9083);
#2690=VERTEX_POINT('',#9085);
#2691=VERTEX_POINT('',#9087);
#2692=VERTEX_POINT('',#9089);
#2693=VERTEX_POINT('',#9091);
#2694=VERTEX_POINT('',#9094);
#2695=VERTEX_POINT('',#9095);
#2696=VERTEX_POINT('',#9097);
#2697=VERTEX_POINT('',#9099);
#2698=VERTEX_POINT('',#9101);
#2699=VERTEX_POINT('',#9103);
#2700=VERTEX_POINT('',#9105);
#2701=VERTEX_POINT('',#9107);
#2702=VERTEX_POINT('',#9110);
#2703=VERTEX_POINT('',#9111);
#2704=VERTEX_POINT('',#9113);
#2705=VERTEX_POINT('',#9115);
#2706=VERTEX_POINT('',#9117);
#2707=VERTEX_POINT('',#9119);
#2708=VERTEX_POINT('',#9121);
#2709=VERTEX_POINT('',#9123);
#2710=VERTEX_POINT('',#9126);
#2711=VERTEX_POINT('',#9127);
#2712=VERTEX_POINT('',#9129);
#2713=VERTEX_POINT('',#9131);
#2714=VERTEX_POINT('',#9133);
#2715=VERTEX_POINT('',#9135);
#2716=VERTEX_POINT('',#9137);
#2717=VERTEX_POINT('',#9139);
#2718=VERTEX_POINT('',#9142);
#2719=VERTEX_POINT('',#9143);
#2720=VERTEX_POINT('',#9145);
#2721=VERTEX_POINT('',#9147);
#2722=VERTEX_POINT('',#9149);
#2723=VERTEX_POINT('',#9151);
#2724=VERTEX_POINT('',#9153);
#2725=VERTEX_POINT('',#9155);
#2726=VERTEX_POINT('',#9158);
#2727=VERTEX_POINT('',#9159);
#2728=VERTEX_POINT('',#9161);
#2729=VERTEX_POINT('',#9163);
#2730=VERTEX_POINT('',#9165);
#2731=VERTEX_POINT('',#9167);
#2732=VERTEX_POINT('',#9169);
#2733=VERTEX_POINT('',#9171);
#2734=VERTEX_POINT('',#9174);
#2735=VERTEX_POINT('',#9175);
#2736=VERTEX_POINT('',#9177);
#2737=VERTEX_POINT('',#9179);
#2738=VERTEX_POINT('',#9181);
#2739=VERTEX_POINT('',#9183);
#2740=VERTEX_POINT('',#9185);
#2741=VERTEX_POINT('',#9187);
#2742=VERTEX_POINT('',#9190);
#2743=VERTEX_POINT('',#9191);
#2744=VERTEX_POINT('',#9193);
#2745=VERTEX_POINT('',#9195);
#2746=VERTEX_POINT('',#9197);
#2747=VERTEX_POINT('',#9199);
#2748=VERTEX_POINT('',#9201);
#2749=VERTEX_POINT('',#9203);
#2750=VERTEX_POINT('',#9206);
#2751=VERTEX_POINT('',#9207);
#2752=VERTEX_POINT('',#9209);
#2753=VERTEX_POINT('',#9211);
#2754=VERTEX_POINT('',#9213);
#2755=VERTEX_POINT('',#9215);
#2756=VERTEX_POINT('',#9217);
#2757=VERTEX_POINT('',#9219);
#2758=VERTEX_POINT('',#9222);
#2759=VERTEX_POINT('',#9223);
#2760=VERTEX_POINT('',#9225);
#2761=VERTEX_POINT('',#9227);
#2762=VERTEX_POINT('',#9229);
#2763=VERTEX_POINT('',#9231);
#2764=VERTEX_POINT('',#9233);
#2765=VERTEX_POINT('',#9235);
#2766=VERTEX_POINT('',#9238);
#2767=VERTEX_POINT('',#9239);
#2768=VERTEX_POINT('',#9241);
#2769=VERTEX_POINT('',#9243);
#2770=VERTEX_POINT('',#9245);
#2771=VERTEX_POINT('',#9247);
#2772=VERTEX_POINT('',#9249);
#2773=VERTEX_POINT('',#9251);
#2774=VERTEX_POINT('',#9254);
#2775=VERTEX_POINT('',#9255);
#2776=VERTEX_POINT('',#9257);
#2777=VERTEX_POINT('',#9259);
#2778=VERTEX_POINT('',#9261);
#2779=VERTEX_POINT('',#9263);
#2780=VERTEX_POINT('',#9265);
#2781=VERTEX_POINT('',#9267);
#2782=VERTEX_POINT('',#9270);
#2783=VERTEX_POINT('',#9271);
#2784=VERTEX_POINT('',#9273);
#2785=VERTEX_POINT('',#9275);
#2786=VERTEX_POINT('',#9277);
#2787=VERTEX_POINT('',#9279);
#2788=VERTEX_POINT('',#9281);
#2789=VERTEX_POINT('',#9283);
#2790=VERTEX_POINT('',#9286);
#2791=VERTEX_POINT('',#9287);
#2792=VERTEX_POINT('',#9289);
#2793=VERTEX_POINT('',#9291);
#2794=VERTEX_POINT('',#9293);
#2795=VERTEX_POINT('',#9295);
#2796=VERTEX_POINT('',#9297);
#2797=VERTEX_POINT('',#9299);
#2798=VERTEX_POINT('',#9302);
#2799=VERTEX_POINT('',#9303);
#2800=VERTEX_POINT('',#9305);
#2801=VERTEX_POINT('',#9307);
#2802=VERTEX_POINT('',#9309);
#2803=VERTEX_POINT('',#9311);
#2804=VERTEX_POINT('',#9313);
#2805=VERTEX_POINT('',#9315);
#2806=VERTEX_POINT('',#9318);
#2807=VERTEX_POINT('',#9319);
#2808=VERTEX_POINT('',#9321);
#2809=VERTEX_POINT('',#9323);
#2810=VERTEX_POINT('',#9325);
#2811=VERTEX_POINT('',#9327);
#2812=VERTEX_POINT('',#9329);
#2813=VERTEX_POINT('',#9331);
#2814=VERTEX_POINT('',#9334);
#2815=VERTEX_POINT('',#9335);
#2816=VERTEX_POINT('',#9337);
#2817=VERTEX_POINT('',#9339);
#2818=VERTEX_POINT('',#9341);
#2819=VERTEX_POINT('',#9343);
#2820=VERTEX_POINT('',#9345);
#2821=VERTEX_POINT('',#9347);
#2822=VERTEX_POINT('',#9350);
#2823=VERTEX_POINT('',#9351);
#2824=VERTEX_POINT('',#9353);
#2825=VERTEX_POINT('',#9355);
#2826=VERTEX_POINT('',#9357);
#2827=VERTEX_POINT('',#9359);
#2828=VERTEX_POINT('',#9361);
#2829=VERTEX_POINT('',#9363);
#2830=VERTEX_POINT('',#9366);
#2831=VERTEX_POINT('',#9367);
#2832=VERTEX_POINT('',#9369);
#2833=VERTEX_POINT('',#9371);
#2834=VERTEX_POINT('',#9373);
#2835=VERTEX_POINT('',#9375);
#2836=VERTEX_POINT('',#9377);
#2837=VERTEX_POINT('',#9379);
#2838=VERTEX_POINT('',#9382);
#2839=VERTEX_POINT('',#9383);
#2840=VERTEX_POINT('',#9385);
#2841=VERTEX_POINT('',#9387);
#2842=VERTEX_POINT('',#9389);
#2843=VERTEX_POINT('',#9391);
#2844=VERTEX_POINT('',#9393);
#2845=VERTEX_POINT('',#9395);
#2846=VERTEX_POINT('',#9398);
#2847=VERTEX_POINT('',#9399);
#2848=VERTEX_POINT('',#9401);
#2849=VERTEX_POINT('',#9403);
#2850=VERTEX_POINT('',#9405);
#2851=VERTEX_POINT('',#9407);
#2852=VERTEX_POINT('',#9409);
#2853=VERTEX_POINT('',#9411);
#2854=VERTEX_POINT('',#9414);
#2855=VERTEX_POINT('',#9415);
#2856=VERTEX_POINT('',#9417);
#2857=VERTEX_POINT('',#9419);
#2858=VERTEX_POINT('',#9421);
#2859=VERTEX_POINT('',#9423);
#2860=VERTEX_POINT('',#9425);
#2861=VERTEX_POINT('',#9427);
#2862=VERTEX_POINT('',#9430);
#2863=VERTEX_POINT('',#9431);
#2864=VERTEX_POINT('',#9433);
#2865=VERTEX_POINT('',#9435);
#2866=EDGE_CURVE('',#2288,#2289,#1996,.T.);
#2867=EDGE_CURVE('',#2289,#2290,#846,.T.);
#2868=EDGE_CURVE('',#2290,#2291,#1997,.T.);
#2869=EDGE_CURVE('',#2291,#2288,#847,.T.);
#2870=EDGE_CURVE('',#2292,#2291,#848,.T.);
#2871=EDGE_CURVE('',#2293,#2292,#849,.T.);
#2872=EDGE_CURVE('',#2288,#2293,#850,.T.);
#2873=EDGE_CURVE('',#2294,#2290,#851,.T.);
#2874=EDGE_CURVE('',#2295,#2294,#1998,.T.);
#2875=EDGE_CURVE('',#2296,#2295,#852,.T.);
#2876=EDGE_CURVE('',#2296,#2297,#1999,.T.);
#2877=EDGE_CURVE('',#2298,#2297,#853,.T.);
#2878=EDGE_CURVE('',#2299,#2298,#2000,.T.);
#2879=EDGE_CURVE('',#2300,#2299,#854,.T.);
#2880=EDGE_CURVE('',#2300,#2301,#2001,.T.);
#2881=EDGE_CURVE('',#2302,#2301,#855,.T.);
#2882=EDGE_CURVE('',#2303,#2302,#2002,.T.);
#2883=EDGE_CURVE('',#2304,#2303,#856,.T.);
#2884=EDGE_CURVE('',#2304,#2305,#2003,.T.);
#2885=EDGE_CURVE('',#2306,#2305,#857,.T.);
#2886=EDGE_CURVE('',#2307,#2306,#2004,.T.);
#2887=EDGE_CURVE('',#2308,#2307,#858,.T.);
#2888=EDGE_CURVE('',#2308,#2309,#2005,.T.);
#2889=EDGE_CURVE('',#2310,#2309,#859,.T.);
#2890=EDGE_CURVE('',#2310,#2311,#2006,.T.);
#2891=EDGE_CURVE('',#2312,#2311,#860,.T.);
#2892=EDGE_CURVE('',#2313,#2312,#2007,.T.);
#2893=EDGE_CURVE('',#2314,#2313,#861,.T.);
#2894=EDGE_CURVE('',#2314,#2315,#2008,.T.);
#2895=EDGE_CURVE('',#2316,#2315,#862,.T.);
#2896=EDGE_CURVE('',#2317,#2316,#2009,.T.);
#2897=EDGE_CURVE('',#2318,#2317,#863,.T.);
#2898=EDGE_CURVE('',#2318,#2319,#2010,.T.);
#2899=EDGE_CURVE('',#2320,#2319,#2011,.T.);
#2900=EDGE_CURVE('',#2321,#2320,#864,.T.);
#2901=EDGE_CURVE('',#2322,#2321,#2012,.T.);
#2902=EDGE_CURVE('',#2323,#2322,#865,.T.);
#2903=EDGE_CURVE('',#2323,#2324,#2013,.T.);
#2904=EDGE_CURVE('',#2325,#2324,#866,.T.);
#2905=EDGE_CURVE('',#2326,#2325,#2014,.T.);
#2906=EDGE_CURVE('',#2327,#2326,#867,.T.);
#2907=EDGE_CURVE('',#2328,#2327,#2015,.T.);
#2908=EDGE_CURVE('',#2329,#2328,#868,.T.);
#2909=EDGE_CURVE('',#2329,#2330,#2016,.T.);
#2910=EDGE_CURVE('',#2331,#2330,#869,.T.);
#2911=EDGE_CURVE('',#2332,#2331,#2017,.T.);
#2912=EDGE_CURVE('',#2333,#2332,#870,.T.);
#2913=EDGE_CURVE('',#2333,#2334,#2018,.T.);
#2914=EDGE_CURVE('',#2335,#2334,#2019,.T.);
#2915=EDGE_CURVE('',#2336,#2335,#871,.T.);
#2916=EDGE_CURVE('',#2336,#2337,#2020,.T.);
#2917=EDGE_CURVE('',#2338,#2337,#872,.T.);
#2918=EDGE_CURVE('',#2339,#2338,#2021,.T.);
#2919=EDGE_CURVE('',#2340,#2339,#873,.T.);
#2920=EDGE_CURVE('',#2340,#2341,#2022,.T.);
#2921=EDGE_CURVE('',#2342,#2341,#874,.T.);
#2922=EDGE_CURVE('',#2343,#2342,#2023,.T.);
#2923=EDGE_CURVE('',#2344,#2343,#875,.T.);
#2924=EDGE_CURVE('',#2344,#2345,#2024,.T.);
#2925=EDGE_CURVE('',#2346,#2345,#876,.T.);
#2926=EDGE_CURVE('',#2347,#2346,#2025,.T.);
#2927=EDGE_CURVE('',#2348,#2347,#877,.T.);
#2928=EDGE_CURVE('',#2349,#2348,#2026,.T.);
#2929=EDGE_CURVE('',#2350,#2349,#878,.T.);
#2930=EDGE_CURVE('',#2350,#2351,#2027,.T.);
#2931=EDGE_CURVE('',#2352,#2351,#879,.T.);
#2932=EDGE_CURVE('',#2353,#2352,#2028,.T.);
#2933=EDGE_CURVE('',#2353,#2354,#2029,.T.);
#2934=EDGE_CURVE('',#2355,#2354,#880,.T.);
#2935=EDGE_CURVE('',#2356,#2355,#2030,.T.);
#2936=EDGE_CURVE('',#2357,#2356,#881,.T.);
#2937=EDGE_CURVE('',#2357,#2358,#2031,.T.);
#2938=EDGE_CURVE('',#2359,#2358,#882,.T.);
#2939=EDGE_CURVE('',#2360,#2359,#2032,.T.);
#2940=EDGE_CURVE('',#2360,#2361,#883,.T.);
#2941=EDGE_CURVE('',#2361,#2362,#2033,.T.);
#2942=EDGE_CURVE('',#2362,#2363,#884,.T.);
#2943=EDGE_CURVE('',#2363,#2364,#2034,.T.);
#2944=EDGE_CURVE('',#2364,#2365,#885,.T.);
#2945=EDGE_CURVE('',#2366,#2365,#2035,.T.);
#2946=EDGE_CURVE('',#2366,#2367,#886,.T.);
#2947=EDGE_CURVE('',#2368,#2367,#2036,.T.);
#2948=EDGE_CURVE('',#2368,#2369,#887,.T.);
#2949=EDGE_CURVE('',#2370,#2369,#2037,.T.);
#2950=EDGE_CURVE('',#2370,#2371,#2038,.T.);
#2951=EDGE_CURVE('',#2372,#2371,#2039,.T.);
#2952=EDGE_CURVE('',#2372,#2373,#888,.T.);
#2953=EDGE_CURVE('',#2374,#2373,#2040,.T.);
#2954=EDGE_CURVE('',#2374,#2375,#2041,.T.);
#2955=EDGE_CURVE('',#2292,#2375,#2042,.T.);
#2956=EDGE_CURVE('',#2376,#2377,#889,.T.);
#2957=EDGE_CURVE('',#2378,#2376,#890,.T.);
#2958=EDGE_CURVE('',#2379,#2378,#891,.T.);
#2959=EDGE_CURVE('',#2377,#2379,#892,.T.);
#2960=EDGE_CURVE('',#2380,#2381,#893,.T.);
#2961=EDGE_CURVE('',#2380,#2382,#2043,.T.);
#2962=EDGE_CURVE('',#2383,#2382,#894,.T.);
#2963=EDGE_CURVE('',#2383,#2384,#2044,.T.);
#2964=EDGE_CURVE('',#2385,#2384,#895,.T.);
#2965=EDGE_CURVE('',#2385,#2386,#2045,.T.);
#2966=EDGE_CURVE('',#2387,#2386,#896,.T.);
#2967=EDGE_CURVE('',#2387,#2381,#2046,.T.);
#2968=EDGE_CURVE('',#2388,#2389,#897,.T.);
#2969=EDGE_CURVE('',#2388,#2390,#2047,.T.);
#2970=EDGE_CURVE('',#2391,#2390,#898,.T.);
#2971=EDGE_CURVE('',#2391,#2392,#2048,.T.);
#2972=EDGE_CURVE('',#2393,#2392,#899,.T.);
#2973=EDGE_CURVE('',#2393,#2394,#2049,.T.);
#2974=EDGE_CURVE('',#2395,#2394,#900,.T.);
#2975=EDGE_CURVE('',#2395,#2389,#2050,.T.);
#2976=EDGE_CURVE('',#2396,#2397,#901,.T.);
#2977=EDGE_CURVE('',#2396,#2398,#2051,.T.);
#2978=EDGE_CURVE('',#2399,#2398,#902,.T.);
#2979=EDGE_CURVE('',#2399,#2400,#2052,.T.);
#2980=EDGE_CURVE('',#2401,#2400,#903,.T.);
#2981=EDGE_CURVE('',#2401,#2402,#2053,.T.);
#2982=EDGE_CURVE('',#2403,#2402,#904,.T.);
#2983=EDGE_CURVE('',#2403,#2397,#2054,.T.);
#2984=EDGE_CURVE('',#2404,#2405,#905,.T.);
#2985=EDGE_CURVE('',#2404,#2406,#2055,.T.);
#2986=EDGE_CURVE('',#2407,#2406,#906,.T.);
#2987=EDGE_CURVE('',#2407,#2408,#2056,.T.);
#2988=EDGE_CURVE('',#2409,#2408,#907,.T.);
#2989=EDGE_CURVE('',#2409,#2410,#2057,.T.);
#2990=EDGE_CURVE('',#2411,#2410,#908,.T.);
#2991=EDGE_CURVE('',#2411,#2405,#2058,.T.);
#2992=EDGE_CURVE('',#2412,#2413,#909,.T.);
#2993=EDGE_CURVE('',#2412,#2414,#2059,.T.);
#2994=EDGE_CURVE('',#2415,#2414,#910,.T.);
#2995=EDGE_CURVE('',#2415,#2416,#2060,.T.);
#2996=EDGE_CURVE('',#2417,#2416,#911,.T.);
#2997=EDGE_CURVE('',#2417,#2418,#2061,.T.);
#2998=EDGE_CURVE('',#2419,#2418,#912,.T.);
#2999=EDGE_CURVE('',#2419,#2413,#2062,.T.);
#3000=EDGE_CURVE('',#2420,#2421,#913,.T.);
#3001=EDGE_CURVE('',#2420,#2422,#2063,.T.);
#3002=EDGE_CURVE('',#2423,#2422,#914,.T.);
#3003=EDGE_CURVE('',#2423,#2424,#2064,.T.);
#3004=EDGE_CURVE('',#2425,#2424,#915,.T.);
#3005=EDGE_CURVE('',#2425,#2426,#2065,.T.);
#3006=EDGE_CURVE('',#2427,#2426,#916,.T.);
#3007=EDGE_CURVE('',#2427,#2421,#2066,.T.);
#3008=EDGE_CURVE('',#2428,#2429,#917,.T.);
#3009=EDGE_CURVE('',#2428,#2430,#2067,.T.);
#3010=EDGE_CURVE('',#2431,#2430,#918,.T.);
#3011=EDGE_CURVE('',#2431,#2432,#2068,.T.);
#3012=EDGE_CURVE('',#2433,#2432,#919,.T.);
#3013=EDGE_CURVE('',#2433,#2434,#2069,.T.);
#3014=EDGE_CURVE('',#2435,#2434,#920,.T.);
#3015=EDGE_CURVE('',#2435,#2429,#2070,.T.);
#3016=EDGE_CURVE('',#2436,#2437,#921,.T.);
#3017=EDGE_CURVE('',#2436,#2438,#2071,.T.);
#3018=EDGE_CURVE('',#2439,#2438,#922,.T.);
#3019=EDGE_CURVE('',#2439,#2440,#2072,.T.);
#3020=EDGE_CURVE('',#2441,#2440,#923,.T.);
#3021=EDGE_CURVE('',#2441,#2442,#2073,.T.);
#3022=EDGE_CURVE('',#2443,#2442,#924,.T.);
#3023=EDGE_CURVE('',#2443,#2437,#2074,.T.);
#3024=EDGE_CURVE('',#2444,#2445,#925,.T.);
#3025=EDGE_CURVE('',#2444,#2446,#2075,.T.);
#3026=EDGE_CURVE('',#2447,#2446,#926,.T.);
#3027=EDGE_CURVE('',#2447,#2448,#2076,.T.);
#3028=EDGE_CURVE('',#2449,#2448,#927,.T.);
#3029=EDGE_CURVE('',#2449,#2450,#2077,.T.);
#3030=EDGE_CURVE('',#2451,#2450,#928,.T.);
#3031=EDGE_CURVE('',#2451,#2445,#2078,.T.);
#3032=EDGE_CURVE('',#2452,#2453,#929,.T.);
#3033=EDGE_CURVE('',#2452,#2454,#2079,.T.);
#3034=EDGE_CURVE('',#2455,#2454,#930,.T.);
#3035=EDGE_CURVE('',#2455,#2456,#2080,.T.);
#3036=EDGE_CURVE('',#2457,#2456,#931,.T.);
#3037=EDGE_CURVE('',#2457,#2458,#2081,.T.);
#3038=EDGE_CURVE('',#2459,#2458,#932,.T.);
#3039=EDGE_CURVE('',#2459,#2453,#2082,.T.);
#3040=EDGE_CURVE('',#2460,#2461,#933,.T.);
#3041=EDGE_CURVE('',#2460,#2462,#2083,.T.);
#3042=EDGE_CURVE('',#2463,#2462,#934,.T.);
#3043=EDGE_CURVE('',#2463,#2464,#2084,.T.);
#3044=EDGE_CURVE('',#2465,#2464,#935,.T.);
#3045=EDGE_CURVE('',#2465,#2466,#2085,.T.);
#3046=EDGE_CURVE('',#2467,#2466,#936,.T.);
#3047=EDGE_CURVE('',#2467,#2461,#2086,.T.);
#3048=EDGE_CURVE('',#2468,#2469,#937,.T.);
#3049=EDGE_CURVE('',#2468,#2470,#2087,.T.);
#3050=EDGE_CURVE('',#2471,#2470,#938,.T.);
#3051=EDGE_CURVE('',#2471,#2472,#2088,.T.);
#3052=EDGE_CURVE('',#2473,#2472,#939,.T.);
#3053=EDGE_CURVE('',#2473,#2474,#2089,.T.);
#3054=EDGE_CURVE('',#2475,#2474,#940,.T.);
#3055=EDGE_CURVE('',#2475,#2469,#2090,.T.);
#3056=EDGE_CURVE('',#2476,#2477,#941,.T.);
#3057=EDGE_CURVE('',#2476,#2478,#2091,.T.);
#3058=EDGE_CURVE('',#2479,#2478,#942,.T.);
#3059=EDGE_CURVE('',#2479,#2480,#2092,.T.);
#3060=EDGE_CURVE('',#2481,#2480,#943,.T.);
#3061=EDGE_CURVE('',#2481,#2482,#2093,.T.);
#3062=EDGE_CURVE('',#2483,#2482,#944,.T.);
#3063=EDGE_CURVE('',#2483,#2477,#2094,.T.);
#3064=EDGE_CURVE('',#2484,#2485,#945,.T.);
#3065=EDGE_CURVE('',#2484,#2486,#2095,.T.);
#3066=EDGE_CURVE('',#2487,#2486,#946,.T.);
#3067=EDGE_CURVE('',#2487,#2488,#2096,.T.);
#3068=EDGE_CURVE('',#2489,#2488,#947,.T.);
#3069=EDGE_CURVE('',#2489,#2490,#2097,.T.);
#3070=EDGE_CURVE('',#2491,#2490,#948,.T.);
#3071=EDGE_CURVE('',#2491,#2485,#2098,.T.);
#3072=EDGE_CURVE('',#2492,#2493,#949,.T.);
#3073=EDGE_CURVE('',#2492,#2494,#2099,.T.);
#3074=EDGE_CURVE('',#2495,#2494,#950,.T.);
#3075=EDGE_CURVE('',#2495,#2496,#2100,.T.);
#3076=EDGE_CURVE('',#2497,#2496,#951,.T.);
#3077=EDGE_CURVE('',#2497,#2498,#2101,.T.);
#3078=EDGE_CURVE('',#2499,#2498,#952,.T.);
#3079=EDGE_CURVE('',#2499,#2493,#2102,.T.);
#3080=EDGE_CURVE('',#2500,#2501,#953,.T.);
#3081=EDGE_CURVE('',#2500,#2502,#2103,.T.);
#3082=EDGE_CURVE('',#2503,#2502,#954,.T.);
#3083=EDGE_CURVE('',#2503,#2504,#2104,.T.);
#3084=EDGE_CURVE('',#2505,#2504,#955,.T.);
#3085=EDGE_CURVE('',#2505,#2506,#2105,.T.);
#3086=EDGE_CURVE('',#2507,#2506,#956,.T.);
#3087=EDGE_CURVE('',#2507,#2501,#2106,.T.);
#3088=EDGE_CURVE('',#2508,#2509,#957,.T.);
#3089=EDGE_CURVE('',#2508,#2510,#2107,.T.);
#3090=EDGE_CURVE('',#2511,#2510,#958,.T.);
#3091=EDGE_CURVE('',#2511,#2512,#2108,.T.);
#3092=EDGE_CURVE('',#2513,#2512,#959,.T.);
#3093=EDGE_CURVE('',#2513,#2514,#2109,.T.);
#3094=EDGE_CURVE('',#2515,#2514,#960,.T.);
#3095=EDGE_CURVE('',#2515,#2509,#2110,.T.);
#3096=EDGE_CURVE('',#2516,#2517,#961,.T.);
#3097=EDGE_CURVE('',#2516,#2518,#2111,.T.);
#3098=EDGE_CURVE('',#2519,#2518,#962,.T.);
#3099=EDGE_CURVE('',#2519,#2520,#2112,.T.);
#3100=EDGE_CURVE('',#2521,#2520,#963,.T.);
#3101=EDGE_CURVE('',#2521,#2522,#2113,.T.);
#3102=EDGE_CURVE('',#2523,#2522,#964,.T.);
#3103=EDGE_CURVE('',#2523,#2517,#2114,.T.);
#3104=EDGE_CURVE('',#2524,#2525,#965,.T.);
#3105=EDGE_CURVE('',#2524,#2526,#2115,.T.);
#3106=EDGE_CURVE('',#2527,#2526,#966,.T.);
#3107=EDGE_CURVE('',#2527,#2528,#2116,.T.);
#3108=EDGE_CURVE('',#2529,#2528,#967,.T.);
#3109=EDGE_CURVE('',#2529,#2530,#2117,.T.);
#3110=EDGE_CURVE('',#2531,#2530,#968,.T.);
#3111=EDGE_CURVE('',#2531,#2525,#2118,.T.);
#3112=EDGE_CURVE('',#2532,#2533,#969,.T.);
#3113=EDGE_CURVE('',#2532,#2534,#2119,.T.);
#3114=EDGE_CURVE('',#2535,#2534,#970,.T.);
#3115=EDGE_CURVE('',#2535,#2536,#2120,.T.);
#3116=EDGE_CURVE('',#2537,#2536,#971,.T.);
#3117=EDGE_CURVE('',#2537,#2538,#2121,.T.);
#3118=EDGE_CURVE('',#2539,#2538,#972,.T.);
#3119=EDGE_CURVE('',#2539,#2533,#2122,.T.);
#3120=EDGE_CURVE('',#2540,#2541,#973,.T.);
#3121=EDGE_CURVE('',#2540,#2542,#2123,.T.);
#3122=EDGE_CURVE('',#2543,#2542,#974,.T.);
#3123=EDGE_CURVE('',#2543,#2544,#2124,.T.);
#3124=EDGE_CURVE('',#2545,#2544,#975,.T.);
#3125=EDGE_CURVE('',#2545,#2546,#2125,.T.);
#3126=EDGE_CURVE('',#2547,#2546,#976,.T.);
#3127=EDGE_CURVE('',#2547,#2541,#2126,.T.);
#3128=EDGE_CURVE('',#2548,#2549,#977,.T.);
#3129=EDGE_CURVE('',#2548,#2550,#2127,.T.);
#3130=EDGE_CURVE('',#2551,#2550,#978,.T.);
#3131=EDGE_CURVE('',#2551,#2552,#2128,.T.);
#3132=EDGE_CURVE('',#2553,#2552,#979,.T.);
#3133=EDGE_CURVE('',#2553,#2554,#2129,.T.);
#3134=EDGE_CURVE('',#2555,#2554,#980,.T.);
#3135=EDGE_CURVE('',#2555,#2549,#2130,.T.);
#3136=EDGE_CURVE('',#2556,#2557,#981,.T.);
#3137=EDGE_CURVE('',#2556,#2558,#2131,.T.);
#3138=EDGE_CURVE('',#2559,#2558,#982,.T.);
#3139=EDGE_CURVE('',#2559,#2560,#2132,.T.);
#3140=EDGE_CURVE('',#2561,#2560,#983,.T.);
#3141=EDGE_CURVE('',#2561,#2562,#2133,.T.);
#3142=EDGE_CURVE('',#2563,#2562,#984,.T.);
#3143=EDGE_CURVE('',#2563,#2557,#2134,.T.);
#3144=EDGE_CURVE('',#2564,#2565,#985,.T.);
#3145=EDGE_CURVE('',#2564,#2566,#2135,.T.);
#3146=EDGE_CURVE('',#2567,#2566,#986,.T.);
#3147=EDGE_CURVE('',#2567,#2568,#2136,.T.);
#3148=EDGE_CURVE('',#2569,#2568,#987,.T.);
#3149=EDGE_CURVE('',#2569,#2570,#2137,.T.);
#3150=EDGE_CURVE('',#2571,#2570,#988,.T.);
#3151=EDGE_CURVE('',#2571,#2565,#2138,.T.);
#3152=EDGE_CURVE('',#2572,#2573,#989,.T.);
#3153=EDGE_CURVE('',#2572,#2574,#2139,.T.);
#3154=EDGE_CURVE('',#2575,#2574,#990,.T.);
#3155=EDGE_CURVE('',#2575,#2576,#2140,.T.);
#3156=EDGE_CURVE('',#2577,#2576,#991,.T.);
#3157=EDGE_CURVE('',#2577,#2578,#2141,.T.);
#3158=EDGE_CURVE('',#2579,#2578,#992,.T.);
#3159=EDGE_CURVE('',#2579,#2573,#2142,.T.);
#3160=EDGE_CURVE('',#2375,#2580,#993,.T.);
#3161=EDGE_CURVE('',#2580,#2293,#2143,.T.);
#3162=EDGE_CURVE('',#2581,#2374,#994,.T.);
#3163=EDGE_CURVE('',#2580,#2581,#2144,.T.);
#3164=EDGE_CURVE('',#2373,#2582,#995,.T.);
#3165=EDGE_CURVE('',#2582,#2581,#2145,.T.);
#3166=EDGE_CURVE('',#2583,#2372,#996,.T.);
#3167=EDGE_CURVE('',#2582,#2583,#997,.T.);
#3168=EDGE_CURVE('',#2369,#2584,#998,.T.);
#3169=EDGE_CURVE('',#2584,#2585,#2146,.T.);
#3170=EDGE_CURVE('',#2585,#2370,#999,.T.);
#3171=EDGE_CURVE('',#2586,#2585,#2147,.T.);
#3172=EDGE_CURVE('',#2371,#2586,#1000,.T.);
#3173=EDGE_CURVE('',#2586,#2583,#2148,.T.);
#3174=EDGE_CURVE('',#2367,#2587,#1001,.T.);
#3175=EDGE_CURVE('',#2587,#2588,#2149,.T.);
#3176=EDGE_CURVE('',#2588,#2368,#1002,.T.);
#3177=EDGE_CURVE('',#2589,#2366,#1003,.T.);
#3178=EDGE_CURVE('',#2587,#2589,#1004,.T.);
#3179=EDGE_CURVE('',#2365,#2590,#1005,.T.);
#3180=EDGE_CURVE('',#2590,#2589,#2150,.T.);
#3181=EDGE_CURVE('',#2584,#2588,#1006,.T.);
#3182=EDGE_CURVE('',#2591,#2592,#2151,.T.);
#3183=EDGE_CURVE('',#2591,#2362,#1007,.T.);
#3184=EDGE_CURVE('',#2592,#2361,#1008,.T.);
#3185=EDGE_CURVE('',#2593,#2591,#1009,.T.);
#3186=EDGE_CURVE('',#2593,#2363,#1010,.T.);
#3187=EDGE_CURVE('',#2594,#2593,#2152,.T.);
#3188=EDGE_CURVE('',#2594,#2364,#1011,.T.);
#3189=EDGE_CURVE('',#2590,#2594,#1012,.T.);
#3190=EDGE_CURVE('',#2592,#2595,#1013,.T.);
#3191=EDGE_CURVE('',#2595,#2596,#2153,.T.);
#3192=EDGE_CURVE('',#2596,#2597,#1014,.T.);
#3193=EDGE_CURVE('',#2597,#2598,#2154,.T.);
#3194=EDGE_CURVE('',#2598,#2599,#1015,.T.);
#3195=EDGE_CURVE('',#2599,#2600,#2155,.T.);
#3196=EDGE_CURVE('',#2600,#2601,#1016,.T.);
#3197=EDGE_CURVE('',#2601,#2602,#2156,.T.);
#3198=EDGE_CURVE('',#2602,#2603,#2157,.T.);
#3199=EDGE_CURVE('',#2603,#2604,#1017,.T.);
#3200=EDGE_CURVE('',#2604,#2605,#2158,.T.);
#3201=EDGE_CURVE('',#2605,#2606,#1018,.T.);
#3202=EDGE_CURVE('',#2606,#2607,#2159,.T.);
#3203=EDGE_CURVE('',#2607,#2608,#1019,.T.);
#3204=EDGE_CURVE('',#2608,#2609,#2160,.T.);
#3205=EDGE_CURVE('',#2609,#2610,#1020,.T.);
#3206=EDGE_CURVE('',#2610,#2611,#2161,.T.);
#3207=EDGE_CURVE('',#2611,#2612,#1021,.T.);
#3208=EDGE_CURVE('',#2612,#2613,#2162,.T.);
#3209=EDGE_CURVE('',#2613,#2614,#1022,.T.);
#3210=EDGE_CURVE('',#2614,#2615,#2163,.T.);
#3211=EDGE_CURVE('',#2615,#2616,#1023,.T.);
#3212=EDGE_CURVE('',#2616,#2617,#2164,.T.);
#3213=EDGE_CURVE('',#2617,#2618,#1024,.T.);
#3214=EDGE_CURVE('',#2618,#2619,#2165,.T.);
#3215=EDGE_CURVE('',#2619,#2620,#1025,.T.);
#3216=EDGE_CURVE('',#2620,#2621,#2166,.T.);
#3217=EDGE_CURVE('',#2621,#2622,#2167,.T.);
#3218=EDGE_CURVE('',#2622,#2623,#1026,.T.);
#3219=EDGE_CURVE('',#2623,#2624,#2168,.T.);
#3220=EDGE_CURVE('',#2624,#2625,#1027,.T.);
#3221=EDGE_CURVE('',#2625,#2626,#2169,.T.);
#3222=EDGE_CURVE('',#2626,#2627,#1028,.T.);
#3223=EDGE_CURVE('',#2627,#2628,#2170,.T.);
#3224=EDGE_CURVE('',#2628,#2629,#1029,.T.);
#3225=EDGE_CURVE('',#2629,#2630,#2171,.T.);
#3226=EDGE_CURVE('',#2630,#2631,#1030,.T.);
#3227=EDGE_CURVE('',#2631,#2632,#2172,.T.);
#3228=EDGE_CURVE('',#2632,#2633,#1031,.T.);
#3229=EDGE_CURVE('',#2633,#2634,#2173,.T.);
#3230=EDGE_CURVE('',#2634,#2635,#1032,.T.);
#3231=EDGE_CURVE('',#2635,#2636,#2174,.T.);
#3232=EDGE_CURVE('',#2636,#2637,#2175,.T.);
#3233=EDGE_CURVE('',#2637,#2638,#1033,.T.);
#3234=EDGE_CURVE('',#2638,#2639,#2176,.T.);
#3235=EDGE_CURVE('',#2639,#2640,#1034,.T.);
#3236=EDGE_CURVE('',#2640,#2641,#2177,.T.);
#3237=EDGE_CURVE('',#2641,#2642,#1035,.T.);
#3238=EDGE_CURVE('',#2642,#2643,#2178,.T.);
#3239=EDGE_CURVE('',#2643,#2644,#1036,.T.);
#3240=EDGE_CURVE('',#2644,#2645,#2179,.T.);
#3241=EDGE_CURVE('',#2645,#2646,#1037,.T.);
#3242=EDGE_CURVE('',#2646,#2647,#2180,.T.);
#3243=EDGE_CURVE('',#2647,#2648,#1038,.T.);
#3244=EDGE_CURVE('',#2648,#2649,#2181,.T.);
#3245=EDGE_CURVE('',#2649,#2650,#1039,.T.);
#3246=EDGE_CURVE('',#2650,#2651,#2182,.T.);
#3247=EDGE_CURVE('',#2651,#2652,#1040,.T.);
#3248=EDGE_CURVE('',#2652,#2653,#2183,.T.);
#3249=EDGE_CURVE('',#2653,#2654,#1041,.T.);
#3250=EDGE_CURVE('',#2654,#2655,#2184,.T.);
#3251=EDGE_CURVE('',#2655,#2656,#1042,.T.);
#3252=EDGE_CURVE('',#2656,#2657,#2185,.T.);
#3253=EDGE_CURVE('',#2657,#2658,#1043,.T.);
#3254=EDGE_CURVE('',#2658,#2659,#2186,.T.);
#3255=EDGE_CURVE('',#2659,#2660,#1044,.T.);
#3256=EDGE_CURVE('',#2660,#2661,#2187,.T.);
#3257=EDGE_CURVE('',#2661,#2289,#1045,.T.);
#3258=EDGE_CURVE('',#2662,#2663,#1046,.T.);
#3259=EDGE_CURVE('',#2663,#2664,#2188,.T.);
#3260=EDGE_CURVE('',#2664,#2665,#1047,.T.);
#3261=EDGE_CURVE('',#2665,#2666,#2189,.T.);
#3262=EDGE_CURVE('',#2666,#2667,#1048,.T.);
#3263=EDGE_CURVE('',#2667,#2668,#2190,.T.);
#3264=EDGE_CURVE('',#2668,#2669,#1049,.T.);
#3265=EDGE_CURVE('',#2669,#2662,#2191,.T.);
#3266=EDGE_CURVE('',#2670,#2671,#1050,.T.);
#3267=EDGE_CURVE('',#2671,#2672,#2192,.T.);
#3268=EDGE_CURVE('',#2672,#2673,#1051,.T.);
#3269=EDGE_CURVE('',#2673,#2674,#2193,.T.);
#3270=EDGE_CURVE('',#2674,#2675,#1052,.T.);
#3271=EDGE_CURVE('',#2675,#2676,#2194,.T.);
#3272=EDGE_CURVE('',#2676,#2677,#1053,.T.);
#3273=EDGE_CURVE('',#2677,#2670,#2195,.T.);
#3274=EDGE_CURVE('',#2678,#2679,#1054,.T.);
#3275=EDGE_CURVE('',#2679,#2680,#2196,.T.);
#3276=EDGE_CURVE('',#2680,#2681,#1055,.T.);
#3277=EDGE_CURVE('',#2681,#2682,#2197,.T.);
#3278=EDGE_CURVE('',#2682,#2683,#1056,.T.);
#3279=EDGE_CURVE('',#2683,#2684,#2198,.T.);
#3280=EDGE_CURVE('',#2684,#2685,#1057,.T.);
#3281=EDGE_CURVE('',#2685,#2678,#2199,.T.);
#3282=EDGE_CURVE('',#2686,#2687,#1058,.T.);
#3283=EDGE_CURVE('',#2687,#2688,#2200,.T.);
#3284=EDGE_CURVE('',#2688,#2689,#1059,.T.);
#3285=EDGE_CURVE('',#2689,#2690,#2201,.T.);
#3286=EDGE_CURVE('',#2690,#2691,#1060,.T.);
#3287=EDGE_CURVE('',#2691,#2692,#2202,.T.);
#3288=EDGE_CURVE('',#2692,#2693,#1061,.T.);
#3289=EDGE_CURVE('',#2693,#2686,#2203,.T.);
#3290=EDGE_CURVE('',#2694,#2695,#1062,.T.);
#3291=EDGE_CURVE('',#2695,#2696,#2204,.T.);
#3292=EDGE_CURVE('',#2696,#2697,#1063,.T.);
#3293=EDGE_CURVE('',#2697,#2698,#2205,.T.);
#3294=EDGE_CURVE('',#2698,#2699,#1064,.T.);
#3295=EDGE_CURVE('',#2699,#2700,#2206,.T.);
#3296=EDGE_CURVE('',#2700,#2701,#1065,.T.);
#3297=EDGE_CURVE('',#2701,#2694,#2207,.T.);
#3298=EDGE_CURVE('',#2702,#2703,#1066,.T.);
#3299=EDGE_CURVE('',#2703,#2704,#2208,.T.);
#3300=EDGE_CURVE('',#2704,#2705,#1067,.T.);
#3301=EDGE_CURVE('',#2705,#2706,#2209,.T.);
#3302=EDGE_CURVE('',#2706,#2707,#1068,.T.);
#3303=EDGE_CURVE('',#2707,#2708,#2210,.T.);
#3304=EDGE_CURVE('',#2708,#2709,#1069,.T.);
#3305=EDGE_CURVE('',#2709,#2702,#2211,.T.);
#3306=EDGE_CURVE('',#2710,#2711,#1070,.T.);
#3307=EDGE_CURVE('',#2711,#2712,#2212,.T.);
#3308=EDGE_CURVE('',#2712,#2713,#1071,.T.);
#3309=EDGE_CURVE('',#2713,#2714,#2213,.T.);
#3310=EDGE_CURVE('',#2714,#2715,#1072,.T.);
#3311=EDGE_CURVE('',#2715,#2716,#2214,.T.);
#3312=EDGE_CURVE('',#2716,#2717,#1073,.T.);
#3313=EDGE_CURVE('',#2717,#2710,#2215,.T.);
#3314=EDGE_CURVE('',#2718,#2719,#1074,.T.);
#3315=EDGE_CURVE('',#2719,#2720,#2216,.T.);
#3316=EDGE_CURVE('',#2720,#2721,#1075,.T.);
#3317=EDGE_CURVE('',#2721,#2722,#2217,.T.);
#3318=EDGE_CURVE('',#2722,#2723,#1076,.T.);
#3319=EDGE_CURVE('',#2723,#2724,#2218,.T.);
#3320=EDGE_CURVE('',#2724,#2725,#1077,.T.);
#3321=EDGE_CURVE('',#2725,#2718,#2219,.T.);
#3322=EDGE_CURVE('',#2726,#2727,#1078,.T.);
#3323=EDGE_CURVE('',#2727,#2728,#2220,.T.);
#3324=EDGE_CURVE('',#2728,#2729,#1079,.T.);
#3325=EDGE_CURVE('',#2729,#2730,#2221,.T.);
#3326=EDGE_CURVE('',#2730,#2731,#1080,.T.);
#3327=EDGE_CURVE('',#2731,#2732,#2222,.T.);
#3328=EDGE_CURVE('',#2732,#2733,#1081,.T.);
#3329=EDGE_CURVE('',#2733,#2726,#2223,.T.);
#3330=EDGE_CURVE('',#2734,#2735,#1082,.T.);
#3331=EDGE_CURVE('',#2735,#2736,#2224,.T.);
#3332=EDGE_CURVE('',#2736,#2737,#1083,.T.);
#3333=EDGE_CURVE('',#2737,#2738,#2225,.T.);
#3334=EDGE_CURVE('',#2738,#2739,#1084,.T.);
#3335=EDGE_CURVE('',#2739,#2740,#2226,.T.);
#3336=EDGE_CURVE('',#2740,#2741,#1085,.T.);
#3337=EDGE_CURVE('',#2741,#2734,#2227,.T.);
#3338=EDGE_CURVE('',#2742,#2743,#1086,.T.);
#3339=EDGE_CURVE('',#2743,#2744,#2228,.T.);
#3340=EDGE_CURVE('',#2744,#2745,#1087,.T.);
#3341=EDGE_CURVE('',#2745,#2746,#2229,.T.);
#3342=EDGE_CURVE('',#2746,#2747,#1088,.T.);
#3343=EDGE_CURVE('',#2747,#2748,#2230,.T.);
#3344=EDGE_CURVE('',#2748,#2749,#1089,.T.);
#3345=EDGE_CURVE('',#2749,#2742,#2231,.T.);
#3346=EDGE_CURVE('',#2750,#2751,#1090,.T.);
#3347=EDGE_CURVE('',#2751,#2752,#2232,.T.);
#3348=EDGE_CURVE('',#2752,#2753,#1091,.T.);
#3349=EDGE_CURVE('',#2753,#2754,#2233,.T.);
#3350=EDGE_CURVE('',#2754,#2755,#1092,.T.);
#3351=EDGE_CURVE('',#2755,#2756,#2234,.T.);
#3352=EDGE_CURVE('',#2756,#2757,#1093,.T.);
#3353=EDGE_CURVE('',#2757,#2750,#2235,.T.);
#3354=EDGE_CURVE('',#2758,#2759,#1094,.T.);
#3355=EDGE_CURVE('',#2759,#2760,#2236,.T.);
#3356=EDGE_CURVE('',#2760,#2761,#1095,.T.);
#3357=EDGE_CURVE('',#2761,#2762,#2237,.T.);
#3358=EDGE_CURVE('',#2762,#2763,#1096,.T.);
#3359=EDGE_CURVE('',#2763,#2764,#2238,.T.);
#3360=EDGE_CURVE('',#2764,#2765,#1097,.T.);
#3361=EDGE_CURVE('',#2765,#2758,#2239,.T.);
#3362=EDGE_CURVE('',#2766,#2767,#1098,.T.);
#3363=EDGE_CURVE('',#2767,#2768,#2240,.T.);
#3364=EDGE_CURVE('',#2768,#2769,#1099,.T.);
#3365=EDGE_CURVE('',#2769,#2770,#2241,.T.);
#3366=EDGE_CURVE('',#2770,#2771,#1100,.T.);
#3367=EDGE_CURVE('',#2771,#2772,#2242,.T.);
#3368=EDGE_CURVE('',#2772,#2773,#1101,.T.);
#3369=EDGE_CURVE('',#2773,#2766,#2243,.T.);
#3370=EDGE_CURVE('',#2774,#2775,#1102,.T.);
#3371=EDGE_CURVE('',#2775,#2776,#2244,.T.);
#3372=EDGE_CURVE('',#2776,#2777,#1103,.T.);
#3373=EDGE_CURVE('',#2777,#2778,#2245,.T.);
#3374=EDGE_CURVE('',#2778,#2779,#1104,.T.);
#3375=EDGE_CURVE('',#2779,#2780,#2246,.T.);
#3376=EDGE_CURVE('',#2780,#2781,#1105,.T.);
#3377=EDGE_CURVE('',#2781,#2774,#2247,.T.);
#3378=EDGE_CURVE('',#2782,#2783,#1106,.T.);
#3379=EDGE_CURVE('',#2783,#2784,#2248,.T.);
#3380=EDGE_CURVE('',#2784,#2785,#1107,.T.);
#3381=EDGE_CURVE('',#2785,#2786,#2249,.T.);
#3382=EDGE_CURVE('',#2786,#2787,#1108,.T.);
#3383=EDGE_CURVE('',#2787,#2788,#2250,.T.);
#3384=EDGE_CURVE('',#2788,#2789,#1109,.T.);
#3385=EDGE_CURVE('',#2789,#2782,#2251,.T.);
#3386=EDGE_CURVE('',#2790,#2791,#1110,.T.);
#3387=EDGE_CURVE('',#2791,#2792,#2252,.T.);
#3388=EDGE_CURVE('',#2792,#2793,#1111,.T.);
#3389=EDGE_CURVE('',#2793,#2794,#2253,.T.);
#3390=EDGE_CURVE('',#2794,#2795,#1112,.T.);
#3391=EDGE_CURVE('',#2795,#2796,#2254,.T.);
#3392=EDGE_CURVE('',#2796,#2797,#1113,.T.);
#3393=EDGE_CURVE('',#2797,#2790,#2255,.T.);
#3394=EDGE_CURVE('',#2798,#2799,#1114,.T.);
#3395=EDGE_CURVE('',#2799,#2800,#2256,.T.);
#3396=EDGE_CURVE('',#2800,#2801,#1115,.T.);
#3397=EDGE_CURVE('',#2801,#2802,#2257,.T.);
#3398=EDGE_CURVE('',#2802,#2803,#1116,.T.);
#3399=EDGE_CURVE('',#2803,#2804,#2258,.T.);
#3400=EDGE_CURVE('',#2804,#2805,#1117,.T.);
#3401=EDGE_CURVE('',#2805,#2798,#2259,.T.);
#3402=EDGE_CURVE('',#2806,#2807,#1118,.T.);
#3403=EDGE_CURVE('',#2807,#2808,#2260,.T.);
#3404=EDGE_CURVE('',#2808,#2809,#1119,.T.);
#3405=EDGE_CURVE('',#2809,#2810,#2261,.T.);
#3406=EDGE_CURVE('',#2810,#2811,#1120,.T.);
#3407=EDGE_CURVE('',#2811,#2812,#2262,.T.);
#3408=EDGE_CURVE('',#2812,#2813,#1121,.T.);
#3409=EDGE_CURVE('',#2813,#2806,#2263,.T.);
#3410=EDGE_CURVE('',#2814,#2815,#1122,.T.);
#3411=EDGE_CURVE('',#2815,#2816,#2264,.T.);
#3412=EDGE_CURVE('',#2816,#2817,#1123,.T.);
#3413=EDGE_CURVE('',#2817,#2818,#2265,.T.);
#3414=EDGE_CURVE('',#2818,#2819,#1124,.T.);
#3415=EDGE_CURVE('',#2819,#2820,#2266,.T.);
#3416=EDGE_CURVE('',#2820,#2821,#1125,.T.);
#3417=EDGE_CURVE('',#2821,#2814,#2267,.T.);
#3418=EDGE_CURVE('',#2822,#2823,#1126,.T.);
#3419=EDGE_CURVE('',#2823,#2824,#2268,.T.);
#3420=EDGE_CURVE('',#2824,#2825,#1127,.T.);
#3421=EDGE_CURVE('',#2825,#2826,#2269,.T.);
#3422=EDGE_CURVE('',#2826,#2827,#1128,.T.);
#3423=EDGE_CURVE('',#2827,#2828,#2270,.T.);
#3424=EDGE_CURVE('',#2828,#2829,#1129,.T.);
#3425=EDGE_CURVE('',#2829,#2822,#2271,.T.);
#3426=EDGE_CURVE('',#2830,#2831,#1130,.T.);
#3427=EDGE_CURVE('',#2831,#2832,#2272,.T.);
#3428=EDGE_CURVE('',#2832,#2833,#1131,.T.);
#3429=EDGE_CURVE('',#2833,#2834,#2273,.T.);
#3430=EDGE_CURVE('',#2834,#2835,#1132,.T.);
#3431=EDGE_CURVE('',#2835,#2836,#2274,.T.);
#3432=EDGE_CURVE('',#2836,#2837,#1133,.T.);
#3433=EDGE_CURVE('',#2837,#2830,#2275,.T.);
#3434=EDGE_CURVE('',#2838,#2839,#1134,.T.);
#3435=EDGE_CURVE('',#2839,#2840,#2276,.T.);
#3436=EDGE_CURVE('',#2840,#2841,#1135,.T.);
#3437=EDGE_CURVE('',#2841,#2842,#2277,.T.);
#3438=EDGE_CURVE('',#2842,#2843,#1136,.T.);
#3439=EDGE_CURVE('',#2843,#2844,#2278,.T.);
#3440=EDGE_CURVE('',#2844,#2845,#1137,.T.);
#3441=EDGE_CURVE('',#2845,#2838,#2279,.T.);
#3442=EDGE_CURVE('',#2846,#2847,#1138,.T.);
#3443=EDGE_CURVE('',#2847,#2848,#2280,.T.);
#3444=EDGE_CURVE('',#2848,#2849,#1139,.T.);
#3445=EDGE_CURVE('',#2849,#2850,#2281,.T.);
#3446=EDGE_CURVE('',#2850,#2851,#1140,.T.);
#3447=EDGE_CURVE('',#2851,#2852,#2282,.T.);
#3448=EDGE_CURVE('',#2852,#2853,#1141,.T.);
#3449=EDGE_CURVE('',#2853,#2846,#2283,.T.);
#3450=EDGE_CURVE('',#2854,#2855,#1142,.T.);
#3451=EDGE_CURVE('',#2855,#2856,#2284,.T.);
#3452=EDGE_CURVE('',#2856,#2857,#1143,.T.);
#3453=EDGE_CURVE('',#2857,#2858,#2285,.T.);
#3454=EDGE_CURVE('',#2858,#2859,#1144,.T.);
#3455=EDGE_CURVE('',#2859,#2860,#2286,.T.);
#3456=EDGE_CURVE('',#2860,#2861,#1145,.T.);
#3457=EDGE_CURVE('',#2861,#2854,#2287,.T.);
#3458=EDGE_CURVE('',#2862,#2863,#1146,.T.);
#3459=EDGE_CURVE('',#2863,#2864,#1147,.T.);
#3460=EDGE_CURVE('',#2864,#2865,#1148,.T.);
#3461=EDGE_CURVE('',#2865,#2862,#1149,.T.);
#3462=EDGE_CURVE('',#2572,#2662,#1150,.T.);
#3463=EDGE_CURVE('',#2574,#2669,#1151,.T.);
#3464=EDGE_CURVE('',#2575,#2668,#1152,.T.);
#3465=EDGE_CURVE('',#2576,#2667,#1153,.T.);
#3466=EDGE_CURVE('',#2577,#2666,#1154,.T.);
#3467=EDGE_CURVE('',#2578,#2665,#1155,.T.);
#3468=EDGE_CURVE('',#2579,#2664,#1156,.T.);
#3469=EDGE_CURVE('',#2573,#2663,#1157,.T.);
#3470=EDGE_CURVE('',#2564,#2670,#1158,.T.);
#3471=EDGE_CURVE('',#2566,#2677,#1159,.T.);
#3472=EDGE_CURVE('',#2567,#2676,#1160,.T.);
#3473=EDGE_CURVE('',#2568,#2675,#1161,.T.);
#3474=EDGE_CURVE('',#2569,#2674,#1162,.T.);
#3475=EDGE_CURVE('',#2570,#2673,#1163,.T.);
#3476=EDGE_CURVE('',#2571,#2672,#1164,.T.);
#3477=EDGE_CURVE('',#2565,#2671,#1165,.T.);
#3478=EDGE_CURVE('',#2556,#2678,#1166,.T.);
#3479=EDGE_CURVE('',#2558,#2685,#1167,.T.);
#3480=EDGE_CURVE('',#2559,#2684,#1168,.T.);
#3481=EDGE_CURVE('',#2560,#2683,#1169,.T.);
#3482=EDGE_CURVE('',#2561,#2682,#1170,.T.);
#3483=EDGE_CURVE('',#2562,#2681,#1171,.T.);
#3484=EDGE_CURVE('',#2563,#2680,#1172,.T.);
#3485=EDGE_CURVE('',#2557,#2679,#1173,.T.);
#3486=EDGE_CURVE('',#2548,#2686,#1174,.T.);
#3487=EDGE_CURVE('',#2550,#2693,#1175,.T.);
#3488=EDGE_CURVE('',#2551,#2692,#1176,.T.);
#3489=EDGE_CURVE('',#2552,#2691,#1177,.T.);
#3490=EDGE_CURVE('',#2553,#2690,#1178,.T.);
#3491=EDGE_CURVE('',#2554,#2689,#1179,.T.);
#3492=EDGE_CURVE('',#2555,#2688,#1180,.T.);
#3493=EDGE_CURVE('',#2549,#2687,#1181,.T.);
#3494=EDGE_CURVE('',#2540,#2694,#1182,.T.);
#3495=EDGE_CURVE('',#2542,#2701,#1183,.T.);
#3496=EDGE_CURVE('',#2543,#2700,#1184,.T.);
#3497=EDGE_CURVE('',#2544,#2699,#1185,.T.);
#3498=EDGE_CURVE('',#2545,#2698,#1186,.T.);
#3499=EDGE_CURVE('',#2546,#2697,#1187,.T.);
#3500=EDGE_CURVE('',#2547,#2696,#1188,.T.);
#3501=EDGE_CURVE('',#2541,#2695,#1189,.T.);
#3502=EDGE_CURVE('',#2532,#2702,#1190,.T.);
#3503=EDGE_CURVE('',#2534,#2709,#1191,.T.);
#3504=EDGE_CURVE('',#2535,#2708,#1192,.T.);
#3505=EDGE_CURVE('',#2536,#2707,#1193,.T.);
#3506=EDGE_CURVE('',#2537,#2706,#1194,.T.);
#3507=EDGE_CURVE('',#2538,#2705,#1195,.T.);
#3508=EDGE_CURVE('',#2539,#2704,#1196,.T.);
#3509=EDGE_CURVE('',#2533,#2703,#1197,.T.);
#3510=EDGE_CURVE('',#2524,#2710,#1198,.T.);
#3511=EDGE_CURVE('',#2526,#2717,#1199,.T.);
#3512=EDGE_CURVE('',#2527,#2716,#1200,.T.);
#3513=EDGE_CURVE('',#2528,#2715,#1201,.T.);
#3514=EDGE_CURVE('',#2529,#2714,#1202,.T.);
#3515=EDGE_CURVE('',#2530,#2713,#1203,.T.);
#3516=EDGE_CURVE('',#2531,#2712,#1204,.T.);
#3517=EDGE_CURVE('',#2525,#2711,#1205,.T.);
#3518=EDGE_CURVE('',#2516,#2718,#1206,.T.);
#3519=EDGE_CURVE('',#2518,#2725,#1207,.T.);
#3520=EDGE_CURVE('',#2519,#2724,#1208,.T.);
#3521=EDGE_CURVE('',#2520,#2723,#1209,.T.);
#3522=EDGE_CURVE('',#2521,#2722,#1210,.T.);
#3523=EDGE_CURVE('',#2522,#2721,#1211,.T.);
#3524=EDGE_CURVE('',#2523,#2720,#1212,.T.);
#3525=EDGE_CURVE('',#2517,#2719,#1213,.T.);
#3526=EDGE_CURVE('',#2508,#2726,#1214,.T.);
#3527=EDGE_CURVE('',#2510,#2733,#1215,.T.);
#3528=EDGE_CURVE('',#2511,#2732,#1216,.T.);
#3529=EDGE_CURVE('',#2512,#2731,#1217,.T.);
#3530=EDGE_CURVE('',#2513,#2730,#1218,.T.);
#3531=EDGE_CURVE('',#2514,#2729,#1219,.T.);
#3532=EDGE_CURVE('',#2515,#2728,#1220,.T.);
#3533=EDGE_CURVE('',#2509,#2727,#1221,.T.);
#3534=EDGE_CURVE('',#2500,#2734,#1222,.T.);
#3535=EDGE_CURVE('',#2502,#2741,#1223,.T.);
#3536=EDGE_CURVE('',#2503,#2740,#1224,.T.);
#3537=EDGE_CURVE('',#2504,#2739,#1225,.T.);
#3538=EDGE_CURVE('',#2505,#2738,#1226,.T.);
#3539=EDGE_CURVE('',#2506,#2737,#1227,.T.);
#3540=EDGE_CURVE('',#2507,#2736,#1228,.T.);
#3541=EDGE_CURVE('',#2501,#2735,#1229,.T.);
#3542=EDGE_CURVE('',#2492,#2742,#1230,.T.);
#3543=EDGE_CURVE('',#2494,#2749,#1231,.T.);
#3544=EDGE_CURVE('',#2495,#2748,#1232,.T.);
#3545=EDGE_CURVE('',#2496,#2747,#1233,.T.);
#3546=EDGE_CURVE('',#2497,#2746,#1234,.T.);
#3547=EDGE_CURVE('',#2498,#2745,#1235,.T.);
#3548=EDGE_CURVE('',#2499,#2744,#1236,.T.);
#3549=EDGE_CURVE('',#2493,#2743,#1237,.T.);
#3550=EDGE_CURVE('',#2484,#2750,#1238,.T.);
#3551=EDGE_CURVE('',#2486,#2757,#1239,.T.);
#3552=EDGE_CURVE('',#2487,#2756,#1240,.T.);
#3553=EDGE_CURVE('',#2488,#2755,#1241,.T.);
#3554=EDGE_CURVE('',#2489,#2754,#1242,.T.);
#3555=EDGE_CURVE('',#2490,#2753,#1243,.T.);
#3556=EDGE_CURVE('',#2491,#2752,#1244,.T.);
#3557=EDGE_CURVE('',#2485,#2751,#1245,.T.);
#3558=EDGE_CURVE('',#2476,#2758,#1246,.T.);
#3559=EDGE_CURVE('',#2478,#2765,#1247,.T.);
#3560=EDGE_CURVE('',#2479,#2764,#1248,.T.);
#3561=EDGE_CURVE('',#2480,#2763,#1249,.T.);
#3562=EDGE_CURVE('',#2481,#2762,#1250,.T.);
#3563=EDGE_CURVE('',#2482,#2761,#1251,.T.);
#3564=EDGE_CURVE('',#2483,#2760,#1252,.T.);
#3565=EDGE_CURVE('',#2477,#2759,#1253,.T.);
#3566=EDGE_CURVE('',#2468,#2766,#1254,.T.);
#3567=EDGE_CURVE('',#2470,#2773,#1255,.T.);
#3568=EDGE_CURVE('',#2471,#2772,#1256,.T.);
#3569=EDGE_CURVE('',#2472,#2771,#1257,.T.);
#3570=EDGE_CURVE('',#2473,#2770,#1258,.T.);
#3571=EDGE_CURVE('',#2474,#2769,#1259,.T.);
#3572=EDGE_CURVE('',#2475,#2768,#1260,.T.);
#3573=EDGE_CURVE('',#2469,#2767,#1261,.T.);
#3574=EDGE_CURVE('',#2460,#2774,#1262,.T.);
#3575=EDGE_CURVE('',#2462,#2781,#1263,.T.);
#3576=EDGE_CURVE('',#2463,#2780,#1264,.T.);
#3577=EDGE_CURVE('',#2464,#2779,#1265,.T.);
#3578=EDGE_CURVE('',#2465,#2778,#1266,.T.);
#3579=EDGE_CURVE('',#2466,#2777,#1267,.T.);
#3580=EDGE_CURVE('',#2467,#2776,#1268,.T.);
#3581=EDGE_CURVE('',#2461,#2775,#1269,.T.);
#3582=EDGE_CURVE('',#2452,#2782,#1270,.T.);
#3583=EDGE_CURVE('',#2454,#2789,#1271,.T.);
#3584=EDGE_CURVE('',#2455,#2788,#1272,.T.);
#3585=EDGE_CURVE('',#2456,#2787,#1273,.T.);
#3586=EDGE_CURVE('',#2457,#2786,#1274,.T.);
#3587=EDGE_CURVE('',#2458,#2785,#1275,.T.);
#3588=EDGE_CURVE('',#2459,#2784,#1276,.T.);
#3589=EDGE_CURVE('',#2453,#2783,#1277,.T.);
#3590=EDGE_CURVE('',#2444,#2790,#1278,.T.);
#3591=EDGE_CURVE('',#2446,#2797,#1279,.T.);
#3592=EDGE_CURVE('',#2447,#2796,#1280,.T.);
#3593=EDGE_CURVE('',#2448,#2795,#1281,.T.);
#3594=EDGE_CURVE('',#2449,#2794,#1282,.T.);
#3595=EDGE_CURVE('',#2450,#2793,#1283,.T.);
#3596=EDGE_CURVE('',#2451,#2792,#1284,.T.);
#3597=EDGE_CURVE('',#2445,#2791,#1285,.T.);
#3598=EDGE_CURVE('',#2436,#2798,#1286,.T.);
#3599=EDGE_CURVE('',#2438,#2805,#1287,.T.);
#3600=EDGE_CURVE('',#2439,#2804,#1288,.T.);
#3601=EDGE_CURVE('',#2440,#2803,#1289,.T.);
#3602=EDGE_CURVE('',#2441,#2802,#1290,.T.);
#3603=EDGE_CURVE('',#2442,#2801,#1291,.T.);
#3604=EDGE_CURVE('',#2443,#2800,#1292,.T.);
#3605=EDGE_CURVE('',#2437,#2799,#1293,.T.);
#3606=EDGE_CURVE('',#2428,#2806,#1294,.T.);
#3607=EDGE_CURVE('',#2430,#2813,#1295,.T.);
#3608=EDGE_CURVE('',#2431,#2812,#1296,.T.);
#3609=EDGE_CURVE('',#2432,#2811,#1297,.T.);
#3610=EDGE_CURVE('',#2433,#2810,#1298,.T.);
#3611=EDGE_CURVE('',#2434,#2809,#1299,.T.);
#3612=EDGE_CURVE('',#2435,#2808,#1300,.T.);
#3613=EDGE_CURVE('',#2429,#2807,#1301,.T.);
#3614=EDGE_CURVE('',#2420,#2814,#1302,.T.);
#3615=EDGE_CURVE('',#2422,#2821,#1303,.T.);
#3616=EDGE_CURVE('',#2423,#2820,#1304,.T.);
#3617=EDGE_CURVE('',#2424,#2819,#1305,.T.);
#3618=EDGE_CURVE('',#2425,#2818,#1306,.T.);
#3619=EDGE_CURVE('',#2426,#2817,#1307,.T.);
#3620=EDGE_CURVE('',#2427,#2816,#1308,.T.);
#3621=EDGE_CURVE('',#2421,#2815,#1309,.T.);
#3622=EDGE_CURVE('',#2412,#2822,#1310,.T.);
#3623=EDGE_CURVE('',#2414,#2829,#1311,.T.);
#3624=EDGE_CURVE('',#2415,#2828,#1312,.T.);
#3625=EDGE_CURVE('',#2416,#2827,#1313,.T.);
#3626=EDGE_CURVE('',#2417,#2826,#1314,.T.);
#3627=EDGE_CURVE('',#2418,#2825,#1315,.T.);
#3628=EDGE_CURVE('',#2419,#2824,#1316,.T.);
#3629=EDGE_CURVE('',#2413,#2823,#1317,.T.);
#3630=EDGE_CURVE('',#2404,#2830,#1318,.T.);
#3631=EDGE_CURVE('',#2406,#2837,#1319,.T.);
#3632=EDGE_CURVE('',#2407,#2836,#1320,.T.);
#3633=EDGE_CURVE('',#2408,#2835,#1321,.T.);
#3634=EDGE_CURVE('',#2409,#2834,#1322,.T.);
#3635=EDGE_CURVE('',#2410,#2833,#1323,.T.);
#3636=EDGE_CURVE('',#2411,#2832,#1324,.T.);
#3637=EDGE_CURVE('',#2405,#2831,#1325,.T.);
#3638=EDGE_CURVE('',#2396,#2838,#1326,.T.);
#3639=EDGE_CURVE('',#2398,#2845,#1327,.T.);
#3640=EDGE_CURVE('',#2399,#2844,#1328,.T.);
#3641=EDGE_CURVE('',#2400,#2843,#1329,.T.);
#3642=EDGE_CURVE('',#2401,#2842,#1330,.T.);
#3643=EDGE_CURVE('',#2402,#2841,#1331,.T.);
#3644=EDGE_CURVE('',#2403,#2840,#1332,.T.);
#3645=EDGE_CURVE('',#2397,#2839,#1333,.T.);
#3646=EDGE_CURVE('',#2388,#2846,#1334,.T.);
#3647=EDGE_CURVE('',#2390,#2853,#1335,.T.);
#3648=EDGE_CURVE('',#2391,#2852,#1336,.T.);
#3649=EDGE_CURVE('',#2392,#2851,#1337,.T.);
#3650=EDGE_CURVE('',#2393,#2850,#1338,.T.);
#3651=EDGE_CURVE('',#2394,#2849,#1339,.T.);
#3652=EDGE_CURVE('',#2395,#2848,#1340,.T.);
#3653=EDGE_CURVE('',#2389,#2847,#1341,.T.);
#3654=EDGE_CURVE('',#2380,#2854,#1342,.T.);
#3655=EDGE_CURVE('',#2382,#2861,#1343,.T.);
#3656=EDGE_CURVE('',#2383,#2860,#1344,.T.);
#3657=EDGE_CURVE('',#2384,#2859,#1345,.T.);
#3658=EDGE_CURVE('',#2385,#2858,#1346,.T.);
#3659=EDGE_CURVE('',#2386,#2857,#1347,.T.);
#3660=EDGE_CURVE('',#2387,#2856,#1348,.T.);
#3661=EDGE_CURVE('',#2381,#2855,#1349,.T.);
#3662=EDGE_CURVE('',#2376,#2862,#1350,.T.);
#3663=EDGE_CURVE('',#2378,#2865,#1351,.T.);
#3664=EDGE_CURVE('',#2379,#2864,#1352,.T.);
#3665=EDGE_CURVE('',#2377,#2863,#1353,.T.);
#3666=EDGE_CURVE('',#2323,#2632,#1354,.T.);
#3667=EDGE_CURVE('',#2324,#2631,#1355,.T.);
#3668=EDGE_CURVE('',#2325,#2630,#1356,.T.);
#3669=EDGE_CURVE('',#2326,#2629,#1357,.T.);
#3670=EDGE_CURVE('',#2327,#2628,#1358,.T.);
#3671=EDGE_CURVE('',#2328,#2627,#1359,.T.);
#3672=EDGE_CURVE('',#2329,#2626,#1360,.T.);
#3673=EDGE_CURVE('',#2330,#2625,#1361,.T.);
#3674=EDGE_CURVE('',#2331,#2624,#1362,.T.);
#3675=EDGE_CURVE('',#2332,#2623,#1363,.T.);
#3676=EDGE_CURVE('',#2333,#2622,#1364,.T.);
#3677=EDGE_CURVE('',#2334,#2621,#1365,.T.);
#3678=EDGE_CURVE('',#2335,#2620,#1366,.T.);
#3679=EDGE_CURVE('',#2336,#2619,#1367,.T.);
#3680=EDGE_CURVE('',#2337,#2618,#1368,.T.);
#3681=EDGE_CURVE('',#2338,#2617,#1369,.T.);
#3682=EDGE_CURVE('',#2339,#2616,#1370,.T.);
#3683=EDGE_CURVE('',#2340,#2615,#1371,.T.);
#3684=EDGE_CURVE('',#2341,#2614,#1372,.T.);
#3685=EDGE_CURVE('',#2342,#2613,#1373,.T.);
#3686=EDGE_CURVE('',#2343,#2612,#1374,.T.);
#3687=EDGE_CURVE('',#2344,#2611,#1375,.T.);
#3688=EDGE_CURVE('',#2345,#2610,#1376,.T.);
#3689=EDGE_CURVE('',#2346,#2609,#1377,.T.);
#3690=EDGE_CURVE('',#2347,#2608,#1378,.T.);
#3691=EDGE_CURVE('',#2348,#2607,#1379,.T.);
#3692=EDGE_CURVE('',#2349,#2606,#1380,.T.);
#3693=EDGE_CURVE('',#2350,#2605,#1381,.T.);
#3694=EDGE_CURVE('',#2351,#2604,#1382,.T.);
#3695=EDGE_CURVE('',#2352,#2603,#1383,.T.);
#3696=EDGE_CURVE('',#2353,#2602,#1384,.T.);
#3697=EDGE_CURVE('',#2354,#2601,#1385,.T.);
#3698=EDGE_CURVE('',#2355,#2600,#1386,.T.);
#3699=EDGE_CURVE('',#2356,#2599,#1387,.T.);
#3700=EDGE_CURVE('',#2357,#2598,#1388,.T.);
#3701=EDGE_CURVE('',#2358,#2597,#1389,.T.);
#3702=EDGE_CURVE('',#2359,#2596,#1390,.T.);
#3703=EDGE_CURVE('',#2360,#2595,#1391,.T.);
#3704=EDGE_CURVE('',#2294,#2661,#1392,.T.);
#3705=EDGE_CURVE('',#2295,#2660,#1393,.T.);
#3706=EDGE_CURVE('',#2296,#2659,#1394,.T.);
#3707=EDGE_CURVE('',#2297,#2658,#1395,.T.);
#3708=EDGE_CURVE('',#2298,#2657,#1396,.T.);
#3709=EDGE_CURVE('',#2299,#2656,#1397,.T.);
#3710=EDGE_CURVE('',#2300,#2655,#1398,.T.);
#3711=EDGE_CURVE('',#2301,#2654,#1399,.T.);
#3712=EDGE_CURVE('',#2302,#2653,#1400,.T.);
#3713=EDGE_CURVE('',#2303,#2652,#1401,.T.);
#3714=EDGE_CURVE('',#2304,#2651,#1402,.T.);
#3715=EDGE_CURVE('',#2305,#2650,#1403,.T.);
#3716=EDGE_CURVE('',#2306,#2649,#1404,.T.);
#3717=EDGE_CURVE('',#2307,#2648,#1405,.T.);
#3718=EDGE_CURVE('',#2308,#2647,#1406,.T.);
#3719=EDGE_CURVE('',#2309,#2646,#1407,.T.);
#3720=EDGE_CURVE('',#2310,#2645,#1408,.T.);
#3721=EDGE_CURVE('',#2311,#2644,#1409,.T.);
#3722=EDGE_CURVE('',#2312,#2643,#1410,.T.);
#3723=EDGE_CURVE('',#2313,#2642,#1411,.T.);
#3724=EDGE_CURVE('',#2314,#2641,#1412,.T.);
#3725=EDGE_CURVE('',#2315,#2640,#1413,.T.);
#3726=EDGE_CURVE('',#2316,#2639,#1414,.T.);
#3727=EDGE_CURVE('',#2317,#2638,#1415,.T.);
#3728=EDGE_CURVE('',#2318,#2637,#1416,.T.);
#3729=EDGE_CURVE('',#2319,#2636,#1417,.T.);
#3730=EDGE_CURVE('',#2320,#2635,#1418,.T.);
#3731=EDGE_CURVE('',#2321,#2634,#1419,.T.);
#3732=EDGE_CURVE('',#2322,#2633,#1420,.T.);
#3733=ORIENTED_EDGE('',*,*,#2866,.T.);
#3734=ORIENTED_EDGE('',*,*,#2867,.T.);
#3735=ORIENTED_EDGE('',*,*,#2868,.T.);
#3736=ORIENTED_EDGE('',*,*,#2869,.T.);
#3737=ORIENTED_EDGE('',*,*,#2869,.F.);
#3738=ORIENTED_EDGE('',*,*,#2870,.F.);
#3739=ORIENTED_EDGE('',*,*,#2871,.F.);
#3740=ORIENTED_EDGE('',*,*,#2872,.F.);
#3741=ORIENTED_EDGE('',*,*,#2868,.F.);
#3742=ORIENTED_EDGE('',*,*,#2873,.F.);
#3743=ORIENTED_EDGE('',*,*,#2874,.F.);
#3744=ORIENTED_EDGE('',*,*,#2875,.F.);
#3745=ORIENTED_EDGE('',*,*,#2876,.T.);
#3746=ORIENTED_EDGE('',*,*,#2877,.F.);
#3747=ORIENTED_EDGE('',*,*,#2878,.F.);
#3748=ORIENTED_EDGE('',*,*,#2879,.F.);
#3749=ORIENTED_EDGE('',*,*,#2880,.T.);
#3750=ORIENTED_EDGE('',*,*,#2881,.F.);
#3751=ORIENTED_EDGE('',*,*,#2882,.F.);
#3752=ORIENTED_EDGE('',*,*,#2883,.F.);
#3753=ORIENTED_EDGE('',*,*,#2884,.T.);
#3754=ORIENTED_EDGE('',*,*,#2885,.F.);
#3755=ORIENTED_EDGE('',*,*,#2886,.F.);
#3756=ORIENTED_EDGE('',*,*,#2887,.F.);
#3757=ORIENTED_EDGE('',*,*,#2888,.T.);
#3758=ORIENTED_EDGE('',*,*,#2889,.F.);
#3759=ORIENTED_EDGE('',*,*,#2890,.T.);
#3760=ORIENTED_EDGE('',*,*,#2891,.F.);
#3761=ORIENTED_EDGE('',*,*,#2892,.F.);
#3762=ORIENTED_EDGE('',*,*,#2893,.F.);
#3763=ORIENTED_EDGE('',*,*,#2894,.T.);
#3764=ORIENTED_EDGE('',*,*,#2895,.F.);
#3765=ORIENTED_EDGE('',*,*,#2896,.F.);
#3766=ORIENTED_EDGE('',*,*,#2897,.F.);
#3767=ORIENTED_EDGE('',*,*,#2898,.T.);
#3768=ORIENTED_EDGE('',*,*,#2899,.F.);
#3769=ORIENTED_EDGE('',*,*,#2900,.F.);
#3770=ORIENTED_EDGE('',*,*,#2901,.F.);
#3771=ORIENTED_EDGE('',*,*,#2902,.F.);
#3772=ORIENTED_EDGE('',*,*,#2903,.T.);
#3773=ORIENTED_EDGE('',*,*,#2904,.F.);
#3774=ORIENTED_EDGE('',*,*,#2905,.F.);
#3775=ORIENTED_EDGE('',*,*,#2906,.F.);
#3776=ORIENTED_EDGE('',*,*,#2907,.F.);
#3777=ORIENTED_EDGE('',*,*,#2908,.F.);
#3778=ORIENTED_EDGE('',*,*,#2909,.T.);
#3779=ORIENTED_EDGE('',*,*,#2910,.F.);
#3780=ORIENTED_EDGE('',*,*,#2911,.F.);
#3781=ORIENTED_EDGE('',*,*,#2912,.F.);
#3782=ORIENTED_EDGE('',*,*,#2913,.T.);
#3783=ORIENTED_EDGE('',*,*,#2914,.F.);
#3784=ORIENTED_EDGE('',*,*,#2915,.F.);
#3785=ORIENTED_EDGE('',*,*,#2916,.T.);
#3786=ORIENTED_EDGE('',*,*,#2917,.F.);
#3787=ORIENTED_EDGE('',*,*,#2918,.F.);
#3788=ORIENTED_EDGE('',*,*,#2919,.F.);
#3789=ORIENTED_EDGE('',*,*,#2920,.T.);
#3790=ORIENTED_EDGE('',*,*,#2921,.F.);
#3791=ORIENTED_EDGE('',*,*,#2922,.F.);
#3792=ORIENTED_EDGE('',*,*,#2923,.F.);
#3793=ORIENTED_EDGE('',*,*,#2924,.T.);
#3794=ORIENTED_EDGE('',*,*,#2925,.F.);
#3795=ORIENTED_EDGE('',*,*,#2926,.F.);
#3796=ORIENTED_EDGE('',*,*,#2927,.F.);
#3797=ORIENTED_EDGE('',*,*,#2928,.F.);
#3798=ORIENTED_EDGE('',*,*,#2929,.F.);
#3799=ORIENTED_EDGE('',*,*,#2930,.T.);
#3800=ORIENTED_EDGE('',*,*,#2931,.F.);
#3801=ORIENTED_EDGE('',*,*,#2932,.F.);
#3802=ORIENTED_EDGE('',*,*,#2933,.T.);
#3803=ORIENTED_EDGE('',*,*,#2934,.F.);
#3804=ORIENTED_EDGE('',*,*,#2935,.F.);
#3805=ORIENTED_EDGE('',*,*,#2936,.F.);
#3806=ORIENTED_EDGE('',*,*,#2937,.T.);
#3807=ORIENTED_EDGE('',*,*,#2938,.F.);
#3808=ORIENTED_EDGE('',*,*,#2939,.F.);
#3809=ORIENTED_EDGE('',*,*,#2940,.T.);
#3810=ORIENTED_EDGE('',*,*,#2941,.T.);
#3811=ORIENTED_EDGE('',*,*,#2942,.T.);
#3812=ORIENTED_EDGE('',*,*,#2943,.T.);
#3813=ORIENTED_EDGE('',*,*,#2944,.T.);
#3814=ORIENTED_EDGE('',*,*,#2945,.F.);
#3815=ORIENTED_EDGE('',*,*,#2946,.T.);
#3816=ORIENTED_EDGE('',*,*,#2947,.F.);
#3817=ORIENTED_EDGE('',*,*,#2948,.T.);
#3818=ORIENTED_EDGE('',*,*,#2949,.F.);
#3819=ORIENTED_EDGE('',*,*,#2950,.T.);
#3820=ORIENTED_EDGE('',*,*,#2951,.F.);
#3821=ORIENTED_EDGE('',*,*,#2952,.T.);
#3822=ORIENTED_EDGE('',*,*,#2953,.F.);
#3823=ORIENTED_EDGE('',*,*,#2954,.T.);
#3824=ORIENTED_EDGE('',*,*,#2955,.F.);
#3825=ORIENTED_EDGE('',*,*,#2870,.T.);
#3826=ORIENTED_EDGE('',*,*,#2956,.F.);
#3827=ORIENTED_EDGE('',*,*,#2957,.F.);
#3828=ORIENTED_EDGE('',*,*,#2958,.F.);
#3829=ORIENTED_EDGE('',*,*,#2959,.F.);
#3830=ORIENTED_EDGE('',*,*,#2960,.F.);
#3831=ORIENTED_EDGE('',*,*,#2961,.T.);
#3832=ORIENTED_EDGE('',*,*,#2962,.F.);
#3833=ORIENTED_EDGE('',*,*,#2963,.T.);
#3834=ORIENTED_EDGE('',*,*,#2964,.F.);
#3835=ORIENTED_EDGE('',*,*,#2965,.T.);
#3836=ORIENTED_EDGE('',*,*,#2966,.F.);
#3837=ORIENTED_EDGE('',*,*,#2967,.T.);
#3838=ORIENTED_EDGE('',*,*,#2968,.F.);
#3839=ORIENTED_EDGE('',*,*,#2969,.T.);
#3840=ORIENTED_EDGE('',*,*,#2970,.F.);
#3841=ORIENTED_EDGE('',*,*,#2971,.T.);
#3842=ORIENTED_EDGE('',*,*,#2972,.F.);
#3843=ORIENTED_EDGE('',*,*,#2973,.T.);
#3844=ORIENTED_EDGE('',*,*,#2974,.F.);
#3845=ORIENTED_EDGE('',*,*,#2975,.T.);
#3846=ORIENTED_EDGE('',*,*,#2976,.F.);
#3847=ORIENTED_EDGE('',*,*,#2977,.T.);
#3848=ORIENTED_EDGE('',*,*,#2978,.F.);
#3849=ORIENTED_EDGE('',*,*,#2979,.T.);
#3850=ORIENTED_EDGE('',*,*,#2980,.F.);
#3851=ORIENTED_EDGE('',*,*,#2981,.T.);
#3852=ORIENTED_EDGE('',*,*,#2982,.F.);
#3853=ORIENTED_EDGE('',*,*,#2983,.T.);
#3854=ORIENTED_EDGE('',*,*,#2984,.F.);
#3855=ORIENTED_EDGE('',*,*,#2985,.T.);
#3856=ORIENTED_EDGE('',*,*,#2986,.F.);
#3857=ORIENTED_EDGE('',*,*,#2987,.T.);
#3858=ORIENTED_EDGE('',*,*,#2988,.F.);
#3859=ORIENTED_EDGE('',*,*,#2989,.T.);
#3860=ORIENTED_EDGE('',*,*,#2990,.F.);
#3861=ORIENTED_EDGE('',*,*,#2991,.T.);
#3862=ORIENTED_EDGE('',*,*,#2992,.F.);
#3863=ORIENTED_EDGE('',*,*,#2993,.T.);
#3864=ORIENTED_EDGE('',*,*,#2994,.F.);
#3865=ORIENTED_EDGE('',*,*,#2995,.T.);
#3866=ORIENTED_EDGE('',*,*,#2996,.F.);
#3867=ORIENTED_EDGE('',*,*,#2997,.T.);
#3868=ORIENTED_EDGE('',*,*,#2998,.F.);
#3869=ORIENTED_EDGE('',*,*,#2999,.T.);
#3870=ORIENTED_EDGE('',*,*,#3000,.F.);
#3871=ORIENTED_EDGE('',*,*,#3001,.T.);
#3872=ORIENTED_EDGE('',*,*,#3002,.F.);
#3873=ORIENTED_EDGE('',*,*,#3003,.T.);
#3874=ORIENTED_EDGE('',*,*,#3004,.F.);
#3875=ORIENTED_EDGE('',*,*,#3005,.T.);
#3876=ORIENTED_EDGE('',*,*,#3006,.F.);
#3877=ORIENTED_EDGE('',*,*,#3007,.T.);
#3878=ORIENTED_EDGE('',*,*,#3008,.F.);
#3879=ORIENTED_EDGE('',*,*,#3009,.T.);
#3880=ORIENTED_EDGE('',*,*,#3010,.F.);
#3881=ORIENTED_EDGE('',*,*,#3011,.T.);
#3882=ORIENTED_EDGE('',*,*,#3012,.F.);
#3883=ORIENTED_EDGE('',*,*,#3013,.T.);
#3884=ORIENTED_EDGE('',*,*,#3014,.F.);
#3885=ORIENTED_EDGE('',*,*,#3015,.T.);
#3886=ORIENTED_EDGE('',*,*,#3016,.F.);
#3887=ORIENTED_EDGE('',*,*,#3017,.T.);
#3888=ORIENTED_EDGE('',*,*,#3018,.F.);
#3889=ORIENTED_EDGE('',*,*,#3019,.T.);
#3890=ORIENTED_EDGE('',*,*,#3020,.F.);
#3891=ORIENTED_EDGE('',*,*,#3021,.T.);
#3892=ORIENTED_EDGE('',*,*,#3022,.F.);
#3893=ORIENTED_EDGE('',*,*,#3023,.T.);
#3894=ORIENTED_EDGE('',*,*,#3024,.F.);
#3895=ORIENTED_EDGE('',*,*,#3025,.T.);
#3896=ORIENTED_EDGE('',*,*,#3026,.F.);
#3897=ORIENTED_EDGE('',*,*,#3027,.T.);
#3898=ORIENTED_EDGE('',*,*,#3028,.F.);
#3899=ORIENTED_EDGE('',*,*,#3029,.T.);
#3900=ORIENTED_EDGE('',*,*,#3030,.F.);
#3901=ORIENTED_EDGE('',*,*,#3031,.T.);
#3902=ORIENTED_EDGE('',*,*,#3032,.F.);
#3903=ORIENTED_EDGE('',*,*,#3033,.T.);
#3904=ORIENTED_EDGE('',*,*,#3034,.F.);
#3905=ORIENTED_EDGE('',*,*,#3035,.T.);
#3906=ORIENTED_EDGE('',*,*,#3036,.F.);
#3907=ORIENTED_EDGE('',*,*,#3037,.T.);
#3908=ORIENTED_EDGE('',*,*,#3038,.F.);
#3909=ORIENTED_EDGE('',*,*,#3039,.T.);
#3910=ORIENTED_EDGE('',*,*,#3040,.F.);
#3911=ORIENTED_EDGE('',*,*,#3041,.T.);
#3912=ORIENTED_EDGE('',*,*,#3042,.F.);
#3913=ORIENTED_EDGE('',*,*,#3043,.T.);
#3914=ORIENTED_EDGE('',*,*,#3044,.F.);
#3915=ORIENTED_EDGE('',*,*,#3045,.T.);
#3916=ORIENTED_EDGE('',*,*,#3046,.F.);
#3917=ORIENTED_EDGE('',*,*,#3047,.T.);
#3918=ORIENTED_EDGE('',*,*,#3048,.F.);
#3919=ORIENTED_EDGE('',*,*,#3049,.T.);
#3920=ORIENTED_EDGE('',*,*,#3050,.F.);
#3921=ORIENTED_EDGE('',*,*,#3051,.T.);
#3922=ORIENTED_EDGE('',*,*,#3052,.F.);
#3923=ORIENTED_EDGE('',*,*,#3053,.T.);
#3924=ORIENTED_EDGE('',*,*,#3054,.F.);
#3925=ORIENTED_EDGE('',*,*,#3055,.T.);
#3926=ORIENTED_EDGE('',*,*,#3056,.F.);
#3927=ORIENTED_EDGE('',*,*,#3057,.T.);
#3928=ORIENTED_EDGE('',*,*,#3058,.F.);
#3929=ORIENTED_EDGE('',*,*,#3059,.T.);
#3930=ORIENTED_EDGE('',*,*,#3060,.F.);
#3931=ORIENTED_EDGE('',*,*,#3061,.T.);
#3932=ORIENTED_EDGE('',*,*,#3062,.F.);
#3933=ORIENTED_EDGE('',*,*,#3063,.T.);
#3934=ORIENTED_EDGE('',*,*,#3064,.F.);
#3935=ORIENTED_EDGE('',*,*,#3065,.T.);
#3936=ORIENTED_EDGE('',*,*,#3066,.F.);
#3937=ORIENTED_EDGE('',*,*,#3067,.T.);
#3938=ORIENTED_EDGE('',*,*,#3068,.F.);
#3939=ORIENTED_EDGE('',*,*,#3069,.T.);
#3940=ORIENTED_EDGE('',*,*,#3070,.F.);
#3941=ORIENTED_EDGE('',*,*,#3071,.T.);
#3942=ORIENTED_EDGE('',*,*,#3072,.F.);
#3943=ORIENTED_EDGE('',*,*,#3073,.T.);
#3944=ORIENTED_EDGE('',*,*,#3074,.F.);
#3945=ORIENTED_EDGE('',*,*,#3075,.T.);
#3946=ORIENTED_EDGE('',*,*,#3076,.F.);
#3947=ORIENTED_EDGE('',*,*,#3077,.T.);
#3948=ORIENTED_EDGE('',*,*,#3078,.F.);
#3949=ORIENTED_EDGE('',*,*,#3079,.T.);
#3950=ORIENTED_EDGE('',*,*,#3080,.F.);
#3951=ORIENTED_EDGE('',*,*,#3081,.T.);
#3952=ORIENTED_EDGE('',*,*,#3082,.F.);
#3953=ORIENTED_EDGE('',*,*,#3083,.T.);
#3954=ORIENTED_EDGE('',*,*,#3084,.F.);
#3955=ORIENTED_EDGE('',*,*,#3085,.T.);
#3956=ORIENTED_EDGE('',*,*,#3086,.F.);
#3957=ORIENTED_EDGE('',*,*,#3087,.T.);
#3958=ORIENTED_EDGE('',*,*,#3088,.F.);
#3959=ORIENTED_EDGE('',*,*,#3089,.T.);
#3960=ORIENTED_EDGE('',*,*,#3090,.F.);
#3961=ORIENTED_EDGE('',*,*,#3091,.T.);
#3962=ORIENTED_EDGE('',*,*,#3092,.F.);
#3963=ORIENTED_EDGE('',*,*,#3093,.T.);
#3964=ORIENTED_EDGE('',*,*,#3094,.F.);
#3965=ORIENTED_EDGE('',*,*,#3095,.T.);
#3966=ORIENTED_EDGE('',*,*,#3096,.F.);
#3967=ORIENTED_EDGE('',*,*,#3097,.T.);
#3968=ORIENTED_EDGE('',*,*,#3098,.F.);
#3969=ORIENTED_EDGE('',*,*,#3099,.T.);
#3970=ORIENTED_EDGE('',*,*,#3100,.F.);
#3971=ORIENTED_EDGE('',*,*,#3101,.T.);
#3972=ORIENTED_EDGE('',*,*,#3102,.F.);
#3973=ORIENTED_EDGE('',*,*,#3103,.T.);
#3974=ORIENTED_EDGE('',*,*,#3104,.F.);
#3975=ORIENTED_EDGE('',*,*,#3105,.T.);
#3976=ORIENTED_EDGE('',*,*,#3106,.F.);
#3977=ORIENTED_EDGE('',*,*,#3107,.T.);
#3978=ORIENTED_EDGE('',*,*,#3108,.F.);
#3979=ORIENTED_EDGE('',*,*,#3109,.T.);
#3980=ORIENTED_EDGE('',*,*,#3110,.F.);
#3981=ORIENTED_EDGE('',*,*,#3111,.T.);
#3982=ORIENTED_EDGE('',*,*,#3112,.F.);
#3983=ORIENTED_EDGE('',*,*,#3113,.T.);
#3984=ORIENTED_EDGE('',*,*,#3114,.F.);
#3985=ORIENTED_EDGE('',*,*,#3115,.T.);
#3986=ORIENTED_EDGE('',*,*,#3116,.F.);
#3987=ORIENTED_EDGE('',*,*,#3117,.T.);
#3988=ORIENTED_EDGE('',*,*,#3118,.F.);
#3989=ORIENTED_EDGE('',*,*,#3119,.T.);
#3990=ORIENTED_EDGE('',*,*,#3120,.F.);
#3991=ORIENTED_EDGE('',*,*,#3121,.T.);
#3992=ORIENTED_EDGE('',*,*,#3122,.F.);
#3993=ORIENTED_EDGE('',*,*,#3123,.T.);
#3994=ORIENTED_EDGE('',*,*,#3124,.F.);
#3995=ORIENTED_EDGE('',*,*,#3125,.T.);
#3996=ORIENTED_EDGE('',*,*,#3126,.F.);
#3997=ORIENTED_EDGE('',*,*,#3127,.T.);
#3998=ORIENTED_EDGE('',*,*,#3128,.F.);
#3999=ORIENTED_EDGE('',*,*,#3129,.T.);
#4000=ORIENTED_EDGE('',*,*,#3130,.F.);
#4001=ORIENTED_EDGE('',*,*,#3131,.T.);
#4002=ORIENTED_EDGE('',*,*,#3132,.F.);
#4003=ORIENTED_EDGE('',*,*,#3133,.T.);
#4004=ORIENTED_EDGE('',*,*,#3134,.F.);
#4005=ORIENTED_EDGE('',*,*,#3135,.T.);
#4006=ORIENTED_EDGE('',*,*,#3136,.F.);
#4007=ORIENTED_EDGE('',*,*,#3137,.T.);
#4008=ORIENTED_EDGE('',*,*,#3138,.F.);
#4009=ORIENTED_EDGE('',*,*,#3139,.T.);
#4010=ORIENTED_EDGE('',*,*,#3140,.F.);
#4011=ORIENTED_EDGE('',*,*,#3141,.T.);
#4012=ORIENTED_EDGE('',*,*,#3142,.F.);
#4013=ORIENTED_EDGE('',*,*,#3143,.T.);
#4014=ORIENTED_EDGE('',*,*,#3144,.F.);
#4015=ORIENTED_EDGE('',*,*,#3145,.T.);
#4016=ORIENTED_EDGE('',*,*,#3146,.F.);
#4017=ORIENTED_EDGE('',*,*,#3147,.T.);
#4018=ORIENTED_EDGE('',*,*,#3148,.F.);
#4019=ORIENTED_EDGE('',*,*,#3149,.T.);
#4020=ORIENTED_EDGE('',*,*,#3150,.F.);
#4021=ORIENTED_EDGE('',*,*,#3151,.T.);
#4022=ORIENTED_EDGE('',*,*,#3152,.F.);
#4023=ORIENTED_EDGE('',*,*,#3153,.T.);
#4024=ORIENTED_EDGE('',*,*,#3154,.F.);
#4025=ORIENTED_EDGE('',*,*,#3155,.T.);
#4026=ORIENTED_EDGE('',*,*,#3156,.F.);
#4027=ORIENTED_EDGE('',*,*,#3157,.T.);
#4028=ORIENTED_EDGE('',*,*,#3158,.F.);
#4029=ORIENTED_EDGE('',*,*,#3159,.T.);
#4030=ORIENTED_EDGE('',*,*,#2955,.T.);
#4031=ORIENTED_EDGE('',*,*,#3160,.T.);
#4032=ORIENTED_EDGE('',*,*,#3161,.T.);
#4033=ORIENTED_EDGE('',*,*,#2871,.T.);
#4034=ORIENTED_EDGE('',*,*,#3160,.F.);
#4035=ORIENTED_EDGE('',*,*,#2954,.F.);
#4036=ORIENTED_EDGE('',*,*,#3162,.F.);
#4037=ORIENTED_EDGE('',*,*,#3163,.F.);
#4038=ORIENTED_EDGE('',*,*,#2953,.T.);
#4039=ORIENTED_EDGE('',*,*,#3164,.T.);
#4040=ORIENTED_EDGE('',*,*,#3165,.T.);
#4041=ORIENTED_EDGE('',*,*,#3162,.T.);
#4042=ORIENTED_EDGE('',*,*,#3164,.F.);
#4043=ORIENTED_EDGE('',*,*,#2952,.F.);
#4044=ORIENTED_EDGE('',*,*,#3166,.F.);
#4045=ORIENTED_EDGE('',*,*,#3167,.F.);
#4046=ORIENTED_EDGE('',*,*,#2949,.T.);
#4047=ORIENTED_EDGE('',*,*,#3168,.T.);
#4048=ORIENTED_EDGE('',*,*,#3169,.T.);
#4049=ORIENTED_EDGE('',*,*,#3170,.T.);
#4050=ORIENTED_EDGE('',*,*,#3170,.F.);
#4051=ORIENTED_EDGE('',*,*,#3171,.F.);
#4052=ORIENTED_EDGE('',*,*,#3172,.F.);
#4053=ORIENTED_EDGE('',*,*,#2950,.F.);
#4054=ORIENTED_EDGE('',*,*,#2951,.T.);
#4055=ORIENTED_EDGE('',*,*,#3172,.T.);
#4056=ORIENTED_EDGE('',*,*,#3173,.T.);
#4057=ORIENTED_EDGE('',*,*,#3166,.T.);
#4058=ORIENTED_EDGE('',*,*,#2947,.T.);
#4059=ORIENTED_EDGE('',*,*,#3174,.T.);
#4060=ORIENTED_EDGE('',*,*,#3175,.T.);
#4061=ORIENTED_EDGE('',*,*,#3176,.T.);
#4062=ORIENTED_EDGE('',*,*,#3174,.F.);
#4063=ORIENTED_EDGE('',*,*,#2946,.F.);
#4064=ORIENTED_EDGE('',*,*,#3177,.F.);
#4065=ORIENTED_EDGE('',*,*,#3178,.F.);
#4066=ORIENTED_EDGE('',*,*,#2945,.T.);
#4067=ORIENTED_EDGE('',*,*,#3179,.T.);
#4068=ORIENTED_EDGE('',*,*,#3180,.T.);
#4069=ORIENTED_EDGE('',*,*,#3177,.T.);
#4070=ORIENTED_EDGE('',*,*,#3168,.F.);
#4071=ORIENTED_EDGE('',*,*,#2948,.F.);
#4072=ORIENTED_EDGE('',*,*,#3176,.F.);
#4073=ORIENTED_EDGE('',*,*,#3181,.F.);
#4074=ORIENTED_EDGE('',*,*,#3182,.F.);
#4075=ORIENTED_EDGE('',*,*,#3183,.T.);
#4076=ORIENTED_EDGE('',*,*,#2941,.F.);
#4077=ORIENTED_EDGE('',*,*,#3184,.F.);
#4078=ORIENTED_EDGE('',*,*,#3185,.F.);
#4079=ORIENTED_EDGE('',*,*,#3186,.T.);
#4080=ORIENTED_EDGE('',*,*,#2942,.F.);
#4081=ORIENTED_EDGE('',*,*,#3183,.F.);
#4082=ORIENTED_EDGE('',*,*,#3187,.F.);
#4083=ORIENTED_EDGE('',*,*,#3188,.T.);
#4084=ORIENTED_EDGE('',*,*,#2943,.F.);
#4085=ORIENTED_EDGE('',*,*,#3186,.F.);
#4086=ORIENTED_EDGE('',*,*,#3179,.F.);
#4087=ORIENTED_EDGE('',*,*,#2944,.F.);
#4088=ORIENTED_EDGE('',*,*,#3188,.F.);
#4089=ORIENTED_EDGE('',*,*,#3189,.F.);
#4090=ORIENTED_EDGE('',*,*,#2866,.F.);
#4091=ORIENTED_EDGE('',*,*,#2872,.T.);
#4092=ORIENTED_EDGE('',*,*,#3161,.F.);
#4093=ORIENTED_EDGE('',*,*,#3163,.T.);
#4094=ORIENTED_EDGE('',*,*,#3165,.F.);
#4095=ORIENTED_EDGE('',*,*,#3167,.T.);
#4096=ORIENTED_EDGE('',*,*,#3173,.F.);
#4097=ORIENTED_EDGE('',*,*,#3171,.T.);
#4098=ORIENTED_EDGE('',*,*,#3169,.F.);
#4099=ORIENTED_EDGE('',*,*,#3181,.T.);
#4100=ORIENTED_EDGE('',*,*,#3175,.F.);
#4101=ORIENTED_EDGE('',*,*,#3178,.T.);
#4102=ORIENTED_EDGE('',*,*,#3180,.F.);
#4103=ORIENTED_EDGE('',*,*,#3189,.T.);
#4104=ORIENTED_EDGE('',*,*,#3187,.T.);
#4105=ORIENTED_EDGE('',*,*,#3185,.T.);
#4106=ORIENTED_EDGE('',*,*,#3182,.T.);
#4107=ORIENTED_EDGE('',*,*,#3190,.T.);
#4108=ORIENTED_EDGE('',*,*,#3191,.T.);
#4109=ORIENTED_EDGE('',*,*,#3192,.T.);
#4110=ORIENTED_EDGE('',*,*,#3193,.T.);
#4111=ORIENTED_EDGE('',*,*,#3194,.T.);
#4112=ORIENTED_EDGE('',*,*,#3195,.T.);
#4113=ORIENTED_EDGE('',*,*,#3196,.T.);
#4114=ORIENTED_EDGE('',*,*,#3197,.T.);
#4115=ORIENTED_EDGE('',*,*,#3198,.T.);
#4116=ORIENTED_EDGE('',*,*,#3199,.T.);
#4117=ORIENTED_EDGE('',*,*,#3200,.T.);
#4118=ORIENTED_EDGE('',*,*,#3201,.T.);
#4119=ORIENTED_EDGE('',*,*,#3202,.T.);
#4120=ORIENTED_EDGE('',*,*,#3203,.T.);
#4121=ORIENTED_EDGE('',*,*,#3204,.T.);
#4122=ORIENTED_EDGE('',*,*,#3205,.T.);
#4123=ORIENTED_EDGE('',*,*,#3206,.T.);
#4124=ORIENTED_EDGE('',*,*,#3207,.T.);
#4125=ORIENTED_EDGE('',*,*,#3208,.T.);
#4126=ORIENTED_EDGE('',*,*,#3209,.T.);
#4127=ORIENTED_EDGE('',*,*,#3210,.T.);
#4128=ORIENTED_EDGE('',*,*,#3211,.T.);
#4129=ORIENTED_EDGE('',*,*,#3212,.T.);
#4130=ORIENTED_EDGE('',*,*,#3213,.T.);
#4131=ORIENTED_EDGE('',*,*,#3214,.T.);
#4132=ORIENTED_EDGE('',*,*,#3215,.T.);
#4133=ORIENTED_EDGE('',*,*,#3216,.T.);
#4134=ORIENTED_EDGE('',*,*,#3217,.T.);
#4135=ORIENTED_EDGE('',*,*,#3218,.T.);
#4136=ORIENTED_EDGE('',*,*,#3219,.T.);
#4137=ORIENTED_EDGE('',*,*,#3220,.T.);
#4138=ORIENTED_EDGE('',*,*,#3221,.T.);
#4139=ORIENTED_EDGE('',*,*,#3222,.T.);
#4140=ORIENTED_EDGE('',*,*,#3223,.T.);
#4141=ORIENTED_EDGE('',*,*,#3224,.T.);
#4142=ORIENTED_EDGE('',*,*,#3225,.T.);
#4143=ORIENTED_EDGE('',*,*,#3226,.T.);
#4144=ORIENTED_EDGE('',*,*,#3227,.T.);
#4145=ORIENTED_EDGE('',*,*,#3228,.T.);
#4146=ORIENTED_EDGE('',*,*,#3229,.T.);
#4147=ORIENTED_EDGE('',*,*,#3230,.T.);
#4148=ORIENTED_EDGE('',*,*,#3231,.T.);
#4149=ORIENTED_EDGE('',*,*,#3232,.T.);
#4150=ORIENTED_EDGE('',*,*,#3233,.T.);
#4151=ORIENTED_EDGE('',*,*,#3234,.T.);
#4152=ORIENTED_EDGE('',*,*,#3235,.T.);
#4153=ORIENTED_EDGE('',*,*,#3236,.T.);
#4154=ORIENTED_EDGE('',*,*,#3237,.T.);
#4155=ORIENTED_EDGE('',*,*,#3238,.T.);
#4156=ORIENTED_EDGE('',*,*,#3239,.T.);
#4157=ORIENTED_EDGE('',*,*,#3240,.T.);
#4158=ORIENTED_EDGE('',*,*,#3241,.T.);
#4159=ORIENTED_EDGE('',*,*,#3242,.T.);
#4160=ORIENTED_EDGE('',*,*,#3243,.T.);
#4161=ORIENTED_EDGE('',*,*,#3244,.T.);
#4162=ORIENTED_EDGE('',*,*,#3245,.T.);
#4163=ORIENTED_EDGE('',*,*,#3246,.T.);
#4164=ORIENTED_EDGE('',*,*,#3247,.T.);
#4165=ORIENTED_EDGE('',*,*,#3248,.T.);
#4166=ORIENTED_EDGE('',*,*,#3249,.T.);
#4167=ORIENTED_EDGE('',*,*,#3250,.T.);
#4168=ORIENTED_EDGE('',*,*,#3251,.T.);
#4169=ORIENTED_EDGE('',*,*,#3252,.T.);
#4170=ORIENTED_EDGE('',*,*,#3253,.T.);
#4171=ORIENTED_EDGE('',*,*,#3254,.T.);
#4172=ORIENTED_EDGE('',*,*,#3255,.T.);
#4173=ORIENTED_EDGE('',*,*,#3256,.T.);
#4174=ORIENTED_EDGE('',*,*,#3257,.T.);
#4175=ORIENTED_EDGE('',*,*,#3258,.T.);
#4176=ORIENTED_EDGE('',*,*,#3259,.T.);
#4177=ORIENTED_EDGE('',*,*,#3260,.T.);
#4178=ORIENTED_EDGE('',*,*,#3261,.T.);
#4179=ORIENTED_EDGE('',*,*,#3262,.T.);
#4180=ORIENTED_EDGE('',*,*,#3263,.T.);
#4181=ORIENTED_EDGE('',*,*,#3264,.T.);
#4182=ORIENTED_EDGE('',*,*,#3265,.T.);
#4183=ORIENTED_EDGE('',*,*,#3266,.T.);
#4184=ORIENTED_EDGE('',*,*,#3267,.T.);
#4185=ORIENTED_EDGE('',*,*,#3268,.T.);
#4186=ORIENTED_EDGE('',*,*,#3269,.T.);
#4187=ORIENTED_EDGE('',*,*,#3270,.T.);
#4188=ORIENTED_EDGE('',*,*,#3271,.T.);
#4189=ORIENTED_EDGE('',*,*,#3272,.T.);
#4190=ORIENTED_EDGE('',*,*,#3273,.T.);
#4191=ORIENTED_EDGE('',*,*,#3274,.T.);
#4192=ORIENTED_EDGE('',*,*,#3275,.T.);
#4193=ORIENTED_EDGE('',*,*,#3276,.T.);
#4194=ORIENTED_EDGE('',*,*,#3277,.T.);
#4195=ORIENTED_EDGE('',*,*,#3278,.T.);
#4196=ORIENTED_EDGE('',*,*,#3279,.T.);
#4197=ORIENTED_EDGE('',*,*,#3280,.T.);
#4198=ORIENTED_EDGE('',*,*,#3281,.T.);
#4199=ORIENTED_EDGE('',*,*,#3282,.T.);
#4200=ORIENTED_EDGE('',*,*,#3283,.T.);
#4201=ORIENTED_EDGE('',*,*,#3284,.T.);
#4202=ORIENTED_EDGE('',*,*,#3285,.T.);
#4203=ORIENTED_EDGE('',*,*,#3286,.T.);
#4204=ORIENTED_EDGE('',*,*,#3287,.T.);
#4205=ORIENTED_EDGE('',*,*,#3288,.T.);
#4206=ORIENTED_EDGE('',*,*,#3289,.T.);
#4207=ORIENTED_EDGE('',*,*,#3290,.T.);
#4208=ORIENTED_EDGE('',*,*,#3291,.T.);
#4209=ORIENTED_EDGE('',*,*,#3292,.T.);
#4210=ORIENTED_EDGE('',*,*,#3293,.T.);
#4211=ORIENTED_EDGE('',*,*,#3294,.T.);
#4212=ORIENTED_EDGE('',*,*,#3295,.T.);
#4213=ORIENTED_EDGE('',*,*,#3296,.T.);
#4214=ORIENTED_EDGE('',*,*,#3297,.T.);
#4215=ORIENTED_EDGE('',*,*,#3298,.T.);
#4216=ORIENTED_EDGE('',*,*,#3299,.T.);
#4217=ORIENTED_EDGE('',*,*,#3300,.T.);
#4218=ORIENTED_EDGE('',*,*,#3301,.T.);
#4219=ORIENTED_EDGE('',*,*,#3302,.T.);
#4220=ORIENTED_EDGE('',*,*,#3303,.T.);
#4221=ORIENTED_EDGE('',*,*,#3304,.T.);
#4222=ORIENTED_EDGE('',*,*,#3305,.T.);
#4223=ORIENTED_EDGE('',*,*,#3306,.T.);
#4224=ORIENTED_EDGE('',*,*,#3307,.T.);
#4225=ORIENTED_EDGE('',*,*,#3308,.T.);
#4226=ORIENTED_EDGE('',*,*,#3309,.T.);
#4227=ORIENTED_EDGE('',*,*,#3310,.T.);
#4228=ORIENTED_EDGE('',*,*,#3311,.T.);
#4229=ORIENTED_EDGE('',*,*,#3312,.T.);
#4230=ORIENTED_EDGE('',*,*,#3313,.T.);
#4231=ORIENTED_EDGE('',*,*,#3314,.T.);
#4232=ORIENTED_EDGE('',*,*,#3315,.T.);
#4233=ORIENTED_EDGE('',*,*,#3316,.T.);
#4234=ORIENTED_EDGE('',*,*,#3317,.T.);
#4235=ORIENTED_EDGE('',*,*,#3318,.T.);
#4236=ORIENTED_EDGE('',*,*,#3319,.T.);
#4237=ORIENTED_EDGE('',*,*,#3320,.T.);
#4238=ORIENTED_EDGE('',*,*,#3321,.T.);
#4239=ORIENTED_EDGE('',*,*,#3322,.T.);
#4240=ORIENTED_EDGE('',*,*,#3323,.T.);
#4241=ORIENTED_EDGE('',*,*,#3324,.T.);
#4242=ORIENTED_EDGE('',*,*,#3325,.T.);
#4243=ORIENTED_EDGE('',*,*,#3326,.T.);
#4244=ORIENTED_EDGE('',*,*,#3327,.T.);
#4245=ORIENTED_EDGE('',*,*,#3328,.T.);
#4246=ORIENTED_EDGE('',*,*,#3329,.T.);
#4247=ORIENTED_EDGE('',*,*,#3330,.T.);
#4248=ORIENTED_EDGE('',*,*,#3331,.T.);
#4249=ORIENTED_EDGE('',*,*,#3332,.T.);
#4250=ORIENTED_EDGE('',*,*,#3333,.T.);
#4251=ORIENTED_EDGE('',*,*,#3334,.T.);
#4252=ORIENTED_EDGE('',*,*,#3335,.T.);
#4253=ORIENTED_EDGE('',*,*,#3336,.T.);
#4254=ORIENTED_EDGE('',*,*,#3337,.T.);
#4255=ORIENTED_EDGE('',*,*,#3338,.T.);
#4256=ORIENTED_EDGE('',*,*,#3339,.T.);
#4257=ORIENTED_EDGE('',*,*,#3340,.T.);
#4258=ORIENTED_EDGE('',*,*,#3341,.T.);
#4259=ORIENTED_EDGE('',*,*,#3342,.T.);
#4260=ORIENTED_EDGE('',*,*,#3343,.T.);
#4261=ORIENTED_EDGE('',*,*,#3344,.T.);
#4262=ORIENTED_EDGE('',*,*,#3345,.T.);
#4263=ORIENTED_EDGE('',*,*,#3346,.T.);
#4264=ORIENTED_EDGE('',*,*,#3347,.T.);
#4265=ORIENTED_EDGE('',*,*,#3348,.T.);
#4266=ORIENTED_EDGE('',*,*,#3349,.T.);
#4267=ORIENTED_EDGE('',*,*,#3350,.T.);
#4268=ORIENTED_EDGE('',*,*,#3351,.T.);
#4269=ORIENTED_EDGE('',*,*,#3352,.T.);
#4270=ORIENTED_EDGE('',*,*,#3353,.T.);
#4271=ORIENTED_EDGE('',*,*,#3354,.T.);
#4272=ORIENTED_EDGE('',*,*,#3355,.T.);
#4273=ORIENTED_EDGE('',*,*,#3356,.T.);
#4274=ORIENTED_EDGE('',*,*,#3357,.T.);
#4275=ORIENTED_EDGE('',*,*,#3358,.T.);
#4276=ORIENTED_EDGE('',*,*,#3359,.T.);
#4277=ORIENTED_EDGE('',*,*,#3360,.T.);
#4278=ORIENTED_EDGE('',*,*,#3361,.T.);
#4279=ORIENTED_EDGE('',*,*,#3362,.T.);
#4280=ORIENTED_EDGE('',*,*,#3363,.T.);
#4281=ORIENTED_EDGE('',*,*,#3364,.T.);
#4282=ORIENTED_EDGE('',*,*,#3365,.T.);
#4283=ORIENTED_EDGE('',*,*,#3366,.T.);
#4284=ORIENTED_EDGE('',*,*,#3367,.T.);
#4285=ORIENTED_EDGE('',*,*,#3368,.T.);
#4286=ORIENTED_EDGE('',*,*,#3369,.T.);
#4287=ORIENTED_EDGE('',*,*,#3370,.T.);
#4288=ORIENTED_EDGE('',*,*,#3371,.T.);
#4289=ORIENTED_EDGE('',*,*,#3372,.T.);
#4290=ORIENTED_EDGE('',*,*,#3373,.T.);
#4291=ORIENTED_EDGE('',*,*,#3374,.T.);
#4292=ORIENTED_EDGE('',*,*,#3375,.T.);
#4293=ORIENTED_EDGE('',*,*,#3376,.T.);
#4294=ORIENTED_EDGE('',*,*,#3377,.T.);
#4295=ORIENTED_EDGE('',*,*,#3378,.T.);
#4296=ORIENTED_EDGE('',*,*,#3379,.T.);
#4297=ORIENTED_EDGE('',*,*,#3380,.T.);
#4298=ORIENTED_EDGE('',*,*,#3381,.T.);
#4299=ORIENTED_EDGE('',*,*,#3382,.T.);
#4300=ORIENTED_EDGE('',*,*,#3383,.T.);
#4301=ORIENTED_EDGE('',*,*,#3384,.T.);
#4302=ORIENTED_EDGE('',*,*,#3385,.T.);
#4303=ORIENTED_EDGE('',*,*,#3386,.T.);
#4304=ORIENTED_EDGE('',*,*,#3387,.T.);
#4305=ORIENTED_EDGE('',*,*,#3388,.T.);
#4306=ORIENTED_EDGE('',*,*,#3389,.T.);
#4307=ORIENTED_EDGE('',*,*,#3390,.T.);
#4308=ORIENTED_EDGE('',*,*,#3391,.T.);
#4309=ORIENTED_EDGE('',*,*,#3392,.T.);
#4310=ORIENTED_EDGE('',*,*,#3393,.T.);
#4311=ORIENTED_EDGE('',*,*,#3394,.T.);
#4312=ORIENTED_EDGE('',*,*,#3395,.T.);
#4313=ORIENTED_EDGE('',*,*,#3396,.T.);
#4314=ORIENTED_EDGE('',*,*,#3397,.T.);
#4315=ORIENTED_EDGE('',*,*,#3398,.T.);
#4316=ORIENTED_EDGE('',*,*,#3399,.T.);
#4317=ORIENTED_EDGE('',*,*,#3400,.T.);
#4318=ORIENTED_EDGE('',*,*,#3401,.T.);
#4319=ORIENTED_EDGE('',*,*,#3402,.T.);
#4320=ORIENTED_EDGE('',*,*,#3403,.T.);
#4321=ORIENTED_EDGE('',*,*,#3404,.T.);
#4322=ORIENTED_EDGE('',*,*,#3405,.T.);
#4323=ORIENTED_EDGE('',*,*,#3406,.T.);
#4324=ORIENTED_EDGE('',*,*,#3407,.T.);
#4325=ORIENTED_EDGE('',*,*,#3408,.T.);
#4326=ORIENTED_EDGE('',*,*,#3409,.T.);
#4327=ORIENTED_EDGE('',*,*,#3410,.T.);
#4328=ORIENTED_EDGE('',*,*,#3411,.T.);
#4329=ORIENTED_EDGE('',*,*,#3412,.T.);
#4330=ORIENTED_EDGE('',*,*,#3413,.T.);
#4331=ORIENTED_EDGE('',*,*,#3414,.T.);
#4332=ORIENTED_EDGE('',*,*,#3415,.T.);
#4333=ORIENTED_EDGE('',*,*,#3416,.T.);
#4334=ORIENTED_EDGE('',*,*,#3417,.T.);
#4335=ORIENTED_EDGE('',*,*,#3418,.T.);
#4336=ORIENTED_EDGE('',*,*,#3419,.T.);
#4337=ORIENTED_EDGE('',*,*,#3420,.T.);
#4338=ORIENTED_EDGE('',*,*,#3421,.T.);
#4339=ORIENTED_EDGE('',*,*,#3422,.T.);
#4340=ORIENTED_EDGE('',*,*,#3423,.T.);
#4341=ORIENTED_EDGE('',*,*,#3424,.T.);
#4342=ORIENTED_EDGE('',*,*,#3425,.T.);
#4343=ORIENTED_EDGE('',*,*,#3426,.T.);
#4344=ORIENTED_EDGE('',*,*,#3427,.T.);
#4345=ORIENTED_EDGE('',*,*,#3428,.T.);
#4346=ORIENTED_EDGE('',*,*,#3429,.T.);
#4347=ORIENTED_EDGE('',*,*,#3430,.T.);
#4348=ORIENTED_EDGE('',*,*,#3431,.T.);
#4349=ORIENTED_EDGE('',*,*,#3432,.T.);
#4350=ORIENTED_EDGE('',*,*,#3433,.T.);
#4351=ORIENTED_EDGE('',*,*,#3434,.T.);
#4352=ORIENTED_EDGE('',*,*,#3435,.T.);
#4353=ORIENTED_EDGE('',*,*,#3436,.T.);
#4354=ORIENTED_EDGE('',*,*,#3437,.T.);
#4355=ORIENTED_EDGE('',*,*,#3438,.T.);
#4356=ORIENTED_EDGE('',*,*,#3439,.T.);
#4357=ORIENTED_EDGE('',*,*,#3440,.T.);
#4358=ORIENTED_EDGE('',*,*,#3441,.T.);
#4359=ORIENTED_EDGE('',*,*,#3442,.T.);
#4360=ORIENTED_EDGE('',*,*,#3443,.T.);
#4361=ORIENTED_EDGE('',*,*,#3444,.T.);
#4362=ORIENTED_EDGE('',*,*,#3445,.T.);
#4363=ORIENTED_EDGE('',*,*,#3446,.T.);
#4364=ORIENTED_EDGE('',*,*,#3447,.T.);
#4365=ORIENTED_EDGE('',*,*,#3448,.T.);
#4366=ORIENTED_EDGE('',*,*,#3449,.T.);
#4367=ORIENTED_EDGE('',*,*,#3450,.T.);
#4368=ORIENTED_EDGE('',*,*,#3451,.T.);
#4369=ORIENTED_EDGE('',*,*,#3452,.T.);
#4370=ORIENTED_EDGE('',*,*,#3453,.T.);
#4371=ORIENTED_EDGE('',*,*,#3454,.T.);
#4372=ORIENTED_EDGE('',*,*,#3455,.T.);
#4373=ORIENTED_EDGE('',*,*,#3456,.T.);
#4374=ORIENTED_EDGE('',*,*,#3457,.T.);
#4375=ORIENTED_EDGE('',*,*,#3458,.T.);
#4376=ORIENTED_EDGE('',*,*,#3459,.T.);
#4377=ORIENTED_EDGE('',*,*,#3460,.T.);
#4378=ORIENTED_EDGE('',*,*,#3461,.T.);
#4379=ORIENTED_EDGE('',*,*,#3153,.F.);
#4380=ORIENTED_EDGE('',*,*,#3462,.T.);
#4381=ORIENTED_EDGE('',*,*,#3265,.F.);
#4382=ORIENTED_EDGE('',*,*,#3463,.F.);
#4383=ORIENTED_EDGE('',*,*,#3154,.T.);
#4384=ORIENTED_EDGE('',*,*,#3463,.T.);
#4385=ORIENTED_EDGE('',*,*,#3264,.F.);
#4386=ORIENTED_EDGE('',*,*,#3464,.F.);
#4387=ORIENTED_EDGE('',*,*,#3155,.F.);
#4388=ORIENTED_EDGE('',*,*,#3464,.T.);
#4389=ORIENTED_EDGE('',*,*,#3263,.F.);
#4390=ORIENTED_EDGE('',*,*,#3465,.F.);
#4391=ORIENTED_EDGE('',*,*,#3156,.T.);
#4392=ORIENTED_EDGE('',*,*,#3465,.T.);
#4393=ORIENTED_EDGE('',*,*,#3262,.F.);
#4394=ORIENTED_EDGE('',*,*,#3466,.F.);
#4395=ORIENTED_EDGE('',*,*,#3157,.F.);
#4396=ORIENTED_EDGE('',*,*,#3466,.T.);
#4397=ORIENTED_EDGE('',*,*,#3261,.F.);
#4398=ORIENTED_EDGE('',*,*,#3467,.F.);
#4399=ORIENTED_EDGE('',*,*,#3158,.T.);
#4400=ORIENTED_EDGE('',*,*,#3467,.T.);
#4401=ORIENTED_EDGE('',*,*,#3260,.F.);
#4402=ORIENTED_EDGE('',*,*,#3468,.F.);
#4403=ORIENTED_EDGE('',*,*,#3159,.F.);
#4404=ORIENTED_EDGE('',*,*,#3468,.T.);
#4405=ORIENTED_EDGE('',*,*,#3259,.F.);
#4406=ORIENTED_EDGE('',*,*,#3469,.F.);
#4407=ORIENTED_EDGE('',*,*,#3152,.T.);
#4408=ORIENTED_EDGE('',*,*,#3469,.T.);
#4409=ORIENTED_EDGE('',*,*,#3258,.F.);
#4410=ORIENTED_EDGE('',*,*,#3462,.F.);
#4411=ORIENTED_EDGE('',*,*,#3145,.F.);
#4412=ORIENTED_EDGE('',*,*,#3470,.T.);
#4413=ORIENTED_EDGE('',*,*,#3273,.F.);
#4414=ORIENTED_EDGE('',*,*,#3471,.F.);
#4415=ORIENTED_EDGE('',*,*,#3146,.T.);
#4416=ORIENTED_EDGE('',*,*,#3471,.T.);
#4417=ORIENTED_EDGE('',*,*,#3272,.F.);
#4418=ORIENTED_EDGE('',*,*,#3472,.F.);
#4419=ORIENTED_EDGE('',*,*,#3147,.F.);
#4420=ORIENTED_EDGE('',*,*,#3472,.T.);
#4421=ORIENTED_EDGE('',*,*,#3271,.F.);
#4422=ORIENTED_EDGE('',*,*,#3473,.F.);
#4423=ORIENTED_EDGE('',*,*,#3148,.T.);
#4424=ORIENTED_EDGE('',*,*,#3473,.T.);
#4425=ORIENTED_EDGE('',*,*,#3270,.F.);
#4426=ORIENTED_EDGE('',*,*,#3474,.F.);
#4427=ORIENTED_EDGE('',*,*,#3149,.F.);
#4428=ORIENTED_EDGE('',*,*,#3474,.T.);
#4429=ORIENTED_EDGE('',*,*,#3269,.F.);
#4430=ORIENTED_EDGE('',*,*,#3475,.F.);
#4431=ORIENTED_EDGE('',*,*,#3150,.T.);
#4432=ORIENTED_EDGE('',*,*,#3475,.T.);
#4433=ORIENTED_EDGE('',*,*,#3268,.F.);
#4434=ORIENTED_EDGE('',*,*,#3476,.F.);
#4435=ORIENTED_EDGE('',*,*,#3151,.F.);
#4436=ORIENTED_EDGE('',*,*,#3476,.T.);
#4437=ORIENTED_EDGE('',*,*,#3267,.F.);
#4438=ORIENTED_EDGE('',*,*,#3477,.F.);
#4439=ORIENTED_EDGE('',*,*,#3144,.T.);
#4440=ORIENTED_EDGE('',*,*,#3477,.T.);
#4441=ORIENTED_EDGE('',*,*,#3266,.F.);
#4442=ORIENTED_EDGE('',*,*,#3470,.F.);
#4443=ORIENTED_EDGE('',*,*,#3137,.F.);
#4444=ORIENTED_EDGE('',*,*,#3478,.T.);
#4445=ORIENTED_EDGE('',*,*,#3281,.F.);
#4446=ORIENTED_EDGE('',*,*,#3479,.F.);
#4447=ORIENTED_EDGE('',*,*,#3138,.T.);
#4448=ORIENTED_EDGE('',*,*,#3479,.T.);
#4449=ORIENTED_EDGE('',*,*,#3280,.F.);
#4450=ORIENTED_EDGE('',*,*,#3480,.F.);
#4451=ORIENTED_EDGE('',*,*,#3139,.F.);
#4452=ORIENTED_EDGE('',*,*,#3480,.T.);
#4453=ORIENTED_EDGE('',*,*,#3279,.F.);
#4454=ORIENTED_EDGE('',*,*,#3481,.F.);
#4455=ORIENTED_EDGE('',*,*,#3140,.T.);
#4456=ORIENTED_EDGE('',*,*,#3481,.T.);
#4457=ORIENTED_EDGE('',*,*,#3278,.F.);
#4458=ORIENTED_EDGE('',*,*,#3482,.F.);
#4459=ORIENTED_EDGE('',*,*,#3141,.F.);
#4460=ORIENTED_EDGE('',*,*,#3482,.T.);
#4461=ORIENTED_EDGE('',*,*,#3277,.F.);
#4462=ORIENTED_EDGE('',*,*,#3483,.F.);
#4463=ORIENTED_EDGE('',*,*,#3142,.T.);
#4464=ORIENTED_EDGE('',*,*,#3483,.T.);
#4465=ORIENTED_EDGE('',*,*,#3276,.F.);
#4466=ORIENTED_EDGE('',*,*,#3484,.F.);
#4467=ORIENTED_EDGE('',*,*,#3143,.F.);
#4468=ORIENTED_EDGE('',*,*,#3484,.T.);
#4469=ORIENTED_EDGE('',*,*,#3275,.F.);
#4470=ORIENTED_EDGE('',*,*,#3485,.F.);
#4471=ORIENTED_EDGE('',*,*,#3136,.T.);
#4472=ORIENTED_EDGE('',*,*,#3485,.T.);
#4473=ORIENTED_EDGE('',*,*,#3274,.F.);
#4474=ORIENTED_EDGE('',*,*,#3478,.F.);
#4475=ORIENTED_EDGE('',*,*,#3129,.F.);
#4476=ORIENTED_EDGE('',*,*,#3486,.T.);
#4477=ORIENTED_EDGE('',*,*,#3289,.F.);
#4478=ORIENTED_EDGE('',*,*,#3487,.F.);
#4479=ORIENTED_EDGE('',*,*,#3130,.T.);
#4480=ORIENTED_EDGE('',*,*,#3487,.T.);
#4481=ORIENTED_EDGE('',*,*,#3288,.F.);
#4482=ORIENTED_EDGE('',*,*,#3488,.F.);
#4483=ORIENTED_EDGE('',*,*,#3131,.F.);
#4484=ORIENTED_EDGE('',*,*,#3488,.T.);
#4485=ORIENTED_EDGE('',*,*,#3287,.F.);
#4486=ORIENTED_EDGE('',*,*,#3489,.F.);
#4487=ORIENTED_EDGE('',*,*,#3132,.T.);
#4488=ORIENTED_EDGE('',*,*,#3489,.T.);
#4489=ORIENTED_EDGE('',*,*,#3286,.F.);
#4490=ORIENTED_EDGE('',*,*,#3490,.F.);
#4491=ORIENTED_EDGE('',*,*,#3133,.F.);
#4492=ORIENTED_EDGE('',*,*,#3490,.T.);
#4493=ORIENTED_EDGE('',*,*,#3285,.F.);
#4494=ORIENTED_EDGE('',*,*,#3491,.F.);
#4495=ORIENTED_EDGE('',*,*,#3134,.T.);
#4496=ORIENTED_EDGE('',*,*,#3491,.T.);
#4497=ORIENTED_EDGE('',*,*,#3284,.F.);
#4498=ORIENTED_EDGE('',*,*,#3492,.F.);
#4499=ORIENTED_EDGE('',*,*,#3135,.F.);
#4500=ORIENTED_EDGE('',*,*,#3492,.T.);
#4501=ORIENTED_EDGE('',*,*,#3283,.F.);
#4502=ORIENTED_EDGE('',*,*,#3493,.F.);
#4503=ORIENTED_EDGE('',*,*,#3128,.T.);
#4504=ORIENTED_EDGE('',*,*,#3493,.T.);
#4505=ORIENTED_EDGE('',*,*,#3282,.F.);
#4506=ORIENTED_EDGE('',*,*,#3486,.F.);
#4507=ORIENTED_EDGE('',*,*,#3121,.F.);
#4508=ORIENTED_EDGE('',*,*,#3494,.T.);
#4509=ORIENTED_EDGE('',*,*,#3297,.F.);
#4510=ORIENTED_EDGE('',*,*,#3495,.F.);
#4511=ORIENTED_EDGE('',*,*,#3122,.T.);
#4512=ORIENTED_EDGE('',*,*,#3495,.T.);
#4513=ORIENTED_EDGE('',*,*,#3296,.F.);
#4514=ORIENTED_EDGE('',*,*,#3496,.F.);
#4515=ORIENTED_EDGE('',*,*,#3123,.F.);
#4516=ORIENTED_EDGE('',*,*,#3496,.T.);
#4517=ORIENTED_EDGE('',*,*,#3295,.F.);
#4518=ORIENTED_EDGE('',*,*,#3497,.F.);
#4519=ORIENTED_EDGE('',*,*,#3124,.T.);
#4520=ORIENTED_EDGE('',*,*,#3497,.T.);
#4521=ORIENTED_EDGE('',*,*,#3294,.F.);
#4522=ORIENTED_EDGE('',*,*,#3498,.F.);
#4523=ORIENTED_EDGE('',*,*,#3125,.F.);
#4524=ORIENTED_EDGE('',*,*,#3498,.T.);
#4525=ORIENTED_EDGE('',*,*,#3293,.F.);
#4526=ORIENTED_EDGE('',*,*,#3499,.F.);
#4527=ORIENTED_EDGE('',*,*,#3126,.T.);
#4528=ORIENTED_EDGE('',*,*,#3499,.T.);
#4529=ORIENTED_EDGE('',*,*,#3292,.F.);
#4530=ORIENTED_EDGE('',*,*,#3500,.F.);
#4531=ORIENTED_EDGE('',*,*,#3127,.F.);
#4532=ORIENTED_EDGE('',*,*,#3500,.T.);
#4533=ORIENTED_EDGE('',*,*,#3291,.F.);
#4534=ORIENTED_EDGE('',*,*,#3501,.F.);
#4535=ORIENTED_EDGE('',*,*,#3120,.T.);
#4536=ORIENTED_EDGE('',*,*,#3501,.T.);
#4537=ORIENTED_EDGE('',*,*,#3290,.F.);
#4538=ORIENTED_EDGE('',*,*,#3494,.F.);
#4539=ORIENTED_EDGE('',*,*,#3113,.F.);
#4540=ORIENTED_EDGE('',*,*,#3502,.T.);
#4541=ORIENTED_EDGE('',*,*,#3305,.F.);
#4542=ORIENTED_EDGE('',*,*,#3503,.F.);
#4543=ORIENTED_EDGE('',*,*,#3114,.T.);
#4544=ORIENTED_EDGE('',*,*,#3503,.T.);
#4545=ORIENTED_EDGE('',*,*,#3304,.F.);
#4546=ORIENTED_EDGE('',*,*,#3504,.F.);
#4547=ORIENTED_EDGE('',*,*,#3115,.F.);
#4548=ORIENTED_EDGE('',*,*,#3504,.T.);
#4549=ORIENTED_EDGE('',*,*,#3303,.F.);
#4550=ORIENTED_EDGE('',*,*,#3505,.F.);
#4551=ORIENTED_EDGE('',*,*,#3116,.T.);
#4552=ORIENTED_EDGE('',*,*,#3505,.T.);
#4553=ORIENTED_EDGE('',*,*,#3302,.F.);
#4554=ORIENTED_EDGE('',*,*,#3506,.F.);
#4555=ORIENTED_EDGE('',*,*,#3117,.F.);
#4556=ORIENTED_EDGE('',*,*,#3506,.T.);
#4557=ORIENTED_EDGE('',*,*,#3301,.F.);
#4558=ORIENTED_EDGE('',*,*,#3507,.F.);
#4559=ORIENTED_EDGE('',*,*,#3118,.T.);
#4560=ORIENTED_EDGE('',*,*,#3507,.T.);
#4561=ORIENTED_EDGE('',*,*,#3300,.F.);
#4562=ORIENTED_EDGE('',*,*,#3508,.F.);
#4563=ORIENTED_EDGE('',*,*,#3119,.F.);
#4564=ORIENTED_EDGE('',*,*,#3508,.T.);
#4565=ORIENTED_EDGE('',*,*,#3299,.F.);
#4566=ORIENTED_EDGE('',*,*,#3509,.F.);
#4567=ORIENTED_EDGE('',*,*,#3112,.T.);
#4568=ORIENTED_EDGE('',*,*,#3509,.T.);
#4569=ORIENTED_EDGE('',*,*,#3298,.F.);
#4570=ORIENTED_EDGE('',*,*,#3502,.F.);
#4571=ORIENTED_EDGE('',*,*,#3105,.F.);
#4572=ORIENTED_EDGE('',*,*,#3510,.T.);
#4573=ORIENTED_EDGE('',*,*,#3313,.F.);
#4574=ORIENTED_EDGE('',*,*,#3511,.F.);
#4575=ORIENTED_EDGE('',*,*,#3106,.T.);
#4576=ORIENTED_EDGE('',*,*,#3511,.T.);
#4577=ORIENTED_EDGE('',*,*,#3312,.F.);
#4578=ORIENTED_EDGE('',*,*,#3512,.F.);
#4579=ORIENTED_EDGE('',*,*,#3107,.F.);
#4580=ORIENTED_EDGE('',*,*,#3512,.T.);
#4581=ORIENTED_EDGE('',*,*,#3311,.F.);
#4582=ORIENTED_EDGE('',*,*,#3513,.F.);
#4583=ORIENTED_EDGE('',*,*,#3108,.T.);
#4584=ORIENTED_EDGE('',*,*,#3513,.T.);
#4585=ORIENTED_EDGE('',*,*,#3310,.F.);
#4586=ORIENTED_EDGE('',*,*,#3514,.F.);
#4587=ORIENTED_EDGE('',*,*,#3109,.F.);
#4588=ORIENTED_EDGE('',*,*,#3514,.T.);
#4589=ORIENTED_EDGE('',*,*,#3309,.F.);
#4590=ORIENTED_EDGE('',*,*,#3515,.F.);
#4591=ORIENTED_EDGE('',*,*,#3110,.T.);
#4592=ORIENTED_EDGE('',*,*,#3515,.T.);
#4593=ORIENTED_EDGE('',*,*,#3308,.F.);
#4594=ORIENTED_EDGE('',*,*,#3516,.F.);
#4595=ORIENTED_EDGE('',*,*,#3111,.F.);
#4596=ORIENTED_EDGE('',*,*,#3516,.T.);
#4597=ORIENTED_EDGE('',*,*,#3307,.F.);
#4598=ORIENTED_EDGE('',*,*,#3517,.F.);
#4599=ORIENTED_EDGE('',*,*,#3104,.T.);
#4600=ORIENTED_EDGE('',*,*,#3517,.T.);
#4601=ORIENTED_EDGE('',*,*,#3306,.F.);
#4602=ORIENTED_EDGE('',*,*,#3510,.F.);
#4603=ORIENTED_EDGE('',*,*,#3097,.F.);
#4604=ORIENTED_EDGE('',*,*,#3518,.T.);
#4605=ORIENTED_EDGE('',*,*,#3321,.F.);
#4606=ORIENTED_EDGE('',*,*,#3519,.F.);
#4607=ORIENTED_EDGE('',*,*,#3098,.T.);
#4608=ORIENTED_EDGE('',*,*,#3519,.T.);
#4609=ORIENTED_EDGE('',*,*,#3320,.F.);
#4610=ORIENTED_EDGE('',*,*,#3520,.F.);
#4611=ORIENTED_EDGE('',*,*,#3099,.F.);
#4612=ORIENTED_EDGE('',*,*,#3520,.T.);
#4613=ORIENTED_EDGE('',*,*,#3319,.F.);
#4614=ORIENTED_EDGE('',*,*,#3521,.F.);
#4615=ORIENTED_EDGE('',*,*,#3100,.T.);
#4616=ORIENTED_EDGE('',*,*,#3521,.T.);
#4617=ORIENTED_EDGE('',*,*,#3318,.F.);
#4618=ORIENTED_EDGE('',*,*,#3522,.F.);
#4619=ORIENTED_EDGE('',*,*,#3101,.F.);
#4620=ORIENTED_EDGE('',*,*,#3522,.T.);
#4621=ORIENTED_EDGE('',*,*,#3317,.F.);
#4622=ORIENTED_EDGE('',*,*,#3523,.F.);
#4623=ORIENTED_EDGE('',*,*,#3102,.T.);
#4624=ORIENTED_EDGE('',*,*,#3523,.T.);
#4625=ORIENTED_EDGE('',*,*,#3316,.F.);
#4626=ORIENTED_EDGE('',*,*,#3524,.F.);
#4627=ORIENTED_EDGE('',*,*,#3103,.F.);
#4628=ORIENTED_EDGE('',*,*,#3524,.T.);
#4629=ORIENTED_EDGE('',*,*,#3315,.F.);
#4630=ORIENTED_EDGE('',*,*,#3525,.F.);
#4631=ORIENTED_EDGE('',*,*,#3096,.T.);
#4632=ORIENTED_EDGE('',*,*,#3525,.T.);
#4633=ORIENTED_EDGE('',*,*,#3314,.F.);
#4634=ORIENTED_EDGE('',*,*,#3518,.F.);
#4635=ORIENTED_EDGE('',*,*,#3089,.F.);
#4636=ORIENTED_EDGE('',*,*,#3526,.T.);
#4637=ORIENTED_EDGE('',*,*,#3329,.F.);
#4638=ORIENTED_EDGE('',*,*,#3527,.F.);
#4639=ORIENTED_EDGE('',*,*,#3090,.T.);
#4640=ORIENTED_EDGE('',*,*,#3527,.T.);
#4641=ORIENTED_EDGE('',*,*,#3328,.F.);
#4642=ORIENTED_EDGE('',*,*,#3528,.F.);
#4643=ORIENTED_EDGE('',*,*,#3091,.F.);
#4644=ORIENTED_EDGE('',*,*,#3528,.T.);
#4645=ORIENTED_EDGE('',*,*,#3327,.F.);
#4646=ORIENTED_EDGE('',*,*,#3529,.F.);
#4647=ORIENTED_EDGE('',*,*,#3092,.T.);
#4648=ORIENTED_EDGE('',*,*,#3529,.T.);
#4649=ORIENTED_EDGE('',*,*,#3326,.F.);
#4650=ORIENTED_EDGE('',*,*,#3530,.F.);
#4651=ORIENTED_EDGE('',*,*,#3093,.F.);
#4652=ORIENTED_EDGE('',*,*,#3530,.T.);
#4653=ORIENTED_EDGE('',*,*,#3325,.F.);
#4654=ORIENTED_EDGE('',*,*,#3531,.F.);
#4655=ORIENTED_EDGE('',*,*,#3094,.T.);
#4656=ORIENTED_EDGE('',*,*,#3531,.T.);
#4657=ORIENTED_EDGE('',*,*,#3324,.F.);
#4658=ORIENTED_EDGE('',*,*,#3532,.F.);
#4659=ORIENTED_EDGE('',*,*,#3095,.F.);
#4660=ORIENTED_EDGE('',*,*,#3532,.T.);
#4661=ORIENTED_EDGE('',*,*,#3323,.F.);
#4662=ORIENTED_EDGE('',*,*,#3533,.F.);
#4663=ORIENTED_EDGE('',*,*,#3088,.T.);
#4664=ORIENTED_EDGE('',*,*,#3533,.T.);
#4665=ORIENTED_EDGE('',*,*,#3322,.F.);
#4666=ORIENTED_EDGE('',*,*,#3526,.F.);
#4667=ORIENTED_EDGE('',*,*,#3081,.F.);
#4668=ORIENTED_EDGE('',*,*,#3534,.T.);
#4669=ORIENTED_EDGE('',*,*,#3337,.F.);
#4670=ORIENTED_EDGE('',*,*,#3535,.F.);
#4671=ORIENTED_EDGE('',*,*,#3082,.T.);
#4672=ORIENTED_EDGE('',*,*,#3535,.T.);
#4673=ORIENTED_EDGE('',*,*,#3336,.F.);
#4674=ORIENTED_EDGE('',*,*,#3536,.F.);
#4675=ORIENTED_EDGE('',*,*,#3083,.F.);
#4676=ORIENTED_EDGE('',*,*,#3536,.T.);
#4677=ORIENTED_EDGE('',*,*,#3335,.F.);
#4678=ORIENTED_EDGE('',*,*,#3537,.F.);
#4679=ORIENTED_EDGE('',*,*,#3084,.T.);
#4680=ORIENTED_EDGE('',*,*,#3537,.T.);
#4681=ORIENTED_EDGE('',*,*,#3334,.F.);
#4682=ORIENTED_EDGE('',*,*,#3538,.F.);
#4683=ORIENTED_EDGE('',*,*,#3085,.F.);
#4684=ORIENTED_EDGE('',*,*,#3538,.T.);
#4685=ORIENTED_EDGE('',*,*,#3333,.F.);
#4686=ORIENTED_EDGE('',*,*,#3539,.F.);
#4687=ORIENTED_EDGE('',*,*,#3086,.T.);
#4688=ORIENTED_EDGE('',*,*,#3539,.T.);
#4689=ORIENTED_EDGE('',*,*,#3332,.F.);
#4690=ORIENTED_EDGE('',*,*,#3540,.F.);
#4691=ORIENTED_EDGE('',*,*,#3087,.F.);
#4692=ORIENTED_EDGE('',*,*,#3540,.T.);
#4693=ORIENTED_EDGE('',*,*,#3331,.F.);
#4694=ORIENTED_EDGE('',*,*,#3541,.F.);
#4695=ORIENTED_EDGE('',*,*,#3080,.T.);
#4696=ORIENTED_EDGE('',*,*,#3541,.T.);
#4697=ORIENTED_EDGE('',*,*,#3330,.F.);
#4698=ORIENTED_EDGE('',*,*,#3534,.F.);
#4699=ORIENTED_EDGE('',*,*,#3073,.F.);
#4700=ORIENTED_EDGE('',*,*,#3542,.T.);
#4701=ORIENTED_EDGE('',*,*,#3345,.F.);
#4702=ORIENTED_EDGE('',*,*,#3543,.F.);
#4703=ORIENTED_EDGE('',*,*,#3074,.T.);
#4704=ORIENTED_EDGE('',*,*,#3543,.T.);
#4705=ORIENTED_EDGE('',*,*,#3344,.F.);
#4706=ORIENTED_EDGE('',*,*,#3544,.F.);
#4707=ORIENTED_EDGE('',*,*,#3075,.F.);
#4708=ORIENTED_EDGE('',*,*,#3544,.T.);
#4709=ORIENTED_EDGE('',*,*,#3343,.F.);
#4710=ORIENTED_EDGE('',*,*,#3545,.F.);
#4711=ORIENTED_EDGE('',*,*,#3076,.T.);
#4712=ORIENTED_EDGE('',*,*,#3545,.T.);
#4713=ORIENTED_EDGE('',*,*,#3342,.F.);
#4714=ORIENTED_EDGE('',*,*,#3546,.F.);
#4715=ORIENTED_EDGE('',*,*,#3077,.F.);
#4716=ORIENTED_EDGE('',*,*,#3546,.T.);
#4717=ORIENTED_EDGE('',*,*,#3341,.F.);
#4718=ORIENTED_EDGE('',*,*,#3547,.F.);
#4719=ORIENTED_EDGE('',*,*,#3078,.T.);
#4720=ORIENTED_EDGE('',*,*,#3547,.T.);
#4721=ORIENTED_EDGE('',*,*,#3340,.F.);
#4722=ORIENTED_EDGE('',*,*,#3548,.F.);
#4723=ORIENTED_EDGE('',*,*,#3079,.F.);
#4724=ORIENTED_EDGE('',*,*,#3548,.T.);
#4725=ORIENTED_EDGE('',*,*,#3339,.F.);
#4726=ORIENTED_EDGE('',*,*,#3549,.F.);
#4727=ORIENTED_EDGE('',*,*,#3072,.T.);
#4728=ORIENTED_EDGE('',*,*,#3549,.T.);
#4729=ORIENTED_EDGE('',*,*,#3338,.F.);
#4730=ORIENTED_EDGE('',*,*,#3542,.F.);
#4731=ORIENTED_EDGE('',*,*,#3065,.F.);
#4732=ORIENTED_EDGE('',*,*,#3550,.T.);
#4733=ORIENTED_EDGE('',*,*,#3353,.F.);
#4734=ORIENTED_EDGE('',*,*,#3551,.F.);
#4735=ORIENTED_EDGE('',*,*,#3066,.T.);
#4736=ORIENTED_EDGE('',*,*,#3551,.T.);
#4737=ORIENTED_EDGE('',*,*,#3352,.F.);
#4738=ORIENTED_EDGE('',*,*,#3552,.F.);
#4739=ORIENTED_EDGE('',*,*,#3067,.F.);
#4740=ORIENTED_EDGE('',*,*,#3552,.T.);
#4741=ORIENTED_EDGE('',*,*,#3351,.F.);
#4742=ORIENTED_EDGE('',*,*,#3553,.F.);
#4743=ORIENTED_EDGE('',*,*,#3068,.T.);
#4744=ORIENTED_EDGE('',*,*,#3553,.T.);
#4745=ORIENTED_EDGE('',*,*,#3350,.F.);
#4746=ORIENTED_EDGE('',*,*,#3554,.F.);
#4747=ORIENTED_EDGE('',*,*,#3069,.F.);
#4748=ORIENTED_EDGE('',*,*,#3554,.T.);
#4749=ORIENTED_EDGE('',*,*,#3349,.F.);
#4750=ORIENTED_EDGE('',*,*,#3555,.F.);
#4751=ORIENTED_EDGE('',*,*,#3070,.T.);
#4752=ORIENTED_EDGE('',*,*,#3555,.T.);
#4753=ORIENTED_EDGE('',*,*,#3348,.F.);
#4754=ORIENTED_EDGE('',*,*,#3556,.F.);
#4755=ORIENTED_EDGE('',*,*,#3071,.F.);
#4756=ORIENTED_EDGE('',*,*,#3556,.T.);
#4757=ORIENTED_EDGE('',*,*,#3347,.F.);
#4758=ORIENTED_EDGE('',*,*,#3557,.F.);
#4759=ORIENTED_EDGE('',*,*,#3064,.T.);
#4760=ORIENTED_EDGE('',*,*,#3557,.T.);
#4761=ORIENTED_EDGE('',*,*,#3346,.F.);
#4762=ORIENTED_EDGE('',*,*,#3550,.F.);
#4763=ORIENTED_EDGE('',*,*,#3057,.F.);
#4764=ORIENTED_EDGE('',*,*,#3558,.T.);
#4765=ORIENTED_EDGE('',*,*,#3361,.F.);
#4766=ORIENTED_EDGE('',*,*,#3559,.F.);
#4767=ORIENTED_EDGE('',*,*,#3058,.T.);
#4768=ORIENTED_EDGE('',*,*,#3559,.T.);
#4769=ORIENTED_EDGE('',*,*,#3360,.F.);
#4770=ORIENTED_EDGE('',*,*,#3560,.F.);
#4771=ORIENTED_EDGE('',*,*,#3059,.F.);
#4772=ORIENTED_EDGE('',*,*,#3560,.T.);
#4773=ORIENTED_EDGE('',*,*,#3359,.F.);
#4774=ORIENTED_EDGE('',*,*,#3561,.F.);
#4775=ORIENTED_EDGE('',*,*,#3060,.T.);
#4776=ORIENTED_EDGE('',*,*,#3561,.T.);
#4777=ORIENTED_EDGE('',*,*,#3358,.F.);
#4778=ORIENTED_EDGE('',*,*,#3562,.F.);
#4779=ORIENTED_EDGE('',*,*,#3061,.F.);
#4780=ORIENTED_EDGE('',*,*,#3562,.T.);
#4781=ORIENTED_EDGE('',*,*,#3357,.F.);
#4782=ORIENTED_EDGE('',*,*,#3563,.F.);
#4783=ORIENTED_EDGE('',*,*,#3062,.T.);
#4784=ORIENTED_EDGE('',*,*,#3563,.T.);
#4785=ORIENTED_EDGE('',*,*,#3356,.F.);
#4786=ORIENTED_EDGE('',*,*,#3564,.F.);
#4787=ORIENTED_EDGE('',*,*,#3063,.F.);
#4788=ORIENTED_EDGE('',*,*,#3564,.T.);
#4789=ORIENTED_EDGE('',*,*,#3355,.F.);
#4790=ORIENTED_EDGE('',*,*,#3565,.F.);
#4791=ORIENTED_EDGE('',*,*,#3056,.T.);
#4792=ORIENTED_EDGE('',*,*,#3565,.T.);
#4793=ORIENTED_EDGE('',*,*,#3354,.F.);
#4794=ORIENTED_EDGE('',*,*,#3558,.F.);
#4795=ORIENTED_EDGE('',*,*,#3049,.F.);
#4796=ORIENTED_EDGE('',*,*,#3566,.T.);
#4797=ORIENTED_EDGE('',*,*,#3369,.F.);
#4798=ORIENTED_EDGE('',*,*,#3567,.F.);
#4799=ORIENTED_EDGE('',*,*,#3050,.T.);
#4800=ORIENTED_EDGE('',*,*,#3567,.T.);
#4801=ORIENTED_EDGE('',*,*,#3368,.F.);
#4802=ORIENTED_EDGE('',*,*,#3568,.F.);
#4803=ORIENTED_EDGE('',*,*,#3051,.F.);
#4804=ORIENTED_EDGE('',*,*,#3568,.T.);
#4805=ORIENTED_EDGE('',*,*,#3367,.F.);
#4806=ORIENTED_EDGE('',*,*,#3569,.F.);
#4807=ORIENTED_EDGE('',*,*,#3052,.T.);
#4808=ORIENTED_EDGE('',*,*,#3569,.T.);
#4809=ORIENTED_EDGE('',*,*,#3366,.F.);
#4810=ORIENTED_EDGE('',*,*,#3570,.F.);
#4811=ORIENTED_EDGE('',*,*,#3053,.F.);
#4812=ORIENTED_EDGE('',*,*,#3570,.T.);
#4813=ORIENTED_EDGE('',*,*,#3365,.F.);
#4814=ORIENTED_EDGE('',*,*,#3571,.F.);
#4815=ORIENTED_EDGE('',*,*,#3054,.T.);
#4816=ORIENTED_EDGE('',*,*,#3571,.T.);
#4817=ORIENTED_EDGE('',*,*,#3364,.F.);
#4818=ORIENTED_EDGE('',*,*,#3572,.F.);
#4819=ORIENTED_EDGE('',*,*,#3055,.F.);
#4820=ORIENTED_EDGE('',*,*,#3572,.T.);
#4821=ORIENTED_EDGE('',*,*,#3363,.F.);
#4822=ORIENTED_EDGE('',*,*,#3573,.F.);
#4823=ORIENTED_EDGE('',*,*,#3048,.T.);
#4824=ORIENTED_EDGE('',*,*,#3573,.T.);
#4825=ORIENTED_EDGE('',*,*,#3362,.F.);
#4826=ORIENTED_EDGE('',*,*,#3566,.F.);
#4827=ORIENTED_EDGE('',*,*,#3041,.F.);
#4828=ORIENTED_EDGE('',*,*,#3574,.T.);
#4829=ORIENTED_EDGE('',*,*,#3377,.F.);
#4830=ORIENTED_EDGE('',*,*,#3575,.F.);
#4831=ORIENTED_EDGE('',*,*,#3042,.T.);
#4832=ORIENTED_EDGE('',*,*,#3575,.T.);
#4833=ORIENTED_EDGE('',*,*,#3376,.F.);
#4834=ORIENTED_EDGE('',*,*,#3576,.F.);
#4835=ORIENTED_EDGE('',*,*,#3043,.F.);
#4836=ORIENTED_EDGE('',*,*,#3576,.T.);
#4837=ORIENTED_EDGE('',*,*,#3375,.F.);
#4838=ORIENTED_EDGE('',*,*,#3577,.F.);
#4839=ORIENTED_EDGE('',*,*,#3044,.T.);
#4840=ORIENTED_EDGE('',*,*,#3577,.T.);
#4841=ORIENTED_EDGE('',*,*,#3374,.F.);
#4842=ORIENTED_EDGE('',*,*,#3578,.F.);
#4843=ORIENTED_EDGE('',*,*,#3045,.F.);
#4844=ORIENTED_EDGE('',*,*,#3578,.T.);
#4845=ORIENTED_EDGE('',*,*,#3373,.F.);
#4846=ORIENTED_EDGE('',*,*,#3579,.F.);
#4847=ORIENTED_EDGE('',*,*,#3046,.T.);
#4848=ORIENTED_EDGE('',*,*,#3579,.T.);
#4849=ORIENTED_EDGE('',*,*,#3372,.F.);
#4850=ORIENTED_EDGE('',*,*,#3580,.F.);
#4851=ORIENTED_EDGE('',*,*,#3047,.F.);
#4852=ORIENTED_EDGE('',*,*,#3580,.T.);
#4853=ORIENTED_EDGE('',*,*,#3371,.F.);
#4854=ORIENTED_EDGE('',*,*,#3581,.F.);
#4855=ORIENTED_EDGE('',*,*,#3040,.T.);
#4856=ORIENTED_EDGE('',*,*,#3581,.T.);
#4857=ORIENTED_EDGE('',*,*,#3370,.F.);
#4858=ORIENTED_EDGE('',*,*,#3574,.F.);
#4859=ORIENTED_EDGE('',*,*,#3033,.F.);
#4860=ORIENTED_EDGE('',*,*,#3582,.T.);
#4861=ORIENTED_EDGE('',*,*,#3385,.F.);
#4862=ORIENTED_EDGE('',*,*,#3583,.F.);
#4863=ORIENTED_EDGE('',*,*,#3034,.T.);
#4864=ORIENTED_EDGE('',*,*,#3583,.T.);
#4865=ORIENTED_EDGE('',*,*,#3384,.F.);
#4866=ORIENTED_EDGE('',*,*,#3584,.F.);
#4867=ORIENTED_EDGE('',*,*,#3035,.F.);
#4868=ORIENTED_EDGE('',*,*,#3584,.T.);
#4869=ORIENTED_EDGE('',*,*,#3383,.F.);
#4870=ORIENTED_EDGE('',*,*,#3585,.F.);
#4871=ORIENTED_EDGE('',*,*,#3036,.T.);
#4872=ORIENTED_EDGE('',*,*,#3585,.T.);
#4873=ORIENTED_EDGE('',*,*,#3382,.F.);
#4874=ORIENTED_EDGE('',*,*,#3586,.F.);
#4875=ORIENTED_EDGE('',*,*,#3037,.F.);
#4876=ORIENTED_EDGE('',*,*,#3586,.T.);
#4877=ORIENTED_EDGE('',*,*,#3381,.F.);
#4878=ORIENTED_EDGE('',*,*,#3587,.F.);
#4879=ORIENTED_EDGE('',*,*,#3038,.T.);
#4880=ORIENTED_EDGE('',*,*,#3587,.T.);
#4881=ORIENTED_EDGE('',*,*,#3380,.F.);
#4882=ORIENTED_EDGE('',*,*,#3588,.F.);
#4883=ORIENTED_EDGE('',*,*,#3039,.F.);
#4884=ORIENTED_EDGE('',*,*,#3588,.T.);
#4885=ORIENTED_EDGE('',*,*,#3379,.F.);
#4886=ORIENTED_EDGE('',*,*,#3589,.F.);
#4887=ORIENTED_EDGE('',*,*,#3032,.T.);
#4888=ORIENTED_EDGE('',*,*,#3589,.T.);
#4889=ORIENTED_EDGE('',*,*,#3378,.F.);
#4890=ORIENTED_EDGE('',*,*,#3582,.F.);
#4891=ORIENTED_EDGE('',*,*,#3025,.F.);
#4892=ORIENTED_EDGE('',*,*,#3590,.T.);
#4893=ORIENTED_EDGE('',*,*,#3393,.F.);
#4894=ORIENTED_EDGE('',*,*,#3591,.F.);
#4895=ORIENTED_EDGE('',*,*,#3026,.T.);
#4896=ORIENTED_EDGE('',*,*,#3591,.T.);
#4897=ORIENTED_EDGE('',*,*,#3392,.F.);
#4898=ORIENTED_EDGE('',*,*,#3592,.F.);
#4899=ORIENTED_EDGE('',*,*,#3027,.F.);
#4900=ORIENTED_EDGE('',*,*,#3592,.T.);
#4901=ORIENTED_EDGE('',*,*,#3391,.F.);
#4902=ORIENTED_EDGE('',*,*,#3593,.F.);
#4903=ORIENTED_EDGE('',*,*,#3028,.T.);
#4904=ORIENTED_EDGE('',*,*,#3593,.T.);
#4905=ORIENTED_EDGE('',*,*,#3390,.F.);
#4906=ORIENTED_EDGE('',*,*,#3594,.F.);
#4907=ORIENTED_EDGE('',*,*,#3029,.F.);
#4908=ORIENTED_EDGE('',*,*,#3594,.T.);
#4909=ORIENTED_EDGE('',*,*,#3389,.F.);
#4910=ORIENTED_EDGE('',*,*,#3595,.F.);
#4911=ORIENTED_EDGE('',*,*,#3030,.T.);
#4912=ORIENTED_EDGE('',*,*,#3595,.T.);
#4913=ORIENTED_EDGE('',*,*,#3388,.F.);
#4914=ORIENTED_EDGE('',*,*,#3596,.F.);
#4915=ORIENTED_EDGE('',*,*,#3031,.F.);
#4916=ORIENTED_EDGE('',*,*,#3596,.T.);
#4917=ORIENTED_EDGE('',*,*,#3387,.F.);
#4918=ORIENTED_EDGE('',*,*,#3597,.F.);
#4919=ORIENTED_EDGE('',*,*,#3024,.T.);
#4920=ORIENTED_EDGE('',*,*,#3597,.T.);
#4921=ORIENTED_EDGE('',*,*,#3386,.F.);
#4922=ORIENTED_EDGE('',*,*,#3590,.F.);
#4923=ORIENTED_EDGE('',*,*,#3017,.F.);
#4924=ORIENTED_EDGE('',*,*,#3598,.T.);
#4925=ORIENTED_EDGE('',*,*,#3401,.F.);
#4926=ORIENTED_EDGE('',*,*,#3599,.F.);
#4927=ORIENTED_EDGE('',*,*,#3018,.T.);
#4928=ORIENTED_EDGE('',*,*,#3599,.T.);
#4929=ORIENTED_EDGE('',*,*,#3400,.F.);
#4930=ORIENTED_EDGE('',*,*,#3600,.F.);
#4931=ORIENTED_EDGE('',*,*,#3019,.F.);
#4932=ORIENTED_EDGE('',*,*,#3600,.T.);
#4933=ORIENTED_EDGE('',*,*,#3399,.F.);
#4934=ORIENTED_EDGE('',*,*,#3601,.F.);
#4935=ORIENTED_EDGE('',*,*,#3020,.T.);
#4936=ORIENTED_EDGE('',*,*,#3601,.T.);
#4937=ORIENTED_EDGE('',*,*,#3398,.F.);
#4938=ORIENTED_EDGE('',*,*,#3602,.F.);
#4939=ORIENTED_EDGE('',*,*,#3021,.F.);
#4940=ORIENTED_EDGE('',*,*,#3602,.T.);
#4941=ORIENTED_EDGE('',*,*,#3397,.F.);
#4942=ORIENTED_EDGE('',*,*,#3603,.F.);
#4943=ORIENTED_EDGE('',*,*,#3022,.T.);
#4944=ORIENTED_EDGE('',*,*,#3603,.T.);
#4945=ORIENTED_EDGE('',*,*,#3396,.F.);
#4946=ORIENTED_EDGE('',*,*,#3604,.F.);
#4947=ORIENTED_EDGE('',*,*,#3023,.F.);
#4948=ORIENTED_EDGE('',*,*,#3604,.T.);
#4949=ORIENTED_EDGE('',*,*,#3395,.F.);
#4950=ORIENTED_EDGE('',*,*,#3605,.F.);
#4951=ORIENTED_EDGE('',*,*,#3016,.T.);
#4952=ORIENTED_EDGE('',*,*,#3605,.T.);
#4953=ORIENTED_EDGE('',*,*,#3394,.F.);
#4954=ORIENTED_EDGE('',*,*,#3598,.F.);
#4955=ORIENTED_EDGE('',*,*,#3009,.F.);
#4956=ORIENTED_EDGE('',*,*,#3606,.T.);
#4957=ORIENTED_EDGE('',*,*,#3409,.F.);
#4958=ORIENTED_EDGE('',*,*,#3607,.F.);
#4959=ORIENTED_EDGE('',*,*,#3010,.T.);
#4960=ORIENTED_EDGE('',*,*,#3607,.T.);
#4961=ORIENTED_EDGE('',*,*,#3408,.F.);
#4962=ORIENTED_EDGE('',*,*,#3608,.F.);
#4963=ORIENTED_EDGE('',*,*,#3011,.F.);
#4964=ORIENTED_EDGE('',*,*,#3608,.T.);
#4965=ORIENTED_EDGE('',*,*,#3407,.F.);
#4966=ORIENTED_EDGE('',*,*,#3609,.F.);
#4967=ORIENTED_EDGE('',*,*,#3012,.T.);
#4968=ORIENTED_EDGE('',*,*,#3609,.T.);
#4969=ORIENTED_EDGE('',*,*,#3406,.F.);
#4970=ORIENTED_EDGE('',*,*,#3610,.F.);
#4971=ORIENTED_EDGE('',*,*,#3013,.F.);
#4972=ORIENTED_EDGE('',*,*,#3610,.T.);
#4973=ORIENTED_EDGE('',*,*,#3405,.F.);
#4974=ORIENTED_EDGE('',*,*,#3611,.F.);
#4975=ORIENTED_EDGE('',*,*,#3014,.T.);
#4976=ORIENTED_EDGE('',*,*,#3611,.T.);
#4977=ORIENTED_EDGE('',*,*,#3404,.F.);
#4978=ORIENTED_EDGE('',*,*,#3612,.F.);
#4979=ORIENTED_EDGE('',*,*,#3015,.F.);
#4980=ORIENTED_EDGE('',*,*,#3612,.T.);
#4981=ORIENTED_EDGE('',*,*,#3403,.F.);
#4982=ORIENTED_EDGE('',*,*,#3613,.F.);
#4983=ORIENTED_EDGE('',*,*,#3008,.T.);
#4984=ORIENTED_EDGE('',*,*,#3613,.T.);
#4985=ORIENTED_EDGE('',*,*,#3402,.F.);
#4986=ORIENTED_EDGE('',*,*,#3606,.F.);
#4987=ORIENTED_EDGE('',*,*,#3001,.F.);
#4988=ORIENTED_EDGE('',*,*,#3614,.T.);
#4989=ORIENTED_EDGE('',*,*,#3417,.F.);
#4990=ORIENTED_EDGE('',*,*,#3615,.F.);
#4991=ORIENTED_EDGE('',*,*,#3002,.T.);
#4992=ORIENTED_EDGE('',*,*,#3615,.T.);
#4993=ORIENTED_EDGE('',*,*,#3416,.F.);
#4994=ORIENTED_EDGE('',*,*,#3616,.F.);
#4995=ORIENTED_EDGE('',*,*,#3003,.F.);
#4996=ORIENTED_EDGE('',*,*,#3616,.T.);
#4997=ORIENTED_EDGE('',*,*,#3415,.F.);
#4998=ORIENTED_EDGE('',*,*,#3617,.F.);
#4999=ORIENTED_EDGE('',*,*,#3004,.T.);
#5000=ORIENTED_EDGE('',*,*,#3617,.T.);
#5001=ORIENTED_EDGE('',*,*,#3414,.F.);
#5002=ORIENTED_EDGE('',*,*,#3618,.F.);
#5003=ORIENTED_EDGE('',*,*,#3005,.F.);
#5004=ORIENTED_EDGE('',*,*,#3618,.T.);
#5005=ORIENTED_EDGE('',*,*,#3413,.F.);
#5006=ORIENTED_EDGE('',*,*,#3619,.F.);
#5007=ORIENTED_EDGE('',*,*,#3006,.T.);
#5008=ORIENTED_EDGE('',*,*,#3619,.T.);
#5009=ORIENTED_EDGE('',*,*,#3412,.F.);
#5010=ORIENTED_EDGE('',*,*,#3620,.F.);
#5011=ORIENTED_EDGE('',*,*,#3007,.F.);
#5012=ORIENTED_EDGE('',*,*,#3620,.T.);
#5013=ORIENTED_EDGE('',*,*,#3411,.F.);
#5014=ORIENTED_EDGE('',*,*,#3621,.F.);
#5015=ORIENTED_EDGE('',*,*,#3000,.T.);
#5016=ORIENTED_EDGE('',*,*,#3621,.T.);
#5017=ORIENTED_EDGE('',*,*,#3410,.F.);
#5018=ORIENTED_EDGE('',*,*,#3614,.F.);
#5019=ORIENTED_EDGE('',*,*,#2993,.F.);
#5020=ORIENTED_EDGE('',*,*,#3622,.T.);
#5021=ORIENTED_EDGE('',*,*,#3425,.F.);
#5022=ORIENTED_EDGE('',*,*,#3623,.F.);
#5023=ORIENTED_EDGE('',*,*,#2994,.T.);
#5024=ORIENTED_EDGE('',*,*,#3623,.T.);
#5025=ORIENTED_EDGE('',*,*,#3424,.F.);
#5026=ORIENTED_EDGE('',*,*,#3624,.F.);
#5027=ORIENTED_EDGE('',*,*,#2995,.F.);
#5028=ORIENTED_EDGE('',*,*,#3624,.T.);
#5029=ORIENTED_EDGE('',*,*,#3423,.F.);
#5030=ORIENTED_EDGE('',*,*,#3625,.F.);
#5031=ORIENTED_EDGE('',*,*,#2996,.T.);
#5032=ORIENTED_EDGE('',*,*,#3625,.T.);
#5033=ORIENTED_EDGE('',*,*,#3422,.F.);
#5034=ORIENTED_EDGE('',*,*,#3626,.F.);
#5035=ORIENTED_EDGE('',*,*,#2997,.F.);
#5036=ORIENTED_EDGE('',*,*,#3626,.T.);
#5037=ORIENTED_EDGE('',*,*,#3421,.F.);
#5038=ORIENTED_EDGE('',*,*,#3627,.F.);
#5039=ORIENTED_EDGE('',*,*,#2998,.T.);
#5040=ORIENTED_EDGE('',*,*,#3627,.T.);
#5041=ORIENTED_EDGE('',*,*,#3420,.F.);
#5042=ORIENTED_EDGE('',*,*,#3628,.F.);
#5043=ORIENTED_EDGE('',*,*,#2999,.F.);
#5044=ORIENTED_EDGE('',*,*,#3628,.T.);
#5045=ORIENTED_EDGE('',*,*,#3419,.F.);
#5046=ORIENTED_EDGE('',*,*,#3629,.F.);
#5047=ORIENTED_EDGE('',*,*,#2992,.T.);
#5048=ORIENTED_EDGE('',*,*,#3629,.T.);
#5049=ORIENTED_EDGE('',*,*,#3418,.F.);
#5050=ORIENTED_EDGE('',*,*,#3622,.F.);
#5051=ORIENTED_EDGE('',*,*,#2985,.F.);
#5052=ORIENTED_EDGE('',*,*,#3630,.T.);
#5053=ORIENTED_EDGE('',*,*,#3433,.F.);
#5054=ORIENTED_EDGE('',*,*,#3631,.F.);
#5055=ORIENTED_EDGE('',*,*,#2986,.T.);
#5056=ORIENTED_EDGE('',*,*,#3631,.T.);
#5057=ORIENTED_EDGE('',*,*,#3432,.F.);
#5058=ORIENTED_EDGE('',*,*,#3632,.F.);
#5059=ORIENTED_EDGE('',*,*,#2987,.F.);
#5060=ORIENTED_EDGE('',*,*,#3632,.T.);
#5061=ORIENTED_EDGE('',*,*,#3431,.F.);
#5062=ORIENTED_EDGE('',*,*,#3633,.F.);
#5063=ORIENTED_EDGE('',*,*,#2988,.T.);
#5064=ORIENTED_EDGE('',*,*,#3633,.T.);
#5065=ORIENTED_EDGE('',*,*,#3430,.F.);
#5066=ORIENTED_EDGE('',*,*,#3634,.F.);
#5067=ORIENTED_EDGE('',*,*,#2989,.F.);
#5068=ORIENTED_EDGE('',*,*,#3634,.T.);
#5069=ORIENTED_EDGE('',*,*,#3429,.F.);
#5070=ORIENTED_EDGE('',*,*,#3635,.F.);
#5071=ORIENTED_EDGE('',*,*,#2990,.T.);
#5072=ORIENTED_EDGE('',*,*,#3635,.T.);
#5073=ORIENTED_EDGE('',*,*,#3428,.F.);
#5074=ORIENTED_EDGE('',*,*,#3636,.F.);
#5075=ORIENTED_EDGE('',*,*,#2991,.F.);
#5076=ORIENTED_EDGE('',*,*,#3636,.T.);
#5077=ORIENTED_EDGE('',*,*,#3427,.F.);
#5078=ORIENTED_EDGE('',*,*,#3637,.F.);
#5079=ORIENTED_EDGE('',*,*,#2984,.T.);
#5080=ORIENTED_EDGE('',*,*,#3637,.T.);
#5081=ORIENTED_EDGE('',*,*,#3426,.F.);
#5082=ORIENTED_EDGE('',*,*,#3630,.F.);
#5083=ORIENTED_EDGE('',*,*,#2977,.F.);
#5084=ORIENTED_EDGE('',*,*,#3638,.T.);
#5085=ORIENTED_EDGE('',*,*,#3441,.F.);
#5086=ORIENTED_EDGE('',*,*,#3639,.F.);
#5087=ORIENTED_EDGE('',*,*,#2978,.T.);
#5088=ORIENTED_EDGE('',*,*,#3639,.T.);
#5089=ORIENTED_EDGE('',*,*,#3440,.F.);
#5090=ORIENTED_EDGE('',*,*,#3640,.F.);
#5091=ORIENTED_EDGE('',*,*,#2979,.F.);
#5092=ORIENTED_EDGE('',*,*,#3640,.T.);
#5093=ORIENTED_EDGE('',*,*,#3439,.F.);
#5094=ORIENTED_EDGE('',*,*,#3641,.F.);
#5095=ORIENTED_EDGE('',*,*,#2980,.T.);
#5096=ORIENTED_EDGE('',*,*,#3641,.T.);
#5097=ORIENTED_EDGE('',*,*,#3438,.F.);
#5098=ORIENTED_EDGE('',*,*,#3642,.F.);
#5099=ORIENTED_EDGE('',*,*,#2981,.F.);
#5100=ORIENTED_EDGE('',*,*,#3642,.T.);
#5101=ORIENTED_EDGE('',*,*,#3437,.F.);
#5102=ORIENTED_EDGE('',*,*,#3643,.F.);
#5103=ORIENTED_EDGE('',*,*,#2982,.T.);
#5104=ORIENTED_EDGE('',*,*,#3643,.T.);
#5105=ORIENTED_EDGE('',*,*,#3436,.F.);
#5106=ORIENTED_EDGE('',*,*,#3644,.F.);
#5107=ORIENTED_EDGE('',*,*,#2983,.F.);
#5108=ORIENTED_EDGE('',*,*,#3644,.T.);
#5109=ORIENTED_EDGE('',*,*,#3435,.F.);
#5110=ORIENTED_EDGE('',*,*,#3645,.F.);
#5111=ORIENTED_EDGE('',*,*,#2976,.T.);
#5112=ORIENTED_EDGE('',*,*,#3645,.T.);
#5113=ORIENTED_EDGE('',*,*,#3434,.F.);
#5114=ORIENTED_EDGE('',*,*,#3638,.F.);
#5115=ORIENTED_EDGE('',*,*,#2969,.F.);
#5116=ORIENTED_EDGE('',*,*,#3646,.T.);
#5117=ORIENTED_EDGE('',*,*,#3449,.F.);
#5118=ORIENTED_EDGE('',*,*,#3647,.F.);
#5119=ORIENTED_EDGE('',*,*,#2970,.T.);
#5120=ORIENTED_EDGE('',*,*,#3647,.T.);
#5121=ORIENTED_EDGE('',*,*,#3448,.F.);
#5122=ORIENTED_EDGE('',*,*,#3648,.F.);
#5123=ORIENTED_EDGE('',*,*,#2971,.F.);
#5124=ORIENTED_EDGE('',*,*,#3648,.T.);
#5125=ORIENTED_EDGE('',*,*,#3447,.F.);
#5126=ORIENTED_EDGE('',*,*,#3649,.F.);
#5127=ORIENTED_EDGE('',*,*,#2972,.T.);
#5128=ORIENTED_EDGE('',*,*,#3649,.T.);
#5129=ORIENTED_EDGE('',*,*,#3446,.F.);
#5130=ORIENTED_EDGE('',*,*,#3650,.F.);
#5131=ORIENTED_EDGE('',*,*,#2973,.F.);
#5132=ORIENTED_EDGE('',*,*,#3650,.T.);
#5133=ORIENTED_EDGE('',*,*,#3445,.F.);
#5134=ORIENTED_EDGE('',*,*,#3651,.F.);
#5135=ORIENTED_EDGE('',*,*,#2974,.T.);
#5136=ORIENTED_EDGE('',*,*,#3651,.T.);
#5137=ORIENTED_EDGE('',*,*,#3444,.F.);
#5138=ORIENTED_EDGE('',*,*,#3652,.F.);
#5139=ORIENTED_EDGE('',*,*,#2975,.F.);
#5140=ORIENTED_EDGE('',*,*,#3652,.T.);
#5141=ORIENTED_EDGE('',*,*,#3443,.F.);
#5142=ORIENTED_EDGE('',*,*,#3653,.F.);
#5143=ORIENTED_EDGE('',*,*,#2968,.T.);
#5144=ORIENTED_EDGE('',*,*,#3653,.T.);
#5145=ORIENTED_EDGE('',*,*,#3442,.F.);
#5146=ORIENTED_EDGE('',*,*,#3646,.F.);
#5147=ORIENTED_EDGE('',*,*,#2961,.F.);
#5148=ORIENTED_EDGE('',*,*,#3654,.T.);
#5149=ORIENTED_EDGE('',*,*,#3457,.F.);
#5150=ORIENTED_EDGE('',*,*,#3655,.F.);
#5151=ORIENTED_EDGE('',*,*,#2962,.T.);
#5152=ORIENTED_EDGE('',*,*,#3655,.T.);
#5153=ORIENTED_EDGE('',*,*,#3456,.F.);
#5154=ORIENTED_EDGE('',*,*,#3656,.F.);
#5155=ORIENTED_EDGE('',*,*,#2963,.F.);
#5156=ORIENTED_EDGE('',*,*,#3656,.T.);
#5157=ORIENTED_EDGE('',*,*,#3455,.F.);
#5158=ORIENTED_EDGE('',*,*,#3657,.F.);
#5159=ORIENTED_EDGE('',*,*,#2964,.T.);
#5160=ORIENTED_EDGE('',*,*,#3657,.T.);
#5161=ORIENTED_EDGE('',*,*,#3454,.F.);
#5162=ORIENTED_EDGE('',*,*,#3658,.F.);
#5163=ORIENTED_EDGE('',*,*,#2965,.F.);
#5164=ORIENTED_EDGE('',*,*,#3658,.T.);
#5165=ORIENTED_EDGE('',*,*,#3453,.F.);
#5166=ORIENTED_EDGE('',*,*,#3659,.F.);
#5167=ORIENTED_EDGE('',*,*,#2966,.T.);
#5168=ORIENTED_EDGE('',*,*,#3659,.T.);
#5169=ORIENTED_EDGE('',*,*,#3452,.F.);
#5170=ORIENTED_EDGE('',*,*,#3660,.F.);
#5171=ORIENTED_EDGE('',*,*,#2967,.F.);
#5172=ORIENTED_EDGE('',*,*,#3660,.T.);
#5173=ORIENTED_EDGE('',*,*,#3451,.F.);
#5174=ORIENTED_EDGE('',*,*,#3661,.F.);
#5175=ORIENTED_EDGE('',*,*,#2960,.T.);
#5176=ORIENTED_EDGE('',*,*,#3661,.T.);
#5177=ORIENTED_EDGE('',*,*,#3450,.F.);
#5178=ORIENTED_EDGE('',*,*,#3654,.F.);
#5179=ORIENTED_EDGE('',*,*,#2957,.T.);
#5180=ORIENTED_EDGE('',*,*,#3662,.T.);
#5181=ORIENTED_EDGE('',*,*,#3461,.F.);
#5182=ORIENTED_EDGE('',*,*,#3663,.F.);
#5183=ORIENTED_EDGE('',*,*,#2958,.T.);
#5184=ORIENTED_EDGE('',*,*,#3663,.T.);
#5185=ORIENTED_EDGE('',*,*,#3460,.F.);
#5186=ORIENTED_EDGE('',*,*,#3664,.F.);
#5187=ORIENTED_EDGE('',*,*,#2959,.T.);
#5188=ORIENTED_EDGE('',*,*,#3664,.T.);
#5189=ORIENTED_EDGE('',*,*,#3459,.F.);
#5190=ORIENTED_EDGE('',*,*,#3665,.F.);
#5191=ORIENTED_EDGE('',*,*,#2956,.T.);
#5192=ORIENTED_EDGE('',*,*,#3665,.T.);
#5193=ORIENTED_EDGE('',*,*,#3458,.F.);
#5194=ORIENTED_EDGE('',*,*,#3662,.F.);
#5195=ORIENTED_EDGE('',*,*,#2903,.F.);
#5196=ORIENTED_EDGE('',*,*,#3666,.T.);
#5197=ORIENTED_EDGE('',*,*,#3227,.F.);
#5198=ORIENTED_EDGE('',*,*,#3667,.F.);
#5199=ORIENTED_EDGE('',*,*,#2904,.T.);
#5200=ORIENTED_EDGE('',*,*,#3667,.T.);
#5201=ORIENTED_EDGE('',*,*,#3226,.F.);
#5202=ORIENTED_EDGE('',*,*,#3668,.F.);
#5203=ORIENTED_EDGE('',*,*,#2905,.T.);
#5204=ORIENTED_EDGE('',*,*,#3668,.T.);
#5205=ORIENTED_EDGE('',*,*,#3225,.F.);
#5206=ORIENTED_EDGE('',*,*,#3669,.F.);
#5207=ORIENTED_EDGE('',*,*,#2906,.T.);
#5208=ORIENTED_EDGE('',*,*,#3669,.T.);
#5209=ORIENTED_EDGE('',*,*,#3224,.F.);
#5210=ORIENTED_EDGE('',*,*,#3670,.F.);
#5211=ORIENTED_EDGE('',*,*,#2907,.T.);
#5212=ORIENTED_EDGE('',*,*,#3670,.T.);
#5213=ORIENTED_EDGE('',*,*,#3223,.F.);
#5214=ORIENTED_EDGE('',*,*,#3671,.F.);
#5215=ORIENTED_EDGE('',*,*,#2908,.T.);
#5216=ORIENTED_EDGE('',*,*,#3671,.T.);
#5217=ORIENTED_EDGE('',*,*,#3222,.F.);
#5218=ORIENTED_EDGE('',*,*,#3672,.F.);
#5219=ORIENTED_EDGE('',*,*,#2909,.F.);
#5220=ORIENTED_EDGE('',*,*,#3672,.T.);
#5221=ORIENTED_EDGE('',*,*,#3221,.F.);
#5222=ORIENTED_EDGE('',*,*,#3673,.F.);
#5223=ORIENTED_EDGE('',*,*,#2910,.T.);
#5224=ORIENTED_EDGE('',*,*,#3673,.T.);
#5225=ORIENTED_EDGE('',*,*,#3220,.F.);
#5226=ORIENTED_EDGE('',*,*,#3674,.F.);
#5227=ORIENTED_EDGE('',*,*,#2911,.T.);
#5228=ORIENTED_EDGE('',*,*,#3674,.T.);
#5229=ORIENTED_EDGE('',*,*,#3219,.F.);
#5230=ORIENTED_EDGE('',*,*,#3675,.F.);
#5231=ORIENTED_EDGE('',*,*,#2912,.T.);
#5232=ORIENTED_EDGE('',*,*,#3675,.T.);
#5233=ORIENTED_EDGE('',*,*,#3218,.F.);
#5234=ORIENTED_EDGE('',*,*,#3676,.F.);
#5235=ORIENTED_EDGE('',*,*,#2913,.F.);
#5236=ORIENTED_EDGE('',*,*,#3676,.T.);
#5237=ORIENTED_EDGE('',*,*,#3217,.F.);
#5238=ORIENTED_EDGE('',*,*,#3677,.F.);
#5239=ORIENTED_EDGE('',*,*,#2914,.T.);
#5240=ORIENTED_EDGE('',*,*,#3677,.T.);
#5241=ORIENTED_EDGE('',*,*,#3216,.F.);
#5242=ORIENTED_EDGE('',*,*,#3678,.F.);
#5243=ORIENTED_EDGE('',*,*,#2915,.T.);
#5244=ORIENTED_EDGE('',*,*,#3678,.T.);
#5245=ORIENTED_EDGE('',*,*,#3215,.F.);
#5246=ORIENTED_EDGE('',*,*,#3679,.F.);
#5247=ORIENTED_EDGE('',*,*,#2916,.F.);
#5248=ORIENTED_EDGE('',*,*,#3679,.T.);
#5249=ORIENTED_EDGE('',*,*,#3214,.F.);
#5250=ORIENTED_EDGE('',*,*,#3680,.F.);
#5251=ORIENTED_EDGE('',*,*,#2917,.T.);
#5252=ORIENTED_EDGE('',*,*,#3680,.T.);
#5253=ORIENTED_EDGE('',*,*,#3213,.F.);
#5254=ORIENTED_EDGE('',*,*,#3681,.F.);
#5255=ORIENTED_EDGE('',*,*,#2918,.T.);
#5256=ORIENTED_EDGE('',*,*,#3681,.T.);
#5257=ORIENTED_EDGE('',*,*,#3212,.F.);
#5258=ORIENTED_EDGE('',*,*,#3682,.F.);
#5259=ORIENTED_EDGE('',*,*,#2919,.T.);
#5260=ORIENTED_EDGE('',*,*,#3682,.T.);
#5261=ORIENTED_EDGE('',*,*,#3211,.F.);
#5262=ORIENTED_EDGE('',*,*,#3683,.F.);
#5263=ORIENTED_EDGE('',*,*,#2920,.F.);
#5264=ORIENTED_EDGE('',*,*,#3683,.T.);
#5265=ORIENTED_EDGE('',*,*,#3210,.F.);
#5266=ORIENTED_EDGE('',*,*,#3684,.F.);
#5267=ORIENTED_EDGE('',*,*,#2921,.T.);
#5268=ORIENTED_EDGE('',*,*,#3684,.T.);
#5269=ORIENTED_EDGE('',*,*,#3209,.F.);
#5270=ORIENTED_EDGE('',*,*,#3685,.F.);
#5271=ORIENTED_EDGE('',*,*,#2922,.T.);
#5272=ORIENTED_EDGE('',*,*,#3685,.T.);
#5273=ORIENTED_EDGE('',*,*,#3208,.F.);
#5274=ORIENTED_EDGE('',*,*,#3686,.F.);
#5275=ORIENTED_EDGE('',*,*,#2923,.T.);
#5276=ORIENTED_EDGE('',*,*,#3686,.T.);
#5277=ORIENTED_EDGE('',*,*,#3207,.F.);
#5278=ORIENTED_EDGE('',*,*,#3687,.F.);
#5279=ORIENTED_EDGE('',*,*,#2924,.F.);
#5280=ORIENTED_EDGE('',*,*,#3687,.T.);
#5281=ORIENTED_EDGE('',*,*,#3206,.F.);
#5282=ORIENTED_EDGE('',*,*,#3688,.F.);
#5283=ORIENTED_EDGE('',*,*,#2925,.T.);
#5284=ORIENTED_EDGE('',*,*,#3688,.T.);
#5285=ORIENTED_EDGE('',*,*,#3205,.F.);
#5286=ORIENTED_EDGE('',*,*,#3689,.F.);
#5287=ORIENTED_EDGE('',*,*,#2926,.T.);
#5288=ORIENTED_EDGE('',*,*,#3689,.T.);
#5289=ORIENTED_EDGE('',*,*,#3204,.F.);
#5290=ORIENTED_EDGE('',*,*,#3690,.F.);
#5291=ORIENTED_EDGE('',*,*,#2927,.T.);
#5292=ORIENTED_EDGE('',*,*,#3690,.T.);
#5293=ORIENTED_EDGE('',*,*,#3203,.F.);
#5294=ORIENTED_EDGE('',*,*,#3691,.F.);
#5295=ORIENTED_EDGE('',*,*,#2928,.T.);
#5296=ORIENTED_EDGE('',*,*,#3691,.T.);
#5297=ORIENTED_EDGE('',*,*,#3202,.F.);
#5298=ORIENTED_EDGE('',*,*,#3692,.F.);
#5299=ORIENTED_EDGE('',*,*,#2929,.T.);
#5300=ORIENTED_EDGE('',*,*,#3692,.T.);
#5301=ORIENTED_EDGE('',*,*,#3201,.F.);
#5302=ORIENTED_EDGE('',*,*,#3693,.F.);
#5303=ORIENTED_EDGE('',*,*,#2930,.F.);
#5304=ORIENTED_EDGE('',*,*,#3693,.T.);
#5305=ORIENTED_EDGE('',*,*,#3200,.F.);
#5306=ORIENTED_EDGE('',*,*,#3694,.F.);
#5307=ORIENTED_EDGE('',*,*,#2931,.T.);
#5308=ORIENTED_EDGE('',*,*,#3694,.T.);
#5309=ORIENTED_EDGE('',*,*,#3199,.F.);
#5310=ORIENTED_EDGE('',*,*,#3695,.F.);
#5311=ORIENTED_EDGE('',*,*,#2932,.T.);
#5312=ORIENTED_EDGE('',*,*,#3695,.T.);
#5313=ORIENTED_EDGE('',*,*,#3198,.F.);
#5314=ORIENTED_EDGE('',*,*,#3696,.F.);
#5315=ORIENTED_EDGE('',*,*,#2933,.F.);
#5316=ORIENTED_EDGE('',*,*,#3696,.T.);
#5317=ORIENTED_EDGE('',*,*,#3197,.F.);
#5318=ORIENTED_EDGE('',*,*,#3697,.F.);
#5319=ORIENTED_EDGE('',*,*,#2934,.T.);
#5320=ORIENTED_EDGE('',*,*,#3697,.T.);
#5321=ORIENTED_EDGE('',*,*,#3196,.F.);
#5322=ORIENTED_EDGE('',*,*,#3698,.F.);
#5323=ORIENTED_EDGE('',*,*,#2935,.T.);
#5324=ORIENTED_EDGE('',*,*,#3698,.T.);
#5325=ORIENTED_EDGE('',*,*,#3195,.F.);
#5326=ORIENTED_EDGE('',*,*,#3699,.F.);
#5327=ORIENTED_EDGE('',*,*,#2936,.T.);
#5328=ORIENTED_EDGE('',*,*,#3699,.T.);
#5329=ORIENTED_EDGE('',*,*,#3194,.F.);
#5330=ORIENTED_EDGE('',*,*,#3700,.F.);
#5331=ORIENTED_EDGE('',*,*,#2937,.F.);
#5332=ORIENTED_EDGE('',*,*,#3700,.T.);
#5333=ORIENTED_EDGE('',*,*,#3193,.F.);
#5334=ORIENTED_EDGE('',*,*,#3701,.F.);
#5335=ORIENTED_EDGE('',*,*,#2938,.T.);
#5336=ORIENTED_EDGE('',*,*,#3701,.T.);
#5337=ORIENTED_EDGE('',*,*,#3192,.F.);
#5338=ORIENTED_EDGE('',*,*,#3702,.F.);
#5339=ORIENTED_EDGE('',*,*,#2939,.T.);
#5340=ORIENTED_EDGE('',*,*,#3702,.T.);
#5341=ORIENTED_EDGE('',*,*,#3191,.F.);
#5342=ORIENTED_EDGE('',*,*,#3703,.F.);
#5343=ORIENTED_EDGE('',*,*,#2940,.F.);
#5344=ORIENTED_EDGE('',*,*,#3703,.T.);
#5345=ORIENTED_EDGE('',*,*,#3190,.F.);
#5346=ORIENTED_EDGE('',*,*,#3184,.T.);
#5347=ORIENTED_EDGE('',*,*,#2867,.F.);
#5348=ORIENTED_EDGE('',*,*,#3257,.F.);
#5349=ORIENTED_EDGE('',*,*,#3704,.F.);
#5350=ORIENTED_EDGE('',*,*,#2873,.T.);
#5351=ORIENTED_EDGE('',*,*,#2874,.T.);
#5352=ORIENTED_EDGE('',*,*,#3704,.T.);
#5353=ORIENTED_EDGE('',*,*,#3256,.F.);
#5354=ORIENTED_EDGE('',*,*,#3705,.F.);
#5355=ORIENTED_EDGE('',*,*,#2875,.T.);
#5356=ORIENTED_EDGE('',*,*,#3705,.T.);
#5357=ORIENTED_EDGE('',*,*,#3255,.F.);
#5358=ORIENTED_EDGE('',*,*,#3706,.F.);
#5359=ORIENTED_EDGE('',*,*,#2876,.F.);
#5360=ORIENTED_EDGE('',*,*,#3706,.T.);
#5361=ORIENTED_EDGE('',*,*,#3254,.F.);
#5362=ORIENTED_EDGE('',*,*,#3707,.F.);
#5363=ORIENTED_EDGE('',*,*,#2877,.T.);
#5364=ORIENTED_EDGE('',*,*,#3707,.T.);
#5365=ORIENTED_EDGE('',*,*,#3253,.F.);
#5366=ORIENTED_EDGE('',*,*,#3708,.F.);
#5367=ORIENTED_EDGE('',*,*,#2878,.T.);
#5368=ORIENTED_EDGE('',*,*,#3708,.T.);
#5369=ORIENTED_EDGE('',*,*,#3252,.F.);
#5370=ORIENTED_EDGE('',*,*,#3709,.F.);
#5371=ORIENTED_EDGE('',*,*,#2879,.T.);
#5372=ORIENTED_EDGE('',*,*,#3709,.T.);
#5373=ORIENTED_EDGE('',*,*,#3251,.F.);
#5374=ORIENTED_EDGE('',*,*,#3710,.F.);
#5375=ORIENTED_EDGE('',*,*,#2880,.F.);
#5376=ORIENTED_EDGE('',*,*,#3710,.T.);
#5377=ORIENTED_EDGE('',*,*,#3250,.F.);
#5378=ORIENTED_EDGE('',*,*,#3711,.F.);
#5379=ORIENTED_EDGE('',*,*,#2881,.T.);
#5380=ORIENTED_EDGE('',*,*,#3711,.T.);
#5381=ORIENTED_EDGE('',*,*,#3249,.F.);
#5382=ORIENTED_EDGE('',*,*,#3712,.F.);
#5383=ORIENTED_EDGE('',*,*,#2882,.T.);
#5384=ORIENTED_EDGE('',*,*,#3712,.T.);
#5385=ORIENTED_EDGE('',*,*,#3248,.F.);
#5386=ORIENTED_EDGE('',*,*,#3713,.F.);
#5387=ORIENTED_EDGE('',*,*,#2883,.T.);
#5388=ORIENTED_EDGE('',*,*,#3713,.T.);
#5389=ORIENTED_EDGE('',*,*,#3247,.F.);
#5390=ORIENTED_EDGE('',*,*,#3714,.F.);
#5391=ORIENTED_EDGE('',*,*,#2884,.F.);
#5392=ORIENTED_EDGE('',*,*,#3714,.T.);
#5393=ORIENTED_EDGE('',*,*,#3246,.F.);
#5394=ORIENTED_EDGE('',*,*,#3715,.F.);
#5395=ORIENTED_EDGE('',*,*,#2885,.T.);
#5396=ORIENTED_EDGE('',*,*,#3715,.T.);
#5397=ORIENTED_EDGE('',*,*,#3245,.F.);
#5398=ORIENTED_EDGE('',*,*,#3716,.F.);
#5399=ORIENTED_EDGE('',*,*,#2886,.T.);
#5400=ORIENTED_EDGE('',*,*,#3716,.T.);
#5401=ORIENTED_EDGE('',*,*,#3244,.F.);
#5402=ORIENTED_EDGE('',*,*,#3717,.F.);
#5403=ORIENTED_EDGE('',*,*,#2887,.T.);
#5404=ORIENTED_EDGE('',*,*,#3717,.T.);
#5405=ORIENTED_EDGE('',*,*,#3243,.F.);
#5406=ORIENTED_EDGE('',*,*,#3718,.F.);
#5407=ORIENTED_EDGE('',*,*,#2888,.F.);
#5408=ORIENTED_EDGE('',*,*,#3718,.T.);
#5409=ORIENTED_EDGE('',*,*,#3242,.F.);
#5410=ORIENTED_EDGE('',*,*,#3719,.F.);
#5411=ORIENTED_EDGE('',*,*,#2889,.T.);
#5412=ORIENTED_EDGE('',*,*,#3719,.T.);
#5413=ORIENTED_EDGE('',*,*,#3241,.F.);
#5414=ORIENTED_EDGE('',*,*,#3720,.F.);
#5415=ORIENTED_EDGE('',*,*,#2890,.F.);
#5416=ORIENTED_EDGE('',*,*,#3720,.T.);
#5417=ORIENTED_EDGE('',*,*,#3240,.F.);
#5418=ORIENTED_EDGE('',*,*,#3721,.F.);
#5419=ORIENTED_EDGE('',*,*,#2891,.T.);
#5420=ORIENTED_EDGE('',*,*,#3721,.T.);
#5421=ORIENTED_EDGE('',*,*,#3239,.F.);
#5422=ORIENTED_EDGE('',*,*,#3722,.F.);
#5423=ORIENTED_EDGE('',*,*,#2892,.T.);
#5424=ORIENTED_EDGE('',*,*,#3722,.T.);
#5425=ORIENTED_EDGE('',*,*,#3238,.F.);
#5426=ORIENTED_EDGE('',*,*,#3723,.F.);
#5427=ORIENTED_EDGE('',*,*,#2893,.T.);
#5428=ORIENTED_EDGE('',*,*,#3723,.T.);
#5429=ORIENTED_EDGE('',*,*,#3237,.F.);
#5430=ORIENTED_EDGE('',*,*,#3724,.F.);
#5431=ORIENTED_EDGE('',*,*,#2894,.F.);
#5432=ORIENTED_EDGE('',*,*,#3724,.T.);
#5433=ORIENTED_EDGE('',*,*,#3236,.F.);
#5434=ORIENTED_EDGE('',*,*,#3725,.F.);
#5435=ORIENTED_EDGE('',*,*,#2895,.T.);
#5436=ORIENTED_EDGE('',*,*,#3725,.T.);
#5437=ORIENTED_EDGE('',*,*,#3235,.F.);
#5438=ORIENTED_EDGE('',*,*,#3726,.F.);
#5439=ORIENTED_EDGE('',*,*,#2896,.T.);
#5440=ORIENTED_EDGE('',*,*,#3726,.T.);
#5441=ORIENTED_EDGE('',*,*,#3234,.F.);
#5442=ORIENTED_EDGE('',*,*,#3727,.F.);
#5443=ORIENTED_EDGE('',*,*,#2897,.T.);
#5444=ORIENTED_EDGE('',*,*,#3727,.T.);
#5445=ORIENTED_EDGE('',*,*,#3233,.F.);
#5446=ORIENTED_EDGE('',*,*,#3728,.F.);
#5447=ORIENTED_EDGE('',*,*,#2898,.F.);
#5448=ORIENTED_EDGE('',*,*,#3728,.T.);
#5449=ORIENTED_EDGE('',*,*,#3232,.F.);
#5450=ORIENTED_EDGE('',*,*,#3729,.F.);
#5451=ORIENTED_EDGE('',*,*,#2899,.T.);
#5452=ORIENTED_EDGE('',*,*,#3729,.T.);
#5453=ORIENTED_EDGE('',*,*,#3231,.F.);
#5454=ORIENTED_EDGE('',*,*,#3730,.F.);
#5455=ORIENTED_EDGE('',*,*,#2900,.T.);
#5456=ORIENTED_EDGE('',*,*,#3730,.T.);
#5457=ORIENTED_EDGE('',*,*,#3230,.F.);
#5458=ORIENTED_EDGE('',*,*,#3731,.F.);
#5459=ORIENTED_EDGE('',*,*,#2901,.T.);
#5460=ORIENTED_EDGE('',*,*,#3731,.T.);
#5461=ORIENTED_EDGE('',*,*,#3229,.F.);
#5462=ORIENTED_EDGE('',*,*,#3732,.F.);
#5463=ORIENTED_EDGE('',*,*,#2902,.T.);
#5464=ORIENTED_EDGE('',*,*,#3732,.T.);
#5465=ORIENTED_EDGE('',*,*,#3228,.F.);
#5466=ORIENTED_EDGE('',*,*,#3666,.F.);
#5467=CYLINDRICAL_SURFACE('',#5918,3.);
#5468=CYLINDRICAL_SURFACE('',#6068,1.2);
#5469=CYLINDRICAL_SURFACE('',#6070,5.1);
#5470=CYLINDRICAL_SURFACE('',#6072,1.2);
#5471=CYLINDRICAL_SURFACE('',#6075,1.2);
#5472=CYLINDRICAL_SURFACE('',#6077,5.1);
#5473=CYLINDRICAL_SURFACE('',#6079,1.2);
#5474=CYLINDRICAL_SURFACE('',#6081,1.2);
#5475=CYLINDRICAL_SURFACE('',#6084,1.2);
#5476=CYLINDRICAL_SURFACE('',#6087,1.20000000000001);
#5477=CYLINDRICAL_SURFACE('',#6090,1.2);
#5478=CYLINDRICAL_SURFACE('',#6229,1.2);
#5479=CYLINDRICAL_SURFACE('',#6231,1.2);
#5480=CYLINDRICAL_SURFACE('',#6233,1.20000000000001);
#5481=CYLINDRICAL_SURFACE('',#6235,1.19999999999999);
#5482=CYLINDRICAL_SURFACE('',#6237,1.20000000000001);
#5483=CYLINDRICAL_SURFACE('',#6239,1.20000000000001);
#5484=CYLINDRICAL_SURFACE('',#6241,1.2);
#5485=CYLINDRICAL_SURFACE('',#6243,1.2);
#5486=CYLINDRICAL_SURFACE('',#6245,1.2);
#5487=CYLINDRICAL_SURFACE('',#6247,1.2);
#5488=CYLINDRICAL_SURFACE('',#6249,1.20000000000001);
#5489=CYLINDRICAL_SURFACE('',#6251,1.20000000000001);
#5490=CYLINDRICAL_SURFACE('',#6253,1.20000000000001);
#5491=CYLINDRICAL_SURFACE('',#6255,1.2);
#5492=CYLINDRICAL_SURFACE('',#6257,1.20000000000001);
#5493=CYLINDRICAL_SURFACE('',#6259,1.20000000000001);
#5494=CYLINDRICAL_SURFACE('',#6261,1.2);
#5495=CYLINDRICAL_SURFACE('',#6263,1.20000000000001);
#5496=CYLINDRICAL_SURFACE('',#6265,1.20000000000001);
#5497=CYLINDRICAL_SURFACE('',#6267,1.20000000000001);
#5498=CYLINDRICAL_SURFACE('',#6269,1.2);
#5499=CYLINDRICAL_SURFACE('',#6271,1.2);
#5500=CYLINDRICAL_SURFACE('',#6273,1.20000000000001);
#5501=CYLINDRICAL_SURFACE('',#6275,1.20000000000001);
#5502=CYLINDRICAL_SURFACE('',#6277,1.2);
#5503=CYLINDRICAL_SURFACE('',#6279,1.2);
#5504=CYLINDRICAL_SURFACE('',#6281,1.2);
#5505=CYLINDRICAL_SURFACE('',#6283,1.2);
#5506=CYLINDRICAL_SURFACE('',#6285,1.20000000000001);
#5507=CYLINDRICAL_SURFACE('',#6287,1.2);
#5508=CYLINDRICAL_SURFACE('',#6289,1.2);
#5509=CYLINDRICAL_SURFACE('',#6291,1.20000000000001);
#5510=CYLINDRICAL_SURFACE('',#6293,1.2);
#5511=CYLINDRICAL_SURFACE('',#6295,1.20000000000001);
#5512=CYLINDRICAL_SURFACE('',#6297,1.20000000000001);
#5513=CYLINDRICAL_SURFACE('',#6299,1.2);
#5514=CYLINDRICAL_SURFACE('',#6301,1.2);
#5515=CYLINDRICAL_SURFACE('',#6303,1.2);
#5516=CYLINDRICAL_SURFACE('',#6305,1.2);
#5517=CYLINDRICAL_SURFACE('',#6307,1.2);
#5518=CYLINDRICAL_SURFACE('',#6309,1.20000000000001);
#5519=CYLINDRICAL_SURFACE('',#6311,1.20000000000001);
#5520=CYLINDRICAL_SURFACE('',#6313,1.2);
#5521=CYLINDRICAL_SURFACE('',#6315,1.2);
#5522=CYLINDRICAL_SURFACE('',#6317,1.20000000000001);
#5523=CYLINDRICAL_SURFACE('',#6319,1.20000000000001);
#5524=CYLINDRICAL_SURFACE('',#6321,1.20000000000001);
#5525=CYLINDRICAL_SURFACE('',#6323,1.20000000000001);
#5526=CYLINDRICAL_SURFACE('',#6325,1.20000000000001);
#5527=CYLINDRICAL_SURFACE('',#6327,1.20000000000001);
#5528=CYLINDRICAL_SURFACE('',#6329,1.2);
#5529=CYLINDRICAL_SURFACE('',#6331,1.2);
#5530=CYLINDRICAL_SURFACE('',#6333,1.2);
#5531=CYLINDRICAL_SURFACE('',#6335,1.2);
#5532=CYLINDRICAL_SURFACE('',#6337,1.20000000000001);
#5533=CYLINDRICAL_SURFACE('',#6339,1.20000000000001);
#5534=CYLINDRICAL_SURFACE('',#6341,1.20000000000001);
#5535=CYLINDRICAL_SURFACE('',#6343,1.20000000000001);
#5536=CYLINDRICAL_SURFACE('',#6345,1.2);
#5537=CYLINDRICAL_SURFACE('',#6347,1.2);
#5538=CYLINDRICAL_SURFACE('',#6349,1.2);
#5539=CYLINDRICAL_SURFACE('',#6351,1.20000000000001);
#5540=CYLINDRICAL_SURFACE('',#6353,1.20000000000001);
#5541=CYLINDRICAL_SURFACE('',#6355,1.20000000000001);
#5542=CYLINDRICAL_SURFACE('',#6357,1.2);
#5543=CYLINDRICAL_SURFACE('',#6359,1.2);
#5544=CYLINDRICAL_SURFACE('',#6361,1.2);
#5545=CYLINDRICAL_SURFACE('',#6363,1.2);
#5546=CYLINDRICAL_SURFACE('',#6365,1.20000000000001);
#5547=CYLINDRICAL_SURFACE('',#6367,1.20000000000001);
#5548=CYLINDRICAL_SURFACE('',#6369,1.20000000000001);
#5549=CYLINDRICAL_SURFACE('',#6371,1.20000000000001);
#5550=CYLINDRICAL_SURFACE('',#6373,1.2);
#5551=CYLINDRICAL_SURFACE('',#6375,1.2);
#5552=CYLINDRICAL_SURFACE('',#6377,1.2);
#5553=CYLINDRICAL_SURFACE('',#6379,1.2);
#5554=CYLINDRICAL_SURFACE('',#6381,1.20000000000001);
#5555=CYLINDRICAL_SURFACE('',#6383,1.20000000000001);
#5556=CYLINDRICAL_SURFACE('',#6385,1.2);
#5557=CYLINDRICAL_SURFACE('',#6387,1.2);
#5558=CYLINDRICAL_SURFACE('',#6389,1.2);
#5559=CYLINDRICAL_SURFACE('',#6391,1.2);
#5560=CYLINDRICAL_SURFACE('',#6393,1.2);
#5561=CYLINDRICAL_SURFACE('',#6395,1.2);
#5562=CYLINDRICAL_SURFACE('',#6397,1.19999999999999);
#5563=CYLINDRICAL_SURFACE('',#6399,1.20000000000001);
#5564=CYLINDRICAL_SURFACE('',#6401,1.2);
#5565=CYLINDRICAL_SURFACE('',#6403,1.20000000000001);
#5566=CYLINDRICAL_SURFACE('',#6405,1.19999999999999);
#5567=CYLINDRICAL_SURFACE('',#6407,1.2);
#5568=CYLINDRICAL_SURFACE('',#6409,1.2);
#5569=CYLINDRICAL_SURFACE('',#6411,1.20000000000001);
#5570=CYLINDRICAL_SURFACE('',#6413,1.19999999999999);
#5571=CYLINDRICAL_SURFACE('',#6415,1.2);
#5572=CYLINDRICAL_SURFACE('',#6417,1.19999999999999);
#5573=CYLINDRICAL_SURFACE('',#6419,1.20000000000001);
#5574=CYLINDRICAL_SURFACE('',#6421,1.20000000000001);
#5575=CYLINDRICAL_SURFACE('',#6423,1.19999999999999);
#5576=CYLINDRICAL_SURFACE('',#6425,1.20000000000001);
#5577=CYLINDRICAL_SURFACE('',#6427,1.2);
#5578=CYLINDRICAL_SURFACE('',#6433,1.200002540005);
#5579=CYLINDRICAL_SURFACE('',#6435,0.499999999999989);
#5580=CYLINDRICAL_SURFACE('',#6437,0.500000000000007);
#5581=CYLINDRICAL_SURFACE('',#6439,1.200002540005);
#5582=CYLINDRICAL_SURFACE('',#6441,0.500000000000007);
#5583=CYLINDRICAL_SURFACE('',#6443,4.74999999999999);
#5584=CYLINDRICAL_SURFACE('',#6444,1.24999999999997);
#5585=CYLINDRICAL_SURFACE('',#6446,4.74999999999999);
#5586=CYLINDRICAL_SURFACE('',#6448,0.499999999999998);
#5587=CYLINDRICAL_SURFACE('',#6450,1.200002540005);
#5588=CYLINDRICAL_SURFACE('',#6452,0.499999999999989);
#5589=CYLINDRICAL_SURFACE('',#6454,4.75000000000001);
#5590=CYLINDRICAL_SURFACE('',#6456,1.24999999999996);
#5591=CYLINDRICAL_SURFACE('',#6458,1.25);
#5592=CYLINDRICAL_SURFACE('',#6460,4.75000000000001);
#5593=CYLINDRICAL_SURFACE('',#6462,1.24999999999999);
#5594=CYLINDRICAL_SURFACE('',#6463,4.75);
#5595=CYLINDRICAL_SURFACE('',#6465,0.499999999999994);
#5596=CYLINDRICAL_SURFACE('',#6467,1.200002540005);
#5597=CYLINDRICAL_SURFACE('',#6469,0.499999999999994);
#5598=CYLINDRICAL_SURFACE('',#6472,0.5);
#5599=CYLINDRICAL_SURFACE('',#6474,1.200002540005);
#5600=CYLINDRICAL_SURFACE('',#6476,0.500000000000001);
#5601=CYLINDRICAL_SURFACE('',#6478,4.74999999999997);
#5602=CYLINDRICAL_SURFACE('',#6480,0.499999999999997);
#5603=CYLINDRICAL_SURFACE('',#6482,1.200002540005);
#5604=CYLINDRICAL_SURFACE('',#6484,0.5);
#5605=CYLINDRICAL_SURFACE('',#6486,4.75);
#5606=CYLINDRICAL_SURFACE('',#6488,4.74999999999999);
#5607=CYLINDRICAL_SURFACE('',#6490,0.5);
#5608=CYLINDRICAL_SURFACE('',#6492,1.200002540005);
#5609=CYLINDRICAL_SURFACE('',#6494,0.500000000000003);
#5610=CYLINDRICAL_SURFACE('',#6496,4.74999999999998);
#5611=CYLINDRICAL_SURFACE('',#6497,1.24999999999999);
#5612=CYLINDRICAL_SURFACE('',#6499,0.500000000000025);
#5613=ADVANCED_FACE('',(#212),#5467,.T.);
#5614=ADVANCED_FACE('',(#213),#67,.F.);
#5615=ADVANCED_FACE('',(#214,#15,#16,#17,#18,#19,#20,#21,#22,#23,#24,#25,
#26,#27,#28,#29,#30,#31,#32,#33,#34,#35,#36,#37,#38,#39,#40),#68,.F.);
#5616=ADVANCED_FACE('',(#215),#5468,.T.);
#5617=ADVANCED_FACE('',(#216),#5469,.F.);
#5618=ADVANCED_FACE('',(#217),#5470,.T.);
#5619=ADVANCED_FACE('',(#218),#69,.F.);
#5620=ADVANCED_FACE('',(#219),#5471,.T.);
#5621=ADVANCED_FACE('',(#220),#5472,.F.);
#5622=ADVANCED_FACE('',(#221),#5473,.T.);
#5623=ADVANCED_FACE('',(#222),#5474,.T.);
#5624=ADVANCED_FACE('',(#223),#70,.T.);
#5625=ADVANCED_FACE('',(#224),#5475,.T.);
#5626=ADVANCED_FACE('',(#225),#71,.F.);
#5627=ADVANCED_FACE('',(#226),#5476,.F.);
#5628=ADVANCED_FACE('',(#227),#72,.F.);
#5629=ADVANCED_FACE('',(#228),#5477,.F.);
#5630=ADVANCED_FACE('',(#229),#73,.F.);
#5631=ADVANCED_FACE('',(#230,#41,#42,#43,#44,#45,#46,#47,#48,#49,#50,#51,
#52,#53,#54,#55,#56,#57,#58,#59,#60,#61,#62,#63,#64,#65,#66),#74,.T.);
#5632=ADVANCED_FACE('',(#231),#5478,.F.);
#5633=ADVANCED_FACE('',(#232),#75,.T.);
#5634=ADVANCED_FACE('',(#233),#5479,.F.);
#5635=ADVANCED_FACE('',(#234),#76,.T.);
#5636=ADVANCED_FACE('',(#235),#5480,.F.);
#5637=ADVANCED_FACE('',(#236),#77,.T.);
#5638=ADVANCED_FACE('',(#237),#5481,.F.);
#5639=ADVANCED_FACE('',(#238),#78,.T.);
#5640=ADVANCED_FACE('',(#239),#5482,.F.);
#5641=ADVANCED_FACE('',(#240),#79,.T.);
#5642=ADVANCED_FACE('',(#241),#5483,.F.);
#5643=ADVANCED_FACE('',(#242),#80,.T.);
#5644=ADVANCED_FACE('',(#243),#5484,.F.);
#5645=ADVANCED_FACE('',(#244),#81,.T.);
#5646=ADVANCED_FACE('',(#245),#5485,.F.);
#5647=ADVANCED_FACE('',(#246),#82,.T.);
#5648=ADVANCED_FACE('',(#247),#5486,.F.);
#5649=ADVANCED_FACE('',(#248),#83,.T.);
#5650=ADVANCED_FACE('',(#249),#5487,.F.);
#5651=ADVANCED_FACE('',(#250),#84,.T.);
#5652=ADVANCED_FACE('',(#251),#5488,.F.);
#5653=ADVANCED_FACE('',(#252),#85,.T.);
#5654=ADVANCED_FACE('',(#253),#5489,.F.);
#5655=ADVANCED_FACE('',(#254),#86,.T.);
#5656=ADVANCED_FACE('',(#255),#5490,.F.);
#5657=ADVANCED_FACE('',(#256),#87,.T.);
#5658=ADVANCED_FACE('',(#257),#5491,.F.);
#5659=ADVANCED_FACE('',(#258),#88,.T.);
#5660=ADVANCED_FACE('',(#259),#5492,.F.);
#5661=ADVANCED_FACE('',(#260),#89,.T.);
#5662=ADVANCED_FACE('',(#261),#5493,.F.);
#5663=ADVANCED_FACE('',(#262),#90,.T.);
#5664=ADVANCED_FACE('',(#263),#5494,.F.);
#5665=ADVANCED_FACE('',(#264),#91,.T.);
#5666=ADVANCED_FACE('',(#265),#5495,.F.);
#5667=ADVANCED_FACE('',(#266),#92,.T.);
#5668=ADVANCED_FACE('',(#267),#5496,.F.);
#5669=ADVANCED_FACE('',(#268),#93,.T.);
#5670=ADVANCED_FACE('',(#269),#5497,.F.);
#5671=ADVANCED_FACE('',(#270),#94,.T.);
#5672=ADVANCED_FACE('',(#271),#5498,.F.);
#5673=ADVANCED_FACE('',(#272),#95,.T.);
#5674=ADVANCED_FACE('',(#273),#5499,.F.);
#5675=ADVANCED_FACE('',(#274),#96,.T.);
#5676=ADVANCED_FACE('',(#275),#5500,.F.);
#5677=ADVANCED_FACE('',(#276),#97,.T.);
#5678=ADVANCED_FACE('',(#277),#5501,.F.);
#5679=ADVANCED_FACE('',(#278),#98,.T.);
#5680=ADVANCED_FACE('',(#279),#5502,.F.);
#5681=ADVANCED_FACE('',(#280),#99,.T.);
#5682=ADVANCED_FACE('',(#281),#5503,.F.);
#5683=ADVANCED_FACE('',(#282),#100,.T.);
#5684=ADVANCED_FACE('',(#283),#5504,.F.);
#5685=ADVANCED_FACE('',(#284),#101,.T.);
#5686=ADVANCED_FACE('',(#285),#5505,.F.);
#5687=ADVANCED_FACE('',(#286),#102,.T.);
#5688=ADVANCED_FACE('',(#287),#5506,.F.);
#5689=ADVANCED_FACE('',(#288),#103,.T.);
#5690=ADVANCED_FACE('',(#289),#5507,.F.);
#5691=ADVANCED_FACE('',(#290),#104,.T.);
#5692=ADVANCED_FACE('',(#291),#5508,.F.);
#5693=ADVANCED_FACE('',(#292),#105,.T.);
#5694=ADVANCED_FACE('',(#293),#5509,.F.);
#5695=ADVANCED_FACE('',(#294),#106,.T.);
#5696=ADVANCED_FACE('',(#295),#5510,.F.);
#5697=ADVANCED_FACE('',(#296),#107,.T.);
#5698=ADVANCED_FACE('',(#297),#5511,.F.);
#5699=ADVANCED_FACE('',(#298),#108,.T.);
#5700=ADVANCED_FACE('',(#299),#5512,.F.);
#5701=ADVANCED_FACE('',(#300),#109,.T.);
#5702=ADVANCED_FACE('',(#301),#5513,.F.);
#5703=ADVANCED_FACE('',(#302),#110,.T.);
#5704=ADVANCED_FACE('',(#303),#5514,.F.);
#5705=ADVANCED_FACE('',(#304),#111,.T.);
#5706=ADVANCED_FACE('',(#305),#5515,.F.);
#5707=ADVANCED_FACE('',(#306),#112,.T.);
#5708=ADVANCED_FACE('',(#307),#5516,.F.);
#5709=ADVANCED_FACE('',(#308),#113,.T.);
#5710=ADVANCED_FACE('',(#309),#5517,.F.);
#5711=ADVANCED_FACE('',(#310),#114,.T.);
#5712=ADVANCED_FACE('',(#311),#5518,.F.);
#5713=ADVANCED_FACE('',(#312),#115,.T.);
#5714=ADVANCED_FACE('',(#313),#5519,.F.);
#5715=ADVANCED_FACE('',(#314),#116,.T.);
#5716=ADVANCED_FACE('',(#315),#5520,.F.);
#5717=ADVANCED_FACE('',(#316),#117,.T.);
#5718=ADVANCED_FACE('',(#317),#5521,.F.);
#5719=ADVANCED_FACE('',(#318),#118,.T.);
#5720=ADVANCED_FACE('',(#319),#5522,.F.);
#5721=ADVANCED_FACE('',(#320),#119,.T.);
#5722=ADVANCED_FACE('',(#321),#5523,.F.);
#5723=ADVANCED_FACE('',(#322),#120,.T.);
#5724=ADVANCED_FACE('',(#323),#5524,.F.);
#5725=ADVANCED_FACE('',(#324),#121,.T.);
#5726=ADVANCED_FACE('',(#325),#5525,.F.);
#5727=ADVANCED_FACE('',(#326),#122,.T.);
#5728=ADVANCED_FACE('',(#327),#5526,.F.);
#5729=ADVANCED_FACE('',(#328),#123,.T.);
#5730=ADVANCED_FACE('',(#329),#5527,.F.);
#5731=ADVANCED_FACE('',(#330),#124,.T.);
#5732=ADVANCED_FACE('',(#331),#5528,.F.);
#5733=ADVANCED_FACE('',(#332),#125,.T.);
#5734=ADVANCED_FACE('',(#333),#5529,.F.);
#5735=ADVANCED_FACE('',(#334),#126,.T.);
#5736=ADVANCED_FACE('',(#335),#5530,.F.);
#5737=ADVANCED_FACE('',(#336),#127,.T.);
#5738=ADVANCED_FACE('',(#337),#5531,.F.);
#5739=ADVANCED_FACE('',(#338),#128,.T.);
#5740=ADVANCED_FACE('',(#339),#5532,.F.);
#5741=ADVANCED_FACE('',(#340),#129,.T.);
#5742=ADVANCED_FACE('',(#341),#5533,.F.);
#5743=ADVANCED_FACE('',(#342),#130,.T.);
#5744=ADVANCED_FACE('',(#343),#5534,.F.);
#5745=ADVANCED_FACE('',(#344),#131,.T.);
#5746=ADVANCED_FACE('',(#345),#5535,.F.);
#5747=ADVANCED_FACE('',(#346),#132,.T.);
#5748=ADVANCED_FACE('',(#347),#5536,.F.);
#5749=ADVANCED_FACE('',(#348),#133,.T.);
#5750=ADVANCED_FACE('',(#349),#5537,.F.);
#5751=ADVANCED_FACE('',(#350),#134,.T.);
#5752=ADVANCED_FACE('',(#351),#5538,.F.);
#5753=ADVANCED_FACE('',(#352),#135,.T.);
#5754=ADVANCED_FACE('',(#353),#5539,.F.);
#5755=ADVANCED_FACE('',(#354),#136,.T.);
#5756=ADVANCED_FACE('',(#355),#5540,.F.);
#5757=ADVANCED_FACE('',(#356),#137,.T.);
#5758=ADVANCED_FACE('',(#357),#5541,.F.);
#5759=ADVANCED_FACE('',(#358),#138,.T.);
#5760=ADVANCED_FACE('',(#359),#5542,.F.);
#5761=ADVANCED_FACE('',(#360),#139,.T.);
#5762=ADVANCED_FACE('',(#361),#5543,.F.);
#5763=ADVANCED_FACE('',(#362),#140,.T.);
#5764=ADVANCED_FACE('',(#363),#5544,.F.);
#5765=ADVANCED_FACE('',(#364),#141,.T.);
#5766=ADVANCED_FACE('',(#365),#5545,.F.);
#5767=ADVANCED_FACE('',(#366),#142,.T.);
#5768=ADVANCED_FACE('',(#367),#5546,.F.);
#5769=ADVANCED_FACE('',(#368),#143,.T.);
#5770=ADVANCED_FACE('',(#369),#5547,.F.);
#5771=ADVANCED_FACE('',(#370),#144,.T.);
#5772=ADVANCED_FACE('',(#371),#5548,.F.);
#5773=ADVANCED_FACE('',(#372),#145,.T.);
#5774=ADVANCED_FACE('',(#373),#5549,.F.);
#5775=ADVANCED_FACE('',(#374),#146,.T.);
#5776=ADVANCED_FACE('',(#375),#5550,.F.);
#5777=ADVANCED_FACE('',(#376),#147,.T.);
#5778=ADVANCED_FACE('',(#377),#5551,.F.);
#5779=ADVANCED_FACE('',(#378),#148,.T.);
#5780=ADVANCED_FACE('',(#379),#5552,.F.);
#5781=ADVANCED_FACE('',(#380),#149,.T.);
#5782=ADVANCED_FACE('',(#381),#5553,.F.);
#5783=ADVANCED_FACE('',(#382),#150,.T.);
#5784=ADVANCED_FACE('',(#383),#5554,.F.);
#5785=ADVANCED_FACE('',(#384),#151,.T.);
#5786=ADVANCED_FACE('',(#385),#5555,.F.);
#5787=ADVANCED_FACE('',(#386),#152,.T.);
#5788=ADVANCED_FACE('',(#387),#5556,.F.);
#5789=ADVANCED_FACE('',(#388),#153,.T.);
#5790=ADVANCED_FACE('',(#389),#5557,.F.);
#5791=ADVANCED_FACE('',(#390),#154,.T.);
#5792=ADVANCED_FACE('',(#391),#5558,.F.);
#5793=ADVANCED_FACE('',(#392),#155,.T.);
#5794=ADVANCED_FACE('',(#393),#5559,.F.);
#5795=ADVANCED_FACE('',(#394),#156,.T.);
#5796=ADVANCED_FACE('',(#395),#5560,.F.);
#5797=ADVANCED_FACE('',(#396),#157,.T.);
#5798=ADVANCED_FACE('',(#397),#5561,.F.);
#5799=ADVANCED_FACE('',(#398),#158,.T.);
#5800=ADVANCED_FACE('',(#399),#5562,.F.);
#5801=ADVANCED_FACE('',(#400),#159,.T.);
#5802=ADVANCED_FACE('',(#401),#5563,.F.);
#5803=ADVANCED_FACE('',(#402),#160,.T.);
#5804=ADVANCED_FACE('',(#403),#5564,.F.);
#5805=ADVANCED_FACE('',(#404),#161,.T.);
#5806=ADVANCED_FACE('',(#405),#5565,.F.);
#5807=ADVANCED_FACE('',(#406),#162,.T.);
#5808=ADVANCED_FACE('',(#407),#5566,.F.);
#5809=ADVANCED_FACE('',(#408),#163,.T.);
#5810=ADVANCED_FACE('',(#409),#5567,.F.);
#5811=ADVANCED_FACE('',(#410),#164,.T.);
#5812=ADVANCED_FACE('',(#411),#5568,.F.);
#5813=ADVANCED_FACE('',(#412),#165,.T.);
#5814=ADVANCED_FACE('',(#413),#5569,.F.);
#5815=ADVANCED_FACE('',(#414),#166,.T.);
#5816=ADVANCED_FACE('',(#415),#5570,.F.);
#5817=ADVANCED_FACE('',(#416),#167,.T.);
#5818=ADVANCED_FACE('',(#417),#5571,.F.);
#5819=ADVANCED_FACE('',(#418),#168,.T.);
#5820=ADVANCED_FACE('',(#419),#5572,.F.);
#5821=ADVANCED_FACE('',(#420),#169,.T.);
#5822=ADVANCED_FACE('',(#421),#5573,.F.);
#5823=ADVANCED_FACE('',(#422),#170,.T.);
#5824=ADVANCED_FACE('',(#423),#5574,.F.);
#5825=ADVANCED_FACE('',(#424),#171,.T.);
#5826=ADVANCED_FACE('',(#425),#5575,.F.);
#5827=ADVANCED_FACE('',(#426),#172,.T.);
#5828=ADVANCED_FACE('',(#427),#5576,.F.);
#5829=ADVANCED_FACE('',(#428),#173,.T.);
#5830=ADVANCED_FACE('',(#429),#5577,.F.);
#5831=ADVANCED_FACE('',(#430),#174,.T.);
#5832=ADVANCED_FACE('',(#431),#175,.T.);
#5833=ADVANCED_FACE('',(#432),#176,.T.);
#5834=ADVANCED_FACE('',(#433),#177,.T.);
#5835=ADVANCED_FACE('',(#434),#178,.T.);
#5836=ADVANCED_FACE('',(#435),#5578,.F.);
#5837=ADVANCED_FACE('',(#436),#179,.T.);
#5838=ADVANCED_FACE('',(#437),#5579,.T.);
#5839=ADVANCED_FACE('',(#438),#180,.T.);
#5840=ADVANCED_FACE('',(#439),#5580,.T.);
#5841=ADVANCED_FACE('',(#440),#181,.T.);
#5842=ADVANCED_FACE('',(#441),#5581,.F.);
#5843=ADVANCED_FACE('',(#442),#182,.T.);
#5844=ADVANCED_FACE('',(#443),#5582,.T.);
#5845=ADVANCED_FACE('',(#444),#183,.T.);
#5846=ADVANCED_FACE('',(#445),#5583,.F.);
#5847=ADVANCED_FACE('',(#446),#5584,.T.);
#5848=ADVANCED_FACE('',(#447),#184,.T.);
#5849=ADVANCED_FACE('',(#448),#5585,.F.);
#5850=ADVANCED_FACE('',(#449),#185,.T.);
#5851=ADVANCED_FACE('',(#450),#5586,.T.);
#5852=ADVANCED_FACE('',(#451),#186,.T.);
#5853=ADVANCED_FACE('',(#452),#5587,.F.);
#5854=ADVANCED_FACE('',(#453),#187,.T.);
#5855=ADVANCED_FACE('',(#454),#5588,.T.);
#5856=ADVANCED_FACE('',(#455),#188,.T.);
#5857=ADVANCED_FACE('',(#456),#5589,.F.);
#5858=ADVANCED_FACE('',(#457),#189,.T.);
#5859=ADVANCED_FACE('',(#458),#5590,.T.);
#5860=ADVANCED_FACE('',(#459),#190,.T.);
#5861=ADVANCED_FACE('',(#460),#5591,.T.);
#5862=ADVANCED_FACE('',(#461),#191,.T.);
#5863=ADVANCED_FACE('',(#462),#5592,.F.);
#5864=ADVANCED_FACE('',(#463),#192,.T.);
#5865=ADVANCED_FACE('',(#464),#5593,.T.);
#5866=ADVANCED_FACE('',(#465),#5594,.F.);
#5867=ADVANCED_FACE('',(#466),#193,.T.);
#5868=ADVANCED_FACE('',(#467),#5595,.T.);
#5869=ADVANCED_FACE('',(#468),#194,.T.);
#5870=ADVANCED_FACE('',(#469),#5596,.F.);
#5871=ADVANCED_FACE('',(#470),#195,.T.);
#5872=ADVANCED_FACE('',(#471),#5597,.T.);
#5873=ADVANCED_FACE('',(#472),#196,.T.);
#5874=ADVANCED_FACE('',(#473),#197,.T.);
#5875=ADVANCED_FACE('',(#474),#5598,.T.);
#5876=ADVANCED_FACE('',(#475),#198,.T.);
#5877=ADVANCED_FACE('',(#476),#5599,.F.);
#5878=ADVANCED_FACE('',(#477),#199,.T.);
#5879=ADVANCED_FACE('',(#478),#5600,.T.);
#5880=ADVANCED_FACE('',(#479),#200,.T.);
#5881=ADVANCED_FACE('',(#480),#5601,.F.);
#5882=ADVANCED_FACE('',(#481),#201,.T.);
#5883=ADVANCED_FACE('',(#482),#5602,.T.);
#5884=ADVANCED_FACE('',(#483),#202,.T.);
#5885=ADVANCED_FACE('',(#484),#5603,.F.);
#5886=ADVANCED_FACE('',(#485),#203,.T.);
#5887=ADVANCED_FACE('',(#486),#5604,.T.);
#5888=ADVANCED_FACE('',(#487),#204,.T.);
#5889=ADVANCED_FACE('',(#488),#5605,.F.);
#5890=ADVANCED_FACE('',(#489),#205,.T.);
#5891=ADVANCED_FACE('',(#490),#5606,.F.);
#5892=ADVANCED_FACE('',(#491),#206,.T.);
#5893=ADVANCED_FACE('',(#492),#5607,.T.);
#5894=ADVANCED_FACE('',(#493),#207,.T.);
#5895=ADVANCED_FACE('',(#494),#5608,.F.);
#5896=ADVANCED_FACE('',(#495),#208,.T.);
#5897=ADVANCED_FACE('',(#496),#5609,.T.);
#5898=ADVANCED_FACE('',(#497),#209,.T.);
#5899=ADVANCED_FACE('',(#498),#5610,.F.);
#5900=ADVANCED_FACE('',(#499),#5611,.T.);
#5901=ADVANCED_FACE('',(#500),#210,.T.);
#5902=ADVANCED_FACE('',(#501),#5612,.T.);
#5903=ADVANCED_FACE('',(#502),#211,.T.);
#5904=CLOSED_SHELL('',(#5613,#5614,#5615,#5616,#5617,#5618,#5619,#5620,
#5621,#5622,#5623,#5624,#5625,#5626,#5627,#5628,#5629,#5630,#5631,#5632,
#5633,#5634,#5635,#5636,#5637,#5638,#5639,#5640,#5641,#5642,#5643,#5644,
#5645,#5646,#5647,#5648,#5649,#5650,#5651,#5652,#5653,#5654,#5655,#5656,
#5657,#5658,#5659,#5660,#5661,#5662,#5663,#5664,#5665,#5666,#5667,#5668,
#5669,#5670,#5671,#5672,#5673,#5674,#5675,#5676,#5677,#5678,#5679,#5680,
#5681,#5682,#5683,#5684,#5685,#5686,#5687,#5688,#5689,#5690,#5691,#5692,
#5693,#5694,#5695,#5696,#5697,#5698,#5699,#5700,#5701,#5702,#5703,#5704,
#5705,#5706,#5707,#5708,#5709,#5710,#5711,#5712,#5713,#5714,#5715,#5716,
#5717,#5718,#5719,#5720,#5721,#5722,#5723,#5724,#5725,#5726,#5727,#5728,
#5729,#5730,#5731,#5732,#5733,#5734,#5735,#5736,#5737,#5738,#5739,#5740,
#5741,#5742,#5743,#5744,#5745,#5746,#5747,#5748,#5749,#5750,#5751,#5752,
#5753,#5754,#5755,#5756,#5757,#5758,#5759,#5760,#5761,#5762,#5763,#5764,
#5765,#5766,#5767,#5768,#5769,#5770,#5771,#5772,#5773,#5774,#5775,#5776,
#5777,#5778,#5779,#5780,#5781,#5782,#5783,#5784,#5785,#5786,#5787,#5788,
#5789,#5790,#5791,#5792,#5793,#5794,#5795,#5796,#5797,#5798,#5799,#5800,
#5801,#5802,#5803,#5804,#5805,#5806,#5807,#5808,#5809,#5810,#5811,#5812,
#5813,#5814,#5815,#5816,#5817,#5818,#5819,#5820,#5821,#5822,#5823,#5824,
#5825,#5826,#5827,#5828,#5829,#5830,#5831,#5832,#5833,#5834,#5835,#5836,
#5837,#5838,#5839,#5840,#5841,#5842,#5843,#5844,#5845,#5846,#5847,#5848,
#5849,#5850,#5851,#5852,#5853,#5854,#5855,#5856,#5857,#5858,#5859,#5860,
#5861,#5862,#5863,#5864,#5865,#5866,#5867,#5868,#5869,#5870,#5871,#5872,
#5873,#5874,#5875,#5876,#5877,#5878,#5879,#5880,#5881,#5882,#5883,#5884,
#5885,#5886,#5887,#5888,#5889,#5890,#5891,#5892,#5893,#5894,#5895,#5896,
#5897,#5898,#5899,#5900,#5901,#5902,#5903));
#5905=DERIVED_UNIT_ELEMENT(#5907,1.);
#5906=DERIVED_UNIT_ELEMENT(#9986,-3.);
#5907=(
MASS_UNIT()
NAMED_UNIT(*)
SI_UNIT(.KILO.,.GRAM.)
);
#5908=DERIVED_UNIT((#5905,#5906));
#5909=MEASURE_REPRESENTATION_ITEM('density measure',
POSITIVE_RATIO_MEASURE(7850.),#5908);
#5910=PROPERTY_DEFINITION_REPRESENTATION(#5915,#5912);
#5911=PROPERTY_DEFINITION_REPRESENTATION(#5916,#5913);
#5912=REPRESENTATION('material name',(#5914),#9983);
#5913=REPRESENTATION('density',(#5909),#9983);
#5914=DESCRIPTIVE_REPRESENTATION_ITEM('Steel','Steel');
#5915=PROPERTY_DEFINITION('material property','material name',#9993);
#5916=PROPERTY_DEFINITION('material property','density of part',#9993);
#5917=AXIS2_PLACEMENT_3D('',#8244,#6501,#6502);
#5918=AXIS2_PLACEMENT_3D('',#8245,#6503,#6504);
#5919=AXIS2_PLACEMENT_3D('',#8248,#6505,#6506);
#5920=AXIS2_PLACEMENT_3D('',#8252,#6508,#6509);
#5921=AXIS2_PLACEMENT_3D('',#8254,#6511,#6512);
#5922=AXIS2_PLACEMENT_3D('',#8260,#6516,#6517);
#5923=AXIS2_PLACEMENT_3D('',#8264,#6519,#6520);
#5924=AXIS2_PLACEMENT_3D('',#8268,#6522,#6523);
#5925=AXIS2_PLACEMENT_3D('',#8272,#6525,#6526);
#5926=AXIS2_PLACEMENT_3D('',#8276,#6528,#6529);
#5927=AXIS2_PLACEMENT_3D('',#8280,#6531,#6532);
#5928=AXIS2_PLACEMENT_3D('',#8284,#6534,#6535);
#5929=AXIS2_PLACEMENT_3D('',#8288,#6537,#6538);
#5930=AXIS2_PLACEMENT_3D('',#8292,#6540,#6541);
#5931=AXIS2_PLACEMENT_3D('',#8296,#6543,#6544);
#5932=AXIS2_PLACEMENT_3D('',#8300,#6546,#6547);
#5933=AXIS2_PLACEMENT_3D('',#8304,#6549,#6550);
#5934=AXIS2_PLACEMENT_3D('',#8308,#6552,#6553);
#5935=AXIS2_PLACEMENT_3D('',#8312,#6555,#6556);
#5936=AXIS2_PLACEMENT_3D('',#8314,#6557,#6558);
#5937=AXIS2_PLACEMENT_3D('',#8318,#6560,#6561);
#5938=AXIS2_PLACEMENT_3D('',#8322,#6563,#6564);
#5939=AXIS2_PLACEMENT_3D('',#8326,#6566,#6567);
#5940=AXIS2_PLACEMENT_3D('',#8330,#6569,#6570);
#5941=AXIS2_PLACEMENT_3D('',#8334,#6572,#6573);
#5942=AXIS2_PLACEMENT_3D('',#8338,#6575,#6576);
#5943=AXIS2_PLACEMENT_3D('',#8342,#6578,#6579);
#5944=AXIS2_PLACEMENT_3D('',#8344,#6580,#6581);
#5945=AXIS2_PLACEMENT_3D('',#8348,#6583,#6584);
#5946=AXIS2_PLACEMENT_3D('',#8352,#6586,#6587);
#5947=AXIS2_PLACEMENT_3D('',#8356,#6589,#6590);
#5948=AXIS2_PLACEMENT_3D('',#8360,#6592,#6593);
#5949=AXIS2_PLACEMENT_3D('',#8364,#6595,#6596);
#5950=AXIS2_PLACEMENT_3D('',#8368,#6598,#6599);
#5951=AXIS2_PLACEMENT_3D('',#8372,#6601,#6602);
#5952=AXIS2_PLACEMENT_3D('',#8376,#6604,#6605);
#5953=AXIS2_PLACEMENT_3D('',#8380,#6607,#6608);
#5954=AXIS2_PLACEMENT_3D('',#8382,#6609,#6610);
#5955=AXIS2_PLACEMENT_3D('',#8386,#6612,#6613);
#5956=AXIS2_PLACEMENT_3D('',#8390,#6615,#6616);
#5957=AXIS2_PLACEMENT_3D('',#8394,#6618,#6619);
#5958=AXIS2_PLACEMENT_3D('',#8398,#6621,#6622);
#5959=AXIS2_PLACEMENT_3D('',#8402,#6624,#6625);
#5960=AXIS2_PLACEMENT_3D('',#8406,#6627,#6628);
#5961=AXIS2_PLACEMENT_3D('',#8410,#6630,#6631);
#5962=AXIS2_PLACEMENT_3D('',#8414,#6633,#6634);
#5963=AXIS2_PLACEMENT_3D('',#8416,#6635,#6636);
#5964=AXIS2_PLACEMENT_3D('',#8418,#6637,#6638);
#5965=AXIS2_PLACEMENT_3D('',#8422,#6640,#6641);
#5966=AXIS2_PLACEMENT_3D('',#8424,#6642,#6643);
#5967=AXIS2_PLACEMENT_3D('',#8425,#6644,#6645);
#5968=AXIS2_PLACEMENT_3D('',#8438,#6651,#6652);
#5969=AXIS2_PLACEMENT_3D('',#8442,#6654,#6655);
#5970=AXIS2_PLACEMENT_3D('',#8446,#6657,#6658);
#5971=AXIS2_PLACEMENT_3D('',#8449,#6660,#6661);
#5972=AXIS2_PLACEMENT_3D('',#8454,#6663,#6664);
#5973=AXIS2_PLACEMENT_3D('',#8458,#6666,#6667);
#5974=AXIS2_PLACEMENT_3D('',#8462,#6669,#6670);
#5975=AXIS2_PLACEMENT_3D('',#8465,#6672,#6673);
#5976=AXIS2_PLACEMENT_3D('',#8470,#6675,#6676);
#5977=AXIS2_PLACEMENT_3D('',#8474,#6678,#6679);
#5978=AXIS2_PLACEMENT_3D('',#8478,#6681,#6682);
#5979=AXIS2_PLACEMENT_3D('',#8481,#6684,#6685);
#5980=AXIS2_PLACEMENT_3D('',#8486,#6687,#6688);
#5981=AXIS2_PLACEMENT_3D('',#8490,#6690,#6691);
#5982=AXIS2_PLACEMENT_3D('',#8494,#6693,#6694);
#5983=AXIS2_PLACEMENT_3D('',#8497,#6696,#6697);
#5984=AXIS2_PLACEMENT_3D('',#8502,#6699,#6700);
#5985=AXIS2_PLACEMENT_3D('',#8506,#6702,#6703);
#5986=AXIS2_PLACEMENT_3D('',#8510,#6705,#6706);
#5987=AXIS2_PLACEMENT_3D('',#8513,#6708,#6709);
#5988=AXIS2_PLACEMENT_3D('',#8518,#6711,#6712);
#5989=AXIS2_PLACEMENT_3D('',#8522,#6714,#6715);
#5990=AXIS2_PLACEMENT_3D('',#8526,#6717,#6718);
#5991=AXIS2_PLACEMENT_3D('',#8529,#6720,#6721);
#5992=AXIS2_PLACEMENT_3D('',#8534,#6723,#6724);
#5993=AXIS2_PLACEMENT_3D('',#8538,#6726,#6727);
#5994=AXIS2_PLACEMENT_3D('',#8542,#6729,#6730);
#5995=AXIS2_PLACEMENT_3D('',#8545,#6732,#6733);
#5996=AXIS2_PLACEMENT_3D('',#8550,#6735,#6736);
#5997=AXIS2_PLACEMENT_3D('',#8554,#6738,#6739);
#5998=AXIS2_PLACEMENT_3D('',#8558,#6741,#6742);
#5999=AXIS2_PLACEMENT_3D('',#8561,#6744,#6745);
#6000=AXIS2_PLACEMENT_3D('',#8566,#6747,#6748);
#6001=AXIS2_PLACEMENT_3D('',#8570,#6750,#6751);
#6002=AXIS2_PLACEMENT_3D('',#8574,#6753,#6754);
#6003=AXIS2_PLACEMENT_3D('',#8577,#6756,#6757);
#6004=AXIS2_PLACEMENT_3D('',#8582,#6759,#6760);
#6005=AXIS2_PLACEMENT_3D('',#8586,#6762,#6763);
#6006=AXIS2_PLACEMENT_3D('',#8590,#6765,#6766);
#6007=AXIS2_PLACEMENT_3D('',#8593,#6768,#6769);
#6008=AXIS2_PLACEMENT_3D('',#8598,#6771,#6772);
#6009=AXIS2_PLACEMENT_3D('',#8602,#6774,#6775);
#6010=AXIS2_PLACEMENT_3D('',#8606,#6777,#6778);
#6011=AXIS2_PLACEMENT_3D('',#8609,#6780,#6781);
#6012=AXIS2_PLACEMENT_3D('',#8614,#6783,#6784);
#6013=AXIS2_PLACEMENT_3D('',#8618,#6786,#6787);
#6014=AXIS2_PLACEMENT_3D('',#8622,#6789,#6790);
#6015=AXIS2_PLACEMENT_3D('',#8625,#6792,#6793);
#6016=AXIS2_PLACEMENT_3D('',#8630,#6795,#6796);
#6017=AXIS2_PLACEMENT_3D('',#8634,#6798,#6799);
#6018=AXIS2_PLACEMENT_3D('',#8638,#6801,#6802);
#6019=AXIS2_PLACEMENT_3D('',#8641,#6804,#6805);
#6020=AXIS2_PLACEMENT_3D('',#8646,#6807,#6808);
#6021=AXIS2_PLACEMENT_3D('',#8650,#6810,#6811);
#6022=AXIS2_PLACEMENT_3D('',#8654,#6813,#6814);
#6023=AXIS2_PLACEMENT_3D('',#8657,#6816,#6817);
#6024=AXIS2_PLACEMENT_3D('',#8662,#6819,#6820);
#6025=AXIS2_PLACEMENT_3D('',#8666,#6822,#6823);
#6026=AXIS2_PLACEMENT_3D('',#8670,#6825,#6826);
#6027=AXIS2_PLACEMENT_3D('',#8673,#6828,#6829);
#6028=AXIS2_PLACEMENT_3D('',#8678,#6831,#6832);
#6029=AXIS2_PLACEMENT_3D('',#8682,#6834,#6835);
#6030=AXIS2_PLACEMENT_3D('',#8686,#6837,#6838);
#6031=AXIS2_PLACEMENT_3D('',#8689,#6840,#6841);
#6032=AXIS2_PLACEMENT_3D('',#8694,#6843,#6844);
#6033=AXIS2_PLACEMENT_3D('',#8698,#6846,#6847);
#6034=AXIS2_PLACEMENT_3D('',#8702,#6849,#6850);
#6035=AXIS2_PLACEMENT_3D('',#8705,#6852,#6853);
#6036=AXIS2_PLACEMENT_3D('',#8710,#6855,#6856);
#6037=AXIS2_PLACEMENT_3D('',#8714,#6858,#6859);
#6038=AXIS2_PLACEMENT_3D('',#8718,#6861,#6862);
#6039=AXIS2_PLACEMENT_3D('',#8721,#6864,#6865);
#6040=AXIS2_PLACEMENT_3D('',#8726,#6867,#6868);
#6041=AXIS2_PLACEMENT_3D('',#8730,#6870,#6871);
#6042=AXIS2_PLACEMENT_3D('',#8734,#6873,#6874);
#6043=AXIS2_PLACEMENT_3D('',#8737,#6876,#6877);
#6044=AXIS2_PLACEMENT_3D('',#8742,#6879,#6880);
#6045=AXIS2_PLACEMENT_3D('',#8746,#6882,#6883);
#6046=AXIS2_PLACEMENT_3D('',#8750,#6885,#6886);
#6047=AXIS2_PLACEMENT_3D('',#8753,#6888,#6889);
#6048=AXIS2_PLACEMENT_3D('',#8758,#6891,#6892);
#6049=AXIS2_PLACEMENT_3D('',#8762,#6894,#6895);
#6050=AXIS2_PLACEMENT_3D('',#8766,#6897,#6898);
#6051=AXIS2_PLACEMENT_3D('',#8769,#6900,#6901);
#6052=AXIS2_PLACEMENT_3D('',#8774,#6903,#6904);
#6053=AXIS2_PLACEMENT_3D('',#8778,#6906,#6907);
#6054=AXIS2_PLACEMENT_3D('',#8782,#6909,#6910);
#6055=AXIS2_PLACEMENT_3D('',#8785,#6912,#6913);
#6056=AXIS2_PLACEMENT_3D('',#8790,#6915,#6916);
#6057=AXIS2_PLACEMENT_3D('',#8794,#6918,#6919);
#6058=AXIS2_PLACEMENT_3D('',#8798,#6921,#6922);
#6059=AXIS2_PLACEMENT_3D('',#8801,#6924,#6925);
#6060=AXIS2_PLACEMENT_3D('',#8806,#6927,#6928);
#6061=AXIS2_PLACEMENT_3D('',#8810,#6930,#6931);
#6062=AXIS2_PLACEMENT_3D('',#8814,#6933,#6934);
#6063=AXIS2_PLACEMENT_3D('',#8817,#6936,#6937);
#6064=AXIS2_PLACEMENT_3D('',#8822,#6939,#6940);
#6065=AXIS2_PLACEMENT_3D('',#8826,#6942,#6943);
#6066=AXIS2_PLACEMENT_3D('',#8830,#6945,#6946);
#6067=AXIS2_PLACEMENT_3D('',#8833,#6948,#6949);
#6068=AXIS2_PLACEMENT_3D('',#8834,#6950,#6951);
#6069=AXIS2_PLACEMENT_3D('',#8837,#6953,#6954);
#6070=AXIS2_PLACEMENT_3D('',#8838,#6955,#6956);
#6071=AXIS2_PLACEMENT_3D('',#8841,#6958,#6959);
#6072=AXIS2_PLACEMENT_3D('',#8842,#6960,#6961);
#6073=AXIS2_PLACEMENT_3D('',#8845,#6963,#6964);
#6074=AXIS2_PLACEMENT_3D('',#8846,#6965,#6966);
#6075=AXIS2_PLACEMENT_3D('',#8850,#6969,#6970);
#6076=AXIS2_PLACEMENT_3D('',#8854,#6972,#6973);
#6077=AXIS2_PLACEMENT_3D('',#8856,#6975,#6976);
#6078=AXIS2_PLACEMENT_3D('',#8858,#6977,#6978);
#6079=AXIS2_PLACEMENT_3D('',#8860,#6980,#6981);
#6080=AXIS2_PLACEMENT_3D('',#8861,#6982,#6983);
#6081=AXIS2_PLACEMENT_3D('',#8862,#6984,#6985);
#6082=AXIS2_PLACEMENT_3D('',#8866,#6987,#6988);
#6083=AXIS2_PLACEMENT_3D('',#8868,#6990,#6991);
#6084=AXIS2_PLACEMENT_3D('',#8872,#6994,#6995);
#6085=AXIS2_PLACEMENT_3D('',#8875,#6997,#6998);
#6086=AXIS2_PLACEMENT_3D('',#8876,#6999,#7000);
#6087=AXIS2_PLACEMENT_3D('',#8878,#7002,#7003);
#6088=AXIS2_PLACEMENT_3D('',#8881,#7004,#7005);
#6089=AXIS2_PLACEMENT_3D('',#8884,#7008,#7009);
#6090=AXIS2_PLACEMENT_3D('',#8888,#7012,#7013);
#6091=AXIS2_PLACEMENT_3D('',#8890,#7014,#7015);
#6092=AXIS2_PLACEMENT_3D('',#8892,#7017,#7018);
#6093=AXIS2_PLACEMENT_3D('',#8894,#7020,#7021);
#6094=AXIS2_PLACEMENT_3D('',#8898,#7023,#7024);
#6095=AXIS2_PLACEMENT_3D('',#8902,#7026,#7027);
#6096=AXIS2_PLACEMENT_3D('',#8906,#7029,#7030);
#6097=AXIS2_PLACEMENT_3D('',#8910,#7032,#7033);
#6098=AXIS2_PLACEMENT_3D('',#8912,#7034,#7035);
#6099=AXIS2_PLACEMENT_3D('',#8916,#7037,#7038);
#6100=AXIS2_PLACEMENT_3D('',#8920,#7040,#7041);
#6101=AXIS2_PLACEMENT_3D('',#8924,#7043,#7044);
#6102=AXIS2_PLACEMENT_3D('',#8928,#7046,#7047);
#6103=AXIS2_PLACEMENT_3D('',#8932,#7049,#7050);
#6104=AXIS2_PLACEMENT_3D('',#8936,#7052,#7053);
#6105=AXIS2_PLACEMENT_3D('',#8940,#7055,#7056);
#6106=AXIS2_PLACEMENT_3D('',#8944,#7058,#7059);
#6107=AXIS2_PLACEMENT_3D('',#8948,#7061,#7062);
#6108=AXIS2_PLACEMENT_3D('',#8950,#7063,#7064);
#6109=AXIS2_PLACEMENT_3D('',#8954,#7066,#7067);
#6110=AXIS2_PLACEMENT_3D('',#8958,#7069,#7070);
#6111=AXIS2_PLACEMENT_3D('',#8962,#7072,#7073);
#6112=AXIS2_PLACEMENT_3D('',#8966,#7075,#7076);
#6113=AXIS2_PLACEMENT_3D('',#8970,#7078,#7079);
#6114=AXIS2_PLACEMENT_3D('',#8974,#7081,#7082);
#6115=AXIS2_PLACEMENT_3D('',#8978,#7084,#7085);
#6116=AXIS2_PLACEMENT_3D('',#8980,#7086,#7087);
#6117=AXIS2_PLACEMENT_3D('',#8984,#7089,#7090);
#6118=AXIS2_PLACEMENT_3D('',#8988,#7092,#7093);
#6119=AXIS2_PLACEMENT_3D('',#8992,#7095,#7096);
#6120=AXIS2_PLACEMENT_3D('',#8996,#7098,#7099);
#6121=AXIS2_PLACEMENT_3D('',#9000,#7101,#7102);
#6122=AXIS2_PLACEMENT_3D('',#9004,#7104,#7105);
#6123=AXIS2_PLACEMENT_3D('',#9008,#7107,#7108);
#6124=AXIS2_PLACEMENT_3D('',#9012,#7110,#7111);
#6125=AXIS2_PLACEMENT_3D('',#9016,#7113,#7114);
#6126=AXIS2_PLACEMENT_3D('',#9020,#7116,#7117);
#6127=AXIS2_PLACEMENT_3D('',#9024,#7119,#7120);
#6128=AXIS2_PLACEMENT_3D('',#9028,#7122,#7123);
#6129=AXIS2_PLACEMENT_3D('',#9034,#7126,#7127);
#6130=AXIS2_PLACEMENT_3D('',#9038,#7129,#7130);
#6131=AXIS2_PLACEMENT_3D('',#9042,#7132,#7133);
#6132=AXIS2_PLACEMENT_3D('',#9045,#7135,#7136);
#6133=AXIS2_PLACEMENT_3D('',#9050,#7138,#7139);
#6134=AXIS2_PLACEMENT_3D('',#9054,#7141,#7142);
#6135=AXIS2_PLACEMENT_3D('',#9058,#7144,#7145);
#6136=AXIS2_PLACEMENT_3D('',#9061,#7147,#7148);
#6137=AXIS2_PLACEMENT_3D('',#9066,#7150,#7151);
#6138=AXIS2_PLACEMENT_3D('',#9070,#7153,#7154);
#6139=AXIS2_PLACEMENT_3D('',#9074,#7156,#7157);
#6140=AXIS2_PLACEMENT_3D('',#9077,#7159,#7160);
#6141=AXIS2_PLACEMENT_3D('',#9082,#7162,#7163);
#6142=AXIS2_PLACEMENT_3D('',#9086,#7165,#7166);
#6143=AXIS2_PLACEMENT_3D('',#9090,#7168,#7169);
#6144=AXIS2_PLACEMENT_3D('',#9093,#7171,#7172);
#6145=AXIS2_PLACEMENT_3D('',#9098,#7174,#7175);
#6146=AXIS2_PLACEMENT_3D('',#9102,#7177,#7178);
#6147=AXIS2_PLACEMENT_3D('',#9106,#7180,#7181);
#6148=AXIS2_PLACEMENT_3D('',#9109,#7183,#7184);
#6149=AXIS2_PLACEMENT_3D('',#9114,#7186,#7187);
#6150=AXIS2_PLACEMENT_3D('',#9118,#7189,#7190);
#6151=AXIS2_PLACEMENT_3D('',#9122,#7192,#7193);
#6152=AXIS2_PLACEMENT_3D('',#9125,#7195,#7196);
#6153=AXIS2_PLACEMENT_3D('',#9130,#7198,#7199);
#6154=AXIS2_PLACEMENT_3D('',#9134,#7201,#7202);
#6155=AXIS2_PLACEMENT_3D('',#9138,#7204,#7205);
#6156=AXIS2_PLACEMENT_3D('',#9141,#7207,#7208);
#6157=AXIS2_PLACEMENT_3D('',#9146,#7210,#7211);
#6158=AXIS2_PLACEMENT_3D('',#9150,#7213,#7214);
#6159=AXIS2_PLACEMENT_3D('',#9154,#7216,#7217);
#6160=AXIS2_PLACEMENT_3D('',#9157,#7219,#7220);
#6161=AXIS2_PLACEMENT_3D('',#9162,#7222,#7223);
#6162=AXIS2_PLACEMENT_3D('',#9166,#7225,#7226);
#6163=AXIS2_PLACEMENT_3D('',#9170,#7228,#7229);
#6164=AXIS2_PLACEMENT_3D('',#9173,#7231,#7232);
#6165=AXIS2_PLACEMENT_3D('',#9178,#7234,#7235);
#6166=AXIS2_PLACEMENT_3D('',#9182,#7237,#7238);
#6167=AXIS2_PLACEMENT_3D('',#9186,#7240,#7241);
#6168=AXIS2_PLACEMENT_3D('',#9189,#7243,#7244);
#6169=AXIS2_PLACEMENT_3D('',#9194,#7246,#7247);
#6170=AXIS2_PLACEMENT_3D('',#9198,#7249,#7250);
#6171=AXIS2_PLACEMENT_3D('',#9202,#7252,#7253);
#6172=AXIS2_PLACEMENT_3D('',#9205,#7255,#7256);
#6173=AXIS2_PLACEMENT_3D('',#9210,#7258,#7259);
#6174=AXIS2_PLACEMENT_3D('',#9214,#7261,#7262);
#6175=AXIS2_PLACEMENT_3D('',#9218,#7264,#7265);
#6176=AXIS2_PLACEMENT_3D('',#9221,#7267,#7268);
#6177=AXIS2_PLACEMENT_3D('',#9226,#7270,#7271);
#6178=AXIS2_PLACEMENT_3D('',#9230,#7273,#7274);
#6179=AXIS2_PLACEMENT_3D('',#9234,#7276,#7277);
#6180=AXIS2_PLACEMENT_3D('',#9237,#7279,#7280);
#6181=AXIS2_PLACEMENT_3D('',#9242,#7282,#7283);
#6182=AXIS2_PLACEMENT_3D('',#9246,#7285,#7286);
#6183=AXIS2_PLACEMENT_3D('',#9250,#7288,#7289);
#6184=AXIS2_PLACEMENT_3D('',#9253,#7291,#7292);
#6185=AXIS2_PLACEMENT_3D('',#9258,#7294,#7295);
#6186=AXIS2_PLACEMENT_3D('',#9262,#7297,#7298);
#6187=AXIS2_PLACEMENT_3D('',#9266,#7300,#7301);
#6188=AXIS2_PLACEMENT_3D('',#9269,#7303,#7304);
#6189=AXIS2_PLACEMENT_3D('',#9274,#7306,#7307);
#6190=AXIS2_PLACEMENT_3D('',#9278,#7309,#7310);
#6191=AXIS2_PLACEMENT_3D('',#9282,#7312,#7313);
#6192=AXIS2_PLACEMENT_3D('',#9285,#7315,#7316);
#6193=AXIS2_PLACEMENT_3D('',#9290,#7318,#7319);
#6194=AXIS2_PLACEMENT_3D('',#9294,#7321,#7322);
#6195=AXIS2_PLACEMENT_3D('',#9298,#7324,#7325);
#6196=AXIS2_PLACEMENT_3D('',#9301,#7327,#7328);
#6197=AXIS2_PLACEMENT_3D('',#9306,#7330,#7331);
#6198=AXIS2_PLACEMENT_3D('',#9310,#7333,#7334);
#6199=AXIS2_PLACEMENT_3D('',#9314,#7336,#7337);
#6200=AXIS2_PLACEMENT_3D('',#9317,#7339,#7340);
#6201=AXIS2_PLACEMENT_3D('',#9322,#7342,#7343);
#6202=AXIS2_PLACEMENT_3D('',#9326,#7345,#7346);
#6203=AXIS2_PLACEMENT_3D('',#9330,#7348,#7349);
#6204=AXIS2_PLACEMENT_3D('',#9333,#7351,#7352);
#6205=AXIS2_PLACEMENT_3D('',#9338,#7354,#7355);
#6206=AXIS2_PLACEMENT_3D('',#9342,#7357,#7358);
#6207=AXIS2_PLACEMENT_3D('',#9346,#7360,#7361);
#6208=AXIS2_PLACEMENT_3D('',#9349,#7363,#7364);
#6209=AXIS2_PLACEMENT_3D('',#9354,#7366,#7367);
#6210=AXIS2_PLACEMENT_3D('',#9358,#7369,#7370);
#6211=AXIS2_PLACEMENT_3D('',#9362,#7372,#7373);
#6212=AXIS2_PLACEMENT_3D('',#9365,#7375,#7376);
#6213=AXIS2_PLACEMENT_3D('',#9370,#7378,#7379);
#6214=AXIS2_PLACEMENT_3D('',#9374,#7381,#7382);
#6215=AXIS2_PLACEMENT_3D('',#9378,#7384,#7385);
#6216=AXIS2_PLACEMENT_3D('',#9381,#7387,#7388);
#6217=AXIS2_PLACEMENT_3D('',#9386,#7390,#7391);
#6218=AXIS2_PLACEMENT_3D('',#9390,#7393,#7394);
#6219=AXIS2_PLACEMENT_3D('',#9394,#7396,#7397);
#6220=AXIS2_PLACEMENT_3D('',#9397,#7399,#7400);
#6221=AXIS2_PLACEMENT_3D('',#9402,#7402,#7403);
#6222=AXIS2_PLACEMENT_3D('',#9406,#7405,#7406);
#6223=AXIS2_PLACEMENT_3D('',#9410,#7408,#7409);
#6224=AXIS2_PLACEMENT_3D('',#9413,#7411,#7412);
#6225=AXIS2_PLACEMENT_3D('',#9418,#7414,#7415);
#6226=AXIS2_PLACEMENT_3D('',#9422,#7417,#7418);
#6227=AXIS2_PLACEMENT_3D('',#9426,#7420,#7421);
#6228=AXIS2_PLACEMENT_3D('',#9429,#7423,#7424);
#6229=AXIS2_PLACEMENT_3D('',#9438,#7429,#7430);
#6230=AXIS2_PLACEMENT_3D('',#9441,#7433,#7434);
#6231=AXIS2_PLACEMENT_3D('',#9443,#7436,#7437);
#6232=AXIS2_PLACEMENT_3D('',#9445,#7439,#7440);
#6233=AXIS2_PLACEMENT_3D('',#9447,#7442,#7443);
#6234=AXIS2_PLACEMENT_3D('',#9449,#7445,#7446);
#6235=AXIS2_PLACEMENT_3D('',#9451,#7448,#7449);
#6236=AXIS2_PLACEMENT_3D('',#9453,#7451,#7452);
#6237=AXIS2_PLACEMENT_3D('',#9454,#7453,#7454);
#6238=AXIS2_PLACEMENT_3D('',#9457,#7457,#7458);
#6239=AXIS2_PLACEMENT_3D('',#9459,#7460,#7461);
#6240=AXIS2_PLACEMENT_3D('',#9461,#7463,#7464);
#6241=AXIS2_PLACEMENT_3D('',#9463,#7466,#7467);
#6242=AXIS2_PLACEMENT_3D('',#9465,#7469,#7470);
#6243=AXIS2_PLACEMENT_3D('',#9467,#7472,#7473);
#6244=AXIS2_PLACEMENT_3D('',#9469,#7475,#7476);
#6245=AXIS2_PLACEMENT_3D('',#9470,#7477,#7478);
#6246=AXIS2_PLACEMENT_3D('',#9473,#7481,#7482);
#6247=AXIS2_PLACEMENT_3D('',#9475,#7484,#7485);
#6248=AXIS2_PLACEMENT_3D('',#9477,#7487,#7488);
#6249=AXIS2_PLACEMENT_3D('',#9479,#7490,#7491);
#6250=AXIS2_PLACEMENT_3D('',#9481,#7493,#7494);
#6251=AXIS2_PLACEMENT_3D('',#9483,#7496,#7497);
#6252=AXIS2_PLACEMENT_3D('',#9485,#7499,#7500);
#6253=AXIS2_PLACEMENT_3D('',#9486,#7501,#7502);
#6254=AXIS2_PLACEMENT_3D('',#9489,#7505,#7506);
#6255=AXIS2_PLACEMENT_3D('',#9491,#7508,#7509);
#6256=AXIS2_PLACEMENT_3D('',#9493,#7511,#7512);
#6257=AXIS2_PLACEMENT_3D('',#9495,#7514,#7515);
#6258=AXIS2_PLACEMENT_3D('',#9497,#7517,#7518);
#6259=AXIS2_PLACEMENT_3D('',#9499,#7520,#7521);
#6260=AXIS2_PLACEMENT_3D('',#9501,#7523,#7524);
#6261=AXIS2_PLACEMENT_3D('',#9502,#7525,#7526);
#6262=AXIS2_PLACEMENT_3D('',#9505,#7529,#7530);
#6263=AXIS2_PLACEMENT_3D('',#9507,#7532,#7533);
#6264=AXIS2_PLACEMENT_3D('',#9509,#7535,#7536);
#6265=AXIS2_PLACEMENT_3D('',#9511,#7538,#7539);
#6266=AXIS2_PLACEMENT_3D('',#9513,#7541,#7542);
#6267=AXIS2_PLACEMENT_3D('',#9515,#7544,#7545);
#6268=AXIS2_PLACEMENT_3D('',#9517,#7547,#7548);
#6269=AXIS2_PLACEMENT_3D('',#9518,#7549,#7550);
#6270=AXIS2_PLACEMENT_3D('',#9521,#7553,#7554);
#6271=AXIS2_PLACEMENT_3D('',#9523,#7556,#7557);
#6272=AXIS2_PLACEMENT_3D('',#9525,#7559,#7560);
#6273=AXIS2_PLACEMENT_3D('',#9527,#7562,#7563);
#6274=AXIS2_PLACEMENT_3D('',#9529,#7565,#7566);
#6275=AXIS2_PLACEMENT_3D('',#9531,#7568,#7569);
#6276=AXIS2_PLACEMENT_3D('',#9533,#7571,#7572);
#6277=AXIS2_PLACEMENT_3D('',#9534,#7573,#7574);
#6278=AXIS2_PLACEMENT_3D('',#9537,#7577,#7578);
#6279=AXIS2_PLACEMENT_3D('',#9539,#7580,#7581);
#6280=AXIS2_PLACEMENT_3D('',#9541,#7583,#7584);
#6281=AXIS2_PLACEMENT_3D('',#9543,#7586,#7587);
#6282=AXIS2_PLACEMENT_3D('',#9545,#7589,#7590);
#6283=AXIS2_PLACEMENT_3D('',#9547,#7592,#7593);
#6284=AXIS2_PLACEMENT_3D('',#9549,#7595,#7596);
#6285=AXIS2_PLACEMENT_3D('',#9550,#7597,#7598);
#6286=AXIS2_PLACEMENT_3D('',#9553,#7601,#7602);
#6287=AXIS2_PLACEMENT_3D('',#9555,#7604,#7605);
#6288=AXIS2_PLACEMENT_3D('',#9557,#7607,#7608);
#6289=AXIS2_PLACEMENT_3D('',#9559,#7610,#7611);
#6290=AXIS2_PLACEMENT_3D('',#9561,#7613,#7614);
#6291=AXIS2_PLACEMENT_3D('',#9563,#7616,#7617);
#6292=AXIS2_PLACEMENT_3D('',#9565,#7619,#7620);
#6293=AXIS2_PLACEMENT_3D('',#9566,#7621,#7622);
#6294=AXIS2_PLACEMENT_3D('',#9569,#7625,#7626);
#6295=AXIS2_PLACEMENT_3D('',#9571,#7628,#7629);
#6296=AXIS2_PLACEMENT_3D('',#9573,#7631,#7632);
#6297=AXIS2_PLACEMENT_3D('',#9575,#7634,#7635);
#6298=AXIS2_PLACEMENT_3D('',#9577,#7637,#7638);
#6299=AXIS2_PLACEMENT_3D('',#9579,#7640,#7641);
#6300=AXIS2_PLACEMENT_3D('',#9581,#7643,#7644);
#6301=AXIS2_PLACEMENT_3D('',#9582,#7645,#7646);
#6302=AXIS2_PLACEMENT_3D('',#9585,#7649,#7650);
#6303=AXIS2_PLACEMENT_3D('',#9587,#7652,#7653);
#6304=AXIS2_PLACEMENT_3D('',#9589,#7655,#7656);
#6305=AXIS2_PLACEMENT_3D('',#9591,#7658,#7659);
#6306=AXIS2_PLACEMENT_3D('',#9593,#7661,#7662);
#6307=AXIS2_PLACEMENT_3D('',#9595,#7664,#7665);
#6308=AXIS2_PLACEMENT_3D('',#9597,#7667,#7668);
#6309=AXIS2_PLACEMENT_3D('',#9598,#7669,#7670);
#6310=AXIS2_PLACEMENT_3D('',#9601,#7673,#7674);
#6311=AXIS2_PLACEMENT_3D('',#9603,#7676,#7677);
#6312=AXIS2_PLACEMENT_3D('',#9605,#7679,#7680);
#6313=AXIS2_PLACEMENT_3D('',#9607,#7682,#7683);
#6314=AXIS2_PLACEMENT_3D('',#9609,#7685,#7686);
#6315=AXIS2_PLACEMENT_3D('',#9611,#7688,#7689);
#6316=AXIS2_PLACEMENT_3D('',#9613,#7691,#7692);
#6317=AXIS2_PLACEMENT_3D('',#9614,#7693,#7694);
#6318=AXIS2_PLACEMENT_3D('',#9617,#7697,#7698);
#6319=AXIS2_PLACEMENT_3D('',#9619,#7700,#7701);
#6320=AXIS2_PLACEMENT_3D('',#9621,#7703,#7704);
#6321=AXIS2_PLACEMENT_3D('',#9623,#7706,#7707);
#6322=AXIS2_PLACEMENT_3D('',#9625,#7709,#7710);
#6323=AXIS2_PLACEMENT_3D('',#9627,#7712,#7713);
#6324=AXIS2_PLACEMENT_3D('',#9629,#7715,#7716);
#6325=AXIS2_PLACEMENT_3D('',#9630,#7717,#7718);
#6326=AXIS2_PLACEMENT_3D('',#9633,#7721,#7722);
#6327=AXIS2_PLACEMENT_3D('',#9635,#7724,#7725);
#6328=AXIS2_PLACEMENT_3D('',#9637,#7727,#7728);
#6329=AXIS2_PLACEMENT_3D('',#9639,#7730,#7731);
#6330=AXIS2_PLACEMENT_3D('',#9641,#7733,#7734);
#6331=AXIS2_PLACEMENT_3D('',#9643,#7736,#7737);
#6332=AXIS2_PLACEMENT_3D('',#9645,#7739,#7740);
#6333=AXIS2_PLACEMENT_3D('',#9646,#7741,#7742);
#6334=AXIS2_PLACEMENT_3D('',#9649,#7745,#7746);
#6335=AXIS2_PLACEMENT_3D('',#9651,#7748,#7749);
#6336=AXIS2_PLACEMENT_3D('',#9653,#7751,#7752);
#6337=AXIS2_PLACEMENT_3D('',#9655,#7754,#7755);
#6338=AXIS2_PLACEMENT_3D('',#9657,#7757,#7758);
#6339=AXIS2_PLACEMENT_3D('',#9659,#7760,#7761);
#6340=AXIS2_PLACEMENT_3D('',#9661,#7763,#7764);
#6341=AXIS2_PLACEMENT_3D('',#9662,#7765,#7766);
#6342=AXIS2_PLACEMENT_3D('',#9665,#7769,#7770);
#6343=AXIS2_PLACEMENT_3D('',#9667,#7772,#7773);
#6344=AXIS2_PLACEMENT_3D('',#9669,#7775,#7776);
#6345=AXIS2_PLACEMENT_3D('',#9671,#7778,#7779);
#6346=AXIS2_PLACEMENT_3D('',#9673,#7781,#7782);
#6347=AXIS2_PLACEMENT_3D('',#9675,#7784,#7785);
#6348=AXIS2_PLACEMENT_3D('',#9677,#7787,#7788);
#6349=AXIS2_PLACEMENT_3D('',#9678,#7789,#7790);
#6350=AXIS2_PLACEMENT_3D('',#9681,#7793,#7794);
#6351=AXIS2_PLACEMENT_3D('',#9683,#7796,#7797);
#6352=AXIS2_PLACEMENT_3D('',#9685,#7799,#7800);
#6353=AXIS2_PLACEMENT_3D('',#9687,#7802,#7803);
#6354=AXIS2_PLACEMENT_3D('',#9689,#7805,#7806);
#6355=AXIS2_PLACEMENT_3D('',#9691,#7808,#7809);
#6356=AXIS2_PLACEMENT_3D('',#9693,#7811,#7812);
#6357=AXIS2_PLACEMENT_3D('',#9694,#7813,#7814);
#6358=AXIS2_PLACEMENT_3D('',#9697,#7817,#7818);
#6359=AXIS2_PLACEMENT_3D('',#9699,#7820,#7821);
#6360=AXIS2_PLACEMENT_3D('',#9701,#7823,#7824);
#6361=AXIS2_PLACEMENT_3D('',#9703,#7826,#7827);
#6362=AXIS2_PLACEMENT_3D('',#9705,#7829,#7830);
#6363=AXIS2_PLACEMENT_3D('',#9707,#7832,#7833);
#6364=AXIS2_PLACEMENT_3D('',#9709,#7835,#7836);
#6365=AXIS2_PLACEMENT_3D('',#9710,#7837,#7838);
#6366=AXIS2_PLACEMENT_3D('',#9713,#7841,#7842);
#6367=AXIS2_PLACEMENT_3D('',#9715,#7844,#7845);
#6368=AXIS2_PLACEMENT_3D('',#9717,#7847,#7848);
#6369=AXIS2_PLACEMENT_3D('',#9719,#7850,#7851);
#6370=AXIS2_PLACEMENT_3D('',#9721,#7853,#7854);
#6371=AXIS2_PLACEMENT_3D('',#9723,#7856,#7857);
#6372=AXIS2_PLACEMENT_3D('',#9725,#7859,#7860);
#6373=AXIS2_PLACEMENT_3D('',#9726,#7861,#7862);
#6374=AXIS2_PLACEMENT_3D('',#9729,#7865,#7866);
#6375=AXIS2_PLACEMENT_3D('',#9731,#7868,#7869);
#6376=AXIS2_PLACEMENT_3D('',#9733,#7871,#7872);
#6377=AXIS2_PLACEMENT_3D('',#9735,#7874,#7875);
#6378=AXIS2_PLACEMENT_3D('',#9737,#7877,#7878);
#6379=AXIS2_PLACEMENT_3D('',#9739,#7880,#7881);
#6380=AXIS2_PLACEMENT_3D('',#9741,#7883,#7884);
#6381=AXIS2_PLACEMENT_3D('',#9742,#7885,#7886);
#6382=AXIS2_PLACEMENT_3D('',#9745,#7889,#7890);
#6383=AXIS2_PLACEMENT_3D('',#9747,#7892,#7893);
#6384=AXIS2_PLACEMENT_3D('',#9749,#7895,#7896);
#6385=AXIS2_PLACEMENT_3D('',#9751,#7898,#7899);
#6386=AXIS2_PLACEMENT_3D('',#9753,#7901,#7902);
#6387=AXIS2_PLACEMENT_3D('',#9755,#7904,#7905);
#6388=AXIS2_PLACEMENT_3D('',#9757,#7907,#7908);
#6389=AXIS2_PLACEMENT_3D('',#9758,#7909,#7910);
#6390=AXIS2_PLACEMENT_3D('',#9761,#7913,#7914);
#6391=AXIS2_PLACEMENT_3D('',#9763,#7916,#7917);
#6392=AXIS2_PLACEMENT_3D('',#9765,#7919,#7920);
#6393=AXIS2_PLACEMENT_3D('',#9767,#7922,#7923);
#6394=AXIS2_PLACEMENT_3D('',#9769,#7925,#7926);
#6395=AXIS2_PLACEMENT_3D('',#9771,#7928,#7929);
#6396=AXIS2_PLACEMENT_3D('',#9773,#7931,#7932);
#6397=AXIS2_PLACEMENT_3D('',#9774,#7933,#7934);
#6398=AXIS2_PLACEMENT_3D('',#9777,#7937,#7938);
#6399=AXIS2_PLACEMENT_3D('',#9779,#7940,#7941);
#6400=AXIS2_PLACEMENT_3D('',#9781,#7943,#7944);
#6401=AXIS2_PLACEMENT_3D('',#9783,#7946,#7947);
#6402=AXIS2_PLACEMENT_3D('',#9785,#7949,#7950);
#6403=AXIS2_PLACEMENT_3D('',#9787,#7952,#7953);
#6404=AXIS2_PLACEMENT_3D('',#9789,#7955,#7956);
#6405=AXIS2_PLACEMENT_3D('',#9790,#7957,#7958);
#6406=AXIS2_PLACEMENT_3D('',#9793,#7961,#7962);
#6407=AXIS2_PLACEMENT_3D('',#9795,#7964,#7965);
#6408=AXIS2_PLACEMENT_3D('',#9797,#7967,#7968);
#6409=AXIS2_PLACEMENT_3D('',#9799,#7970,#7971);
#6410=AXIS2_PLACEMENT_3D('',#9801,#7973,#7974);
#6411=AXIS2_PLACEMENT_3D('',#9803,#7976,#7977);
#6412=AXIS2_PLACEMENT_3D('',#9805,#7979,#7980);
#6413=AXIS2_PLACEMENT_3D('',#9806,#7981,#7982);
#6414=AXIS2_PLACEMENT_3D('',#9809,#7985,#7986);
#6415=AXIS2_PLACEMENT_3D('',#9811,#7988,#7989);
#6416=AXIS2_PLACEMENT_3D('',#9813,#7991,#7992);
#6417=AXIS2_PLACEMENT_3D('',#9815,#7994,#7995);
#6418=AXIS2_PLACEMENT_3D('',#9817,#7997,#7998);
#6419=AXIS2_PLACEMENT_3D('',#9819,#8000,#8001);
#6420=AXIS2_PLACEMENT_3D('',#9821,#8003,#8004);
#6421=AXIS2_PLACEMENT_3D('',#9822,#8005,#8006);
#6422=AXIS2_PLACEMENT_3D('',#9825,#8009,#8010);
#6423=AXIS2_PLACEMENT_3D('',#9827,#8012,#8013);
#6424=AXIS2_PLACEMENT_3D('',#9829,#8015,#8016);
#6425=AXIS2_PLACEMENT_3D('',#9831,#8018,#8019);
#6426=AXIS2_PLACEMENT_3D('',#9833,#8021,#8022);
#6427=AXIS2_PLACEMENT_3D('',#9835,#8024,#8025);
#6428=AXIS2_PLACEMENT_3D('',#9837,#8027,#8028);
#6429=AXIS2_PLACEMENT_3D('',#9838,#8029,#8030);
#6430=AXIS2_PLACEMENT_3D('',#9841,#8033,#8034);
#6431=AXIS2_PLACEMENT_3D('',#9843,#8036,#8037);
#6432=AXIS2_PLACEMENT_3D('',#9845,#8039,#8040);
#6433=AXIS2_PLACEMENT_3D('',#9846,#8041,#8042);
#6434=AXIS2_PLACEMENT_3D('',#9849,#8045,#8046);
#6435=AXIS2_PLACEMENT_3D('',#9851,#8048,#8049);
#6436=AXIS2_PLACEMENT_3D('',#9853,#8051,#8052);
#6437=AXIS2_PLACEMENT_3D('',#9855,#8054,#8055);
#6438=AXIS2_PLACEMENT_3D('',#9857,#8057,#8058);
#6439=AXIS2_PLACEMENT_3D('',#9859,#8060,#8061);
#6440=AXIS2_PLACEMENT_3D('',#9861,#8063,#8064);
#6441=AXIS2_PLACEMENT_3D('',#9863,#8066,#8067);
#6442=AXIS2_PLACEMENT_3D('',#9865,#8069,#8070);
#6443=AXIS2_PLACEMENT_3D('',#9867,#8072,#8073);
#6444=AXIS2_PLACEMENT_3D('',#9869,#8075,#8076);
#6445=AXIS2_PLACEMENT_3D('',#9871,#8078,#8079);
#6446=AXIS2_PLACEMENT_3D('',#9873,#8081,#8082);
#6447=AXIS2_PLACEMENT_3D('',#9875,#8084,#8085);
#6448=AXIS2_PLACEMENT_3D('',#9877,#8087,#8088);
#6449=AXIS2_PLACEMENT_3D('',#9879,#8090,#8091);
#6450=AXIS2_PLACEMENT_3D('',#9881,#8093,#8094);
#6451=AXIS2_PLACEMENT_3D('',#9883,#8096,#8097);
#6452=AXIS2_PLACEMENT_3D('',#9885,#8099,#8100);
#6453=AXIS2_PLACEMENT_3D('',#9887,#8102,#8103);
#6454=AXIS2_PLACEMENT_3D('',#9889,#8105,#8106);
#6455=AXIS2_PLACEMENT_3D('',#9891,#8108,#8109);
#6456=AXIS2_PLACEMENT_3D('',#9893,#8111,#8112);
#6457=AXIS2_PLACEMENT_3D('',#9895,#8114,#8115);
#6458=AXIS2_PLACEMENT_3D('',#9897,#8117,#8118);
#6459=AXIS2_PLACEMENT_3D('',#9899,#8120,#8121);
#6460=AXIS2_PLACEMENT_3D('',#9901,#8123,#8124);
#6461=AXIS2_PLACEMENT_3D('',#9903,#8126,#8127);
#6462=AXIS2_PLACEMENT_3D('',#9905,#8129,#8130);
#6463=AXIS2_PLACEMENT_3D('',#9907,#8132,#8133);
#6464=AXIS2_PLACEMENT_3D('',#9909,#8135,#8136);
#6465=AXIS2_PLACEMENT_3D('',#9911,#8138,#8139);
#6466=AXIS2_PLACEMENT_3D('',#9913,#8141,#8142);
#6467=AXIS2_PLACEMENT_3D('',#9915,#8144,#8145);
#6468=AXIS2_PLACEMENT_3D('',#9917,#8147,#8148);
#6469=AXIS2_PLACEMENT_3D('',#9919,#8150,#8151);
#6470=AXIS2_PLACEMENT_3D('',#9921,#8153,#8154);
#6471=AXIS2_PLACEMENT_3D('',#9922,#8155,#8156);
#6472=AXIS2_PLACEMENT_3D('',#9924,#8158,#8159);
#6473=AXIS2_PLACEMENT_3D('',#9926,#8161,#8162);
#6474=AXIS2_PLACEMENT_3D('',#9928,#8164,#8165);
#6475=AXIS2_PLACEMENT_3D('',#9930,#8167,#8168);
#6476=AXIS2_PLACEMENT_3D('',#9932,#8170,#8171);
#6477=AXIS2_PLACEMENT_3D('',#9934,#8173,#8174);
#6478=AXIS2_PLACEMENT_3D('',#9936,#8176,#8177);
#6479=AXIS2_PLACEMENT_3D('',#9938,#8179,#8180);
#6480=AXIS2_PLACEMENT_3D('',#9940,#8182,#8183);
#6481=AXIS2_PLACEMENT_3D('',#9942,#8185,#8186);
#6482=AXIS2_PLACEMENT_3D('',#9944,#8188,#8189);
#6483=AXIS2_PLACEMENT_3D('',#9946,#8191,#8192);
#6484=AXIS2_PLACEMENT_3D('',#9948,#8194,#8195);
#6485=AXIS2_PLACEMENT_3D('',#9950,#8197,#8198);
#6486=AXIS2_PLACEMENT_3D('',#9952,#8200,#8201);
#6487=AXIS2_PLACEMENT_3D('',#9954,#8203,#8204);
#6488=AXIS2_PLACEMENT_3D('',#9956,#8206,#8207);
#6489=AXIS2_PLACEMENT_3D('',#9958,#8209,#8210);
#6490=AXIS2_PLACEMENT_3D('',#9960,#8212,#8213);
#6491=AXIS2_PLACEMENT_3D('',#9962,#8215,#8216);
#6492=AXIS2_PLACEMENT_3D('',#9964,#8218,#8219);
#6493=AXIS2_PLACEMENT_3D('',#9966,#8221,#8222);
#6494=AXIS2_PLACEMENT_3D('',#9968,#8224,#8225);
#6495=AXIS2_PLACEMENT_3D('',#9970,#8227,#8228);
#6496=AXIS2_PLACEMENT_3D('',#9972,#8230,#8231);
#6497=AXIS2_PLACEMENT_3D('',#9974,#8233,#8234);
#6498=AXIS2_PLACEMENT_3D('',#9976,#8236,#8237);
#6499=AXIS2_PLACEMENT_3D('',#9978,#8239,#8240);
#6500=AXIS2_PLACEMENT_3D('',#9980,#8242,#8243);
#6501=DIRECTION('axis',(0.,0.,1.));
#6502=DIRECTION('refdir',(1.,0.,0.));
#6503=DIRECTION('center_axis',(0.,0.,-1.));
#6504=DIRECTION('ref_axis',(-0.989015863361922,-0.147809411129578,0.));
#6505=DIRECTION('center_axis',(0.,0.,1.));
#6506=DIRECTION('ref_axis',(-0.989015863361922,-0.147809411129578,0.));
#6507=DIRECTION('',(0.,0.,1.));
#6508=DIRECTION('center_axis',(0.,0.,-1.));
#6509=DIRECTION('ref_axis',(-0.989015863361922,-0.147809411129578,0.));
#6510=DIRECTION('',(0.,0.,-1.));
#6511=DIRECTION('center_axis',(1.,-9.95709211668599E-16,0.));
#6512=DIRECTION('ref_axis',(9.95709211668599E-16,1.,4.47537993761987E-17));
#6513=DIRECTION('',(-9.95709211668599E-16,-1.,0.));
#6514=DIRECTION('',(0.,0.,1.));
#6515=DIRECTION('',(9.95709211668599E-16,1.,0.));
#6516=DIRECTION('center_axis',(0.,0.,-1.));
#6517=DIRECTION('ref_axis',(1.,0.,0.));
#6518=DIRECTION('',(-0.292371704722674,0.956304755963055,0.));
#6519=DIRECTION('center_axis',(0.,0.,-1.));
#6520=DIRECTION('ref_axis',(0.292371704722676,-0.956304755963054,0.));
#6521=DIRECTION('',(-0.956304755963054,-0.292371704722676,0.));
#6522=DIRECTION('center_axis',(0.,0.,-1.));
#6523=DIRECTION('ref_axis',(1.,0.,0.));
#6524=DIRECTION('',(-0.292371704722821,0.95630475596301,0.));
#6525=DIRECTION('center_axis',(0.,0.,-1.));
#6526=DIRECTION('ref_axis',(0.2923717047228,-0.956304755963016,0.));
#6527=DIRECTION('',(-0.95630475596301,-0.292371704722819,0.));
#6528=DIRECTION('center_axis',(0.,0.,-1.));
#6529=DIRECTION('ref_axis',(-0.292371704722824,0.956304755963009,0.));
#6530=DIRECTION('',(-1.,-1.30093681861197E-13,0.));
#6531=DIRECTION('center_axis',(0.,0.,-1.));
#6532=DIRECTION('ref_axis',(1.,1.3322676295502E-13,0.));
#6533=DIRECTION('',(1.33226762955018E-13,-1.,0.));
#6534=DIRECTION('center_axis',(0.,0.,-1.));
#6535=DIRECTION('ref_axis',(1.,0.,0.));
#6536=DIRECTION('',(-1.,0.,0.));
#6537=DIRECTION('center_axis',(0.,0.,-1.));
#6538=DIRECTION('ref_axis',(1.,0.,0.));
#6539=DIRECTION('',(2.20686533946891E-16,-1.,0.));
#6540=DIRECTION('center_axis',(0.,0.,-1.));
#6541=DIRECTION('ref_axis',(-1.,0.,0.));
#6542=DIRECTION('',(-1.,0.,0.));
#6543=DIRECTION('center_axis',(0.,0.,-1.));
#6544=DIRECTION('ref_axis',(-3.7396986092637E-15,1.,0.));
#6545=DIRECTION('',(0.,1.,0.));
#6546=DIRECTION('center_axis',(0.,0.,-1.));
#6547=DIRECTION('ref_axis',(0.,-1.,0.));
#6548=DIRECTION('',(-1.,2.96059473233378E-15,0.));
#6549=DIRECTION('center_axis',(0.,0.,-1.));
#6550=DIRECTION('ref_axis',(1.,0.,0.));
#6551=DIRECTION('',(-1.1842378929335E-14,1.,0.));
#6552=DIRECTION('center_axis',(0.,0.,-1.));
#6553=DIRECTION('ref_axis',(-1.77635683940024E-14,-1.,0.));
#6554=DIRECTION('',(-1.,3.89551938464967E-16,0.));
#6555=DIRECTION('center_axis',(0.,0.,-1.));
#6556=DIRECTION('ref_axis',(-3.7396986092637E-15,1.,0.));
#6557=DIRECTION('center_axis',(0.,0.,-1.));
#6558=DIRECTION('ref_axis',(1.42108547152022E-14,-1.,0.));
#6559=DIRECTION('',(-1.,-8.14842586880846E-16,0.));
#6560=DIRECTION('center_axis',(0.,0.,-1.));
#6561=DIRECTION('ref_axis',(1.,-3.55271367880032E-14,0.));
#6562=DIRECTION('',(0.,-1.,0.));
#6563=DIRECTION('center_axis',(0.,0.,-1.));
#6564=DIRECTION('ref_axis',(1.,0.,0.));
#6565=DIRECTION('',(-1.,-1.18423789293351E-14,0.));
#6566=DIRECTION('center_axis',(0.,0.,-1.));
#6567=DIRECTION('ref_axis',(1.,0.,0.));
#6568=DIRECTION('',(0.,-1.,0.));
#6569=DIRECTION('center_axis',(0.,0.,-1.));
#6570=DIRECTION('ref_axis',(0.,1.,0.));
#6571=DIRECTION('',(1.,1.18423789293351E-14,0.));
#6572=DIRECTION('center_axis',(0.,0.,-1.));
#6573=DIRECTION('ref_axis',(1.,0.,0.));
#6574=DIRECTION('',(2.368475785867E-14,-1.,0.));
#6575=DIRECTION('center_axis',(0.,0.,-1.));
#6576=DIRECTION('ref_axis',(3.55271367880045E-14,1.,0.));
#6577=DIRECTION('',(1.,-7.79103876929927E-16,0.));
#6578=DIRECTION('center_axis',(0.,0.,-1.));
#6579=DIRECTION('ref_axis',(1.86984930463185E-15,-1.,0.));
#6580=DIRECTION('center_axis',(0.,0.,-1.));
#6581=DIRECTION('ref_axis',(-7.10542735760115E-15,1.,0.));
#6582=DIRECTION('',(1.,-2.72238596076668E-15,0.));
#6583=DIRECTION('center_axis',(0.,0.,-1.));
#6584=DIRECTION('ref_axis',(-1.86984930463185E-15,-1.,0.));
#6585=DIRECTION('',(6.64058631551491E-15,-1.,0.));
#6586=DIRECTION('center_axis',(0.,0.,-1.));
#6587=DIRECTION('ref_axis',(0.,1.,0.));
#6588=DIRECTION('',(1.,1.18423789293354E-14,0.));
#6589=DIRECTION('center_axis',(0.,0.,-1.));
#6590=DIRECTION('ref_axis',(1.,0.,0.));
#6591=DIRECTION('',(0.,-1.,0.));
#6592=DIRECTION('center_axis',(0.,0.,-1.));
#6593=DIRECTION('ref_axis',(-1.77635683940029E-14,1.,0.));
#6594=DIRECTION('',(1.,0.,0.));
#6595=DIRECTION('center_axis',(0.,0.,-1.));
#6596=DIRECTION('ref_axis',(-1.86984930463184E-15,-1.,0.));
#6597=DIRECTION('',(4.4408920985006E-15,-1.,0.));
#6598=DIRECTION('center_axis',(0.,0.,-1.));
#6599=DIRECTION('ref_axis',(-1.42108547152025E-14,1.,0.));
#6600=DIRECTION('',(1.,-4.93432455388959E-16,0.));
#6601=DIRECTION('center_axis',(0.,0.,-1.));
#6602=DIRECTION('ref_axis',(-1.,-7.10542735760098E-15,0.));
#6603=DIRECTION('',(-1.11022302462516E-15,1.,0.));
#6604=DIRECTION('center_axis',(0.,0.,-1.));
#6605=DIRECTION('ref_axis',(1.,0.,0.));
#6606=DIRECTION('',(1.,-6.63158929384803E-16,0.));
#6607=DIRECTION('center_axis',(0.,0.,-1.));
#6608=DIRECTION('ref_axis',(-0.942809041582064,0.333333333333332,0.));
#6609=DIRECTION('center_axis',(0.,0.,-1.));
#6610=DIRECTION('ref_axis',(0.942809041582065,-0.333333333333327,0.));
#6611=DIRECTION('',(1.,7.79103876929933E-16,0.));
#6612=DIRECTION('center_axis',(0.,0.,-1.));
#6613=DIRECTION('ref_axis',(-1.,0.,0.));
#6614=DIRECTION('',(1.18423789293351E-14,1.,0.));
#6615=DIRECTION('center_axis',(0.,0.,-1.));
#6616=DIRECTION('ref_axis',(1.,0.,0.));
#6617=DIRECTION('',(1.,1.1842378929335E-14,0.));
#6618=DIRECTION('center_axis',(0.,0.,-1.));
#6619=DIRECTION('ref_axis',(-1.,0.,0.));
#6620=DIRECTION('',(-9.6652807156562E-33,-1.,0.));
#6621=DIRECTION('center_axis',(0.,0.,-1.));
#6622=DIRECTION('ref_axis',(1.,-5.55111512312576E-15,0.));
#6623=DIRECTION('',(-1.,-1.28347690850021E-15,0.));
#6624=DIRECTION('center_axis',(0.,0.,-1.));
#6625=DIRECTION('ref_axis',(-9.6652807156562E-33,-1.,0.));
#6626=DIRECTION('',(9.6652807156562E-33,1.,0.));
#6627=DIRECTION('center_axis',(0.,0.,-1.));
#6628=DIRECTION('ref_axis',(0.,1.,0.));
#6629=DIRECTION('',(-1.,3.1720657846433E-16,0.));
#6630=DIRECTION('center_axis',(0.,0.,-1.));
#6631=DIRECTION('ref_axis',(-0.707106781186545,0.70710678118655,0.));
#6632=DIRECTION('',(-9.95709211668599E-16,-1.,0.));
#6633=DIRECTION('center_axis',(0.,0.,-1.));
#6634=DIRECTION('ref_axis',(-0.450748935855231,-0.892650769800473,0.));
#6635=DIRECTION('center_axis',(0.,0.,-1.));
#6636=DIRECTION('ref_axis',(1.,0.,0.));
#6637=DIRECTION('center_axis',(0.,0.,-1.));
#6638=DIRECTION('ref_axis',(-0.450748935855205,0.892650769800486,0.));
#6639=DIRECTION('',(-9.95709211668599E-16,-1.,0.));
#6640=DIRECTION('center_axis',(0.,0.,-1.));
#6641=DIRECTION('ref_axis',(-0.450748935855233,-0.892650769800472,0.));
#6642=DIRECTION('center_axis',(0.,0.,-1.));
#6643=DIRECTION('ref_axis',(1.,0.,0.));
#6644=DIRECTION('center_axis',(0.,0.,-1.));
#6645=DIRECTION('ref_axis',(-0.450748935855218,0.892650769800479,0.));
#6646=DIRECTION('',(0.,-1.,0.));
#6647=DIRECTION('',(-1.,0.,0.));
#6648=DIRECTION('',(0.,1.,0.));
#6649=DIRECTION('',(1.,0.,0.));
#6650=DIRECTION('',(-1.,-6.72861014941221E-16,0.));
#6651=DIRECTION('center_axis',(0.,0.,-1.));
#6652=DIRECTION('ref_axis',(1.48029736616686E-14,1.,0.));
#6653=DIRECTION('',(1.34572202988285E-15,1.,0.));
#6654=DIRECTION('center_axis',(0.,0.,-1.));
#6655=DIRECTION('ref_axis',(1.,3.70074341541721E-15,0.));
#6656=DIRECTION('',(1.,3.3643050747061E-16,0.));
#6657=DIRECTION('center_axis',(0.,0.,-1.));
#6658=DIRECTION('ref_axis',(-1.48029736616686E-14,-1.,0.));
#6659=DIRECTION('',(0.,-1.,0.));
#6660=DIRECTION('center_axis',(0.,0.,-1.));
#6661=DIRECTION('ref_axis',(-1.,0.,0.));
#6662=DIRECTION('',(1.34572202988285E-15,1.,0.));
#6663=DIRECTION('center_axis',(0.,0.,-1.));
#6664=DIRECTION('ref_axis',(1.,1.85037170770861E-15,0.));
#6665=DIRECTION('',(1.,0.,0.));
#6666=DIRECTION('center_axis',(0.,0.,-1.));
#6667=DIRECTION('ref_axis',(0.,-1.,0.));
#6668=DIRECTION('',(0.,-1.,0.));
#6669=DIRECTION('center_axis',(0.,0.,-1.));
#6670=DIRECTION('ref_axis',(-1.,-3.70074341541721E-15,0.));
#6671=DIRECTION('',(-1.,-1.00929152241183E-15,0.));
#6672=DIRECTION('center_axis',(0.,0.,-1.));
#6673=DIRECTION('ref_axis',(1.48029736616686E-14,1.,0.));
#6674=DIRECTION('',(1.34572202988295E-15,1.,0.));
#6675=DIRECTION('center_axis',(0.,0.,-1.));
#6676=DIRECTION('ref_axis',(1.,3.70074341541721E-15,0.));
#6677=DIRECTION('',(1.,0.,0.));
#6678=DIRECTION('center_axis',(0.,0.,-1.));
#6679=DIRECTION('ref_axis',(0.,-1.,0.));
#6680=DIRECTION('',(0.,-1.,0.));
#6681=DIRECTION('center_axis',(0.,0.,-1.));
#6682=DIRECTION('ref_axis',(-1.,-9.25185853854296E-16,0.));
#6683=DIRECTION('',(-1.,-1.00929152241183E-15,0.));
#6684=DIRECTION('center_axis',(0.,0.,-1.));
#6685=DIRECTION('ref_axis',(1.48029736616686E-14,1.,0.));
#6686=DIRECTION('',(1.34572202988285E-15,1.,0.));
#6687=DIRECTION('center_axis',(0.,0.,-1.));
#6688=DIRECTION('ref_axis',(1.,3.70074341541721E-15,0.));
#6689=DIRECTION('',(1.,0.,0.));
#6690=DIRECTION('center_axis',(0.,0.,-1.));
#6691=DIRECTION('ref_axis',(-7.40148683083434E-15,-1.,0.));
#6692=DIRECTION('',(0.,-1.,0.));
#6693=DIRECTION('center_axis',(0.,0.,-1.));
#6694=DIRECTION('ref_axis',(-1.,-9.25185853854296E-16,0.));
#6695=DIRECTION('',(-1.,-1.00929152241183E-15,0.));
#6696=DIRECTION('center_axis',(0.,0.,-1.));
#6697=DIRECTION('ref_axis',(1.48029736616686E-14,1.,0.));
#6698=DIRECTION('',(0.,1.,0.));
#6699=DIRECTION('center_axis',(0.,0.,-1.));
#6700=DIRECTION('ref_axis',(1.,1.85037170770859E-15,0.));
#6701=DIRECTION('',(1.,0.,0.));
#6702=DIRECTION('center_axis',(0.,0.,-1.));
#6703=DIRECTION('ref_axis',(0.,-1.,0.));
#6704=DIRECTION('',(0.,-1.,0.));
#6705=DIRECTION('center_axis',(0.,0.,-1.));
#6706=DIRECTION('ref_axis',(-1.,-1.38777878078144E-15,0.));
#6707=DIRECTION('',(-1.,-2.10269067169291E-16,0.));
#6708=DIRECTION('center_axis',(0.,0.,-1.));
#6709=DIRECTION('ref_axis',(0.,1.,0.));
#6710=DIRECTION('',(1.,0.,0.));
#6711=DIRECTION('center_axis',(0.,0.,-1.));
#6712=DIRECTION('ref_axis',(-3.70074341541717E-15,-1.,0.));
#6713=DIRECTION('',(0.,-1.,0.));
#6714=DIRECTION('center_axis',(0.,0.,-1.));
#6715=DIRECTION('ref_axis',(-1.,3.70074341541717E-15,0.));
#6716=DIRECTION('',(-1.,-3.36430507470712E-16,0.));
#6717=DIRECTION('center_axis',(0.,0.,-1.));
#6718=DIRECTION('ref_axis',(0.,1.,0.));
#6719=DIRECTION('',(0.,1.,0.));
#6720=DIRECTION('center_axis',(0.,0.,-1.));
#6721=DIRECTION('ref_axis',(1.,1.85037170770859E-15,0.));
#6722=DIRECTION('',(1.,0.,0.));
#6723=DIRECTION('center_axis',(0.,0.,-1.));
#6724=DIRECTION('ref_axis',(0.,-1.,0.));
#6725=DIRECTION('',(0.,-1.,0.));
#6726=DIRECTION('center_axis',(0.,0.,-1.));
#6727=DIRECTION('ref_axis',(-1.,-1.85037170770859E-15,0.));
#6728=DIRECTION('',(-1.,-3.36430507470866E-16,0.));
#6729=DIRECTION('center_axis',(0.,0.,-1.));
#6730=DIRECTION('ref_axis',(-7.40148683083437E-15,1.,0.));
#6731=DIRECTION('',(0.,1.,0.));
#6732=DIRECTION('center_axis',(0.,0.,-1.));
#6733=DIRECTION('ref_axis',(1.,9.25185853854296E-16,0.));
#6734=DIRECTION('',(1.,0.,0.));
#6735=DIRECTION('center_axis',(0.,0.,-1.));
#6736=DIRECTION('ref_axis',(-7.40148683083434E-15,-1.,0.));
#6737=DIRECTION('',(0.,-1.,0.));
#6738=DIRECTION('center_axis',(0.,0.,-1.));
#6739=DIRECTION('ref_axis',(-1.,3.70074341541716E-15,0.));
#6740=DIRECTION('',(-1.,-3.36430507470866E-16,0.));
#6741=DIRECTION('center_axis',(0.,0.,-1.));
#6742=DIRECTION('ref_axis',(1.48029736616686E-14,1.,0.));
#6743=DIRECTION('',(0.,1.,0.));
#6744=DIRECTION('center_axis',(0.,0.,-1.));
#6745=DIRECTION('ref_axis',(1.,-3.70074341541716E-15,0.));
#6746=DIRECTION('',(1.,0.,0.));
#6747=DIRECTION('center_axis',(0.,0.,-1.));
#6748=DIRECTION('ref_axis',(-7.40148683083437E-15,-1.,0.));
#6749=DIRECTION('',(6.72861014941426E-16,-1.,0.));
#6750=DIRECTION('center_axis',(0.,0.,-1.));
#6751=DIRECTION('ref_axis',(-1.,0.,0.));
#6752=DIRECTION('',(-1.,0.,0.));
#6753=DIRECTION('center_axis',(0.,0.,-1.));
#6754=DIRECTION('ref_axis',(0.,1.,0.));
#6755=DIRECTION('',(6.72861014941426E-16,1.,0.));
#6756=DIRECTION('center_axis',(0.,0.,-1.));
#6757=DIRECTION('ref_axis',(1.,0.,0.));
#6758=DIRECTION('',(-1.,0.,0.));
#6759=DIRECTION('center_axis',(0.,0.,-1.));
#6760=DIRECTION('ref_axis',(0.,1.,0.));
#6761=DIRECTION('',(0.,1.,0.));
#6762=DIRECTION('center_axis',(0.,0.,-1.));
#6763=DIRECTION('ref_axis',(1.,-3.70074341541716E-15,0.));
#6764=DIRECTION('',(1.,0.,0.));
#6765=DIRECTION('center_axis',(0.,0.,-1.));
#6766=DIRECTION('ref_axis',(-7.40148683083432E-15,-1.,0.));
#6767=DIRECTION('',(3.36430507470713E-16,-1.,0.));
#6768=DIRECTION('center_axis',(0.,0.,-1.));
#6769=DIRECTION('ref_axis',(-1.,1.48029736616686E-14,0.));
#6770=DIRECTION('',(1.,0.,0.));
#6771=DIRECTION('center_axis',(0.,0.,-1.));
#6772=DIRECTION('ref_axis',(-3.70074341541716E-15,-1.,0.));
#6773=DIRECTION('',(3.36430507470789E-16,-1.,0.));
#6774=DIRECTION('center_axis',(0.,0.,-1.));
#6775=DIRECTION('ref_axis',(-1.,1.48029736616686E-14,0.));
#6776=DIRECTION('',(-1.,0.,0.));
#6777=DIRECTION('center_axis',(0.,0.,-1.));
#6778=DIRECTION('ref_axis',(0.,1.,0.));
#6779=DIRECTION('',(0.,1.,0.));
#6780=DIRECTION('center_axis',(0.,0.,-1.));
#6781=DIRECTION('ref_axis',(1.,0.,0.));
#6782=DIRECTION('',(1.,0.,0.));
#6783=DIRECTION('center_axis',(0.,0.,-1.));
#6784=DIRECTION('ref_axis',(1.85037170770859E-15,-1.,0.));
#6785=DIRECTION('',(3.36430507470611E-16,-1.,0.));
#6786=DIRECTION('center_axis',(0.,0.,-1.));
#6787=DIRECTION('ref_axis',(-1.,-7.40148683083437E-15,0.));
#6788=DIRECTION('',(-1.,0.,0.));
#6789=DIRECTION('center_axis',(0.,0.,-1.));
#6790=DIRECTION('ref_axis',(3.70074341541716E-15,1.,0.));
#6791=DIRECTION('',(0.,1.,0.));
#6792=DIRECTION('center_axis',(0.,0.,-1.));
#6793=DIRECTION('ref_axis',(1.,-1.48029736616686E-14,0.));
#6794=DIRECTION('',(-1.,0.,0.));
#6795=DIRECTION('center_axis',(0.,0.,-1.));
#6796=DIRECTION('ref_axis',(3.70074341541716E-15,1.,0.));
#6797=DIRECTION('',(-3.36430507470713E-16,1.,0.));
#6798=DIRECTION('center_axis',(0.,0.,-1.));
#6799=DIRECTION('ref_axis',(1.,-1.48029736616686E-14,0.));
#6800=DIRECTION('',(1.,0.,0.));
#6801=DIRECTION('center_axis',(0.,0.,-1.));
#6802=DIRECTION('ref_axis',(1.85037170770859E-15,-1.,0.));
#6803=DIRECTION('',(0.,-1.,0.));
#6804=DIRECTION('center_axis',(0.,0.,-1.));
#6805=DIRECTION('ref_axis',(-1.,-7.40148683083437E-15,0.));
#6806=DIRECTION('',(0.,1.,0.));
#6807=DIRECTION('center_axis',(0.,0.,-1.));
#6808=DIRECTION('ref_axis',(1.,-7.40148683083432E-15,0.));
#6809=DIRECTION('',(1.,0.,0.));
#6810=DIRECTION('center_axis',(0.,0.,-1.));
#6811=DIRECTION('ref_axis',(-5.55111512312576E-15,-1.,0.));
#6812=DIRECTION('',(1.68215253735356E-16,-1.,0.));
#6813=DIRECTION('center_axis',(0.,0.,-1.));
#6814=DIRECTION('ref_axis',(-1.,3.70074341541717E-15,0.));
#6815=DIRECTION('',(-1.,0.,0.));
#6816=DIRECTION('center_axis',(0.,0.,-1.));
#6817=DIRECTION('ref_axis',(7.40148683083432E-15,1.,0.));
#6818=DIRECTION('',(-1.,0.,0.));
#6819=DIRECTION('center_axis',(0.,0.,-1.));
#6820=DIRECTION('ref_axis',(3.70074341541717E-15,1.,0.));
#6821=DIRECTION('',(0.,1.,0.));
#6822=DIRECTION('center_axis',(0.,0.,-1.));
#6823=DIRECTION('ref_axis',(1.,-4.62592926927146E-15,0.));
#6824=DIRECTION('',(1.,0.,0.));
#6825=DIRECTION('center_axis',(0.,0.,-1.));
#6826=DIRECTION('ref_axis',(0.,-1.,0.));
#6827=DIRECTION('',(0.,-1.,0.));
#6828=DIRECTION('center_axis',(0.,0.,-1.));
#6829=DIRECTION('ref_axis',(-1.,0.,0.));
#6830=DIRECTION('',(1.,0.,0.));
#6831=DIRECTION('center_axis',(0.,0.,-1.));
#6832=DIRECTION('ref_axis',(1.8503717077086E-15,-1.,0.));
#6833=DIRECTION('',(-8.41076268676781E-17,-1.,0.));
#6834=DIRECTION('center_axis',(0.,0.,-1.));
#6835=DIRECTION('ref_axis',(-1.,-1.8503717077086E-15,0.));
#6836=DIRECTION('',(-1.,0.,0.));
#6837=DIRECTION('center_axis',(0.,0.,-1.));
#6838=DIRECTION('ref_axis',(-9.25185853854298E-16,1.,0.));
#6839=DIRECTION('',(8.41076268676781E-17,1.,0.));
#6840=DIRECTION('center_axis',(0.,0.,-1.));
#6841=DIRECTION('ref_axis',(1.,1.8503717077086E-15,0.));
#6842=DIRECTION('',(1.,0.,0.));
#6843=DIRECTION('center_axis',(0.,0.,-1.));
#6844=DIRECTION('ref_axis',(9.25185853854298E-16,-1.,0.));
#6845=DIRECTION('',(-8.41076268676845E-17,-1.,0.));
#6846=DIRECTION('center_axis',(0.,0.,-1.));
#6847=DIRECTION('ref_axis',(-1.,3.70074341541717E-15,0.));
#6848=DIRECTION('',(-1.,0.,0.));
#6849=DIRECTION('center_axis',(0.,0.,-1.));
#6850=DIRECTION('ref_axis',(5.55111512312576E-15,1.,0.));
#6851=DIRECTION('',(0.,1.,0.));
#6852=DIRECTION('center_axis',(0.,0.,-1.));
#6853=DIRECTION('ref_axis',(1.,-1.8503717077086E-15,0.));
#6854=DIRECTION('',(1.,0.,0.));
#6855=DIRECTION('center_axis',(0.,0.,-1.));
#6856=DIRECTION('ref_axis',(-5.55111512312576E-15,-1.,0.));
#6857=DIRECTION('',(2.52322880603034E-16,-1.,0.));
#6858=DIRECTION('center_axis',(0.,0.,-1.));
#6859=DIRECTION('ref_axis',(-1.,0.,0.));
#6860=DIRECTION('',(-1.,0.,0.));
#6861=DIRECTION('center_axis',(0.,0.,-1.));
#6862=DIRECTION('ref_axis',(-9.25185853854296E-16,1.,0.));
#6863=DIRECTION('',(8.41076268676781E-17,1.,0.));
#6864=DIRECTION('center_axis',(0.,0.,-1.));
#6865=DIRECTION('ref_axis',(1.,-3.70074341541717E-15,0.));
#6866=DIRECTION('',(-8.41076268676972E-17,1.,0.));
#6867=DIRECTION('center_axis',(0.,0.,-1.));
#6868=DIRECTION('ref_axis',(1.,0.,0.));
#6869=DIRECTION('',(1.,0.,0.));
#6870=DIRECTION('center_axis',(0.,0.,-1.));
#6871=DIRECTION('ref_axis',(9.25185853854296E-16,-1.,0.));
#6872=DIRECTION('',(0.,-1.,0.));
#6873=DIRECTION('center_axis',(0.,0.,-1.));
#6874=DIRECTION('ref_axis',(-1.,0.,0.));
#6875=DIRECTION('',(-1.,0.,0.));
#6876=DIRECTION('center_axis',(0.,0.,-1.));
#6877=DIRECTION('ref_axis',(-9.25185853854296E-16,1.,0.));
#6878=DIRECTION('',(-1.,0.,0.));
#6879=DIRECTION('center_axis',(0.,0.,-1.));
#6880=DIRECTION('ref_axis',(-1.85037170770859E-15,1.,0.));
#6881=DIRECTION('',(-3.36430507470789E-16,1.,0.));
#6882=DIRECTION('center_axis',(0.,0.,-1.));
#6883=DIRECTION('ref_axis',(1.,0.,0.));
#6884=DIRECTION('',(1.,0.,0.));
#6885=DIRECTION('center_axis',(0.,0.,-1.));
#6886=DIRECTION('ref_axis',(-3.70074341541716E-15,-1.,0.));
#6887=DIRECTION('',(0.,-1.,0.));
#6888=DIRECTION('center_axis',(0.,0.,-1.));
#6889=DIRECTION('ref_axis',(-1.,1.48029736616686E-14,0.));
#6890=DIRECTION('',(-1.,0.,0.));
#6891=DIRECTION('center_axis',(0.,0.,-1.));
#6892=DIRECTION('ref_axis',(-1.85037170770859E-15,1.,0.));
#6893=DIRECTION('',(0.,1.,0.));
#6894=DIRECTION('center_axis',(0.,0.,-1.));
#6895=DIRECTION('ref_axis',(1.,-3.70074341541717E-15,0.));
#6896=DIRECTION('',(1.,0.,0.));
#6897=DIRECTION('center_axis',(0.,0.,-1.));
#6898=DIRECTION('ref_axis',(-7.40148683083432E-15,-1.,0.));
#6899=DIRECTION('',(3.36430507470712E-16,-1.,0.));
#6900=DIRECTION('center_axis',(0.,0.,-1.));
#6901=DIRECTION('ref_axis',(-1.,1.48029736616686E-14,0.));
#6902=DIRECTION('',(-1.,0.,0.));
#6903=DIRECTION('center_axis',(0.,0.,-1.));
#6904=DIRECTION('ref_axis',(5.55111512312576E-15,1.,0.));
#6905=DIRECTION('',(0.,1.,0.));
#6906=DIRECTION('center_axis',(0.,0.,-1.));
#6907=DIRECTION('ref_axis',(1.,9.25185853854298E-16,0.));
#6908=DIRECTION('',(1.,0.,0.));
#6909=DIRECTION('center_axis',(0.,0.,-1.));
#6910=DIRECTION('ref_axis',(-3.70074341541717E-15,-1.,0.));
#6911=DIRECTION('',(0.,-1.,0.));
#6912=DIRECTION('center_axis',(0.,0.,-1.));
#6913=DIRECTION('ref_axis',(-1.,7.40148683083432E-15,0.));
#6914=DIRECTION('',(-1.,0.,0.));
#6915=DIRECTION('center_axis',(0.,0.,-1.));
#6916=DIRECTION('ref_axis',(0.,1.,0.));
#6917=DIRECTION('',(0.,1.,0.));
#6918=DIRECTION('center_axis',(0.,0.,-1.));
#6919=DIRECTION('ref_axis',(1.,0.,0.));
#6920=DIRECTION('',(1.,0.,0.));
#6921=DIRECTION('center_axis',(0.,0.,-1.));
#6922=DIRECTION('ref_axis',(-3.70074341541717E-15,-1.,0.));
#6923=DIRECTION('',(0.,-1.,0.));
#6924=DIRECTION('center_axis',(0.,0.,-1.));
#6925=DIRECTION('ref_axis',(-1.,5.08852219619861E-15,0.));
#6926=DIRECTION('',(4.20538134338391E-17,1.,0.));
#6927=DIRECTION('center_axis',(0.,0.,-1.));
#6928=DIRECTION('ref_axis',(1.,-3.70074341541717E-15,0.));
#6929=DIRECTION('',(1.,0.,0.));
#6930=DIRECTION('center_axis',(0.,0.,-1.));
#6931=DIRECTION('ref_axis',(-5.55111512312576E-15,-1.,0.));
#6932=DIRECTION('',(0.,-1.,0.));
#6933=DIRECTION('center_axis',(0.,0.,-1.));
#6934=DIRECTION('ref_axis',(-1.,0.,0.));
#6935=DIRECTION('',(-1.,-1.68215253735356E-16,0.));
#6936=DIRECTION('center_axis',(0.,0.,-1.));
#6937=DIRECTION('ref_axis',(0.,1.,0.));
#6938=DIRECTION('',(-0.956304748937842,-0.292371727701108,0.));
#6939=DIRECTION('center_axis',(0.,0.,-1.));
#6940=DIRECTION('ref_axis',(-0.292371727701106,0.956304748937843,0.));
#6941=DIRECTION('',(-0.292371612508039,0.956304784155893,0.));
#6942=DIRECTION('center_axis',(0.,0.,-1.));
#6943=DIRECTION('ref_axis',(0.956304784155893,0.292371612508039,0.));
#6944=DIRECTION('',(0.95630473342913,0.292371778427809,0.));
#6945=DIRECTION('center_axis',(0.,0.,-1.));
#6946=DIRECTION('ref_axis',(0.292371778427804,-0.956304733429132,0.));
#6947=DIRECTION('',(0.292371778427828,-0.956304733429125,0.));
#6948=DIRECTION('center_axis',(0.,0.,-1.));
#6949=DIRECTION('ref_axis',(-0.956304733429123,-0.292371778427835,0.));
#6950=DIRECTION('center_axis',(0.,0.,1.));
#6951=DIRECTION('ref_axis',(-0.450748935855218,0.892650769800479,0.));
#6952=DIRECTION('',(0.,0.,-1.));
#6953=DIRECTION('center_axis',(0.,0.,1.));
#6954=DIRECTION('ref_axis',(-0.450748935855218,0.892650769800479,0.));
#6955=DIRECTION('center_axis',(0.,0.,1.));
#6956=DIRECTION('ref_axis',(1.,0.,0.));
#6957=DIRECTION('',(0.,0.,1.));
#6958=DIRECTION('center_axis',(0.,0.,1.));
#6959=DIRECTION('ref_axis',(1.,0.,0.));
#6960=DIRECTION('center_axis',(0.,0.,1.));
#6961=DIRECTION('ref_axis',(-0.450748935855233,-0.892650769800472,0.));
#6962=DIRECTION('',(0.,0.,-1.));
#6963=DIRECTION('center_axis',(0.,0.,1.));
#6964=DIRECTION('ref_axis',(-0.450748935855233,-0.892650769800472,0.));
#6965=DIRECTION('center_axis',(1.,-9.95709211668599E-16,0.));
#6966=DIRECTION('ref_axis',(9.95709211668599E-16,1.,4.47537993761987E-17));
#6967=DIRECTION('',(0.,0.,1.));
#6968=DIRECTION('',(9.95709211668599E-16,1.,0.));
#6969=DIRECTION('center_axis',(0.,0.,1.));
#6970=DIRECTION('ref_axis',(-0.450748935855231,-0.892650769800473,0.));
#6971=DIRECTION('',(0.,0.,-1.));
#6972=DIRECTION('center_axis',(0.,0.,1.));
#6973=DIRECTION('ref_axis',(-0.450748935855231,-0.892650769800473,0.));
#6974=DIRECTION('',(0.,0.,1.));
#6975=DIRECTION('center_axis',(0.,0.,1.));
#6976=DIRECTION('ref_axis',(1.,0.,0.));
#6977=DIRECTION('center_axis',(0.,0.,1.));
#6978=DIRECTION('ref_axis',(1.,0.,0.));
#6979=DIRECTION('',(0.,0.,-1.));
#6980=DIRECTION('center_axis',(0.,0.,1.));
#6981=DIRECTION('ref_axis',(-0.450748935855205,0.892650769800486,0.));
#6982=DIRECTION('center_axis',(0.,0.,1.));
#6983=DIRECTION('ref_axis',(-0.450748935855205,0.892650769800486,0.));
#6984=DIRECTION('center_axis',(0.,0.,1.));
#6985=DIRECTION('ref_axis',(-0.707106781186545,0.70710678118655,0.));
#6986=DIRECTION('',(0.,0.,-1.));
#6987=DIRECTION('center_axis',(0.,0.,1.));
#6988=DIRECTION('ref_axis',(-0.707106781186545,0.70710678118655,0.));
#6989=DIRECTION('',(0.,0.,1.));
#6990=DIRECTION('center_axis',(3.1720657846433E-16,1.,0.));
#6991=DIRECTION('ref_axis',(1.,-3.1720657846433E-16,0.));
#6992=DIRECTION('',(0.,0.,1.));
#6993=DIRECTION('',(1.,-3.1720657846433E-16,0.));
#6994=DIRECTION('center_axis',(0.,0.,-1.));
#6995=DIRECTION('ref_axis',(0.,1.,0.));
#6996=DIRECTION('',(0.,0.,-1.));
#6997=DIRECTION('center_axis',(0.,0.,1.));
#6998=DIRECTION('ref_axis',(0.,1.,0.));
#6999=DIRECTION('center_axis',(1.,-9.95709211668599E-16,0.));
#7000=DIRECTION('ref_axis',(9.95709211668599E-16,1.,4.47537993761987E-17));
#7001=DIRECTION('',(9.95709211668599E-16,1.,0.));
#7002=DIRECTION('center_axis',(0.,0.,1.));
#7003=DIRECTION('ref_axis',(1.,-5.55111512312576E-15,0.));
#7004=DIRECTION('center_axis',(0.,0.,1.));
#7005=DIRECTION('ref_axis',(1.,-5.55111512312576E-15,0.));
#7006=DIRECTION('',(0.,0.,1.));
#7007=DIRECTION('',(0.,0.,1.));
#7008=DIRECTION('center_axis',(1.28347690850021E-15,-1.,0.));
#7009=DIRECTION('ref_axis',(1.,1.28347690850021E-15,-2.15965590639806E-16));
#7010=DIRECTION('',(1.,1.28347690850021E-15,0.));
#7011=DIRECTION('',(0.,0.,1.));
#7012=DIRECTION('center_axis',(0.,0.,1.));
#7013=DIRECTION('ref_axis',(-9.6652807156562E-33,-1.,0.));
#7014=DIRECTION('center_axis',(0.,0.,1.));
#7015=DIRECTION('ref_axis',(-9.6652807156562E-33,-1.,0.));
#7016=DIRECTION('',(0.,0.,1.));
#7017=DIRECTION('center_axis',(-1.,9.6652807156562E-33,0.));
#7018=DIRECTION('ref_axis',(-9.6652807156562E-33,-1.,-4.47537993761989E-17));
#7019=DIRECTION('',(-9.6652807156562E-33,-1.,0.));
#7020=DIRECTION('center_axis',(0.,0.,-1.));
#7021=DIRECTION('ref_axis',(1.,0.,0.));
#7022=DIRECTION('',(9.6652807156562E-33,1.,0.));
#7023=DIRECTION('center_axis',(0.,0.,-1.));
#7024=DIRECTION('ref_axis',(-1.,0.,0.));
#7025=DIRECTION('',(1.,1.1842378929335E-14,0.));
#7026=DIRECTION('center_axis',(0.,0.,1.));
#7027=DIRECTION('ref_axis',(1.,0.,0.));
#7028=DIRECTION('',(1.18423789293351E-14,1.,0.));
#7029=DIRECTION('center_axis',(0.,0.,-1.));
#7030=DIRECTION('ref_axis',(-1.,0.,0.));
#7031=DIRECTION('',(1.,7.79103876929933E-16,0.));
#7032=DIRECTION('center_axis',(0.,0.,1.));
#7033=DIRECTION('ref_axis',(0.942809041582065,-0.333333333333327,0.));
#7034=DIRECTION('center_axis',(0.,0.,-1.));
#7035=DIRECTION('ref_axis',(-0.942809041582064,0.333333333333332,0.));
#7036=DIRECTION('',(1.,-6.63158929384803E-16,0.));
#7037=DIRECTION('center_axis',(0.,0.,1.));
#7038=DIRECTION('ref_axis',(1.,0.,0.));
#7039=DIRECTION('',(-1.11022302462516E-15,1.,0.));
#7040=DIRECTION('center_axis',(0.,0.,-1.));
#7041=DIRECTION('ref_axis',(-1.,-7.10542735760098E-15,0.));
#7042=DIRECTION('',(1.,-4.93432455388959E-16,0.));
#7043=DIRECTION('center_axis',(0.,0.,-1.));
#7044=DIRECTION('ref_axis',(-1.42108547152025E-14,1.,0.));
#7045=DIRECTION('',(4.4408920985006E-15,-1.,0.));
#7046=DIRECTION('center_axis',(0.,0.,1.));
#7047=DIRECTION('ref_axis',(-1.86984930463184E-15,-1.,0.));
#7048=DIRECTION('',(1.,0.,0.));
#7049=DIRECTION('center_axis',(0.,0.,-1.));
#7050=DIRECTION('ref_axis',(-1.77635683940029E-14,1.,0.));
#7051=DIRECTION('',(0.,-1.,0.));
#7052=DIRECTION('center_axis',(0.,0.,1.));
#7053=DIRECTION('ref_axis',(1.,0.,0.));
#7054=DIRECTION('',(1.,1.18423789293354E-14,0.));
#7055=DIRECTION('center_axis',(0.,0.,-1.));
#7056=DIRECTION('ref_axis',(0.,1.,0.));
#7057=DIRECTION('',(6.64058631551491E-15,-1.,0.));
#7058=DIRECTION('center_axis',(0.,0.,1.));
#7059=DIRECTION('ref_axis',(-1.86984930463185E-15,-1.,0.));
#7060=DIRECTION('',(1.,-2.72238596076668E-15,0.));
#7061=DIRECTION('center_axis',(0.,0.,-1.));
#7062=DIRECTION('ref_axis',(-7.10542735760115E-15,1.,0.));
#7063=DIRECTION('center_axis',(0.,0.,1.));
#7064=DIRECTION('ref_axis',(1.86984930463185E-15,-1.,0.));
#7065=DIRECTION('',(1.,-7.79103876929927E-16,0.));
#7066=DIRECTION('center_axis',(0.,0.,-1.));
#7067=DIRECTION('ref_axis',(3.55271367880045E-14,1.,0.));
#7068=DIRECTION('',(2.368475785867E-14,-1.,0.));
#7069=DIRECTION('center_axis',(0.,0.,1.));
#7070=DIRECTION('ref_axis',(1.,0.,0.));
#7071=DIRECTION('',(1.,1.18423789293351E-14,0.));
#7072=DIRECTION('center_axis',(0.,0.,-1.));
#7073=DIRECTION('ref_axis',(0.,1.,0.));
#7074=DIRECTION('',(0.,-1.,0.));
#7075=DIRECTION('center_axis',(0.,0.,-1.));
#7076=DIRECTION('ref_axis',(1.,0.,0.));
#7077=DIRECTION('',(-1.,-1.18423789293351E-14,0.));
#7078=DIRECTION('center_axis',(0.,0.,1.));
#7079=DIRECTION('ref_axis',(1.,0.,0.));
#7080=DIRECTION('',(0.,-1.,0.));
#7081=DIRECTION('center_axis',(0.,0.,-1.));
#7082=DIRECTION('ref_axis',(1.,-3.55271367880032E-14,0.));
#7083=DIRECTION('',(-1.,-8.14842586880846E-16,0.));
#7084=DIRECTION('center_axis',(0.,0.,-1.));
#7085=DIRECTION('ref_axis',(1.42108547152022E-14,-1.,0.));
#7086=DIRECTION('center_axis',(0.,0.,1.));
#7087=DIRECTION('ref_axis',(-3.7396986092637E-15,1.,0.));
#7088=DIRECTION('',(-1.,3.89551938464967E-16,0.));
#7089=DIRECTION('center_axis',(0.,0.,-1.));
#7090=DIRECTION('ref_axis',(-1.77635683940024E-14,-1.,0.));
#7091=DIRECTION('',(-1.1842378929335E-14,1.,0.));
#7092=DIRECTION('center_axis',(0.,0.,1.));
#7093=DIRECTION('ref_axis',(1.,0.,0.));
#7094=DIRECTION('',(-1.,2.96059473233378E-15,0.));
#7095=DIRECTION('center_axis',(0.,0.,-1.));
#7096=DIRECTION('ref_axis',(0.,-1.,0.));
#7097=DIRECTION('',(0.,1.,0.));
#7098=DIRECTION('center_axis',(0.,0.,1.));
#7099=DIRECTION('ref_axis',(-3.7396986092637E-15,1.,0.));
#7100=DIRECTION('',(-1.,0.,0.));
#7101=DIRECTION('center_axis',(0.,0.,1.));
#7102=DIRECTION('ref_axis',(-1.,0.,0.));
#7103=DIRECTION('',(2.20686533946891E-16,-1.,0.));
#7104=DIRECTION('center_axis',(0.,0.,-1.));
#7105=DIRECTION('ref_axis',(1.,0.,0.));
#7106=DIRECTION('',(-1.,0.,0.));
#7107=DIRECTION('center_axis',(0.,0.,1.));
#7108=DIRECTION('ref_axis',(1.,0.,0.));
#7109=DIRECTION('',(1.33226762955018E-13,-1.,0.));
#7110=DIRECTION('center_axis',(0.,0.,-1.));
#7111=DIRECTION('ref_axis',(1.,1.3322676295502E-13,0.));
#7112=DIRECTION('',(-1.,-1.30093681861197E-13,0.));
#7113=DIRECTION('center_axis',(0.,0.,1.));
#7114=DIRECTION('ref_axis',(-0.292371704722824,0.956304755963009,0.));
#7115=DIRECTION('',(-0.95630475596301,-0.292371704722819,0.));
#7116=DIRECTION('center_axis',(0.,0.,-1.));
#7117=DIRECTION('ref_axis',(0.2923717047228,-0.956304755963016,0.));
#7118=DIRECTION('',(-0.292371704722821,0.95630475596301,0.));
#7119=DIRECTION('center_axis',(0.,0.,1.));
#7120=DIRECTION('ref_axis',(1.,0.,0.));
#7121=DIRECTION('',(-0.956304755963054,-0.292371704722676,0.));
#7122=DIRECTION('center_axis',(0.,0.,-1.));
#7123=DIRECTION('ref_axis',(0.292371704722676,-0.956304755963054,0.));
#7124=DIRECTION('',(-0.292371704722674,0.956304755963055,0.));
#7125=DIRECTION('',(-0.956304748937842,-0.292371727701108,0.));
#7126=DIRECTION('center_axis',(0.,0.,1.));
#7127=DIRECTION('ref_axis',(-0.956304733429123,-0.292371778427835,0.));
#7128=DIRECTION('',(0.292371778427828,-0.956304733429125,0.));
#7129=DIRECTION('center_axis',(0.,0.,1.));
#7130=DIRECTION('ref_axis',(0.292371778427804,-0.956304733429132,0.));
#7131=DIRECTION('',(0.95630473342913,0.292371778427809,0.));
#7132=DIRECTION('center_axis',(0.,0.,1.));
#7133=DIRECTION('ref_axis',(0.956304784155893,0.292371612508039,0.));
#7134=DIRECTION('',(-0.292371612508039,0.956304784155893,0.));
#7135=DIRECTION('center_axis',(0.,0.,1.));
#7136=DIRECTION('ref_axis',(-0.292371727701106,0.956304748937843,0.));
#7137=DIRECTION('',(4.20538134338391E-17,1.,0.));
#7138=DIRECTION('center_axis',(0.,0.,1.));
#7139=DIRECTION('ref_axis',(0.,1.,0.));
#7140=DIRECTION('',(-1.,-1.68215253735356E-16,0.));
#7141=DIRECTION('center_axis',(0.,0.,1.));
#7142=DIRECTION('ref_axis',(-1.,0.,0.));
#7143=DIRECTION('',(0.,-1.,0.));
#7144=DIRECTION('center_axis',(0.,0.,1.));
#7145=DIRECTION('ref_axis',(-5.55111512312576E-15,-1.,0.));
#7146=DIRECTION('',(1.,0.,0.));
#7147=DIRECTION('center_axis',(0.,0.,1.));
#7148=DIRECTION('ref_axis',(1.,-3.70074341541717E-15,0.));
#7149=DIRECTION('',(-1.,0.,0.));
#7150=DIRECTION('center_axis',(0.,0.,1.));
#7151=DIRECTION('ref_axis',(-1.,5.08852219619861E-15,0.));
#7152=DIRECTION('',(0.,-1.,0.));
#7153=DIRECTION('center_axis',(0.,0.,1.));
#7154=DIRECTION('ref_axis',(-3.70074341541717E-15,-1.,0.));
#7155=DIRECTION('',(1.,0.,0.));
#7156=DIRECTION('center_axis',(0.,0.,1.));
#7157=DIRECTION('ref_axis',(1.,0.,0.));
#7158=DIRECTION('',(0.,1.,0.));
#7159=DIRECTION('center_axis',(0.,0.,1.));
#7160=DIRECTION('ref_axis',(0.,1.,0.));
#7161=DIRECTION('',(-1.,0.,0.));
#7162=DIRECTION('center_axis',(0.,0.,1.));
#7163=DIRECTION('ref_axis',(-1.,7.40148683083432E-15,0.));
#7164=DIRECTION('',(0.,-1.,0.));
#7165=DIRECTION('center_axis',(0.,0.,1.));
#7166=DIRECTION('ref_axis',(-3.70074341541717E-15,-1.,0.));
#7167=DIRECTION('',(1.,0.,0.));
#7168=DIRECTION('center_axis',(0.,0.,1.));
#7169=DIRECTION('ref_axis',(1.,9.25185853854298E-16,0.));
#7170=DIRECTION('',(0.,1.,0.));
#7171=DIRECTION('center_axis',(0.,0.,1.));
#7172=DIRECTION('ref_axis',(5.55111512312576E-15,1.,0.));
#7173=DIRECTION('',(-1.,0.,0.));
#7174=DIRECTION('center_axis',(0.,0.,1.));
#7175=DIRECTION('ref_axis',(-1.,1.48029736616686E-14,0.));
#7176=DIRECTION('',(3.36430507470712E-16,-1.,0.));
#7177=DIRECTION('center_axis',(0.,0.,1.));
#7178=DIRECTION('ref_axis',(-7.40148683083432E-15,-1.,0.));
#7179=DIRECTION('',(1.,0.,0.));
#7180=DIRECTION('center_axis',(0.,0.,1.));
#7181=DIRECTION('ref_axis',(1.,-3.70074341541717E-15,0.));
#7182=DIRECTION('',(0.,1.,0.));
#7183=DIRECTION('center_axis',(0.,0.,1.));
#7184=DIRECTION('ref_axis',(-1.85037170770859E-15,1.,0.));
#7185=DIRECTION('',(-1.,0.,0.));
#7186=DIRECTION('center_axis',(0.,0.,1.));
#7187=DIRECTION('ref_axis',(-1.,1.48029736616686E-14,0.));
#7188=DIRECTION('',(0.,-1.,0.));
#7189=DIRECTION('center_axis',(0.,0.,1.));
#7190=DIRECTION('ref_axis',(-3.70074341541716E-15,-1.,0.));
#7191=DIRECTION('',(1.,0.,0.));
#7192=DIRECTION('center_axis',(0.,0.,1.));
#7193=DIRECTION('ref_axis',(1.,0.,0.));
#7194=DIRECTION('',(-3.36430507470789E-16,1.,0.));
#7195=DIRECTION('center_axis',(0.,0.,1.));
#7196=DIRECTION('ref_axis',(-1.85037170770859E-15,1.,0.));
#7197=DIRECTION('',(-8.41076268676972E-17,1.,0.));
#7198=DIRECTION('center_axis',(0.,0.,1.));
#7199=DIRECTION('ref_axis',(-9.25185853854296E-16,1.,0.));
#7200=DIRECTION('',(-1.,0.,0.));
#7201=DIRECTION('center_axis',(0.,0.,1.));
#7202=DIRECTION('ref_axis',(-1.,0.,0.));
#7203=DIRECTION('',(0.,-1.,0.));
#7204=DIRECTION('center_axis',(0.,0.,1.));
#7205=DIRECTION('ref_axis',(9.25185853854296E-16,-1.,0.));
#7206=DIRECTION('',(1.,0.,0.));
#7207=DIRECTION('center_axis',(0.,0.,1.));
#7208=DIRECTION('ref_axis',(1.,0.,0.));
#7209=DIRECTION('',(1.,0.,0.));
#7210=DIRECTION('center_axis',(0.,0.,1.));
#7211=DIRECTION('ref_axis',(1.,-3.70074341541717E-15,0.));
#7212=DIRECTION('',(8.41076268676781E-17,1.,0.));
#7213=DIRECTION('center_axis',(0.,0.,1.));
#7214=DIRECTION('ref_axis',(-9.25185853854296E-16,1.,0.));
#7215=DIRECTION('',(-1.,0.,0.));
#7216=DIRECTION('center_axis',(0.,0.,1.));
#7217=DIRECTION('ref_axis',(-1.,0.,0.));
#7218=DIRECTION('',(2.52322880603034E-16,-1.,0.));
#7219=DIRECTION('center_axis',(0.,0.,1.));
#7220=DIRECTION('ref_axis',(-5.55111512312576E-15,-1.,0.));
#7221=DIRECTION('',(1.,0.,0.));
#7222=DIRECTION('center_axis',(0.,0.,1.));
#7223=DIRECTION('ref_axis',(1.,-1.8503717077086E-15,0.));
#7224=DIRECTION('',(0.,1.,0.));
#7225=DIRECTION('center_axis',(0.,0.,1.));
#7226=DIRECTION('ref_axis',(5.55111512312576E-15,1.,0.));
#7227=DIRECTION('',(-1.,0.,0.));
#7228=DIRECTION('center_axis',(0.,0.,1.));
#7229=DIRECTION('ref_axis',(-1.,3.70074341541717E-15,0.));
#7230=DIRECTION('',(-8.41076268676845E-17,-1.,0.));
#7231=DIRECTION('center_axis',(0.,0.,1.));
#7232=DIRECTION('ref_axis',(9.25185853854298E-16,-1.,0.));
#7233=DIRECTION('',(1.,0.,0.));
#7234=DIRECTION('center_axis',(0.,0.,1.));
#7235=DIRECTION('ref_axis',(1.,1.8503717077086E-15,0.));
#7236=DIRECTION('',(8.41076268676781E-17,1.,0.));
#7237=DIRECTION('center_axis',(0.,0.,1.));
#7238=DIRECTION('ref_axis',(-9.25185853854298E-16,1.,0.));
#7239=DIRECTION('',(-1.,0.,0.));
#7240=DIRECTION('center_axis',(0.,0.,1.));
#7241=DIRECTION('ref_axis',(-1.,-1.8503717077086E-15,0.));
#7242=DIRECTION('',(-8.41076268676781E-17,-1.,0.));
#7243=DIRECTION('center_axis',(0.,0.,1.));
#7244=DIRECTION('ref_axis',(1.8503717077086E-15,-1.,0.));
#7245=DIRECTION('',(-1.,0.,0.));
#7246=DIRECTION('center_axis',(0.,0.,1.));
#7247=DIRECTION('ref_axis',(-1.,0.,0.));
#7248=DIRECTION('',(0.,-1.,0.));
#7249=DIRECTION('center_axis',(0.,0.,1.));
#7250=DIRECTION('ref_axis',(0.,-1.,0.));
#7251=DIRECTION('',(1.,0.,0.));
#7252=DIRECTION('center_axis',(0.,0.,1.));
#7253=DIRECTION('ref_axis',(1.,-4.62592926927146E-15,0.));
#7254=DIRECTION('',(0.,1.,0.));
#7255=DIRECTION('center_axis',(0.,0.,1.));
#7256=DIRECTION('ref_axis',(3.70074341541717E-15,1.,0.));
#7257=DIRECTION('',(0.,1.,0.));
#7258=DIRECTION('center_axis',(0.,0.,1.));
#7259=DIRECTION('ref_axis',(7.40148683083432E-15,1.,0.));
#7260=DIRECTION('',(-1.,0.,0.));
#7261=DIRECTION('center_axis',(0.,0.,1.));
#7262=DIRECTION('ref_axis',(-1.,3.70074341541717E-15,0.));
#7263=DIRECTION('',(1.68215253735356E-16,-1.,0.));
#7264=DIRECTION('center_axis',(0.,0.,1.));
#7265=DIRECTION('ref_axis',(-5.55111512312576E-15,-1.,0.));
#7266=DIRECTION('',(1.,0.,0.));
#7267=DIRECTION('center_axis',(0.,0.,1.));
#7268=DIRECTION('ref_axis',(1.,-7.40148683083432E-15,0.));
#7269=DIRECTION('',(-1.,0.,0.));
#7270=DIRECTION('center_axis',(0.,0.,1.));
#7271=DIRECTION('ref_axis',(-1.,-7.40148683083437E-15,0.));
#7272=DIRECTION('',(0.,-1.,0.));
#7273=DIRECTION('center_axis',(0.,0.,1.));
#7274=DIRECTION('ref_axis',(1.85037170770859E-15,-1.,0.));
#7275=DIRECTION('',(1.,0.,0.));
#7276=DIRECTION('center_axis',(0.,0.,1.));
#7277=DIRECTION('ref_axis',(1.,-1.48029736616686E-14,0.));
#7278=DIRECTION('',(-3.36430507470713E-16,1.,0.));
#7279=DIRECTION('center_axis',(0.,0.,1.));
#7280=DIRECTION('ref_axis',(3.70074341541716E-15,1.,0.));
#7281=DIRECTION('',(1.,0.,0.));
#7282=DIRECTION('center_axis',(0.,0.,1.));
#7283=DIRECTION('ref_axis',(1.,-1.48029736616686E-14,0.));
#7284=DIRECTION('',(0.,1.,0.));
#7285=DIRECTION('center_axis',(0.,0.,1.));
#7286=DIRECTION('ref_axis',(3.70074341541716E-15,1.,0.));
#7287=DIRECTION('',(-1.,0.,0.));
#7288=DIRECTION('center_axis',(0.,0.,1.));
#7289=DIRECTION('ref_axis',(-1.,-7.40148683083437E-15,0.));
#7290=DIRECTION('',(3.36430507470611E-16,-1.,0.));
#7291=DIRECTION('center_axis',(0.,0.,1.));
#7292=DIRECTION('ref_axis',(1.85037170770859E-15,-1.,0.));
#7293=DIRECTION('',(1.,0.,0.));
#7294=DIRECTION('center_axis',(0.,0.,1.));
#7295=DIRECTION('ref_axis',(1.,0.,0.));
#7296=DIRECTION('',(0.,1.,0.));
#7297=DIRECTION('center_axis',(0.,0.,1.));
#7298=DIRECTION('ref_axis',(0.,1.,0.));
#7299=DIRECTION('',(-1.,0.,0.));
#7300=DIRECTION('center_axis',(0.,0.,1.));
#7301=DIRECTION('ref_axis',(-1.,1.48029736616686E-14,0.));
#7302=DIRECTION('',(3.36430507470789E-16,-1.,0.));
#7303=DIRECTION('center_axis',(0.,0.,1.));
#7304=DIRECTION('ref_axis',(-3.70074341541716E-15,-1.,0.));
#7305=DIRECTION('',(-1.,0.,0.));
#7306=DIRECTION('center_axis',(0.,0.,1.));
#7307=DIRECTION('ref_axis',(-1.,1.48029736616686E-14,0.));
#7308=DIRECTION('',(3.36430507470713E-16,-1.,0.));
#7309=DIRECTION('center_axis',(0.,0.,1.));
#7310=DIRECTION('ref_axis',(-7.40148683083432E-15,-1.,0.));
#7311=DIRECTION('',(1.,0.,0.));
#7312=DIRECTION('center_axis',(0.,0.,1.));
#7313=DIRECTION('ref_axis',(1.,-3.70074341541716E-15,0.));
#7314=DIRECTION('',(0.,1.,0.));
#7315=DIRECTION('center_axis',(0.,0.,1.));
#7316=DIRECTION('ref_axis',(0.,1.,0.));
#7317=DIRECTION('',(1.,0.,0.));
#7318=DIRECTION('center_axis',(0.,0.,1.));
#7319=DIRECTION('ref_axis',(1.,0.,0.));
#7320=DIRECTION('',(6.72861014941426E-16,1.,0.));
#7321=DIRECTION('center_axis',(0.,0.,1.));
#7322=DIRECTION('ref_axis',(0.,1.,0.));
#7323=DIRECTION('',(-1.,0.,0.));
#7324=DIRECTION('center_axis',(0.,0.,1.));
#7325=DIRECTION('ref_axis',(-1.,0.,0.));
#7326=DIRECTION('',(6.72861014941426E-16,-1.,0.));
#7327=DIRECTION('center_axis',(0.,0.,1.));
#7328=DIRECTION('ref_axis',(-7.40148683083437E-15,-1.,0.));
#7329=DIRECTION('',(1.,0.,0.));
#7330=DIRECTION('center_axis',(0.,0.,1.));
#7331=DIRECTION('ref_axis',(1.,-3.70074341541716E-15,0.));
#7332=DIRECTION('',(0.,1.,0.));
#7333=DIRECTION('center_axis',(0.,0.,1.));
#7334=DIRECTION('ref_axis',(1.48029736616686E-14,1.,0.));
#7335=DIRECTION('',(-1.,-3.36430507470866E-16,0.));
#7336=DIRECTION('center_axis',(0.,0.,1.));
#7337=DIRECTION('ref_axis',(-1.,3.70074341541716E-15,0.));
#7338=DIRECTION('',(0.,-1.,0.));
#7339=DIRECTION('center_axis',(0.,0.,1.));
#7340=DIRECTION('ref_axis',(-7.40148683083434E-15,-1.,0.));
#7341=DIRECTION('',(1.,0.,0.));
#7342=DIRECTION('center_axis',(0.,0.,1.));
#7343=DIRECTION('ref_axis',(1.,9.25185853854296E-16,0.));
#7344=DIRECTION('',(0.,1.,0.));
#7345=DIRECTION('center_axis',(0.,0.,1.));
#7346=DIRECTION('ref_axis',(-7.40148683083437E-15,1.,0.));
#7347=DIRECTION('',(-1.,-3.36430507470866E-16,0.));
#7348=DIRECTION('center_axis',(0.,0.,1.));
#7349=DIRECTION('ref_axis',(-1.,-1.85037170770859E-15,0.));
#7350=DIRECTION('',(0.,-1.,0.));
#7351=DIRECTION('center_axis',(0.,0.,1.));
#7352=DIRECTION('ref_axis',(0.,-1.,0.));
#7353=DIRECTION('',(1.,0.,0.));
#7354=DIRECTION('center_axis',(0.,0.,1.));
#7355=DIRECTION('ref_axis',(1.,1.85037170770859E-15,0.));
#7356=DIRECTION('',(0.,1.,0.));
#7357=DIRECTION('center_axis',(0.,0.,1.));
#7358=DIRECTION('ref_axis',(0.,1.,0.));
#7359=DIRECTION('',(-1.,-3.36430507470712E-16,0.));
#7360=DIRECTION('center_axis',(0.,0.,1.));
#7361=DIRECTION('ref_axis',(-1.,3.70074341541717E-15,0.));
#7362=DIRECTION('',(0.,-1.,0.));
#7363=DIRECTION('center_axis',(0.,0.,1.));
#7364=DIRECTION('ref_axis',(-3.70074341541717E-15,-1.,0.));
#7365=DIRECTION('',(0.,1.,0.));
#7366=DIRECTION('center_axis',(0.,0.,1.));
#7367=DIRECTION('ref_axis',(0.,1.,0.));
#7368=DIRECTION('',(-1.,-2.10269067169291E-16,0.));
#7369=DIRECTION('center_axis',(0.,0.,1.));
#7370=DIRECTION('ref_axis',(-1.,-1.38777878078144E-15,0.));
#7371=DIRECTION('',(0.,-1.,0.));
#7372=DIRECTION('center_axis',(0.,0.,1.));
#7373=DIRECTION('ref_axis',(0.,-1.,0.));
#7374=DIRECTION('',(1.,0.,0.));
#7375=DIRECTION('center_axis',(0.,0.,1.));
#7376=DIRECTION('ref_axis',(1.,1.85037170770859E-15,0.));
#7377=DIRECTION('',(1.34572202988285E-15,1.,0.));
#7378=DIRECTION('center_axis',(0.,0.,1.));
#7379=DIRECTION('ref_axis',(1.48029736616686E-14,1.,0.));
#7380=DIRECTION('',(-1.,-1.00929152241183E-15,0.));
#7381=DIRECTION('center_axis',(0.,0.,1.));
#7382=DIRECTION('ref_axis',(-1.,-9.25185853854296E-16,0.));
#7383=DIRECTION('',(0.,-1.,0.));
#7384=DIRECTION('center_axis',(0.,0.,1.));
#7385=DIRECTION('ref_axis',(-7.40148683083434E-15,-1.,0.));
#7386=DIRECTION('',(1.,0.,0.));
#7387=DIRECTION('center_axis',(0.,0.,1.));
#7388=DIRECTION('ref_axis',(1.,3.70074341541721E-15,0.));
#7389=DIRECTION('',(1.34572202988295E-15,1.,0.));
#7390=DIRECTION('center_axis',(0.,0.,1.));
#7391=DIRECTION('ref_axis',(1.48029736616686E-14,1.,0.));
#7392=DIRECTION('',(-1.,-1.00929152241183E-15,0.));
#7393=DIRECTION('center_axis',(0.,0.,1.));
#7394=DIRECTION('ref_axis',(-1.,-9.25185853854296E-16,0.));
#7395=DIRECTION('',(0.,-1.,0.));
#7396=DIRECTION('center_axis',(0.,0.,1.));
#7397=DIRECTION('ref_axis',(0.,-1.,0.));
#7398=DIRECTION('',(1.,0.,0.));
#7399=DIRECTION('center_axis',(0.,0.,1.));
#7400=DIRECTION('ref_axis',(1.,3.70074341541721E-15,0.));
#7401=DIRECTION('',(1.34572202988285E-15,1.,0.));
#7402=DIRECTION('center_axis',(0.,0.,1.));
#7403=DIRECTION('ref_axis',(1.48029736616686E-14,1.,0.));
#7404=DIRECTION('',(-1.,-1.00929152241183E-15,0.));
#7405=DIRECTION('center_axis',(0.,0.,1.));
#7406=DIRECTION('ref_axis',(-1.,-3.70074341541721E-15,0.));
#7407=DIRECTION('',(0.,-1.,0.));
#7408=DIRECTION('center_axis',(0.,0.,1.));
#7409=DIRECTION('ref_axis',(0.,-1.,0.));
#7410=DIRECTION('',(1.,0.,0.));
#7411=DIRECTION('center_axis',(0.,0.,1.));
#7412=DIRECTION('ref_axis',(1.,1.85037170770861E-15,0.));
#7413=DIRECTION('',(-1.,-6.72861014941221E-16,0.));
#7414=DIRECTION('center_axis',(0.,0.,1.));
#7415=DIRECTION('ref_axis',(-1.,0.,0.));
#7416=DIRECTION('',(0.,-1.,0.));
#7417=DIRECTION('center_axis',(0.,0.,1.));
#7418=DIRECTION('ref_axis',(-1.48029736616686E-14,-1.,0.));
#7419=DIRECTION('',(1.,3.3643050747061E-16,0.));
#7420=DIRECTION('center_axis',(0.,0.,1.));
#7421=DIRECTION('ref_axis',(1.,3.70074341541721E-15,0.));
#7422=DIRECTION('',(1.34572202988285E-15,1.,0.));
#7423=DIRECTION('center_axis',(0.,0.,1.));
#7424=DIRECTION('ref_axis',(1.48029736616686E-14,1.,0.));
#7425=DIRECTION('',(0.,-1.,0.));
#7426=DIRECTION('',(1.,0.,0.));
#7427=DIRECTION('',(0.,1.,0.));
#7428=DIRECTION('',(-1.,0.,0.));
#7429=DIRECTION('center_axis',(0.,0.,-1.));
#7430=DIRECTION('ref_axis',(-0.292371727701106,0.956304748937843,0.));
#7431=DIRECTION('',(0.,0.,-1.));
#7432=DIRECTION('',(0.,0.,-1.));
#7433=DIRECTION('center_axis',(-0.956304784155893,-0.292371612508039,0.));
#7434=DIRECTION('ref_axis',(-0.292371612508039,0.956304784155893,0.));
#7435=DIRECTION('',(0.,0.,-1.));
#7436=DIRECTION('center_axis',(0.,0.,-1.));
#7437=DIRECTION('ref_axis',(0.956304784155893,0.292371612508039,0.));
#7438=DIRECTION('',(0.,0.,-1.));
#7439=DIRECTION('center_axis',(-0.292371778427809,0.95630473342913,0.));
#7440=DIRECTION('ref_axis',(0.95630473342913,0.292371778427809,0.));
#7441=DIRECTION('',(0.,0.,-1.));
#7442=DIRECTION('center_axis',(0.,0.,-1.));
#7443=DIRECTION('ref_axis',(0.292371778427804,-0.956304733429132,0.));
#7444=DIRECTION('',(0.,0.,-1.));
#7445=DIRECTION('center_axis',(0.956304733429125,0.292371778427828,0.));
#7446=DIRECTION('ref_axis',(0.292371778427828,-0.956304733429125,0.));
#7447=DIRECTION('',(0.,0.,-1.));
#7448=DIRECTION('center_axis',(0.,0.,-1.));
#7449=DIRECTION('ref_axis',(-0.956304733429123,-0.292371778427835,0.));
#7450=DIRECTION('',(0.,0.,-1.));
#7451=DIRECTION('center_axis',(0.292371727701108,-0.956304748937842,0.));
#7452=DIRECTION('ref_axis',(-0.956304748937842,-0.292371727701108,0.));
#7453=DIRECTION('center_axis',(0.,0.,-1.));
#7454=DIRECTION('ref_axis',(1.,-3.70074341541717E-15,0.));
#7455=DIRECTION('',(0.,0.,-1.));
#7456=DIRECTION('',(0.,0.,-1.));
#7457=DIRECTION('center_axis',(0.,1.,0.));
#7458=DIRECTION('ref_axis',(1.,0.,0.));
#7459=DIRECTION('',(0.,0.,-1.));
#7460=DIRECTION('center_axis',(0.,0.,-1.));
#7461=DIRECTION('ref_axis',(-5.55111512312576E-15,-1.,0.));
#7462=DIRECTION('',(0.,0.,-1.));
#7463=DIRECTION('center_axis',(1.,0.,0.));
#7464=DIRECTION('ref_axis',(0.,-1.,0.));
#7465=DIRECTION('',(0.,0.,-1.));
#7466=DIRECTION('center_axis',(0.,0.,-1.));
#7467=DIRECTION('ref_axis',(-1.,0.,0.));
#7468=DIRECTION('',(0.,0.,-1.));
#7469=DIRECTION('center_axis',(1.68215253735356E-16,-1.,0.));
#7470=DIRECTION('ref_axis',(-1.,-1.68215253735356E-16,0.));
#7471=DIRECTION('',(0.,0.,-1.));
#7472=DIRECTION('center_axis',(0.,0.,-1.));
#7473=DIRECTION('ref_axis',(0.,1.,0.));
#7474=DIRECTION('',(0.,0.,-1.));
#7475=DIRECTION('center_axis',(-1.,4.20538134338391E-17,0.));
#7476=DIRECTION('ref_axis',(4.20538134338391E-17,1.,0.));
#7477=DIRECTION('center_axis',(0.,0.,-1.));
#7478=DIRECTION('ref_axis',(0.,1.,0.));
#7479=DIRECTION('',(0.,0.,-1.));
#7480=DIRECTION('',(0.,0.,-1.));
#7481=DIRECTION('center_axis',(-1.,0.,0.));
#7482=DIRECTION('ref_axis',(0.,1.,0.));
#7483=DIRECTION('',(0.,0.,-1.));
#7484=DIRECTION('center_axis',(0.,0.,-1.));
#7485=DIRECTION('ref_axis',(1.,0.,0.));
#7486=DIRECTION('',(0.,0.,-1.));
#7487=DIRECTION('center_axis',(0.,1.,0.));
#7488=DIRECTION('ref_axis',(1.,0.,0.));
#7489=DIRECTION('',(0.,0.,-1.));
#7490=DIRECTION('center_axis',(0.,0.,-1.));
#7491=DIRECTION('ref_axis',(-3.70074341541717E-15,-1.,0.));
#7492=DIRECTION('',(0.,0.,-1.));
#7493=DIRECTION('center_axis',(1.,0.,0.));
#7494=DIRECTION('ref_axis',(0.,-1.,0.));
#7495=DIRECTION('',(0.,0.,-1.));
#7496=DIRECTION('center_axis',(0.,0.,-1.));
#7497=DIRECTION('ref_axis',(-1.,5.08852219619861E-15,0.));
#7498=DIRECTION('',(0.,0.,-1.));
#7499=DIRECTION('center_axis',(0.,-1.,0.));
#7500=DIRECTION('ref_axis',(-1.,0.,0.));
#7501=DIRECTION('center_axis',(0.,0.,-1.));
#7502=DIRECTION('ref_axis',(5.55111512312576E-15,1.,0.));
#7503=DIRECTION('',(0.,0.,-1.));
#7504=DIRECTION('',(0.,0.,-1.));
#7505=DIRECTION('center_axis',(-1.,0.,0.));
#7506=DIRECTION('ref_axis',(0.,1.,0.));
#7507=DIRECTION('',(0.,0.,-1.));
#7508=DIRECTION('center_axis',(0.,0.,-1.));
#7509=DIRECTION('ref_axis',(1.,9.25185853854298E-16,0.));
#7510=DIRECTION('',(0.,0.,-1.));
#7511=DIRECTION('center_axis',(0.,1.,0.));
#7512=DIRECTION('ref_axis',(1.,0.,0.));
#7513=DIRECTION('',(0.,0.,-1.));
#7514=DIRECTION('center_axis',(0.,0.,-1.));
#7515=DIRECTION('ref_axis',(-3.70074341541717E-15,-1.,0.));
#7516=DIRECTION('',(0.,0.,-1.));
#7517=DIRECTION('center_axis',(1.,0.,0.));
#7518=DIRECTION('ref_axis',(0.,-1.,0.));
#7519=DIRECTION('',(0.,0.,-1.));
#7520=DIRECTION('center_axis',(0.,0.,-1.));
#7521=DIRECTION('ref_axis',(-1.,7.40148683083432E-15,0.));
#7522=DIRECTION('',(0.,0.,-1.));
#7523=DIRECTION('center_axis',(0.,-1.,0.));
#7524=DIRECTION('ref_axis',(-1.,0.,0.));
#7525=DIRECTION('center_axis',(0.,0.,-1.));
#7526=DIRECTION('ref_axis',(-1.85037170770859E-15,1.,0.));
#7527=DIRECTION('',(0.,0.,-1.));
#7528=DIRECTION('',(0.,0.,-1.));
#7529=DIRECTION('center_axis',(-1.,0.,0.));
#7530=DIRECTION('ref_axis',(0.,1.,0.));
#7531=DIRECTION('',(0.,0.,-1.));
#7532=DIRECTION('center_axis',(0.,0.,-1.));
#7533=DIRECTION('ref_axis',(1.,-3.70074341541717E-15,0.));
#7534=DIRECTION('',(0.,0.,-1.));
#7535=DIRECTION('center_axis',(0.,1.,0.));
#7536=DIRECTION('ref_axis',(1.,0.,0.));
#7537=DIRECTION('',(0.,0.,-1.));
#7538=DIRECTION('center_axis',(0.,0.,-1.));
#7539=DIRECTION('ref_axis',(-7.40148683083432E-15,-1.,0.));
#7540=DIRECTION('',(0.,0.,-1.));
#7541=DIRECTION('center_axis',(1.,3.36430507470712E-16,0.));
#7542=DIRECTION('ref_axis',(3.36430507470712E-16,-1.,0.));
#7543=DIRECTION('',(0.,0.,-1.));
#7544=DIRECTION('center_axis',(0.,0.,-1.));
#7545=DIRECTION('ref_axis',(-1.,1.48029736616686E-14,0.));
#7546=DIRECTION('',(0.,0.,-1.));
#7547=DIRECTION('center_axis',(0.,-1.,0.));
#7548=DIRECTION('ref_axis',(-1.,0.,0.));
#7549=DIRECTION('center_axis',(0.,0.,-1.));
#7550=DIRECTION('ref_axis',(-1.85037170770859E-15,1.,0.));
#7551=DIRECTION('',(0.,0.,-1.));
#7552=DIRECTION('',(0.,0.,-1.));
#7553=DIRECTION('center_axis',(-1.,-3.36430507470789E-16,0.));
#7554=DIRECTION('ref_axis',(-3.36430507470789E-16,1.,0.));
#7555=DIRECTION('',(0.,0.,-1.));
#7556=DIRECTION('center_axis',(0.,0.,-1.));
#7557=DIRECTION('ref_axis',(1.,0.,0.));
#7558=DIRECTION('',(0.,0.,-1.));
#7559=DIRECTION('center_axis',(0.,1.,0.));
#7560=DIRECTION('ref_axis',(1.,0.,0.));
#7561=DIRECTION('',(0.,0.,-1.));
#7562=DIRECTION('center_axis',(0.,0.,-1.));
#7563=DIRECTION('ref_axis',(-3.70074341541716E-15,-1.,0.));
#7564=DIRECTION('',(0.,0.,-1.));
#7565=DIRECTION('center_axis',(1.,0.,0.));
#7566=DIRECTION('ref_axis',(0.,-1.,0.));
#7567=DIRECTION('',(0.,0.,-1.));
#7568=DIRECTION('center_axis',(0.,0.,-1.));
#7569=DIRECTION('ref_axis',(-1.,1.48029736616686E-14,0.));
#7570=DIRECTION('',(0.,0.,-1.));
#7571=DIRECTION('center_axis',(0.,-1.,0.));
#7572=DIRECTION('ref_axis',(-1.,0.,0.));
#7573=DIRECTION('center_axis',(0.,0.,-1.));
#7574=DIRECTION('ref_axis',(1.,0.,0.));
#7575=DIRECTION('',(0.,0.,-1.));
#7576=DIRECTION('',(0.,0.,-1.));
#7577=DIRECTION('center_axis',(0.,1.,0.));
#7578=DIRECTION('ref_axis',(1.,0.,0.));
#7579=DIRECTION('',(0.,0.,-1.));
#7580=DIRECTION('center_axis',(0.,0.,-1.));
#7581=DIRECTION('ref_axis',(9.25185853854296E-16,-1.,0.));
#7582=DIRECTION('',(0.,0.,-1.));
#7583=DIRECTION('center_axis',(1.,0.,0.));
#7584=DIRECTION('ref_axis',(0.,-1.,0.));
#7585=DIRECTION('',(0.,0.,-1.));
#7586=DIRECTION('center_axis',(0.,0.,-1.));
#7587=DIRECTION('ref_axis',(-1.,0.,0.));
#7588=DIRECTION('',(0.,0.,-1.));
#7589=DIRECTION('center_axis',(0.,-1.,0.));
#7590=DIRECTION('ref_axis',(-1.,0.,0.));
#7591=DIRECTION('',(0.,0.,-1.));
#7592=DIRECTION('center_axis',(0.,0.,-1.));
#7593=DIRECTION('ref_axis',(-9.25185853854296E-16,1.,0.));
#7594=DIRECTION('',(0.,0.,-1.));
#7595=DIRECTION('center_axis',(-1.,-8.41076268676972E-17,0.));
#7596=DIRECTION('ref_axis',(-8.41076268676972E-17,1.,0.));
#7597=DIRECTION('center_axis',(0.,0.,-1.));
#7598=DIRECTION('ref_axis',(-5.55111512312576E-15,-1.,0.));
#7599=DIRECTION('',(0.,0.,-1.));
#7600=DIRECTION('',(0.,0.,-1.));
#7601=DIRECTION('center_axis',(1.,2.52322880603034E-16,0.));
#7602=DIRECTION('ref_axis',(2.52322880603034E-16,-1.,0.));
#7603=DIRECTION('',(0.,0.,-1.));
#7604=DIRECTION('center_axis',(0.,0.,-1.));
#7605=DIRECTION('ref_axis',(-1.,0.,0.));
#7606=DIRECTION('',(0.,0.,-1.));
#7607=DIRECTION('center_axis',(0.,-1.,0.));
#7608=DIRECTION('ref_axis',(-1.,0.,0.));
#7609=DIRECTION('',(0.,0.,-1.));
#7610=DIRECTION('center_axis',(0.,0.,-1.));
#7611=DIRECTION('ref_axis',(-9.25185853854296E-16,1.,0.));
#7612=DIRECTION('',(0.,0.,-1.));
#7613=DIRECTION('center_axis',(-1.,8.41076268676781E-17,0.));
#7614=DIRECTION('ref_axis',(8.41076268676781E-17,1.,0.));
#7615=DIRECTION('',(0.,0.,-1.));
#7616=DIRECTION('center_axis',(0.,0.,-1.));
#7617=DIRECTION('ref_axis',(1.,-3.70074341541717E-15,0.));
#7618=DIRECTION('',(0.,0.,-1.));
#7619=DIRECTION('center_axis',(0.,1.,0.));
#7620=DIRECTION('ref_axis',(1.,0.,0.));
#7621=DIRECTION('center_axis',(0.,0.,-1.));
#7622=DIRECTION('ref_axis',(9.25185853854298E-16,-1.,0.));
#7623=DIRECTION('',(0.,0.,-1.));
#7624=DIRECTION('',(0.,0.,-1.));
#7625=DIRECTION('center_axis',(1.,-8.41076268676845E-17,0.));
#7626=DIRECTION('ref_axis',(-8.41076268676845E-17,-1.,0.));
#7627=DIRECTION('',(0.,0.,-1.));
#7628=DIRECTION('center_axis',(0.,0.,-1.));
#7629=DIRECTION('ref_axis',(-1.,3.70074341541717E-15,0.));
#7630=DIRECTION('',(0.,0.,-1.));
#7631=DIRECTION('center_axis',(0.,-1.,0.));
#7632=DIRECTION('ref_axis',(-1.,0.,0.));
#7633=DIRECTION('',(0.,0.,-1.));
#7634=DIRECTION('center_axis',(0.,0.,-1.));
#7635=DIRECTION('ref_axis',(5.55111512312576E-15,1.,0.));
#7636=DIRECTION('',(0.,0.,-1.));
#7637=DIRECTION('center_axis',(-1.,0.,0.));
#7638=DIRECTION('ref_axis',(0.,1.,0.));
#7639=DIRECTION('',(0.,0.,-1.));
#7640=DIRECTION('center_axis',(0.,0.,-1.));
#7641=DIRECTION('ref_axis',(1.,-1.8503717077086E-15,0.));
#7642=DIRECTION('',(0.,0.,-1.));
#7643=DIRECTION('center_axis',(0.,1.,0.));
#7644=DIRECTION('ref_axis',(1.,0.,0.));
#7645=DIRECTION('center_axis',(0.,0.,-1.));
#7646=DIRECTION('ref_axis',(1.8503717077086E-15,-1.,0.));
#7647=DIRECTION('',(0.,0.,-1.));
#7648=DIRECTION('',(0.,0.,-1.));
#7649=DIRECTION('center_axis',(1.,-8.41076268676781E-17,0.));
#7650=DIRECTION('ref_axis',(-8.41076268676781E-17,-1.,0.));
#7651=DIRECTION('',(0.,0.,-1.));
#7652=DIRECTION('center_axis',(0.,0.,-1.));
#7653=DIRECTION('ref_axis',(-1.,-1.8503717077086E-15,0.));
#7654=DIRECTION('',(0.,0.,-1.));
#7655=DIRECTION('center_axis',(0.,-1.,0.));
#7656=DIRECTION('ref_axis',(-1.,0.,0.));
#7657=DIRECTION('',(0.,0.,-1.));
#7658=DIRECTION('center_axis',(0.,0.,-1.));
#7659=DIRECTION('ref_axis',(-9.25185853854298E-16,1.,0.));
#7660=DIRECTION('',(0.,0.,-1.));
#7661=DIRECTION('center_axis',(-1.,8.41076268676781E-17,0.));
#7662=DIRECTION('ref_axis',(8.41076268676781E-17,1.,0.));
#7663=DIRECTION('',(0.,0.,-1.));
#7664=DIRECTION('center_axis',(0.,0.,-1.));
#7665=DIRECTION('ref_axis',(1.,1.8503717077086E-15,0.));
#7666=DIRECTION('',(0.,0.,-1.));
#7667=DIRECTION('center_axis',(0.,1.,0.));
#7668=DIRECTION('ref_axis',(1.,0.,0.));
#7669=DIRECTION('center_axis',(0.,0.,-1.));
#7670=DIRECTION('ref_axis',(3.70074341541717E-15,1.,0.));
#7671=DIRECTION('',(0.,0.,-1.));
#7672=DIRECTION('',(0.,0.,-1.));
#7673=DIRECTION('center_axis',(-1.,0.,0.));
#7674=DIRECTION('ref_axis',(0.,1.,0.));
#7675=DIRECTION('',(0.,0.,-1.));
#7676=DIRECTION('center_axis',(0.,0.,-1.));
#7677=DIRECTION('ref_axis',(1.,-4.62592926927146E-15,0.));
#7678=DIRECTION('',(0.,0.,-1.));
#7679=DIRECTION('center_axis',(0.,1.,0.));
#7680=DIRECTION('ref_axis',(1.,0.,0.));
#7681=DIRECTION('',(0.,0.,-1.));
#7682=DIRECTION('center_axis',(0.,0.,-1.));
#7683=DIRECTION('ref_axis',(0.,-1.,0.));
#7684=DIRECTION('',(0.,0.,-1.));
#7685=DIRECTION('center_axis',(1.,0.,0.));
#7686=DIRECTION('ref_axis',(0.,-1.,0.));
#7687=DIRECTION('',(0.,0.,-1.));
#7688=DIRECTION('center_axis',(0.,0.,-1.));
#7689=DIRECTION('ref_axis',(-1.,0.,0.));
#7690=DIRECTION('',(0.,0.,-1.));
#7691=DIRECTION('center_axis',(0.,-1.,0.));
#7692=DIRECTION('ref_axis',(-1.,0.,0.));
#7693=DIRECTION('center_axis',(0.,0.,-1.));
#7694=DIRECTION('ref_axis',(1.,-7.40148683083432E-15,0.));
#7695=DIRECTION('',(0.,0.,-1.));
#7696=DIRECTION('',(0.,0.,-1.));
#7697=DIRECTION('center_axis',(0.,1.,0.));
#7698=DIRECTION('ref_axis',(1.,0.,0.));
#7699=DIRECTION('',(0.,0.,-1.));
#7700=DIRECTION('center_axis',(0.,0.,-1.));
#7701=DIRECTION('ref_axis',(-5.55111512312576E-15,-1.,0.));
#7702=DIRECTION('',(0.,0.,-1.));
#7703=DIRECTION('center_axis',(1.,1.68215253735356E-16,0.));
#7704=DIRECTION('ref_axis',(1.68215253735356E-16,-1.,0.));
#7705=DIRECTION('',(0.,0.,-1.));
#7706=DIRECTION('center_axis',(0.,0.,-1.));
#7707=DIRECTION('ref_axis',(-1.,3.70074341541717E-15,0.));
#7708=DIRECTION('',(0.,0.,-1.));
#7709=DIRECTION('center_axis',(0.,-1.,0.));
#7710=DIRECTION('ref_axis',(-1.,0.,0.));
#7711=DIRECTION('',(0.,0.,-1.));
#7712=DIRECTION('center_axis',(0.,0.,-1.));
#7713=DIRECTION('ref_axis',(7.40148683083432E-15,1.,0.));
#7714=DIRECTION('',(0.,0.,-1.));
#7715=DIRECTION('center_axis',(-1.,0.,0.));
#7716=DIRECTION('ref_axis',(0.,1.,0.));
#7717=DIRECTION('center_axis',(0.,0.,-1.));
#7718=DIRECTION('ref_axis',(3.70074341541716E-15,1.,0.));
#7719=DIRECTION('',(0.,0.,-1.));
#7720=DIRECTION('',(0.,0.,-1.));
#7721=DIRECTION('center_axis',(-1.,-3.36430507470713E-16,0.));
#7722=DIRECTION('ref_axis',(-3.36430507470713E-16,1.,0.));
#7723=DIRECTION('',(0.,0.,-1.));
#7724=DIRECTION('center_axis',(0.,0.,-1.));
#7725=DIRECTION('ref_axis',(1.,-1.48029736616686E-14,0.));
#7726=DIRECTION('',(0.,0.,-1.));
#7727=DIRECTION('center_axis',(0.,1.,0.));
#7728=DIRECTION('ref_axis',(1.,0.,0.));
#7729=DIRECTION('',(0.,0.,-1.));
#7730=DIRECTION('center_axis',(0.,0.,-1.));
#7731=DIRECTION('ref_axis',(1.85037170770859E-15,-1.,0.));
#7732=DIRECTION('',(0.,0.,-1.));
#7733=DIRECTION('center_axis',(1.,0.,0.));
#7734=DIRECTION('ref_axis',(0.,-1.,0.));
#7735=DIRECTION('',(0.,0.,-1.));
#7736=DIRECTION('center_axis',(0.,0.,-1.));
#7737=DIRECTION('ref_axis',(-1.,-7.40148683083437E-15,0.));
#7738=DIRECTION('',(0.,0.,-1.));
#7739=DIRECTION('center_axis',(0.,-1.,0.));
#7740=DIRECTION('ref_axis',(-1.,0.,0.));
#7741=DIRECTION('center_axis',(0.,0.,-1.));
#7742=DIRECTION('ref_axis',(1.85037170770859E-15,-1.,0.));
#7743=DIRECTION('',(0.,0.,-1.));
#7744=DIRECTION('',(0.,0.,-1.));
#7745=DIRECTION('center_axis',(1.,3.36430507470611E-16,0.));
#7746=DIRECTION('ref_axis',(3.36430507470611E-16,-1.,0.));
#7747=DIRECTION('',(0.,0.,-1.));
#7748=DIRECTION('center_axis',(0.,0.,-1.));
#7749=DIRECTION('ref_axis',(-1.,-7.40148683083437E-15,0.));
#7750=DIRECTION('',(0.,0.,-1.));
#7751=DIRECTION('center_axis',(0.,-1.,0.));
#7752=DIRECTION('ref_axis',(-1.,0.,0.));
#7753=DIRECTION('',(0.,0.,-1.));
#7754=DIRECTION('center_axis',(0.,0.,-1.));
#7755=DIRECTION('ref_axis',(3.70074341541716E-15,1.,0.));
#7756=DIRECTION('',(0.,0.,-1.));
#7757=DIRECTION('center_axis',(-1.,0.,0.));
#7758=DIRECTION('ref_axis',(0.,1.,0.));
#7759=DIRECTION('',(0.,0.,-1.));
#7760=DIRECTION('center_axis',(0.,0.,-1.));
#7761=DIRECTION('ref_axis',(1.,-1.48029736616686E-14,0.));
#7762=DIRECTION('',(0.,0.,-1.));
#7763=DIRECTION('center_axis',(0.,1.,0.));
#7764=DIRECTION('ref_axis',(1.,0.,0.));
#7765=DIRECTION('center_axis',(0.,0.,-1.));
#7766=DIRECTION('ref_axis',(-3.70074341541716E-15,-1.,0.));
#7767=DIRECTION('',(0.,0.,-1.));
#7768=DIRECTION('',(0.,0.,-1.));
#7769=DIRECTION('center_axis',(1.,3.36430507470789E-16,0.));
#7770=DIRECTION('ref_axis',(3.36430507470789E-16,-1.,0.));
#7771=DIRECTION('',(0.,0.,-1.));
#7772=DIRECTION('center_axis',(0.,0.,-1.));
#7773=DIRECTION('ref_axis',(-1.,1.48029736616686E-14,0.));
#7774=DIRECTION('',(0.,0.,-1.));
#7775=DIRECTION('center_axis',(0.,-1.,0.));
#7776=DIRECTION('ref_axis',(-1.,0.,0.));
#7777=DIRECTION('',(0.,0.,-1.));
#7778=DIRECTION('center_axis',(0.,0.,-1.));
#7779=DIRECTION('ref_axis',(0.,1.,0.));
#7780=DIRECTION('',(0.,0.,-1.));
#7781=DIRECTION('center_axis',(-1.,0.,0.));
#7782=DIRECTION('ref_axis',(0.,1.,0.));
#7783=DIRECTION('',(0.,0.,-1.));
#7784=DIRECTION('center_axis',(0.,0.,-1.));
#7785=DIRECTION('ref_axis',(1.,0.,0.));
#7786=DIRECTION('',(0.,0.,-1.));
#7787=DIRECTION('center_axis',(0.,1.,0.));
#7788=DIRECTION('ref_axis',(1.,0.,0.));
#7789=DIRECTION('center_axis',(0.,0.,-1.));
#7790=DIRECTION('ref_axis',(0.,1.,0.));
#7791=DIRECTION('',(0.,0.,-1.));
#7792=DIRECTION('',(0.,0.,-1.));
#7793=DIRECTION('center_axis',(-1.,0.,0.));
#7794=DIRECTION('ref_axis',(0.,1.,0.));
#7795=DIRECTION('',(0.,0.,-1.));
#7796=DIRECTION('center_axis',(0.,0.,-1.));
#7797=DIRECTION('ref_axis',(1.,-3.70074341541716E-15,0.));
#7798=DIRECTION('',(0.,0.,-1.));
#7799=DIRECTION('center_axis',(0.,1.,0.));
#7800=DIRECTION('ref_axis',(1.,0.,0.));
#7801=DIRECTION('',(0.,0.,-1.));
#7802=DIRECTION('center_axis',(0.,0.,-1.));
#7803=DIRECTION('ref_axis',(-7.40148683083432E-15,-1.,0.));
#7804=DIRECTION('',(0.,0.,-1.));
#7805=DIRECTION('center_axis',(1.,3.36430507470713E-16,0.));
#7806=DIRECTION('ref_axis',(3.36430507470713E-16,-1.,0.));
#7807=DIRECTION('',(0.,0.,-1.));
#7808=DIRECTION('center_axis',(0.,0.,-1.));
#7809=DIRECTION('ref_axis',(-1.,1.48029736616686E-14,0.));
#7810=DIRECTION('',(0.,0.,-1.));
#7811=DIRECTION('center_axis',(0.,-1.,0.));
#7812=DIRECTION('ref_axis',(-1.,0.,0.));
#7813=DIRECTION('center_axis',(0.,0.,-1.));
#7814=DIRECTION('ref_axis',(-7.40148683083437E-15,-1.,0.));
#7815=DIRECTION('',(0.,0.,-1.));
#7816=DIRECTION('',(0.,0.,-1.));
#7817=DIRECTION('center_axis',(1.,6.72861014941426E-16,0.));
#7818=DIRECTION('ref_axis',(6.72861014941426E-16,-1.,0.));
#7819=DIRECTION('',(0.,0.,-1.));
#7820=DIRECTION('center_axis',(0.,0.,-1.));
#7821=DIRECTION('ref_axis',(-1.,0.,0.));
#7822=DIRECTION('',(0.,0.,-1.));
#7823=DIRECTION('center_axis',(0.,-1.,0.));
#7824=DIRECTION('ref_axis',(-1.,0.,0.));
#7825=DIRECTION('',(0.,0.,-1.));
#7826=DIRECTION('center_axis',(0.,0.,-1.));
#7827=DIRECTION('ref_axis',(0.,1.,0.));
#7828=DIRECTION('',(0.,0.,-1.));
#7829=DIRECTION('center_axis',(-1.,6.72861014941426E-16,0.));
#7830=DIRECTION('ref_axis',(6.72861014941426E-16,1.,0.));
#7831=DIRECTION('',(0.,0.,-1.));
#7832=DIRECTION('center_axis',(0.,0.,-1.));
#7833=DIRECTION('ref_axis',(1.,0.,0.));
#7834=DIRECTION('',(0.,0.,-1.));
#7835=DIRECTION('center_axis',(0.,1.,0.));
#7836=DIRECTION('ref_axis',(1.,0.,0.));
#7837=DIRECTION('center_axis',(0.,0.,-1.));
#7838=DIRECTION('ref_axis',(-7.40148683083434E-15,-1.,0.));
#7839=DIRECTION('',(0.,0.,-1.));
#7840=DIRECTION('',(0.,0.,-1.));
#7841=DIRECTION('center_axis',(1.,0.,0.));
#7842=DIRECTION('ref_axis',(0.,-1.,0.));
#7843=DIRECTION('',(0.,0.,-1.));
#7844=DIRECTION('center_axis',(0.,0.,-1.));
#7845=DIRECTION('ref_axis',(-1.,3.70074341541716E-15,0.));
#7846=DIRECTION('',(0.,0.,-1.));
#7847=DIRECTION('center_axis',(3.36430507470866E-16,-1.,0.));
#7848=DIRECTION('ref_axis',(-1.,-3.36430507470866E-16,0.));
#7849=DIRECTION('',(0.,0.,-1.));
#7850=DIRECTION('center_axis',(0.,0.,-1.));
#7851=DIRECTION('ref_axis',(1.48029736616686E-14,1.,0.));
#7852=DIRECTION('',(0.,0.,-1.));
#7853=DIRECTION('center_axis',(-1.,0.,0.));
#7854=DIRECTION('ref_axis',(0.,1.,0.));
#7855=DIRECTION('',(0.,0.,-1.));
#7856=DIRECTION('center_axis',(0.,0.,-1.));
#7857=DIRECTION('ref_axis',(1.,-3.70074341541716E-15,0.));
#7858=DIRECTION('',(0.,0.,-1.));
#7859=DIRECTION('center_axis',(0.,1.,0.));
#7860=DIRECTION('ref_axis',(1.,0.,0.));
#7861=DIRECTION('center_axis',(0.,0.,-1.));
#7862=DIRECTION('ref_axis',(0.,-1.,0.));
#7863=DIRECTION('',(0.,0.,-1.));
#7864=DIRECTION('',(0.,0.,-1.));
#7865=DIRECTION('center_axis',(1.,0.,0.));
#7866=DIRECTION('ref_axis',(0.,-1.,0.));
#7867=DIRECTION('',(0.,0.,-1.));
#7868=DIRECTION('center_axis',(0.,0.,-1.));
#7869=DIRECTION('ref_axis',(-1.,-1.85037170770859E-15,0.));
#7870=DIRECTION('',(0.,0.,-1.));
#7871=DIRECTION('center_axis',(3.36430507470866E-16,-1.,0.));
#7872=DIRECTION('ref_axis',(-1.,-3.36430507470866E-16,0.));
#7873=DIRECTION('',(0.,0.,-1.));
#7874=DIRECTION('center_axis',(0.,0.,-1.));
#7875=DIRECTION('ref_axis',(-7.40148683083437E-15,1.,0.));
#7876=DIRECTION('',(0.,0.,-1.));
#7877=DIRECTION('center_axis',(-1.,0.,0.));
#7878=DIRECTION('ref_axis',(0.,1.,0.));
#7879=DIRECTION('',(0.,0.,-1.));
#7880=DIRECTION('center_axis',(0.,0.,-1.));
#7881=DIRECTION('ref_axis',(1.,9.25185853854296E-16,0.));
#7882=DIRECTION('',(0.,0.,-1.));
#7883=DIRECTION('center_axis',(0.,1.,0.));
#7884=DIRECTION('ref_axis',(1.,0.,0.));
#7885=DIRECTION('center_axis',(0.,0.,-1.));
#7886=DIRECTION('ref_axis',(-3.70074341541717E-15,-1.,0.));
#7887=DIRECTION('',(0.,0.,-1.));
#7888=DIRECTION('',(0.,0.,-1.));
#7889=DIRECTION('center_axis',(1.,0.,0.));
#7890=DIRECTION('ref_axis',(0.,-1.,0.));
#7891=DIRECTION('',(0.,0.,-1.));
#7892=DIRECTION('center_axis',(0.,0.,-1.));
#7893=DIRECTION('ref_axis',(-1.,3.70074341541717E-15,0.));
#7894=DIRECTION('',(0.,0.,-1.));
#7895=DIRECTION('center_axis',(3.36430507470712E-16,-1.,0.));
#7896=DIRECTION('ref_axis',(-1.,-3.36430507470712E-16,0.));
#7897=DIRECTION('',(0.,0.,-1.));
#7898=DIRECTION('center_axis',(0.,0.,-1.));
#7899=DIRECTION('ref_axis',(0.,1.,0.));
#7900=DIRECTION('',(0.,0.,-1.));
#7901=DIRECTION('center_axis',(-1.,0.,0.));
#7902=DIRECTION('ref_axis',(0.,1.,0.));
#7903=DIRECTION('',(0.,0.,-1.));
#7904=DIRECTION('center_axis',(0.,0.,-1.));
#7905=DIRECTION('ref_axis',(1.,1.85037170770859E-15,0.));
#7906=DIRECTION('',(0.,0.,-1.));
#7907=DIRECTION('center_axis',(0.,1.,0.));
#7908=DIRECTION('ref_axis',(1.,0.,0.));
#7909=DIRECTION('center_axis',(0.,0.,-1.));
#7910=DIRECTION('ref_axis',(1.,1.85037170770859E-15,0.));
#7911=DIRECTION('',(0.,0.,-1.));
#7912=DIRECTION('',(0.,0.,-1.));
#7913=DIRECTION('center_axis',(0.,1.,0.));
#7914=DIRECTION('ref_axis',(1.,0.,0.));
#7915=DIRECTION('',(0.,0.,-1.));
#7916=DIRECTION('center_axis',(0.,0.,-1.));
#7917=DIRECTION('ref_axis',(0.,-1.,0.));
#7918=DIRECTION('',(0.,0.,-1.));
#7919=DIRECTION('center_axis',(1.,0.,0.));
#7920=DIRECTION('ref_axis',(0.,-1.,0.));
#7921=DIRECTION('',(0.,0.,-1.));
#7922=DIRECTION('center_axis',(0.,0.,-1.));
#7923=DIRECTION('ref_axis',(-1.,-1.38777878078144E-15,0.));
#7924=DIRECTION('',(0.,0.,-1.));
#7925=DIRECTION('center_axis',(2.10269067169291E-16,-1.,0.));
#7926=DIRECTION('ref_axis',(-1.,-2.10269067169291E-16,0.));
#7927=DIRECTION('',(0.,0.,-1.));
#7928=DIRECTION('center_axis',(0.,0.,-1.));
#7929=DIRECTION('ref_axis',(0.,1.,0.));
#7930=DIRECTION('',(0.,0.,-1.));
#7931=DIRECTION('center_axis',(-1.,0.,0.));
#7932=DIRECTION('ref_axis',(0.,1.,0.));
#7933=DIRECTION('center_axis',(0.,0.,-1.));
#7934=DIRECTION('ref_axis',(1.,3.70074341541721E-15,0.));
#7935=DIRECTION('',(0.,0.,-1.));
#7936=DIRECTION('',(0.,0.,-1.));
#7937=DIRECTION('center_axis',(0.,1.,0.));
#7938=DIRECTION('ref_axis',(1.,0.,0.));
#7939=DIRECTION('',(0.,0.,-1.));
#7940=DIRECTION('center_axis',(0.,0.,-1.));
#7941=DIRECTION('ref_axis',(-7.40148683083434E-15,-1.,0.));
#7942=DIRECTION('',(0.,0.,-1.));
#7943=DIRECTION('center_axis',(1.,0.,0.));
#7944=DIRECTION('ref_axis',(0.,-1.,0.));
#7945=DIRECTION('',(0.,0.,-1.));
#7946=DIRECTION('center_axis',(0.,0.,-1.));
#7947=DIRECTION('ref_axis',(-1.,-9.25185853854296E-16,0.));
#7948=DIRECTION('',(0.,0.,-1.));
#7949=DIRECTION('center_axis',(1.00929152241183E-15,-1.,0.));
#7950=DIRECTION('ref_axis',(-1.,-1.00929152241183E-15,0.));
#7951=DIRECTION('',(0.,0.,-1.));
#7952=DIRECTION('center_axis',(0.,0.,-1.));
#7953=DIRECTION('ref_axis',(1.48029736616686E-14,1.,0.));
#7954=DIRECTION('',(0.,0.,-1.));
#7955=DIRECTION('center_axis',(-1.,1.34572202988285E-15,0.));
#7956=DIRECTION('ref_axis',(1.34572202988285E-15,1.,0.));
#7957=DIRECTION('center_axis',(0.,0.,-1.));
#7958=DIRECTION('ref_axis',(1.,3.70074341541721E-15,0.));
#7959=DIRECTION('',(0.,0.,-1.));
#7960=DIRECTION('',(0.,0.,-1.));
#7961=DIRECTION('center_axis',(0.,1.,0.));
#7962=DIRECTION('ref_axis',(1.,0.,0.));
#7963=DIRECTION('',(0.,0.,-1.));
#7964=DIRECTION('center_axis',(0.,0.,-1.));
#7965=DIRECTION('ref_axis',(0.,-1.,0.));
#7966=DIRECTION('',(0.,0.,-1.));
#7967=DIRECTION('center_axis',(1.,0.,0.));
#7968=DIRECTION('ref_axis',(0.,-1.,0.));
#7969=DIRECTION('',(0.,0.,-1.));
#7970=DIRECTION('center_axis',(0.,0.,-1.));
#7971=DIRECTION('ref_axis',(-1.,-9.25185853854296E-16,0.));
#7972=DIRECTION('',(0.,0.,-1.));
#7973=DIRECTION('center_axis',(1.00929152241183E-15,-1.,0.));
#7974=DIRECTION('ref_axis',(-1.,-1.00929152241183E-15,0.));
#7975=DIRECTION('',(0.,0.,-1.));
#7976=DIRECTION('center_axis',(0.,0.,-1.));
#7977=DIRECTION('ref_axis',(1.48029736616686E-14,1.,0.));
#7978=DIRECTION('',(0.,0.,-1.));
#7979=DIRECTION('center_axis',(-1.,1.34572202988295E-15,0.));
#7980=DIRECTION('ref_axis',(1.34572202988295E-15,1.,0.));
#7981=DIRECTION('center_axis',(0.,0.,-1.));
#7982=DIRECTION('ref_axis',(1.,1.85037170770861E-15,0.));
#7983=DIRECTION('',(0.,0.,-1.));
#7984=DIRECTION('',(0.,0.,-1.));
#7985=DIRECTION('center_axis',(0.,1.,0.));
#7986=DIRECTION('ref_axis',(1.,0.,0.));
#7987=DIRECTION('',(0.,0.,-1.));
#7988=DIRECTION('center_axis',(0.,0.,-1.));
#7989=DIRECTION('ref_axis',(0.,-1.,0.));
#7990=DIRECTION('',(0.,0.,-1.));
#7991=DIRECTION('center_axis',(1.,0.,0.));
#7992=DIRECTION('ref_axis',(0.,-1.,0.));
#7993=DIRECTION('',(0.,0.,-1.));
#7994=DIRECTION('center_axis',(0.,0.,-1.));
#7995=DIRECTION('ref_axis',(-1.,-3.70074341541721E-15,0.));
#7996=DIRECTION('',(0.,0.,-1.));
#7997=DIRECTION('center_axis',(1.00929152241183E-15,-1.,0.));
#7998=DIRECTION('ref_axis',(-1.,-1.00929152241183E-15,0.));
#7999=DIRECTION('',(0.,0.,-1.));
#8000=DIRECTION('center_axis',(0.,0.,-1.));
#8001=DIRECTION('ref_axis',(1.48029736616686E-14,1.,0.));
#8002=DIRECTION('',(0.,0.,-1.));
#8003=DIRECTION('center_axis',(-1.,1.34572202988285E-15,0.));
#8004=DIRECTION('ref_axis',(1.34572202988285E-15,1.,0.));
#8005=DIRECTION('center_axis',(0.,0.,-1.));
#8006=DIRECTION('ref_axis',(1.48029736616686E-14,1.,0.));
#8007=DIRECTION('',(0.,0.,-1.));
#8008=DIRECTION('',(0.,0.,-1.));
#8009=DIRECTION('center_axis',(-1.,1.34572202988285E-15,0.));
#8010=DIRECTION('ref_axis',(1.34572202988285E-15,1.,0.));
#8011=DIRECTION('',(0.,0.,-1.));
#8012=DIRECTION('center_axis',(0.,0.,-1.));
#8013=DIRECTION('ref_axis',(1.,3.70074341541721E-15,0.));
#8014=DIRECTION('',(0.,0.,-1.));
#8015=DIRECTION('center_axis',(-3.3643050747061E-16,1.,0.));
#8016=DIRECTION('ref_axis',(1.,3.3643050747061E-16,0.));
#8017=DIRECTION('',(0.,0.,-1.));
#8018=DIRECTION('center_axis',(0.,0.,-1.));
#8019=DIRECTION('ref_axis',(-1.48029736616686E-14,-1.,0.));
#8020=DIRECTION('',(0.,0.,-1.));
#8021=DIRECTION('center_axis',(1.,0.,0.));
#8022=DIRECTION('ref_axis',(0.,-1.,0.));
#8023=DIRECTION('',(0.,0.,-1.));
#8024=DIRECTION('center_axis',(0.,0.,-1.));
#8025=DIRECTION('ref_axis',(-1.,0.,0.));
#8026=DIRECTION('',(0.,0.,-1.));
#8027=DIRECTION('center_axis',(6.72861014941221E-16,-1.,0.));
#8028=DIRECTION('ref_axis',(-1.,-6.72861014941221E-16,0.));
#8029=DIRECTION('center_axis',(0.,-1.,0.));
#8030=DIRECTION('ref_axis',(-1.,0.,0.));
#8031=DIRECTION('',(0.,0.,-1.));
#8032=DIRECTION('',(0.,0.,-1.));
#8033=DIRECTION('center_axis',(-1.,0.,0.));
#8034=DIRECTION('ref_axis',(0.,1.,0.));
#8035=DIRECTION('',(0.,0.,-1.));
#8036=DIRECTION('center_axis',(0.,1.,0.));
#8037=DIRECTION('ref_axis',(1.,0.,0.));
#8038=DIRECTION('',(0.,0.,-1.));
#8039=DIRECTION('center_axis',(1.,0.,0.));
#8040=DIRECTION('ref_axis',(0.,-1.,0.));
#8041=DIRECTION('center_axis',(0.,0.,-1.));
#8042=DIRECTION('ref_axis',(-0.707054281086107,0.707159277389336,0.));
#8043=DIRECTION('',(0.,0.,-1.));
#8044=DIRECTION('',(0.,0.,-1.));
#8045=DIRECTION('center_axis',(1.18423789293351E-14,-1.,0.));
#8046=DIRECTION('ref_axis',(-1.,-1.18423789293351E-14,0.));
#8047=DIRECTION('',(0.,0.,-1.));
#8048=DIRECTION('center_axis',(0.,0.,-1.));
#8049=DIRECTION('ref_axis',(1.,0.,0.));
#8050=DIRECTION('',(0.,0.,-1.));
#8051=DIRECTION('center_axis',(1.,0.,0.));
#8052=DIRECTION('ref_axis',(0.,-1.,0.));
#8053=DIRECTION('',(0.,0.,-1.));
#8054=DIRECTION('center_axis',(0.,0.,-1.));
#8055=DIRECTION('ref_axis',(0.,1.,0.));
#8056=DIRECTION('',(0.,0.,-1.));
#8057=DIRECTION('center_axis',(-1.18423789293351E-14,1.,0.));
#8058=DIRECTION('ref_axis',(1.,1.18423789293351E-14,0.));
#8059=DIRECTION('',(0.,0.,-1.));
#8060=DIRECTION('center_axis',(0.,0.,-1.));
#8061=DIRECTION('ref_axis',(-0.706849743398306,-0.707363725573873,0.));
#8062=DIRECTION('',(0.,0.,-1.));
#8063=DIRECTION('center_axis',(1.,2.368475785867E-14,0.));
#8064=DIRECTION('ref_axis',(2.368475785867E-14,-1.,0.));
#8065=DIRECTION('',(0.,0.,-1.));
#8066=DIRECTION('center_axis',(0.,0.,-1.));
#8067=DIRECTION('ref_axis',(3.55271367880045E-14,1.,0.));
#8068=DIRECTION('',(0.,0.,-1.));
#8069=DIRECTION('center_axis',(7.79103876929927E-16,1.,0.));
#8070=DIRECTION('ref_axis',(1.,-7.79103876929927E-16,0.));
#8071=DIRECTION('',(0.,0.,-1.));
#8072=DIRECTION('center_axis',(0.,0.,-1.));
#8073=DIRECTION('ref_axis',(1.86984930463185E-15,-1.,0.));
#8074=DIRECTION('',(0.,0.,-1.));
#8075=DIRECTION('center_axis',(0.,0.,-1.));
#8076=DIRECTION('ref_axis',(-7.10542735760115E-15,1.,0.));
#8077=DIRECTION('',(0.,0.,-1.));
#8078=DIRECTION('center_axis',(2.72238596076668E-15,1.,0.));
#8079=DIRECTION('ref_axis',(1.,-2.72238596076668E-15,0.));
#8080=DIRECTION('',(0.,0.,-1.));
#8081=DIRECTION('center_axis',(0.,0.,-1.));
#8082=DIRECTION('ref_axis',(-1.86984930463185E-15,-1.,0.));
#8083=DIRECTION('',(0.,0.,-1.));
#8084=DIRECTION('center_axis',(1.,6.64058631551491E-15,0.));
#8085=DIRECTION('ref_axis',(6.64058631551491E-15,-1.,0.));
#8086=DIRECTION('',(0.,0.,-1.));
#8087=DIRECTION('center_axis',(0.,0.,-1.));
#8088=DIRECTION('ref_axis',(0.,1.,0.));
#8089=DIRECTION('',(0.,0.,-1.));
#8090=DIRECTION('center_axis',(-1.18423789293354E-14,1.,0.));
#8091=DIRECTION('ref_axis',(1.,1.18423789293354E-14,0.));
#8092=DIRECTION('',(0.,0.,-1.));
#8093=DIRECTION('center_axis',(0.,0.,-1.));
#8094=DIRECTION('ref_axis',(-0.706965187953351,-0.707248346072356,0.));
#8095=DIRECTION('',(0.,0.,-1.));
#8096=DIRECTION('center_axis',(1.,0.,0.));
#8097=DIRECTION('ref_axis',(0.,-1.,0.));
#8098=DIRECTION('',(0.,0.,-1.));
#8099=DIRECTION('center_axis',(0.,0.,-1.));
#8100=DIRECTION('ref_axis',(-1.77635683940029E-14,1.,0.));
#8101=DIRECTION('',(0.,0.,-1.));
#8102=DIRECTION('center_axis',(0.,1.,0.));
#8103=DIRECTION('ref_axis',(1.,0.,0.));
#8104=DIRECTION('',(0.,0.,-1.));
#8105=DIRECTION('center_axis',(0.,0.,-1.));
#8106=DIRECTION('ref_axis',(-1.86984930463184E-15,-1.,0.));
#8107=DIRECTION('',(0.,0.,-1.));
#8108=DIRECTION('center_axis',(1.,4.4408920985006E-15,0.));
#8109=DIRECTION('ref_axis',(4.4408920985006E-15,-1.,0.));
#8110=DIRECTION('',(0.,0.,-1.));
#8111=DIRECTION('center_axis',(0.,0.,-1.));
#8112=DIRECTION('ref_axis',(-1.42108547152025E-14,1.,0.));
#8113=DIRECTION('',(0.,0.,-1.));
#8114=DIRECTION('center_axis',(4.93432455388959E-16,1.,0.));
#8115=DIRECTION('ref_axis',(1.,-4.93432455388959E-16,0.));
#8116=DIRECTION('',(0.,0.,-1.));
#8117=DIRECTION('center_axis',(0.,0.,-1.));
#8118=DIRECTION('ref_axis',(-1.,-7.10542735760098E-15,0.));
#8119=DIRECTION('',(0.,0.,-1.));
#8120=DIRECTION('center_axis',(-1.,-1.11022302462516E-15,0.));
#8121=DIRECTION('ref_axis',(-1.11022302462516E-15,1.,0.));
#8122=DIRECTION('',(0.,0.,-1.));
#8123=DIRECTION('center_axis',(0.,0.,-1.));
#8124=DIRECTION('ref_axis',(1.,0.,0.));
#8125=DIRECTION('',(0.,0.,-1.));
#8126=DIRECTION('center_axis',(6.63158929384803E-16,1.,0.));
#8127=DIRECTION('ref_axis',(1.,-6.63158929384803E-16,0.));
#8128=DIRECTION('',(0.,0.,-1.));
#8129=DIRECTION('center_axis',(0.,0.,-1.));
#8130=DIRECTION('ref_axis',(-0.942809041582064,0.333333333333332,0.));
#8131=DIRECTION('',(0.,0.,-1.));
#8132=DIRECTION('center_axis',(0.,0.,-1.));
#8133=DIRECTION('ref_axis',(0.942809041582065,-0.333333333333327,0.));
#8134=DIRECTION('',(0.,0.,-1.));
#8135=DIRECTION('center_axis',(-7.79103876929932E-16,1.,0.));
#8136=DIRECTION('ref_axis',(1.,7.79103876929933E-16,0.));
#8137=DIRECTION('',(0.,0.,-1.));
#8138=DIRECTION('center_axis',(0.,0.,-1.));
#8139=DIRECTION('ref_axis',(-1.,0.,0.));
#8140=DIRECTION('',(0.,0.,-1.));
#8141=DIRECTION('center_axis',(-1.,1.18423789293351E-14,0.));
#8142=DIRECTION('ref_axis',(1.18423789293351E-14,1.,0.));
#8143=DIRECTION('',(0.,0.,-1.));
#8144=DIRECTION('center_axis',(0.,0.,-1.));
#8145=DIRECTION('ref_axis',(1.,0.,0.));
#8146=DIRECTION('',(0.,0.,-1.));
#8147=DIRECTION('center_axis',(-1.1842378929335E-14,1.,0.));
#8148=DIRECTION('ref_axis',(1.,1.1842378929335E-14,0.));
#8149=DIRECTION('',(0.,0.,-1.));
#8150=DIRECTION('center_axis',(0.,0.,-1.));
#8151=DIRECTION('ref_axis',(-1.,0.,0.));
#8152=DIRECTION('',(0.,0.,-1.));
#8153=DIRECTION('center_axis',(-1.,2.20397209247591E-16,0.));
#8154=DIRECTION('ref_axis',(2.20397209247591E-16,1.,0.));
#8155=DIRECTION('center_axis',(-0.956304755963055,-0.292371704722674,0.));
#8156=DIRECTION('ref_axis',(-0.292371704722674,0.956304755963055,0.));
#8157=DIRECTION('',(0.,0.,-1.));
#8158=DIRECTION('center_axis',(0.,0.,-1.));
#8159=DIRECTION('ref_axis',(0.292371704722676,-0.956304755963054,0.));
#8160=DIRECTION('',(0.,0.,-1.));
#8161=DIRECTION('center_axis',(0.292371704722676,-0.956304755963054,0.));
#8162=DIRECTION('ref_axis',(-0.956304755963054,-0.292371704722676,0.));
#8163=DIRECTION('',(0.,0.,-1.));
#8164=DIRECTION('center_axis',(0.,0.,-1.));
#8165=DIRECTION('ref_axis',(1.,0.,0.));
#8166=DIRECTION('',(0.,0.,-1.));
#8167=DIRECTION('center_axis',(-0.95630475596301,-0.292371704722821,0.));
#8168=DIRECTION('ref_axis',(-0.292371704722821,0.95630475596301,0.));
#8169=DIRECTION('',(0.,0.,-1.));
#8170=DIRECTION('center_axis',(0.,0.,-1.));
#8171=DIRECTION('ref_axis',(0.2923717047228,-0.956304755963016,0.));
#8172=DIRECTION('',(0.,0.,-1.));
#8173=DIRECTION('center_axis',(0.292371704722819,-0.95630475596301,0.));
#8174=DIRECTION('ref_axis',(-0.95630475596301,-0.292371704722819,0.));
#8175=DIRECTION('',(0.,0.,-1.));
#8176=DIRECTION('center_axis',(0.,0.,-1.));
#8177=DIRECTION('ref_axis',(-0.292371704722824,0.956304755963009,0.));
#8178=DIRECTION('',(0.,0.,-1.));
#8179=DIRECTION('center_axis',(1.30093681861197E-13,-1.,0.));
#8180=DIRECTION('ref_axis',(-1.,-1.30093681861197E-13,0.));
#8181=DIRECTION('',(0.,0.,-1.));
#8182=DIRECTION('center_axis',(0.,0.,-1.));
#8183=DIRECTION('ref_axis',(1.,1.3322676295502E-13,0.));
#8184=DIRECTION('',(0.,0.,-1.));
#8185=DIRECTION('center_axis',(1.,1.33226762955018E-13,0.));
#8186=DIRECTION('ref_axis',(1.33226762955018E-13,-1.,0.));
#8187=DIRECTION('',(0.,0.,-1.));
#8188=DIRECTION('center_axis',(0.,0.,-1.));
#8189=DIRECTION('ref_axis',(-0.707256271376408,0.706957259386125,0.));
#8190=DIRECTION('',(0.,0.,-1.));
#8191=DIRECTION('center_axis',(0.,-1.,0.));
#8192=DIRECTION('ref_axis',(-1.,0.,0.));
#8193=DIRECTION('',(0.,0.,-1.));
#8194=DIRECTION('center_axis',(0.,0.,-1.));
#8195=DIRECTION('ref_axis',(1.,0.,0.));
#8196=DIRECTION('',(0.,0.,-1.));
#8197=DIRECTION('center_axis',(1.,2.20686533946891E-16,0.));
#8198=DIRECTION('ref_axis',(2.20686533946891E-16,-1.,0.));
#8199=DIRECTION('',(0.,0.,-1.));
#8200=DIRECTION('center_axis',(0.,0.,-1.));
#8201=DIRECTION('ref_axis',(-1.,0.,0.));
#8202=DIRECTION('',(0.,0.,-1.));
#8203=DIRECTION('center_axis',(0.,-1.,0.));
#8204=DIRECTION('ref_axis',(-1.,0.,0.));
#8205=DIRECTION('',(0.,0.,-1.));
#8206=DIRECTION('center_axis',(0.,0.,-1.));
#8207=DIRECTION('ref_axis',(-3.7396986092637E-15,1.,0.));
#8208=DIRECTION('',(0.,0.,-1.));
#8209=DIRECTION('center_axis',(-1.,0.,0.));
#8210=DIRECTION('ref_axis',(0.,1.,0.));
#8211=DIRECTION('',(0.,0.,-1.));
#8212=DIRECTION('center_axis',(0.,0.,-1.));
#8213=DIRECTION('ref_axis',(0.,-1.,0.));
#8214=DIRECTION('',(0.,0.,-1.));
#8215=DIRECTION('center_axis',(-2.96059473233378E-15,-1.,0.));
#8216=DIRECTION('ref_axis',(-1.,2.96059473233378E-15,0.));
#8217=DIRECTION('',(0.,0.,-1.));
#8218=DIRECTION('center_axis',(0.,0.,-1.));
#8219=DIRECTION('ref_axis',(1.,0.,0.));
#8220=DIRECTION('',(0.,0.,-1.));
#8221=DIRECTION('center_axis',(-1.,-1.1842378929335E-14,0.));
#8222=DIRECTION('ref_axis',(-1.1842378929335E-14,1.,0.));
#8223=DIRECTION('',(0.,0.,-1.));
#8224=DIRECTION('center_axis',(0.,0.,-1.));
#8225=DIRECTION('ref_axis',(-1.77635683940024E-14,-1.,0.));
#8226=DIRECTION('',(0.,0.,-1.));
#8227=DIRECTION('center_axis',(-3.89551938464967E-16,-1.,0.));
#8228=DIRECTION('ref_axis',(-1.,3.89551938464967E-16,0.));
#8229=DIRECTION('',(0.,0.,-1.));
#8230=DIRECTION('center_axis',(0.,0.,-1.));
#8231=DIRECTION('ref_axis',(-3.7396986092637E-15,1.,0.));
#8232=DIRECTION('',(0.,0.,-1.));
#8233=DIRECTION('center_axis',(0.,0.,-1.));
#8234=DIRECTION('ref_axis',(1.42108547152022E-14,-1.,0.));
#8235=DIRECTION('',(0.,0.,-1.));
#8236=DIRECTION('center_axis',(8.14842586880846E-16,-1.,0.));
#8237=DIRECTION('ref_axis',(-1.,-8.14842586880846E-16,0.));
#8238=DIRECTION('',(0.,0.,-1.));
#8239=DIRECTION('center_axis',(0.,0.,-1.));
#8240=DIRECTION('ref_axis',(1.,-3.55271367880032E-14,0.));
#8241=DIRECTION('',(0.,0.,-1.));
#8242=DIRECTION('center_axis',(1.,0.,0.));
#8243=DIRECTION('ref_axis',(0.,-1.,0.));
#8244=CARTESIAN_POINT('',(0.,0.,0.));
#8245=CARTESIAN_POINT('Origin',(-41.6700241512291,-28.7009250582551,-0.999999999999994));
#8246=CARTESIAN_POINT('',(-44.6700241512291,-28.7009250582551,-1.6));
#8247=CARTESIAN_POINT('',(-44.5389384191183,-29.5780401724231,-1.6));
#8248=CARTESIAN_POINT('Origin',(-41.6700241512291,-28.7009250582551,-1.6));
#8249=CARTESIAN_POINT('',(-44.5389384191183,-29.5780401724231,-0.4));
#8250=CARTESIAN_POINT('',(-44.5389384191183,-29.5780401724231,-0.999999999999994));
#8251=CARTESIAN_POINT('',(-44.6700241512291,-28.7009250582551,-0.4));
#8252=CARTESIAN_POINT('Origin',(-41.6700241512291,-28.7009250582551,-0.4));
#8253=CARTESIAN_POINT('',(-44.6700241512291,-28.7009250582551,-0.999999999999994));
#8254=CARTESIAN_POINT('Origin',(-44.6700241512291,-29.1492780623024,-1.59999999999999));
#8255=CARTESIAN_POINT('',(-44.6700241512291,-17.6189442750091,-0.4));
#8256=CARTESIAN_POINT('',(-44.6700241512291,-5.40349067801281,-0.4));
#8257=CARTESIAN_POINT('',(-44.6700241512291,-17.6189442750091,-1.6));
#8258=CARTESIAN_POINT('',(-44.6700241512291,-17.6189442750091,-1.59999999999999));
#8259=CARTESIAN_POINT('',(-44.6700241512291,-5.40349067801281,-1.6));
#8260=CARTESIAN_POINT('Origin',(18.5750927101815,18.3422967062767,-0.4));
#8261=CARTESIAN_POINT('',(-41.5810695731151,-39.2527932325076,-0.4));
#8262=CARTESIAN_POINT('',(-41.5810695731151,-39.2527932325076,-0.4));
#8263=CARTESIAN_POINT('',(-40.9567313427722,-39.5847597581278,-0.4));
#8264=CARTESIAN_POINT('Origin',(-41.1029171951335,-39.1066073801463,-0.4));
#8265=CARTESIAN_POINT('',(-40.5667908751416,-39.4655429932309,-0.4));
#8266=CARTESIAN_POINT('',(-40.2395027757999,-39.3654809795858,-0.4));
#8267=CARTESIAN_POINT('',(-38.7033284943412,-40.4567314877348,-0.4));
#8268=CARTESIAN_POINT('Origin',(-39.903299466598,-40.465435610869,-0.4));
#8269=CARTESIAN_POINT('',(-38.5842460674693,-40.8462325554844,-0.4));
#8270=CARTESIAN_POINT('',(-38.5842460674693,-40.8462325554844,-0.4));
#8271=CARTESIAN_POINT('',(-37.9599078371263,-41.1781990811045,-0.4));
#8272=CARTESIAN_POINT('Origin',(-38.1060936894877,-40.700046703123,-0.4));
#8273=CARTESIAN_POINT('',(-22.3558256783992,-36.4075524091784,-0.4));
#8274=CARTESIAN_POINT('',(-22.3558256783992,-36.4075524091784,-0.4));
#8275=CARTESIAN_POINT('',(-20.9670600809664,-36.2000000000027,-0.4));
#8276=CARTESIAN_POINT('Origin',(-20.9670600809658,-40.9500000000027,-0.4));
#8277=CARTESIAN_POINT('',(-4.64999999999982,-36.2000000000006,-0.4));
#8278=CARTESIAN_POINT('',(-4.64999999999982,-36.2000000000006,-0.4));
#8279=CARTESIAN_POINT('',(-4.14999999999989,-35.7000000000005,-0.4));
#8280=CARTESIAN_POINT('Origin',(-4.64999999999988,-35.7000000000006,-0.4));
#8281=CARTESIAN_POINT('',(-4.14999999999994,-35.2928167315215,-0.4));
#8282=CARTESIAN_POINT('',(-4.14999999999999,-34.9500000000005,-0.4));
#8283=CARTESIAN_POINT('',(-2.6578143977032,-33.8000000000004,-0.4));
#8284=CARTESIAN_POINT('Origin',(-2.99994919989802,-34.950195580389,-0.4));
#8285=CARTESIAN_POINT('',(-2.24999999999999,-33.8000000000004,-0.4));
#8286=CARTESIAN_POINT('',(-2.24999999999999,-33.8000000000004,-0.4));
#8287=CARTESIAN_POINT('',(-1.74999999999999,-33.3000000000004,-0.4));
#8288=CARTESIAN_POINT('Origin',(-2.24999999999999,-33.3000000000004,-0.4));
#8289=CARTESIAN_POINT('',(-1.74999999999999,-16.95,-0.4));
#8290=CARTESIAN_POINT('',(-1.74999999999999,-16.95,-0.4));
#8291=CARTESIAN_POINT('',(3.,-12.2,-0.4));
#8292=CARTESIAN_POINT('Origin',(3.00000000000001,-16.95,-0.4));
#8293=CARTESIAN_POINT('',(42.15,-12.2,-0.4));
#8294=CARTESIAN_POINT('',(42.15,-12.2,-0.4));
#8295=CARTESIAN_POINT('',(46.9,-16.95,-0.4));
#8296=CARTESIAN_POINT('Origin',(42.15,-16.95,-0.4));
#8297=CARTESIAN_POINT('',(46.9,-17.35,-0.4));
#8298=CARTESIAN_POINT('',(46.9,-17.35,-0.4));
#8299=CARTESIAN_POINT('',(47.4,-17.85,-0.4));
#8300=CARTESIAN_POINT('Origin',(47.4,-17.35,-0.4));
#8301=CARTESIAN_POINT('',(47.8079066101893,-17.85,-0.4));
#8302=CARTESIAN_POINT('',(48.15,-17.85,-0.4));
#8303=CARTESIAN_POINT('',(49.3,-19.3434650413706,-0.4));
#8304=CARTESIAN_POINT('Origin',(48.150152400305,-19.000162560322,-0.4));
#8305=CARTESIAN_POINT('',(49.3,-19.75,-0.4));
#8306=CARTESIAN_POINT('',(49.3,-19.75,-0.4));
#8307=CARTESIAN_POINT('',(49.8,-20.25,-0.4));
#8308=CARTESIAN_POINT('Origin',(49.8,-19.75,-0.4));
#8309=CARTESIAN_POINT('',(61.2,-20.25,-0.4));
#8310=CARTESIAN_POINT('',(61.2,-20.25,-0.4));
#8311=CARTESIAN_POINT('',(65.95,-25.,-0.4));
#8312=CARTESIAN_POINT('Origin',(61.2,-25.,-0.4));
#8313=CARTESIAN_POINT('',(67.2,-26.25,-0.4));
#8314=CARTESIAN_POINT('Origin',(67.2,-25.,-0.4));
#8315=CARTESIAN_POINT('',(83.5500000000001,-26.25,-0.4));
#8316=CARTESIAN_POINT('',(83.5500000000001,-26.25,-0.4));
#8317=CARTESIAN_POINT('',(84.0500000000001,-25.75,-0.4));
#8318=CARTESIAN_POINT('Origin',(83.55,-25.75,-0.4));
#8319=CARTESIAN_POINT('',(84.0500000000001,-25.3422075773663,-0.4));
#8320=CARTESIAN_POINT('',(84.0500000000001,-25.,-0.4));
#8321=CARTESIAN_POINT('',(85.5424291675376,-23.85,-0.4));
#8322=CARTESIAN_POINT('Origin',(85.200226060448,-25.000175260348,-0.4));
#8323=CARTESIAN_POINT('',(85.9500000000001,-23.85,-0.4));
#8324=CARTESIAN_POINT('',(85.9500000000001,-23.85,-0.4));
#8325=CARTESIAN_POINT('',(86.4500000000001,-23.35,-0.4));
#8326=CARTESIAN_POINT('Origin',(85.9500000000001,-23.35,-0.4));
#8327=CARTESIAN_POINT('',(86.4500000000001,48.5,-0.4));
#8328=CARTESIAN_POINT('',(86.4500000000001,48.5,-0.4));
#8329=CARTESIAN_POINT('',(85.9500000000001,49.,-0.4));
#8330=CARTESIAN_POINT('Origin',(85.9500000000001,48.5,-0.4));
#8331=CARTESIAN_POINT('',(85.5430943640207,49.,-0.4));
#8332=CARTESIAN_POINT('',(85.2000000000001,49.,-0.4));
#8333=CARTESIAN_POINT('',(84.0500000000001,50.4920094569753,-0.4));
#8334=CARTESIAN_POINT('Origin',(85.200226060448,50.149977139957,-0.4));
#8335=CARTESIAN_POINT('',(84.05,50.9,-0.4));
#8336=CARTESIAN_POINT('',(84.05,50.9,-0.4));
#8337=CARTESIAN_POINT('',(83.5500000000001,51.4,-0.4));
#8338=CARTESIAN_POINT('Origin',(83.55,50.9,-0.4));
#8339=CARTESIAN_POINT('',(72.1499999999999,51.4,-0.4));
#8340=CARTESIAN_POINT('',(72.1499999999999,51.4,-0.4));
#8341=CARTESIAN_POINT('',(67.3999999999999,56.15,-0.4));
#8342=CARTESIAN_POINT('Origin',(72.1499999999999,56.15,-0.4));
#8343=CARTESIAN_POINT('',(66.1499999999999,57.4,-0.4));
#8344=CARTESIAN_POINT('Origin',(66.15,56.15,-0.4));
#8345=CARTESIAN_POINT('',(53.1,57.4,-0.4));
#8346=CARTESIAN_POINT('',(53.1,57.4,-0.4));
#8347=CARTESIAN_POINT('',(48.35,62.15,-0.4));
#8348=CARTESIAN_POINT('Origin',(53.1,62.15,-0.4));
#8349=CARTESIAN_POINT('',(48.35,67.5000000000001,-0.4));
#8350=CARTESIAN_POINT('',(48.35,67.5000000000001,-0.4));
#8351=CARTESIAN_POINT('',(47.85,68.0000000000001,-0.4));
#8352=CARTESIAN_POINT('Origin',(47.85,67.5000000000001,-0.4));
#8353=CARTESIAN_POINT('',(47.4428988731524,68.0000000000001,-0.4));
#8354=CARTESIAN_POINT('',(47.1,68.0000000000001,-0.4));
#8355=CARTESIAN_POINT('',(45.95,69.4923011673548,-0.4));
#8356=CARTESIAN_POINT('Origin',(47.1001498603,69.15001270002,-0.4));
#8357=CARTESIAN_POINT('',(45.95,69.9,-0.4));
#8358=CARTESIAN_POINT('',(45.95,69.9,-0.4));
#8359=CARTESIAN_POINT('',(45.45,70.4,-0.4));
#8360=CARTESIAN_POINT('Origin',(45.45,69.9,-0.4));
#8361=CARTESIAN_POINT('',(34.05,70.4,-0.4));
#8362=CARTESIAN_POINT('',(34.05,70.4,-0.4));
#8363=CARTESIAN_POINT('',(29.3,75.15,-0.4));
#8364=CARTESIAN_POINT('Origin',(34.05,75.15,-0.4));
#8365=CARTESIAN_POINT('',(29.3,77.15,-0.4));
#8366=CARTESIAN_POINT('',(29.3,77.15,-0.4));
#8367=CARTESIAN_POINT('',(28.05,78.4,-0.4));
#8368=CARTESIAN_POINT('Origin',(28.05,77.15,-0.4));
#8369=CARTESIAN_POINT('',(10.05,78.4,-0.4));
#8370=CARTESIAN_POINT('',(10.05,78.4,-0.4));
#8371=CARTESIAN_POINT('',(8.79999999999999,77.15,-0.4));
#8372=CARTESIAN_POINT('Origin',(10.05,77.15,-0.4));
#8373=CARTESIAN_POINT('',(8.8,72.15,-0.4));
#8374=CARTESIAN_POINT('',(8.8,72.15,-0.4));
#8375=CARTESIAN_POINT('',(4.05,67.4,-0.4));
#8376=CARTESIAN_POINT('Origin',(4.04999999999999,72.15,-0.4));
#8377=CARTESIAN_POINT('',(-9.34314575050761,67.4,-0.4));
#8378=CARTESIAN_POINT('',(-9.34314575050761,67.4,-0.4));
#8379=CARTESIAN_POINT('',(-10.5216570524852,66.5666666666667,-0.4));
#8380=CARTESIAN_POINT('Origin',(-9.34314575050761,66.15,-0.4));
#8381=CARTESIAN_POINT('',(-15.,63.4,-0.4));
#8382=CARTESIAN_POINT('Origin',(-15.,68.15,-0.4));
#8383=CARTESIAN_POINT('',(-26.4,63.4,-0.4));
#8384=CARTESIAN_POINT('',(-26.4,63.4,-0.4));
#8385=CARTESIAN_POINT('',(-26.9,62.9,-0.4));
#8386=CARTESIAN_POINT('Origin',(-26.4,62.9,-0.4));
#8387=CARTESIAN_POINT('',(-26.9,62.4927916218615,-0.4));
#8388=CARTESIAN_POINT('',(-26.9,62.15,-0.4));
#8389=CARTESIAN_POINT('',(-28.3927916218616,61.,-0.4));
#8390=CARTESIAN_POINT('Origin',(-28.05,62.15,-0.4));
#8391=CARTESIAN_POINT('',(-28.8,61.,-0.4));
#8392=CARTESIAN_POINT('',(-28.8,61.,-0.4));
#8393=CARTESIAN_POINT('',(-29.3,60.5,-0.4));
#8394=CARTESIAN_POINT('Origin',(-28.8,60.5,-0.4));
#8395=CARTESIAN_POINT('',(-29.3,-16.5989866674018,-0.399999999999991));
#8396=CARTESIAN_POINT('',(-29.3,0.871655019437455,-0.4));
#8397=CARTESIAN_POINT('',(-30.5,-17.7989866674018,-0.399999999999991));
#8398=CARTESIAN_POINT('Origin',(-30.5,-16.5989866674018,-0.4));
#8399=CARTESIAN_POINT('',(-32.2300241512292,-17.7989866674018,-0.399999999999991));
#8400=CARTESIAN_POINT('',(-6.82746572052383,-17.7989866674018,-0.4));
#8401=CARTESIAN_POINT('',(-33.4300241512292,-16.5989866674018,-0.399999999999991));
#8402=CARTESIAN_POINT('Origin',(-32.2300241512292,-16.5989866674018,-0.4));
#8403=CARTESIAN_POINT('',(-33.4300241512292,14.2510133325982,-0.4));
#8404=CARTESIAN_POINT('',(-33.4300241512292,16.9169719225569,-0.4));
#8405=CARTESIAN_POINT('',(-34.6300241512292,15.4510133325982,-0.4));
#8406=CARTESIAN_POINT('Origin',(-34.6300241512292,14.2510133325982,-0.4));
#8407=CARTESIAN_POINT('',(-43.4700241512291,15.4510133325982,-0.4));
#8408=CARTESIAN_POINT('',(-34.05,15.4510133325982,-0.4));
#8409=CARTESIAN_POINT('',(-44.6700241512291,14.2510133325982,-0.4));
#8410=CARTESIAN_POINT('Origin',(-43.4700241512291,14.2510133325982,-0.4));
#8411=CARTESIAN_POINT('',(-44.6700241512291,12.5205626163542,-0.4));
#8412=CARTESIAN_POINT('',(-44.6700241512291,13.5302721191851,-0.4));
#8413=CARTESIAN_POINT('',(-42.7576431988481,11.5548952933672,-0.4));
#8414=CARTESIAN_POINT('Origin',(-43.4700241512291,12.5205626163542,-0.4));
#8415=CARTESIAN_POINT('',(-42.7576431988482,3.34672304797787,-0.4));
#8416=CARTESIAN_POINT('Origin',(-39.7300241512292,7.45080917067253,-0.4));
#8417=CARTESIAN_POINT('',(-44.6700241512291,2.38105572499089,-0.4));
#8418=CARTESIAN_POINT('Origin',(-43.4700241512291,2.38105572499089,-0.4));
#8419=CARTESIAN_POINT('',(-44.6700241512291,-7.47943738364583,-0.4));
#8420=CARTESIAN_POINT('',(-44.6700241512291,3.53027211918507,-0.4));
#8421=CARTESIAN_POINT('',(-42.7576431988481,-8.44510470663281,-0.4));
#8422=CARTESIAN_POINT('Origin',(-43.4700241512291,-7.47943738364583,-0.4));
#8423=CARTESIAN_POINT('',(-42.7576431988482,-16.6532769520221,-0.4));
#8424=CARTESIAN_POINT('Origin',(-39.7300241512292,-12.5491908293275,-0.4));
#8425=CARTESIAN_POINT('Origin',(-43.4700241512291,-17.6189442750091,-0.4));
#8426=CARTESIAN_POINT('',(30.300116840234,29.849933959871,-0.4));
#8427=CARTESIAN_POINT('',(30.300116840234,14.249906019815,-0.4));
#8428=CARTESIAN_POINT('',(30.300116840234,29.849933959871,-0.4));
#8429=CARTESIAN_POINT('',(45.90014478029,29.849933959871,-0.4));
#8430=CARTESIAN_POINT('',(45.90014478029,29.849933959871,-0.4));
#8431=CARTESIAN_POINT('',(45.90014478029,14.249906019815,-0.4));
#8432=CARTESIAN_POINT('',(45.90014478029,14.249906019815,-0.4));
#8433=CARTESIAN_POINT('',(30.300116840234,14.249906019815,-0.4));
#8434=CARTESIAN_POINT('',(82.800220980438,48.949972059947,-0.4));
#8435=CARTESIAN_POINT('',(69.600193040378,48.949972059947,-0.4));
#8436=CARTESIAN_POINT('',(82.800220980438,48.949972059947,-0.4));
#8437=CARTESIAN_POINT('',(84.000220980438,47.749972059947,-0.4));
#8438=CARTESIAN_POINT('Origin',(82.800220980438,47.749972059947,-0.4));
#8439=CARTESIAN_POINT('',(84.000220980438,34.549944119891,-0.4));
#8440=CARTESIAN_POINT('',(84.000220980438,34.549944119891,-0.4));
#8441=CARTESIAN_POINT('',(82.800220980438,33.349944119891,-0.4));
#8442=CARTESIAN_POINT('Origin',(82.800220980438,34.549944119891,-0.4));
#8443=CARTESIAN_POINT('',(69.600193040378,33.349944119891,-0.4));
#8444=CARTESIAN_POINT('',(69.600193040378,33.349944119891,-0.4));
#8445=CARTESIAN_POINT('',(68.400193040378,34.549944119891,-0.4));
#8446=CARTESIAN_POINT('Origin',(69.600193040378,34.549944119891,-0.4));
#8447=CARTESIAN_POINT('',(68.400193040378,47.749972059947,-0.4));
#8448=CARTESIAN_POINT('',(68.400193040378,47.749972059947,-0.4));
#8449=CARTESIAN_POINT('Origin',(69.600193040378,47.749972059947,-0.4));
#8450=CARTESIAN_POINT('',(84.000220980438,15.499906019815,-0.4));
#8451=CARTESIAN_POINT('',(84.000220980438,28.699933959871,-0.4));
#8452=CARTESIAN_POINT('',(84.000220980438,15.499906019815,-0.4));
#8453=CARTESIAN_POINT('',(82.800220980438,14.299906019815,-0.4));
#8454=CARTESIAN_POINT('Origin',(82.800220980438,15.499906019815,-0.4));
#8455=CARTESIAN_POINT('',(69.600193040378,14.299906019815,-0.4));
#8456=CARTESIAN_POINT('',(69.600193040378,14.299906019815,-0.4));
#8457=CARTESIAN_POINT('',(68.400193040378,15.499906019815,-0.4));
#8458=CARTESIAN_POINT('Origin',(69.600193040378,15.499906019815,-0.4));
#8459=CARTESIAN_POINT('',(68.400193040378,28.699933959871,-0.4));
#8460=CARTESIAN_POINT('',(68.400193040378,28.699933959871,-0.4));
#8461=CARTESIAN_POINT('',(69.600193040378,29.899933959871,-0.4));
#8462=CARTESIAN_POINT('Origin',(69.600193040378,28.699933959871,-0.4));
#8463=CARTESIAN_POINT('',(82.800220980438,29.899933959871,-0.4));
#8464=CARTESIAN_POINT('',(82.800220980438,29.899933959871,-0.4));
#8465=CARTESIAN_POINT('Origin',(82.800220980438,28.699933959871,-0.4));
#8466=CARTESIAN_POINT('',(84.000220980438,-3.55013208026102,-0.4));
#8467=CARTESIAN_POINT('',(84.000220980438,9.64989585979399,-0.4));
#8468=CARTESIAN_POINT('',(84.000220980438,-3.55013208026102,-0.4));
#8469=CARTESIAN_POINT('',(82.800220980438,-4.75013208026101,-0.4));
#8470=CARTESIAN_POINT('Origin',(82.800220980438,-3.55013208026102,-0.4));
#8471=CARTESIAN_POINT('',(69.600193040378,-4.75013208026102,-0.4));
#8472=CARTESIAN_POINT('',(69.600193040378,-4.75013208026102,-0.4));
#8473=CARTESIAN_POINT('',(68.400193040378,-3.55013208026102,-0.4));
#8474=CARTESIAN_POINT('Origin',(69.600193040378,-3.55013208026102,-0.4));
#8475=CARTESIAN_POINT('',(68.400193040378,9.64989585979399,-0.4));
#8476=CARTESIAN_POINT('',(68.400193040378,9.64989585979399,-0.4));
#8477=CARTESIAN_POINT('',(69.600193040378,10.849895859794,-0.4));
#8478=CARTESIAN_POINT('Origin',(69.600193040378,9.64989585979399,-0.4));
#8479=CARTESIAN_POINT('',(82.800220980438,10.849895859794,-0.4));
#8480=CARTESIAN_POINT('',(82.800220980438,10.849895859794,-0.4));
#8481=CARTESIAN_POINT('Origin',(82.800220980438,9.64989585979399,-0.4));
#8482=CARTESIAN_POINT('',(84.000220980438,-22.600170180338,-0.4));
#8483=CARTESIAN_POINT('',(84.000220980438,-9.40014224028201,-0.4));
#8484=CARTESIAN_POINT('',(84.000220980438,-22.600170180338,-0.4));
#8485=CARTESIAN_POINT('',(82.800220980438,-23.800170180338,-0.4));
#8486=CARTESIAN_POINT('Origin',(82.800220980438,-22.600170180338,-0.4));
#8487=CARTESIAN_POINT('',(69.600193040378,-23.800170180338,-0.4));
#8488=CARTESIAN_POINT('',(69.600193040378,-23.800170180338,-0.4));
#8489=CARTESIAN_POINT('',(68.400193040378,-22.600170180338,-0.4));
#8490=CARTESIAN_POINT('Origin',(69.600193040378,-22.600170180338,-0.4));
#8491=CARTESIAN_POINT('',(68.400193040378,-9.40014224028201,-0.4));
#8492=CARTESIAN_POINT('',(68.400193040378,-9.40014224028201,-0.4));
#8493=CARTESIAN_POINT('',(69.600193040378,-8.20014224028201,-0.4));
#8494=CARTESIAN_POINT('Origin',(69.600193040378,-9.40014224028201,-0.4));
#8495=CARTESIAN_POINT('',(82.800220980438,-8.20014224028199,-0.4));
#8496=CARTESIAN_POINT('',(82.800220980438,-8.20014224028199,-0.4));
#8497=CARTESIAN_POINT('Origin',(82.800220980438,-9.400142240282,-0.4));
#8498=CARTESIAN_POINT('',(64.950182880358,-16.600157480312,-0.4));
#8499=CARTESIAN_POINT('',(64.950182880358,-3.40012954025601,-0.4));
#8500=CARTESIAN_POINT('',(64.950182880358,-16.600157480312,-0.4));
#8501=CARTESIAN_POINT('',(63.750182880358,-17.800157480312,-0.4));
#8502=CARTESIAN_POINT('Origin',(63.750182880358,-16.600157480312,-0.4));
#8503=CARTESIAN_POINT('',(50.550154940308,-17.800157480312,-0.4));
#8504=CARTESIAN_POINT('',(50.550154940308,-17.800157480312,-0.4));
#8505=CARTESIAN_POINT('',(49.350154940308,-16.600157480312,-0.4));
#8506=CARTESIAN_POINT('Origin',(50.550154940308,-16.600157480312,-0.4));
#8507=CARTESIAN_POINT('',(49.350154940308,-3.40012954025601,-0.4));
#8508=CARTESIAN_POINT('',(49.350154940308,-3.40012954025601,-0.4));
#8509=CARTESIAN_POINT('',(50.550154940308,-2.20012954025601,-0.4));
#8510=CARTESIAN_POINT('Origin',(50.550154940308,-3.40012954025601,-0.4));
#8511=CARTESIAN_POINT('',(63.750182880358,-2.20012954025601,-0.4));
#8512=CARTESIAN_POINT('',(63.750182880358,-2.20012954025601,-0.4));
#8513=CARTESIAN_POINT('Origin',(63.750182880358,-3.40012954025601,-0.4));
#8514=CARTESIAN_POINT('',(31.500116840234,-4.80013208026101,-0.4));
#8515=CARTESIAN_POINT('',(44.70014478029,-4.80013208026102,-0.4));
#8516=CARTESIAN_POINT('',(31.500116840234,-4.80013208026101,-0.4));
#8517=CARTESIAN_POINT('',(30.300116840234,-3.60013208026101,-0.4));
#8518=CARTESIAN_POINT('Origin',(31.500116840234,-3.60013208026101,-0.4));
#8519=CARTESIAN_POINT('',(30.300116840234,9.59989585979399,-0.4));
#8520=CARTESIAN_POINT('',(30.300116840234,9.59989585979399,-0.4));
#8521=CARTESIAN_POINT('',(31.500116840234,10.799895859794,-0.4));
#8522=CARTESIAN_POINT('Origin',(31.500116840234,9.59989585979398,-0.4));
#8523=CARTESIAN_POINT('',(44.70014478029,10.799895859794,-0.4));
#8524=CARTESIAN_POINT('',(44.70014478029,10.799895859794,-0.4));
#8525=CARTESIAN_POINT('',(45.90014478029,9.59989585979399,-0.4));
#8526=CARTESIAN_POINT('Origin',(44.70014478029,9.59989585979399,-0.4));
#8527=CARTESIAN_POINT('',(45.90014478029,-3.60013208026101,-0.4));
#8528=CARTESIAN_POINT('',(45.90014478029,-3.60013208026101,-0.4));
#8529=CARTESIAN_POINT('Origin',(44.70014478029,-3.60013208026101,-0.4));
#8530=CARTESIAN_POINT('',(50.550154940308,1.24988061976398,-0.4));
#8531=CARTESIAN_POINT('',(63.750182880358,1.24988061976398,-0.4));
#8532=CARTESIAN_POINT('',(50.550154940308,1.24988061976398,-0.4));
#8533=CARTESIAN_POINT('',(49.350154940308,2.44988061976398,-0.4));
#8534=CARTESIAN_POINT('Origin',(50.550154940308,2.44988061976398,-0.4));
#8535=CARTESIAN_POINT('',(49.350154940308,15.64990855982,-0.4));
#8536=CARTESIAN_POINT('',(49.350154940308,15.64990855982,-0.4));
#8537=CARTESIAN_POINT('',(50.550154940308,16.84990855982,-0.4));
#8538=CARTESIAN_POINT('Origin',(50.550154940308,15.64990855982,-0.4));
#8539=CARTESIAN_POINT('',(63.750182880358,16.84990855982,-0.4));
#8540=CARTESIAN_POINT('',(63.750182880358,16.84990855982,-0.4));
#8541=CARTESIAN_POINT('',(64.950182880358,15.64990855982,-0.4));
#8542=CARTESIAN_POINT('Origin',(63.750182880358,15.64990855982,-0.4));
#8543=CARTESIAN_POINT('',(64.950182880358,2.44988061976398,-0.4));
#8544=CARTESIAN_POINT('',(64.950182880358,2.44988061976398,-0.4));
#8545=CARTESIAN_POINT('Origin',(63.750182880358,2.44988061976398,-0.4));
#8546=CARTESIAN_POINT('',(50.550154940308,20.29991871984,-0.4));
#8547=CARTESIAN_POINT('',(63.750182880358,20.29991871984,-0.4));
#8548=CARTESIAN_POINT('',(50.550154940308,20.29991871984,-0.4));
#8549=CARTESIAN_POINT('',(49.350154940308,21.49991871984,-0.4));
#8550=CARTESIAN_POINT('Origin',(50.550154940308,21.49991871984,-0.4));
#8551=CARTESIAN_POINT('',(49.350154940308,34.699946659896,-0.4));
#8552=CARTESIAN_POINT('',(49.350154940308,34.699946659896,-0.4));
#8553=CARTESIAN_POINT('',(50.550154940308,35.899946659896,-0.4));
#8554=CARTESIAN_POINT('Origin',(50.550154940308,34.699946659896,-0.4));
#8555=CARTESIAN_POINT('',(63.750182880358,35.899946659896,-0.4));
#8556=CARTESIAN_POINT('',(63.750182880358,35.899946659896,-0.4));
#8557=CARTESIAN_POINT('',(64.950182880358,34.699946659896,-0.4));
#8558=CARTESIAN_POINT('Origin',(63.750182880358,34.699946659896,-0.4));
#8559=CARTESIAN_POINT('',(64.950182880358,21.49991871984,-0.4));
#8560=CARTESIAN_POINT('',(64.950182880358,21.49991871984,-0.4));
#8561=CARTESIAN_POINT('Origin',(63.750182880358,21.49991871984,-0.4));
#8562=CARTESIAN_POINT('',(50.550154940308,39.349956819916,-0.4));
#8563=CARTESIAN_POINT('',(63.750182880358,39.349956819916,-0.4));
#8564=CARTESIAN_POINT('',(50.550154940308,39.349956819916,-0.4));
#8565=CARTESIAN_POINT('',(49.350154940308,40.549956819916,-0.4));
#8566=CARTESIAN_POINT('Origin',(50.550154940308,40.549956819916,-0.4));
#8567=CARTESIAN_POINT('',(49.350154940308,53.749984759972,-0.4));
#8568=CARTESIAN_POINT('',(49.350154940308,53.749984759972,-0.4));
#8569=CARTESIAN_POINT('',(50.550154940308,54.949984759972,-0.4));
#8570=CARTESIAN_POINT('Origin',(50.550154940308,53.749984759972,-0.4));
#8571=CARTESIAN_POINT('',(63.750182880358,54.949984759972,-0.4));
#8572=CARTESIAN_POINT('',(63.750182880358,54.949984759972,-0.4));
#8573=CARTESIAN_POINT('',(64.950182880358,53.749984759972,-0.4));
#8574=CARTESIAN_POINT('Origin',(63.750182880358,53.749984759972,-0.4));
#8575=CARTESIAN_POINT('',(64.950182880358,40.549956819916,-0.4));
#8576=CARTESIAN_POINT('',(64.950182880358,40.549956819916,-0.4));
#8577=CARTESIAN_POINT('Origin',(63.750182880358,40.549956819916,-0.4));
#8578=CARTESIAN_POINT('',(44.70014478029,48.899972059947,-0.4));
#8579=CARTESIAN_POINT('',(31.500116840234,48.899972059947,-0.4));
#8580=CARTESIAN_POINT('',(44.70014478029,48.899972059947,-0.4));
#8581=CARTESIAN_POINT('',(45.90014478029,47.699972059947,-0.4));
#8582=CARTESIAN_POINT('Origin',(44.70014478029,47.699972059947,-0.4));
#8583=CARTESIAN_POINT('',(45.90014478029,34.499944119891,-0.4));
#8584=CARTESIAN_POINT('',(45.90014478029,34.499944119891,-0.4));
#8585=CARTESIAN_POINT('',(44.70014478029,33.299944119891,-0.4));
#8586=CARTESIAN_POINT('Origin',(44.70014478029,34.499944119891,-0.4));
#8587=CARTESIAN_POINT('',(31.500116840234,33.299944119891,-0.4));
#8588=CARTESIAN_POINT('',(31.500116840234,33.299944119891,-0.4));
#8589=CARTESIAN_POINT('',(30.300116840234,34.499944119891,-0.4));
#8590=CARTESIAN_POINT('Origin',(31.500116840234,34.499944119891,-0.4));
#8591=CARTESIAN_POINT('',(30.300116840234,47.699972059947,-0.4));
#8592=CARTESIAN_POINT('',(30.300116840234,47.699972059947,-0.4));
#8593=CARTESIAN_POINT('Origin',(31.500116840234,47.699972059947,-0.4));
#8594=CARTESIAN_POINT('',(31.500116840234,52.349982219967,-0.4));
#8595=CARTESIAN_POINT('',(44.70014478029,52.349982219967,-0.4));
#8596=CARTESIAN_POINT('',(31.500116840234,52.349982219967,-0.4));
#8597=CARTESIAN_POINT('',(30.300116840234,53.549982219967,-0.4));
#8598=CARTESIAN_POINT('Origin',(31.500116840234,53.549982219967,-0.4));
#8599=CARTESIAN_POINT('',(30.300116840234,66.75001016002,-0.4));
#8600=CARTESIAN_POINT('',(30.300116840234,66.75001016002,-0.4));
#8601=CARTESIAN_POINT('',(31.500116840234,67.95001016002,-0.4));
#8602=CARTESIAN_POINT('Origin',(31.500116840234,66.75001016002,-0.4));
#8603=CARTESIAN_POINT('',(44.70014478029,67.95001016002,-0.4));
#8604=CARTESIAN_POINT('',(44.70014478029,67.95001016002,-0.4));
#8605=CARTESIAN_POINT('',(45.90014478029,66.75001016002,-0.4));
#8606=CARTESIAN_POINT('Origin',(44.70014478029,66.75001016002,-0.4));
#8607=CARTESIAN_POINT('',(45.90014478029,53.549982219967,-0.4));
#8608=CARTESIAN_POINT('',(45.90014478029,53.549982219967,-0.4));
#8609=CARTESIAN_POINT('Origin',(44.70014478029,53.549982219967,-0.4));
#8610=CARTESIAN_POINT('',(12.450078740158,60.34999745999,-0.4));
#8611=CARTESIAN_POINT('',(25.650106680214,60.34999745999,-0.4));
#8612=CARTESIAN_POINT('',(12.450078740158,60.34999745999,-0.4));
#8613=CARTESIAN_POINT('',(11.250078740158,61.54999745999,-0.4));
#8614=CARTESIAN_POINT('Origin',(12.450078740158,61.54999745999,-0.4));
#8615=CARTESIAN_POINT('',(11.250078740158,74.75002540005,-0.4));
#8616=CARTESIAN_POINT('',(11.250078740158,74.75002540005,-0.4));
#8617=CARTESIAN_POINT('',(12.450078740158,75.95002540005,-0.4));
#8618=CARTESIAN_POINT('Origin',(12.450078740158,74.75002540005,-0.4));
#8619=CARTESIAN_POINT('',(25.650106680214,75.95002540005,-0.4));
#8620=CARTESIAN_POINT('',(25.650106680214,75.95002540005,-0.4));
#8621=CARTESIAN_POINT('',(26.850106680214,74.75002540005,-0.4));
#8622=CARTESIAN_POINT('Origin',(25.650106680214,74.75002540005,-0.4));
#8623=CARTESIAN_POINT('',(26.850106680214,61.54999745999,-0.4));
#8624=CARTESIAN_POINT('',(26.850106680214,61.54999745999,-0.4));
#8625=CARTESIAN_POINT('Origin',(25.650106680214,61.54999745999,-0.4));
#8626=CARTESIAN_POINT('',(25.650106680214,56.899987299977,-0.4));
#8627=CARTESIAN_POINT('',(12.450078740158,56.899987299977,-0.4));
#8628=CARTESIAN_POINT('',(25.650106680214,56.899987299977,-0.4));
#8629=CARTESIAN_POINT('',(26.850106680214,55.699987299977,-0.4));
#8630=CARTESIAN_POINT('Origin',(25.650106680214,55.699987299977,-0.4));
#8631=CARTESIAN_POINT('',(26.850106680214,42.499959359921,-0.4));
#8632=CARTESIAN_POINT('',(26.850106680214,42.499959359921,-0.4));
#8633=CARTESIAN_POINT('',(25.650106680214,41.299959359921,-0.4));
#8634=CARTESIAN_POINT('Origin',(25.650106680214,42.499959359921,-0.4));
#8635=CARTESIAN_POINT('',(12.450078740158,41.299959359921,-0.4));
#8636=CARTESIAN_POINT('',(12.450078740158,41.299959359921,-0.4));
#8637=CARTESIAN_POINT('',(11.250078740158,42.499959359921,-0.4));
#8638=CARTESIAN_POINT('Origin',(12.450078740158,42.499959359921,-0.4));
#8639=CARTESIAN_POINT('',(11.250078740158,55.699987299977,-0.4));
#8640=CARTESIAN_POINT('',(11.250078740158,55.699987299977,-0.4));
#8641=CARTESIAN_POINT('Origin',(12.450078740158,55.699987299977,-0.4));
#8642=CARTESIAN_POINT('',(26.850106680214,23.449921259845,-0.4));
#8643=CARTESIAN_POINT('',(26.850106680214,36.649949199901,-0.4));
#8644=CARTESIAN_POINT('',(26.850106680214,23.449921259845,-0.4));
#8645=CARTESIAN_POINT('',(25.650106680214,22.249921259845,-0.4));
#8646=CARTESIAN_POINT('Origin',(25.650106680214,23.449921259845,-0.4));
#8647=CARTESIAN_POINT('',(12.450078740158,22.249921259845,-0.4));
#8648=CARTESIAN_POINT('',(12.450078740158,22.249921259845,-0.4));
#8649=CARTESIAN_POINT('',(11.250078740158,23.449921259845,-0.4));
#8650=CARTESIAN_POINT('Origin',(12.450078740158,23.449921259845,-0.4));
#8651=CARTESIAN_POINT('',(11.250078740158,36.649949199901,-0.4));
#8652=CARTESIAN_POINT('',(11.250078740158,36.649949199901,-0.4));
#8653=CARTESIAN_POINT('',(12.450078740158,37.849949199901,-0.4));
#8654=CARTESIAN_POINT('Origin',(12.450078740158,36.649949199901,-0.4));
#8655=CARTESIAN_POINT('',(25.650106680214,37.849949199901,-0.4));
#8656=CARTESIAN_POINT('',(25.650106680214,37.849949199901,-0.4));
#8657=CARTESIAN_POINT('Origin',(25.650106680214,36.649949199901,-0.4));
#8658=CARTESIAN_POINT('',(25.650106680214,18.799911099825,-0.4));
#8659=CARTESIAN_POINT('',(12.450078740158,18.799911099825,-0.4));
#8660=CARTESIAN_POINT('',(25.650106680214,18.799911099825,-0.4));
#8661=CARTESIAN_POINT('',(26.850106680214,17.599911099825,-0.4));
#8662=CARTESIAN_POINT('Origin',(25.650106680214,17.599911099825,-0.4));
#8663=CARTESIAN_POINT('',(26.850106680214,4.39988315976898,-0.4));
#8664=CARTESIAN_POINT('',(26.850106680214,4.39988315976898,-0.4));
#8665=CARTESIAN_POINT('',(25.650106680214,3.19988315976898,-0.4));
#8666=CARTESIAN_POINT('Origin',(25.650106680214,4.39988315976899,-0.4));
#8667=CARTESIAN_POINT('',(12.450078740158,3.19988315976898,-0.4));
#8668=CARTESIAN_POINT('',(12.450078740158,3.19988315976898,-0.4));
#8669=CARTESIAN_POINT('',(11.250078740158,4.39988315976898,-0.4));
#8670=CARTESIAN_POINT('Origin',(12.450078740158,4.39988315976898,-0.4));
#8671=CARTESIAN_POINT('',(11.250078740158,17.599911099825,-0.4));
#8672=CARTESIAN_POINT('',(11.250078740158,17.599911099825,-0.4));
#8673=CARTESIAN_POINT('Origin',(12.450078740158,17.599911099825,-0.4));
#8674=CARTESIAN_POINT('',(-6.59995681991301,-7.80013716027201,-0.4));
#8675=CARTESIAN_POINT('',(6.60006858013799,-7.80013716027201,-0.4));
#8676=CARTESIAN_POINT('',(-6.59995681991301,-7.80013716027201,-0.4));
#8677=CARTESIAN_POINT('',(-7.79995681991301,-6.60013716027201,-0.4));
#8678=CARTESIAN_POINT('Origin',(-6.59995681991301,-6.60013716027201,-0.4));
#8679=CARTESIAN_POINT('',(-7.79995681991301,6.59989077978399,-0.4));
#8680=CARTESIAN_POINT('',(-7.79995681991301,6.59989077978399,-0.4));
#8681=CARTESIAN_POINT('',(-6.59995681991301,7.79989077978399,-0.4));
#8682=CARTESIAN_POINT('Origin',(-6.59995681991301,6.599890779784,-0.4));
#8683=CARTESIAN_POINT('',(6.60006858013799,7.79989077978399,-0.4));
#8684=CARTESIAN_POINT('',(6.60006858013799,7.79989077978399,-0.4));
#8685=CARTESIAN_POINT('',(7.80006858013799,6.59989077978399,-0.4));
#8686=CARTESIAN_POINT('Origin',(6.60006858013799,6.59989077978399,-0.4));
#8687=CARTESIAN_POINT('',(7.80006858013799,-6.60013716027201,-0.4));
#8688=CARTESIAN_POINT('',(7.80006858013799,-6.60013716027201,-0.4));
#8689=CARTESIAN_POINT('Origin',(6.60006858013799,-6.60013716027202,-0.4));
#8690=CARTESIAN_POINT('',(-6.59995681991301,11.249900939805,-0.4));
#8691=CARTESIAN_POINT('',(6.60006858013799,11.249900939805,-0.4));
#8692=CARTESIAN_POINT('',(-6.59995681991301,11.249900939805,-0.4));
#8693=CARTESIAN_POINT('',(-7.79995681991301,12.449900939805,-0.4));
#8694=CARTESIAN_POINT('Origin',(-6.59995681991301,12.449900939805,-0.4));
#8695=CARTESIAN_POINT('',(-7.79995681991301,25.64992887986,-0.4));
#8696=CARTESIAN_POINT('',(-7.79995681991301,25.64992887986,-0.4));
#8697=CARTESIAN_POINT('',(-6.59995681991301,26.84992887986,-0.4));
#8698=CARTESIAN_POINT('Origin',(-6.59995681991301,25.64992887986,-0.4));
#8699=CARTESIAN_POINT('',(6.60006858013799,26.84992887986,-0.4));
#8700=CARTESIAN_POINT('',(6.60006858013799,26.84992887986,-0.4));
#8701=CARTESIAN_POINT('',(7.80006858013799,25.64992887986,-0.4));
#8702=CARTESIAN_POINT('Origin',(6.60006858013798,25.64992887986,-0.4));
#8703=CARTESIAN_POINT('',(7.80006858013799,12.449900939805,-0.4));
#8704=CARTESIAN_POINT('',(7.80006858013799,12.449900939805,-0.4));
#8705=CARTESIAN_POINT('Origin',(6.60006858013799,12.449900939805,-0.4));
#8706=CARTESIAN_POINT('',(-6.59995681991301,30.299939039881,-0.4));
#8707=CARTESIAN_POINT('',(6.60006858013799,30.299939039881,-0.4));
#8708=CARTESIAN_POINT('',(-6.59995681991301,30.299939039881,-0.4));
#8709=CARTESIAN_POINT('',(-7.79995681991301,31.499939039881,-0.4));
#8710=CARTESIAN_POINT('Origin',(-6.59995681991301,31.499939039881,-0.4));
#8711=CARTESIAN_POINT('',(-7.79995681991301,44.699966979937,-0.4));
#8712=CARTESIAN_POINT('',(-7.79995681991301,44.699966979937,-0.4));
#8713=CARTESIAN_POINT('',(-6.59995681991301,45.899966979937,-0.4));
#8714=CARTESIAN_POINT('Origin',(-6.59995681991301,44.699966979937,-0.4));
#8715=CARTESIAN_POINT('',(6.60006858013799,45.899966979937,-0.4));
#8716=CARTESIAN_POINT('',(6.60006858013799,45.899966979937,-0.4));
#8717=CARTESIAN_POINT('',(7.80006858013799,44.699966979937,-0.4));
#8718=CARTESIAN_POINT('Origin',(6.60006858013799,44.699966979937,-0.4));
#8719=CARTESIAN_POINT('',(7.80006858013799,31.499939039881,-0.4));
#8720=CARTESIAN_POINT('',(7.80006858013799,31.499939039881,-0.4));
#8721=CARTESIAN_POINT('Origin',(6.60006858013798,31.499939039881,-0.4));
#8722=CARTESIAN_POINT('',(7.80006858013799,50.549977139957,-0.4));
#8723=CARTESIAN_POINT('',(7.80006858013799,63.75000508001,-0.4));
#8724=CARTESIAN_POINT('',(7.80006858013799,50.549977139957,-0.4));
#8725=CARTESIAN_POINT('',(6.60006858013799,49.349977139957,-0.4));
#8726=CARTESIAN_POINT('Origin',(6.60006858013799,50.549977139957,-0.4));
#8727=CARTESIAN_POINT('',(-6.59995681991301,49.349977139957,-0.4));
#8728=CARTESIAN_POINT('',(-6.59995681991301,49.349977139957,-0.4));
#8729=CARTESIAN_POINT('',(-7.79995681991301,50.549977139957,-0.4));
#8730=CARTESIAN_POINT('Origin',(-6.59995681991301,50.549977139957,-0.4));
#8731=CARTESIAN_POINT('',(-7.79995681991301,63.75000508001,-0.4));
#8732=CARTESIAN_POINT('',(-7.79995681991301,63.75000508001,-0.4));
#8733=CARTESIAN_POINT('',(-6.59995681991301,64.95000508001,-0.4));
#8734=CARTESIAN_POINT('Origin',(-6.59995681991301,63.75000508001,-0.4));
#8735=CARTESIAN_POINT('',(6.60006858013799,64.95000508001,-0.4));
#8736=CARTESIAN_POINT('',(6.60006858013799,64.95000508001,-0.4));
#8737=CARTESIAN_POINT('Origin',(6.60006858013799,63.75000508001,-0.4));
#8738=CARTESIAN_POINT('',(-12.449969519939,60.94999491999,-0.4));
#8739=CARTESIAN_POINT('',(-25.649994919989,60.94999491999,-0.4));
#8740=CARTESIAN_POINT('',(-12.449969519939,60.94999491999,-0.4));
#8741=CARTESIAN_POINT('',(-11.249969519939,59.74999491999,-0.4));
#8742=CARTESIAN_POINT('Origin',(-12.449969519939,59.74999491999,-0.4));
#8743=CARTESIAN_POINT('',(-11.249969519939,46.549966979937,-0.4));
#8744=CARTESIAN_POINT('',(-11.249969519939,46.549966979937,-0.4));
#8745=CARTESIAN_POINT('',(-12.449969519939,45.349966979937,-0.4));
#8746=CARTESIAN_POINT('Origin',(-12.449969519939,46.549966979937,-0.4));
#8747=CARTESIAN_POINT('',(-25.649994919989,45.349966979937,-0.4));
#8748=CARTESIAN_POINT('',(-25.649994919989,45.349966979937,-0.4));
#8749=CARTESIAN_POINT('',(-26.849994919989,46.549966979937,-0.4));
#8750=CARTESIAN_POINT('Origin',(-25.649994919989,46.549966979937,-0.4));
#8751=CARTESIAN_POINT('',(-26.849994919989,59.74999491999,-0.4));
#8752=CARTESIAN_POINT('',(-26.849994919989,59.74999491999,-0.4));
#8753=CARTESIAN_POINT('Origin',(-25.649994919989,59.74999491999,-0.4));
#8754=CARTESIAN_POINT('',(-12.449969519939,41.899956819916,-0.4));
#8755=CARTESIAN_POINT('',(-25.649994919989,41.899956819916,-0.4));
#8756=CARTESIAN_POINT('',(-12.449969519939,41.899956819916,-0.4));
#8757=CARTESIAN_POINT('',(-11.249969519939,40.699956819916,-0.4));
#8758=CARTESIAN_POINT('Origin',(-12.449969519939,40.699956819916,-0.4));
#8759=CARTESIAN_POINT('',(-11.249969519939,27.49992887986,-0.4));
#8760=CARTESIAN_POINT('',(-11.249969519939,27.49992887986,-0.4));
#8761=CARTESIAN_POINT('',(-12.449969519939,26.29992887986,-0.4));
#8762=CARTESIAN_POINT('Origin',(-12.449969519939,27.49992887986,-0.4));
#8763=CARTESIAN_POINT('',(-25.649994919989,26.29992887986,-0.4));
#8764=CARTESIAN_POINT('',(-25.649994919989,26.29992887986,-0.4));
#8765=CARTESIAN_POINT('',(-26.849994919989,27.49992887986,-0.4));
#8766=CARTESIAN_POINT('Origin',(-25.649994919989,27.49992887986,-0.4));
#8767=CARTESIAN_POINT('',(-26.849994919989,40.699956819916,-0.4));
#8768=CARTESIAN_POINT('',(-26.849994919989,40.699956819916,-0.4));
#8769=CARTESIAN_POINT('Origin',(-25.649994919989,40.699956819916,-0.4));
#8770=CARTESIAN_POINT('',(-12.449969519939,22.84991871984,-0.4));
#8771=CARTESIAN_POINT('',(-25.649994919989,22.84991871984,-0.4));
#8772=CARTESIAN_POINT('',(-12.449969519939,22.84991871984,-0.4));
#8773=CARTESIAN_POINT('',(-11.249969519939,21.64991871984,-0.4));
#8774=CARTESIAN_POINT('Origin',(-12.449969519939,21.64991871984,-0.4));
#8775=CARTESIAN_POINT('',(-11.249969519939,8.44989077978399,-0.4));
#8776=CARTESIAN_POINT('',(-11.249969519939,8.44989077978399,-0.4));
#8777=CARTESIAN_POINT('',(-12.449969519939,7.24989077978399,-0.4));
#8778=CARTESIAN_POINT('Origin',(-12.449969519939,8.44989077978399,-0.4));
#8779=CARTESIAN_POINT('',(-25.649994919989,7.24989077978399,-0.4));
#8780=CARTESIAN_POINT('',(-25.649994919989,7.24989077978399,-0.4));
#8781=CARTESIAN_POINT('',(-26.849994919989,8.44989077978399,-0.4));
#8782=CARTESIAN_POINT('Origin',(-25.649994919989,8.44989077978399,-0.4));
#8783=CARTESIAN_POINT('',(-26.849994919989,21.64991871984,-0.4));
#8784=CARTESIAN_POINT('',(-26.849994919989,21.64991871984,-0.4));
#8785=CARTESIAN_POINT('Origin',(-25.649994919989,21.64991871984,-0.4));
#8786=CARTESIAN_POINT('',(-12.449969519939,3.79988061976398,-0.4));
#8787=CARTESIAN_POINT('',(-25.649994919989,3.79988061976398,-0.4));
#8788=CARTESIAN_POINT('',(-12.449969519939,3.79988061976398,-0.4));
#8789=CARTESIAN_POINT('',(-11.249969519939,2.59988061976398,-0.4));
#8790=CARTESIAN_POINT('Origin',(-12.449969519939,2.59988061976398,-0.4));
#8791=CARTESIAN_POINT('',(-11.249969519939,-10.600147320292,-0.4));
#8792=CARTESIAN_POINT('',(-11.249969519939,-10.600147320292,-0.4));
#8793=CARTESIAN_POINT('',(-12.449969519939,-11.800147320292,-0.4));
#8794=CARTESIAN_POINT('Origin',(-12.449969519939,-10.600147320292,-0.4));
#8795=CARTESIAN_POINT('',(-25.649994919989,-11.800147320292,-0.4));
#8796=CARTESIAN_POINT('',(-25.649994919989,-11.800147320292,-0.4));
#8797=CARTESIAN_POINT('',(-26.849994919989,-10.600147320292,-0.4));
#8798=CARTESIAN_POINT('Origin',(-25.649994919989,-10.600147320292,-0.4));
#8799=CARTESIAN_POINT('',(-26.849994919989,2.59988061976398,-0.4));
#8800=CARTESIAN_POINT('',(-26.849994919989,2.59988061976398,-0.4));
#8801=CARTESIAN_POINT('Origin',(-25.649994919989,2.59988061976398,-0.4));
#8802=CARTESIAN_POINT('',(-4.19995427990801,-32.550190500378,-0.4));
#8803=CARTESIAN_POINT('',(-4.19995427990801,-19.350162560322,-0.4));
#8804=CARTESIAN_POINT('',(-4.19995427990801,-32.550190500378,-0.4));
#8805=CARTESIAN_POINT('',(-5.39995427990801,-33.750190500378,-0.4));
#8806=CARTESIAN_POINT('Origin',(-5.39995427990802,-32.550190500378,-0.4));
#8807=CARTESIAN_POINT('',(-18.599982219964,-33.750190500378,-0.4));
#8808=CARTESIAN_POINT('',(-18.599982219964,-33.750190500378,-0.4));
#8809=CARTESIAN_POINT('',(-19.799982219964,-32.550190500378,-0.4));
#8810=CARTESIAN_POINT('Origin',(-18.599982219964,-32.550190500378,-0.4));
#8811=CARTESIAN_POINT('',(-19.799982219964,-19.350162560322,-0.4));
#8812=CARTESIAN_POINT('',(-19.799982219964,-19.350162560322,-0.4));
#8813=CARTESIAN_POINT('',(-18.599982219964,-18.150162560322,-0.4));
#8814=CARTESIAN_POINT('Origin',(-18.599982219964,-19.350162560322,-0.4));
#8815=CARTESIAN_POINT('',(-5.39995427990801,-18.150162560322,-0.4));
#8816=CARTESIAN_POINT('',(-5.39995427990801,-18.150162560322,-0.4));
#8817=CARTESIAN_POINT('Origin',(-5.39995427990801,-19.350162560322,-0.4));
#8818=CARTESIAN_POINT('',(-29.8967673085093,-19.8384784391614,-0.4));
#8819=CARTESIAN_POINT('',(-42.5200190995821,-23.6977941431368,-0.4));
#8820=CARTESIAN_POINT('',(-29.8967673085093,-19.8384784391614,-0.4));
#8821=CARTESIAN_POINT('',(-28.3983554942809,-20.6351982028772,-0.4));
#8822=CARTESIAN_POINT('Origin',(-29.5459212352679,-20.9860441378868,-0.4));
#8823=CARTESIAN_POINT('',(-24.5390422116618,-33.2584475124301,-0.4));
#8824=CARTESIAN_POINT('',(-24.5390422116618,-33.2584475124301,-0.4));
#8825=CARTESIAN_POINT('',(-25.3357618185355,-34.7568591275547,-0.4));
#8826=CARTESIAN_POINT('Origin',(-25.6866079526489,-33.6092934474398,-0.4));
#8827=CARTESIAN_POINT('',(-37.9590112147471,-38.6161748315292,-0.4));
#8828=CARTESIAN_POINT('',(-37.9590112147471,-38.6161748315292,-0.4));
#8829=CARTESIAN_POINT('',(-39.4574230289754,-37.8194552855276,-0.4));
#8830=CARTESIAN_POINT('Origin',(-38.3098573488605,-37.4686091514142,-0.4));
#8831=CARTESIAN_POINT('',(-43.3167387064557,-25.1962059759756,-0.4));
#8832=CARTESIAN_POINT('',(-43.3167387064557,-25.1962059759756,-0.4));
#8833=CARTESIAN_POINT('Origin',(-42.1691730263407,-24.8453598418622,-0.4));
#8834=CARTESIAN_POINT('Origin',(-43.4700241512291,-17.6189442750091,-1.59999999999999));
#8835=CARTESIAN_POINT('',(-42.7576431988482,-16.6532769520221,-1.6));
#8836=CARTESIAN_POINT('',(-42.7576431988482,-16.6532769520221,-1.59999999999999));
#8837=CARTESIAN_POINT('Origin',(-43.4700241512291,-17.6189442750091,-1.6));
#8838=CARTESIAN_POINT('Origin',(-39.7300241512292,-12.5491908293275,-1.59999999999999));
#8839=CARTESIAN_POINT('',(-42.7576431988481,-8.44510470663281,-1.6));
#8840=CARTESIAN_POINT('',(-42.7576431988481,-8.44510470663281,-1.59999999999999));
#8841=CARTESIAN_POINT('Origin',(-39.7300241512292,-12.5491908293275,-1.6));
#8842=CARTESIAN_POINT('Origin',(-43.4700241512291,-7.47943738364583,-1.59999999999999));
#8843=CARTESIAN_POINT('',(-44.6700241512291,-7.47943738364583,-1.6));
#8844=CARTESIAN_POINT('',(-44.6700241512291,-7.47943738364583,-1.59999999999999));
#8845=CARTESIAN_POINT('Origin',(-43.4700241512291,-7.47943738364583,-1.6));
#8846=CARTESIAN_POINT('Origin',(-44.6700241512291,-11.2817524679067,-1.59999999999999));
#8847=CARTESIAN_POINT('',(-44.6700241512291,2.38105572499089,-1.6));
#8848=CARTESIAN_POINT('',(-44.6700241512291,2.38105572499089,-1.59999999999999));
#8849=CARTESIAN_POINT('',(-44.6700241512291,3.53027211918507,-1.6));
#8850=CARTESIAN_POINT('Origin',(-43.4700241512291,12.5205626163542,-1.59999999999999));
#8851=CARTESIAN_POINT('',(-44.6700241512291,12.5205626163542,-1.6));
#8852=CARTESIAN_POINT('',(-44.6700241512291,12.5205626163542,-1.59999999999999));
#8853=CARTESIAN_POINT('',(-42.7576431988481,11.5548952933672,-1.6));
#8854=CARTESIAN_POINT('Origin',(-43.4700241512291,12.5205626163542,-1.6));
#8855=CARTESIAN_POINT('',(-42.7576431988481,11.5548952933672,-1.59999999999999));
#8856=CARTESIAN_POINT('Origin',(-39.7300241512292,7.45080917067253,-1.59999999999999));
#8857=CARTESIAN_POINT('',(-42.7576431988482,3.34672304797787,-1.6));
#8858=CARTESIAN_POINT('Origin',(-39.7300241512292,7.45080917067253,-1.6));
#8859=CARTESIAN_POINT('',(-42.7576431988482,3.34672304797787,-1.59999999999999));
#8860=CARTESIAN_POINT('Origin',(-43.4700241512291,2.38105572499089,-1.59999999999999));
#8861=CARTESIAN_POINT('Origin',(-43.4700241512291,2.38105572499089,-1.6));
#8862=CARTESIAN_POINT('Origin',(-43.4700241512291,14.2510133325982,-0.999999999999994));
#8863=CARTESIAN_POINT('',(-43.4700241512291,15.4510133325982,-1.6));
#8864=CARTESIAN_POINT('',(-43.4700241512291,15.4510133325982,-0.999999999999994));
#8865=CARTESIAN_POINT('',(-44.6700241512291,14.2510133325982,-1.6));
#8866=CARTESIAN_POINT('Origin',(-43.4700241512291,14.2510133325982,-1.6));
#8867=CARTESIAN_POINT('',(-44.6700241512291,14.2510133325982,-0.999999999999994));
#8868=CARTESIAN_POINT('Origin',(-48.05,15.4510133325982,-0.4));
#8869=CARTESIAN_POINT('',(-34.6300241512292,15.4510133325982,-1.6));
#8870=CARTESIAN_POINT('',(-34.6300241512292,15.4510133325982,-0.4));
#8871=CARTESIAN_POINT('',(-34.05,15.4510133325982,-1.6));
#8872=CARTESIAN_POINT('Origin',(-34.6300241512292,14.2510133325982,-0.4));
#8873=CARTESIAN_POINT('',(-33.4300241512292,14.2510133325982,-1.6));
#8874=CARTESIAN_POINT('',(-33.4300241512292,14.2510133325982,-0.4));
#8875=CARTESIAN_POINT('Origin',(-34.6300241512292,14.2510133325982,-1.6));
#8876=CARTESIAN_POINT('Origin',(-44.6700241512291,8.71824753209339,-1.59999999999999));
#8877=CARTESIAN_POINT('',(-44.6700241512291,13.5302721191851,-1.6));
#8878=CARTESIAN_POINT('Origin',(-30.5,-16.5989866674018,-1.59999999999999));
#8879=CARTESIAN_POINT('',(-30.5,-17.7989866674018,-1.59999999999999));
#8880=CARTESIAN_POINT('',(-29.3,-16.5989866674018,-1.59999999999999));
#8881=CARTESIAN_POINT('Origin',(-30.5,-16.5989866674018,-1.6));
#8882=CARTESIAN_POINT('',(-30.5,-17.7989866674018,-1.59999999999999));
#8883=CARTESIAN_POINT('',(-29.3,-16.5989866674018,-1.59999999999999));
#8884=CARTESIAN_POINT('Origin',(-32.2300241512292,-17.7989866674018,-1.59999999999999));
#8885=CARTESIAN_POINT('',(-32.2300241512292,-17.7989866674018,-1.59999999999999));
#8886=CARTESIAN_POINT('',(-6.82746572052383,-17.7989866674018,-1.6));
#8887=CARTESIAN_POINT('',(-32.2300241512292,-17.7989866674018,-1.59999999999999));
#8888=CARTESIAN_POINT('Origin',(-32.2300241512292,-16.5989866674018,-1.59999999999999));
#8889=CARTESIAN_POINT('',(-33.4300241512292,-16.5989866674018,-1.59999999999999));
#8890=CARTESIAN_POINT('Origin',(-32.2300241512292,-16.5989866674018,-1.6));
#8891=CARTESIAN_POINT('',(-33.4300241512292,-16.5989866674018,-1.59999999999999));
#8892=CARTESIAN_POINT('Origin',(-33.4300241512292,15.491647138837,-1.59999999999999));
#8893=CARTESIAN_POINT('',(-33.4300241512292,16.9169719225569,-1.6));
#8894=CARTESIAN_POINT('Origin',(18.5750927101815,18.3422967062767,-1.6));
#8895=CARTESIAN_POINT('',(-29.3,60.5,-1.6));
#8896=CARTESIAN_POINT('',(-29.3,0.871655019437455,-1.6));
#8897=CARTESIAN_POINT('',(-28.8,61.,-1.6));
#8898=CARTESIAN_POINT('Origin',(-28.8,60.5,-1.6));
#8899=CARTESIAN_POINT('',(-28.3927916218616,61.,-1.6));
#8900=CARTESIAN_POINT('',(-28.8,61.,-1.6));
#8901=CARTESIAN_POINT('',(-26.9,62.4927916218615,-1.6));
#8902=CARTESIAN_POINT('Origin',(-28.05,62.15,-1.6));
#8903=CARTESIAN_POINT('',(-26.9,62.9,-1.6));
#8904=CARTESIAN_POINT('',(-26.9,62.15,-1.6));
#8905=CARTESIAN_POINT('',(-26.4,63.4,-1.6));
#8906=CARTESIAN_POINT('Origin',(-26.4,62.9,-1.6));
#8907=CARTESIAN_POINT('',(-15.,63.4,-1.6));
#8908=CARTESIAN_POINT('',(-26.4,63.4,-1.6));
#8909=CARTESIAN_POINT('',(-10.5216570524852,66.5666666666667,-1.6));
#8910=CARTESIAN_POINT('Origin',(-15.,68.15,-1.6));
#8911=CARTESIAN_POINT('',(-9.34314575050761,67.4,-1.6));
#8912=CARTESIAN_POINT('Origin',(-9.34314575050761,66.15,-1.6));
#8913=CARTESIAN_POINT('',(4.04999999999999,67.4,-1.6));
#8914=CARTESIAN_POINT('',(-9.34314575050761,67.4,-1.6));
#8915=CARTESIAN_POINT('',(8.8,72.15,-1.6));
#8916=CARTESIAN_POINT('Origin',(4.04999999999999,72.15,-1.6));
#8917=CARTESIAN_POINT('',(8.79999999999999,77.15,-1.6));
#8918=CARTESIAN_POINT('',(8.8,72.15,-1.6));
#8919=CARTESIAN_POINT('',(10.05,78.4,-1.6));
#8920=CARTESIAN_POINT('Origin',(10.05,77.15,-1.6));
#8921=CARTESIAN_POINT('',(28.05,78.4,-1.6));
#8922=CARTESIAN_POINT('',(10.05,78.4,-1.6));
#8923=CARTESIAN_POINT('',(29.3,77.15,-1.6));
#8924=CARTESIAN_POINT('Origin',(28.05,77.15,-1.6));
#8925=CARTESIAN_POINT('',(29.3,75.15,-1.6));
#8926=CARTESIAN_POINT('',(29.3,77.15,-1.6));
#8927=CARTESIAN_POINT('',(34.05,70.4,-1.6));
#8928=CARTESIAN_POINT('Origin',(34.05,75.15,-1.6));
#8929=CARTESIAN_POINT('',(45.45,70.4,-1.6));
#8930=CARTESIAN_POINT('',(34.05,70.4,-1.6));
#8931=CARTESIAN_POINT('',(45.95,69.9,-1.6));
#8932=CARTESIAN_POINT('Origin',(45.45,69.9,-1.6));
#8933=CARTESIAN_POINT('',(45.95,69.4923011673548,-1.6));
#8934=CARTESIAN_POINT('',(45.95,69.9,-1.6));
#8935=CARTESIAN_POINT('',(47.4428988731524,68.,-1.6));
#8936=CARTESIAN_POINT('Origin',(47.1001498603,69.15001270002,-1.6));
#8937=CARTESIAN_POINT('',(47.85,68.0000000000001,-1.6));
#8938=CARTESIAN_POINT('',(47.1,68.0000000000001,-1.6));
#8939=CARTESIAN_POINT('',(48.35,67.5000000000001,-1.6));
#8940=CARTESIAN_POINT('Origin',(47.85,67.5000000000001,-1.6));
#8941=CARTESIAN_POINT('',(48.35,62.15,-1.6));
#8942=CARTESIAN_POINT('',(48.35,67.5000000000001,-1.6));
#8943=CARTESIAN_POINT('',(53.1,57.4,-1.6));
#8944=CARTESIAN_POINT('Origin',(53.1,62.15,-1.6));
#8945=CARTESIAN_POINT('',(66.1499999999999,57.4,-1.6));
#8946=CARTESIAN_POINT('',(53.1,57.4,-1.6));
#8947=CARTESIAN_POINT('',(67.3999999999999,56.15,-1.6));
#8948=CARTESIAN_POINT('Origin',(66.15,56.15,-1.6));
#8949=CARTESIAN_POINT('',(72.1499999999999,51.4,-1.6));
#8950=CARTESIAN_POINT('Origin',(72.1499999999999,56.15,-1.6));
#8951=CARTESIAN_POINT('',(83.5500000000001,51.4,-1.6));
#8952=CARTESIAN_POINT('',(72.1499999999999,51.4,-1.6));
#8953=CARTESIAN_POINT('',(84.05,50.9,-1.6));
#8954=CARTESIAN_POINT('Origin',(83.55,50.9,-1.6));
#8955=CARTESIAN_POINT('',(84.0500000000001,50.4920094569753,-1.6));
#8956=CARTESIAN_POINT('',(84.05,50.9,-1.6));
#8957=CARTESIAN_POINT('',(85.5430943640207,49.,-1.6));
#8958=CARTESIAN_POINT('Origin',(85.200226060448,50.149977139957,-1.6));
#8959=CARTESIAN_POINT('',(85.9500000000001,49.,-1.6));
#8960=CARTESIAN_POINT('',(85.2000000000001,49.,-1.6));
#8961=CARTESIAN_POINT('',(86.4500000000001,48.5,-1.6));
#8962=CARTESIAN_POINT('Origin',(85.9500000000001,48.5,-1.6));
#8963=CARTESIAN_POINT('',(86.4500000000001,-23.35,-1.6));
#8964=CARTESIAN_POINT('',(86.4500000000001,48.5,-1.6));
#8965=CARTESIAN_POINT('',(85.9500000000001,-23.85,-1.6));
#8966=CARTESIAN_POINT('Origin',(85.9500000000001,-23.35,-1.6));
#8967=CARTESIAN_POINT('',(85.5424291675376,-23.85,-1.6));
#8968=CARTESIAN_POINT('',(85.9500000000001,-23.85,-1.6));
#8969=CARTESIAN_POINT('',(84.0500000000001,-25.3422075773663,-1.6));
#8970=CARTESIAN_POINT('Origin',(85.200226060448,-25.000175260348,-1.6));
#8971=CARTESIAN_POINT('',(84.0500000000001,-25.75,-1.6));
#8972=CARTESIAN_POINT('',(84.0500000000001,-25.,-1.6));
#8973=CARTESIAN_POINT('',(83.5500000000001,-26.25,-1.6));
#8974=CARTESIAN_POINT('Origin',(83.55,-25.75,-1.6));
#8975=CARTESIAN_POINT('',(67.2,-26.25,-1.6));
#8976=CARTESIAN_POINT('',(83.5500000000001,-26.25,-1.6));
#8977=CARTESIAN_POINT('',(65.95,-25.,-1.6));
#8978=CARTESIAN_POINT('Origin',(67.2,-25.,-1.6));
#8979=CARTESIAN_POINT('',(61.2,-20.25,-1.6));
#8980=CARTESIAN_POINT('Origin',(61.2,-25.,-1.6));
#8981=CARTESIAN_POINT('',(49.8,-20.25,-1.6));
#8982=CARTESIAN_POINT('',(61.2,-20.25,-1.6));
#8983=CARTESIAN_POINT('',(49.3,-19.75,-1.6));
#8984=CARTESIAN_POINT('Origin',(49.8,-19.75,-1.6));
#8985=CARTESIAN_POINT('',(49.3,-19.3434650413706,-1.6));
#8986=CARTESIAN_POINT('',(49.3,-19.75,-1.6));
#8987=CARTESIAN_POINT('',(47.8079066101893,-17.85,-1.6));
#8988=CARTESIAN_POINT('Origin',(48.150152400305,-19.000162560322,-1.6));
#8989=CARTESIAN_POINT('',(47.4,-17.85,-1.6));
#8990=CARTESIAN_POINT('',(48.15,-17.85,-1.6));
#8991=CARTESIAN_POINT('',(46.9,-17.35,-1.6));
#8992=CARTESIAN_POINT('Origin',(47.4,-17.35,-1.6));
#8993=CARTESIAN_POINT('',(46.9,-16.95,-1.6));
#8994=CARTESIAN_POINT('',(46.9,-17.35,-1.6));
#8995=CARTESIAN_POINT('',(42.15,-12.2,-1.6));
#8996=CARTESIAN_POINT('Origin',(42.15,-16.95,-1.6));
#8997=CARTESIAN_POINT('',(3.00000000000001,-12.2,-1.6));
#8998=CARTESIAN_POINT('',(42.15,-12.2,-1.6));
#8999=CARTESIAN_POINT('',(-1.74999999999999,-16.95,-1.6));
#9000=CARTESIAN_POINT('Origin',(3.00000000000001,-16.95,-1.6));
#9001=CARTESIAN_POINT('',(-1.74999999999999,-33.3000000000004,-1.6));
#9002=CARTESIAN_POINT('',(-1.74999999999999,-16.95,-1.6));
#9003=CARTESIAN_POINT('',(-2.25,-33.8000000000004,-1.6));
#9004=CARTESIAN_POINT('Origin',(-2.24999999999999,-33.3000000000004,-1.6));
#9005=CARTESIAN_POINT('',(-2.6578143977032,-33.8000000000004,-1.6));
#9006=CARTESIAN_POINT('',(-2.24999999999999,-33.8000000000004,-1.6));
#9007=CARTESIAN_POINT('',(-4.14999999999994,-35.2928167315215,-1.6));
#9008=CARTESIAN_POINT('Origin',(-2.99994919989802,-34.950195580389,-1.6));
#9009=CARTESIAN_POINT('',(-4.14999999999988,-35.7000000000005,-1.6));
#9010=CARTESIAN_POINT('',(-4.14999999999999,-34.9500000000005,-1.6));
#9011=CARTESIAN_POINT('',(-4.64999999999982,-36.2000000000006,-1.6));
#9012=CARTESIAN_POINT('Origin',(-4.64999999999988,-35.7000000000006,-1.6));
#9013=CARTESIAN_POINT('',(-20.9670600809664,-36.2000000000027,-1.6));
#9014=CARTESIAN_POINT('',(-4.64999999999982,-36.2000000000006,-1.6));
#9015=CARTESIAN_POINT('',(-22.3558256783992,-36.4075524091784,-1.6));
#9016=CARTESIAN_POINT('Origin',(-20.9670600809658,-40.9500000000027,-1.6));
#9017=CARTESIAN_POINT('',(-37.9599078371263,-41.1781990811045,-1.6));
#9018=CARTESIAN_POINT('',(-22.3558256783992,-36.4075524091784,-1.6));
#9019=CARTESIAN_POINT('',(-38.5842460674692,-40.8462325554844,-1.6));
#9020=CARTESIAN_POINT('Origin',(-38.1060936894877,-40.700046703123,-1.6));
#9021=CARTESIAN_POINT('',(-38.7033284943412,-40.4567314877348,-1.6));
#9022=CARTESIAN_POINT('',(-38.5842460674693,-40.8462325554844,-1.6));
#9023=CARTESIAN_POINT('',(-40.5667908751416,-39.4655429932309,-1.6));
#9024=CARTESIAN_POINT('Origin',(-39.903299466598,-40.465435610869,-1.6));
#9025=CARTESIAN_POINT('',(-40.9567313427722,-39.5847597581278,-1.6));
#9026=CARTESIAN_POINT('',(-40.2395027757999,-39.3654809795858,-1.6));
#9027=CARTESIAN_POINT('',(-41.5810695731151,-39.2527932325076,-1.6));
#9028=CARTESIAN_POINT('Origin',(-41.1029171951335,-39.1066073801463,-1.6));
#9029=CARTESIAN_POINT('',(-41.5810695731151,-39.2527932325076,-1.6));
#9030=CARTESIAN_POINT('',(-29.8967673085093,-19.8384784391614,-1.6));
#9031=CARTESIAN_POINT('',(-42.5200190995821,-23.6977941431368,-1.6));
#9032=CARTESIAN_POINT('',(-29.8967673085093,-19.8384784391614,-1.6));
#9033=CARTESIAN_POINT('',(-43.3167387064557,-25.1962059759756,-1.6));
#9034=CARTESIAN_POINT('Origin',(-42.1691730263407,-24.8453598418622,-1.6));
#9035=CARTESIAN_POINT('',(-39.4574230289754,-37.8194552855276,-1.6));
#9036=CARTESIAN_POINT('',(-43.3167387064557,-25.1962059759756,-1.6));
#9037=CARTESIAN_POINT('',(-37.9590112147471,-38.6161748315292,-1.6));
#9038=CARTESIAN_POINT('Origin',(-38.3098573488605,-37.4686091514142,-1.6));
#9039=CARTESIAN_POINT('',(-25.3357618185355,-34.7568591275547,-1.6));
#9040=CARTESIAN_POINT('',(-37.9590112147471,-38.6161748315292,-1.6));
#9041=CARTESIAN_POINT('',(-24.5390422116618,-33.2584475124301,-1.6));
#9042=CARTESIAN_POINT('Origin',(-25.6866079526489,-33.6092934474398,-1.6));
#9043=CARTESIAN_POINT('',(-28.3983554942809,-20.6351982028772,-1.6));
#9044=CARTESIAN_POINT('',(-24.5390422116618,-33.2584475124301,-1.6));
#9045=CARTESIAN_POINT('Origin',(-29.5459212352679,-20.9860441378868,-1.6));
#9046=CARTESIAN_POINT('',(-4.19995427990802,-32.550190500378,-1.6));
#9047=CARTESIAN_POINT('',(-4.19995427990802,-19.350162560322,-1.6));
#9048=CARTESIAN_POINT('',(-4.19995427990801,-32.550190500378,-1.6));
#9049=CARTESIAN_POINT('',(-5.39995427990801,-18.150162560322,-1.6));
#9050=CARTESIAN_POINT('Origin',(-5.39995427990801,-19.350162560322,-1.6));
#9051=CARTESIAN_POINT('',(-18.599982219964,-18.150162560322,-1.6));
#9052=CARTESIAN_POINT('',(-5.39995427990801,-18.150162560322,-1.6));
#9053=CARTESIAN_POINT('',(-19.799982219964,-19.350162560322,-1.6));
#9054=CARTESIAN_POINT('Origin',(-18.599982219964,-19.350162560322,-1.6));
#9055=CARTESIAN_POINT('',(-19.799982219964,-32.550190500378,-1.6));
#9056=CARTESIAN_POINT('',(-19.799982219964,-19.350162560322,-1.6));
#9057=CARTESIAN_POINT('',(-18.599982219964,-33.750190500378,-1.6));
#9058=CARTESIAN_POINT('Origin',(-18.599982219964,-32.550190500378,-1.6));
#9059=CARTESIAN_POINT('',(-5.39995427990801,-33.750190500378,-1.6));
#9060=CARTESIAN_POINT('',(-18.599982219964,-33.750190500378,-1.6));
#9061=CARTESIAN_POINT('Origin',(-5.39995427990802,-32.550190500378,-1.6));
#9062=CARTESIAN_POINT('',(-12.449969519939,3.79988061976398,-1.6));
#9063=CARTESIAN_POINT('',(-25.649994919989,3.79988061976398,-1.6));
#9064=CARTESIAN_POINT('',(-12.449969519939,3.79988061976398,-1.6));
#9065=CARTESIAN_POINT('',(-26.849994919989,2.59988061976398,-1.6));
#9066=CARTESIAN_POINT('Origin',(-25.649994919989,2.59988061976398,-1.6));
#9067=CARTESIAN_POINT('',(-26.849994919989,-10.600147320292,-1.6));
#9068=CARTESIAN_POINT('',(-26.849994919989,2.59988061976398,-1.6));
#9069=CARTESIAN_POINT('',(-25.649994919989,-11.800147320292,-1.6));
#9070=CARTESIAN_POINT('Origin',(-25.649994919989,-10.600147320292,-1.6));
#9071=CARTESIAN_POINT('',(-12.449969519939,-11.800147320292,-1.6));
#9072=CARTESIAN_POINT('',(-25.649994919989,-11.800147320292,-1.6));
#9073=CARTESIAN_POINT('',(-11.249969519939,-10.600147320292,-1.6));
#9074=CARTESIAN_POINT('Origin',(-12.449969519939,-10.600147320292,-1.6));
#9075=CARTESIAN_POINT('',(-11.249969519939,2.59988061976398,-1.6));
#9076=CARTESIAN_POINT('',(-11.249969519939,-10.600147320292,-1.6));
#9077=CARTESIAN_POINT('Origin',(-12.449969519939,2.59988061976398,-1.6));
#9078=CARTESIAN_POINT('',(-12.449969519939,22.84991871984,-1.6));
#9079=CARTESIAN_POINT('',(-25.649994919989,22.84991871984,-1.6));
#9080=CARTESIAN_POINT('',(-12.449969519939,22.84991871984,-1.6));
#9081=CARTESIAN_POINT('',(-26.849994919989,21.64991871984,-1.6));
#9082=CARTESIAN_POINT('Origin',(-25.649994919989,21.64991871984,-1.6));
#9083=CARTESIAN_POINT('',(-26.849994919989,8.44989077978399,-1.6));
#9084=CARTESIAN_POINT('',(-26.849994919989,21.64991871984,-1.6));
#9085=CARTESIAN_POINT('',(-25.649994919989,7.24989077978399,-1.6));
#9086=CARTESIAN_POINT('Origin',(-25.649994919989,8.44989077978399,-1.6));
#9087=CARTESIAN_POINT('',(-12.449969519939,7.24989077978399,-1.6));
#9088=CARTESIAN_POINT('',(-25.649994919989,7.24989077978399,-1.6));
#9089=CARTESIAN_POINT('',(-11.249969519939,8.44989077978399,-1.6));
#9090=CARTESIAN_POINT('Origin',(-12.449969519939,8.44989077978399,-1.6));
#9091=CARTESIAN_POINT('',(-11.249969519939,21.64991871984,-1.6));
#9092=CARTESIAN_POINT('',(-11.249969519939,8.44989077978399,-1.6));
#9093=CARTESIAN_POINT('Origin',(-12.449969519939,21.64991871984,-1.6));
#9094=CARTESIAN_POINT('',(-12.449969519939,41.899956819916,-1.6));
#9095=CARTESIAN_POINT('',(-25.649994919989,41.899956819916,-1.6));
#9096=CARTESIAN_POINT('',(-12.449969519939,41.899956819916,-1.6));
#9097=CARTESIAN_POINT('',(-26.849994919989,40.699956819916,-1.6));
#9098=CARTESIAN_POINT('Origin',(-25.649994919989,40.699956819916,-1.6));
#9099=CARTESIAN_POINT('',(-26.849994919989,27.49992887986,-1.6));
#9100=CARTESIAN_POINT('',(-26.849994919989,40.699956819916,-1.6));
#9101=CARTESIAN_POINT('',(-25.649994919989,26.29992887986,-1.6));
#9102=CARTESIAN_POINT('Origin',(-25.649994919989,27.49992887986,-1.6));
#9103=CARTESIAN_POINT('',(-12.449969519939,26.29992887986,-1.6));
#9104=CARTESIAN_POINT('',(-25.649994919989,26.29992887986,-1.6));
#9105=CARTESIAN_POINT('',(-11.249969519939,27.49992887986,-1.6));
#9106=CARTESIAN_POINT('Origin',(-12.449969519939,27.49992887986,-1.6));
#9107=CARTESIAN_POINT('',(-11.249969519939,40.699956819916,-1.6));
#9108=CARTESIAN_POINT('',(-11.249969519939,27.49992887986,-1.6));
#9109=CARTESIAN_POINT('Origin',(-12.449969519939,40.699956819916,-1.6));
#9110=CARTESIAN_POINT('',(-12.449969519939,60.94999491999,-1.6));
#9111=CARTESIAN_POINT('',(-25.649994919989,60.94999491999,-1.6));
#9112=CARTESIAN_POINT('',(-12.449969519939,60.94999491999,-1.6));
#9113=CARTESIAN_POINT('',(-26.849994919989,59.74999491999,-1.6));
#9114=CARTESIAN_POINT('Origin',(-25.649994919989,59.74999491999,-1.6));
#9115=CARTESIAN_POINT('',(-26.849994919989,46.549966979937,-1.6));
#9116=CARTESIAN_POINT('',(-26.849994919989,59.74999491999,-1.6));
#9117=CARTESIAN_POINT('',(-25.649994919989,45.349966979937,-1.6));
#9118=CARTESIAN_POINT('Origin',(-25.649994919989,46.549966979937,-1.6));
#9119=CARTESIAN_POINT('',(-12.449969519939,45.349966979937,-1.6));
#9120=CARTESIAN_POINT('',(-25.649994919989,45.349966979937,-1.6));
#9121=CARTESIAN_POINT('',(-11.249969519939,46.549966979937,-1.6));
#9122=CARTESIAN_POINT('Origin',(-12.449969519939,46.549966979937,-1.6));
#9123=CARTESIAN_POINT('',(-11.249969519939,59.74999491999,-1.6));
#9124=CARTESIAN_POINT('',(-11.249969519939,46.549966979937,-1.6));
#9125=CARTESIAN_POINT('Origin',(-12.449969519939,59.74999491999,-1.6));
#9126=CARTESIAN_POINT('',(7.80006858013799,50.549977139957,-1.6));
#9127=CARTESIAN_POINT('',(7.80006858013799,63.75000508001,-1.6));
#9128=CARTESIAN_POINT('',(7.80006858013799,50.549977139957,-1.6));
#9129=CARTESIAN_POINT('',(6.60006858013799,64.95000508001,-1.6));
#9130=CARTESIAN_POINT('Origin',(6.60006858013799,63.75000508001,-1.6));
#9131=CARTESIAN_POINT('',(-6.59995681991301,64.95000508001,-1.6));
#9132=CARTESIAN_POINT('',(6.60006858013799,64.95000508001,-1.6));
#9133=CARTESIAN_POINT('',(-7.79995681991302,63.75000508001,-1.6));
#9134=CARTESIAN_POINT('Origin',(-6.59995681991301,63.75000508001,-1.6));
#9135=CARTESIAN_POINT('',(-7.79995681991302,50.549977139957,-1.6));
#9136=CARTESIAN_POINT('',(-7.79995681991301,63.75000508001,-1.6));
#9137=CARTESIAN_POINT('',(-6.59995681991301,49.349977139957,-1.6));
#9138=CARTESIAN_POINT('Origin',(-6.59995681991301,50.549977139957,-1.6));
#9139=CARTESIAN_POINT('',(6.60006858013799,49.349977139957,-1.6));
#9140=CARTESIAN_POINT('',(-6.59995681991301,49.349977139957,-1.6));
#9141=CARTESIAN_POINT('Origin',(6.60006858013799,50.549977139957,-1.6));
#9142=CARTESIAN_POINT('',(-6.59995681991301,30.299939039881,-1.6));
#9143=CARTESIAN_POINT('',(6.60006858013799,30.299939039881,-1.6));
#9144=CARTESIAN_POINT('',(-6.59995681991301,30.299939039881,-1.6));
#9145=CARTESIAN_POINT('',(7.80006858013799,31.499939039881,-1.6));
#9146=CARTESIAN_POINT('Origin',(6.60006858013798,31.499939039881,-1.6));
#9147=CARTESIAN_POINT('',(7.80006858013799,44.699966979937,-1.6));
#9148=CARTESIAN_POINT('',(7.80006858013799,31.499939039881,-1.6));
#9149=CARTESIAN_POINT('',(6.60006858013799,45.899966979937,-1.6));
#9150=CARTESIAN_POINT('Origin',(6.60006858013799,44.699966979937,-1.6));
#9151=CARTESIAN_POINT('',(-6.59995681991301,45.899966979937,-1.6));
#9152=CARTESIAN_POINT('',(6.60006858013799,45.899966979937,-1.6));
#9153=CARTESIAN_POINT('',(-7.79995681991302,44.699966979937,-1.6));
#9154=CARTESIAN_POINT('Origin',(-6.59995681991301,44.699966979937,-1.6));
#9155=CARTESIAN_POINT('',(-7.799956819913,31.499939039881,-1.6));
#9156=CARTESIAN_POINT('',(-7.79995681991301,44.699966979937,-1.6));
#9157=CARTESIAN_POINT('Origin',(-6.59995681991301,31.499939039881,-1.6));
#9158=CARTESIAN_POINT('',(-6.59995681991301,11.249900939805,-1.6));
#9159=CARTESIAN_POINT('',(6.60006858013799,11.249900939805,-1.6));
#9160=CARTESIAN_POINT('',(-6.59995681991301,11.249900939805,-1.6));
#9161=CARTESIAN_POINT('',(7.80006858013799,12.449900939805,-1.6));
#9162=CARTESIAN_POINT('Origin',(6.60006858013799,12.449900939805,-1.6));
#9163=CARTESIAN_POINT('',(7.80006858013799,25.64992887986,-1.6));
#9164=CARTESIAN_POINT('',(7.80006858013799,12.449900939805,-1.6));
#9165=CARTESIAN_POINT('',(6.60006858013799,26.84992887986,-1.6));
#9166=CARTESIAN_POINT('Origin',(6.60006858013798,25.64992887986,-1.6));
#9167=CARTESIAN_POINT('',(-6.59995681991301,26.84992887986,-1.6));
#9168=CARTESIAN_POINT('',(6.60006858013799,26.84992887986,-1.6));
#9169=CARTESIAN_POINT('',(-7.799956819913,25.64992887986,-1.6));
#9170=CARTESIAN_POINT('Origin',(-6.59995681991301,25.64992887986,-1.6));
#9171=CARTESIAN_POINT('',(-7.799956819913,12.449900939805,-1.6));
#9172=CARTESIAN_POINT('',(-7.79995681991301,25.64992887986,-1.6));
#9173=CARTESIAN_POINT('Origin',(-6.59995681991301,12.449900939805,-1.6));
#9174=CARTESIAN_POINT('',(-6.59995681991301,-7.80013716027201,-1.6));
#9175=CARTESIAN_POINT('',(6.60006858013799,-7.80013716027201,-1.6));
#9176=CARTESIAN_POINT('',(-6.59995681991301,-7.80013716027201,-1.6));
#9177=CARTESIAN_POINT('',(7.80006858013799,-6.60013716027201,-1.6));
#9178=CARTESIAN_POINT('Origin',(6.60006858013799,-6.60013716027202,-1.6));
#9179=CARTESIAN_POINT('',(7.80006858013799,6.59989077978399,-1.6));
#9180=CARTESIAN_POINT('',(7.80006858013799,-6.60013716027201,-1.6));
#9181=CARTESIAN_POINT('',(6.60006858013799,7.79989077978399,-1.6));
#9182=CARTESIAN_POINT('Origin',(6.60006858013799,6.59989077978399,-1.6));
#9183=CARTESIAN_POINT('',(-6.59995681991301,7.79989077978399,-1.6));
#9184=CARTESIAN_POINT('',(6.60006858013799,7.79989077978399,-1.6));
#9185=CARTESIAN_POINT('',(-7.799956819913,6.59989077978399,-1.6));
#9186=CARTESIAN_POINT('Origin',(-6.59995681991301,6.599890779784,-1.6));
#9187=CARTESIAN_POINT('',(-7.79995681991302,-6.60013716027201,-1.6));
#9188=CARTESIAN_POINT('',(-7.79995681991301,6.59989077978399,-1.6));
#9189=CARTESIAN_POINT('Origin',(-6.59995681991301,-6.60013716027201,-1.6));
#9190=CARTESIAN_POINT('',(25.650106680214,18.799911099825,-1.6));
#9191=CARTESIAN_POINT('',(12.450078740158,18.799911099825,-1.6));
#9192=CARTESIAN_POINT('',(25.650106680214,18.799911099825,-1.6));
#9193=CARTESIAN_POINT('',(11.250078740158,17.599911099825,-1.6));
#9194=CARTESIAN_POINT('Origin',(12.450078740158,17.599911099825,-1.6));
#9195=CARTESIAN_POINT('',(11.250078740158,4.39988315976898,-1.6));
#9196=CARTESIAN_POINT('',(11.250078740158,17.599911099825,-1.6));
#9197=CARTESIAN_POINT('',(12.450078740158,3.19988315976898,-1.6));
#9198=CARTESIAN_POINT('Origin',(12.450078740158,4.39988315976898,-1.6));
#9199=CARTESIAN_POINT('',(25.650106680214,3.19988315976898,-1.6));
#9200=CARTESIAN_POINT('',(12.450078740158,3.19988315976898,-1.6));
#9201=CARTESIAN_POINT('',(26.850106680214,4.39988315976898,-1.6));
#9202=CARTESIAN_POINT('Origin',(25.650106680214,4.39988315976899,-1.6));
#9203=CARTESIAN_POINT('',(26.850106680214,17.599911099825,-1.6));
#9204=CARTESIAN_POINT('',(26.850106680214,4.39988315976898,-1.6));
#9205=CARTESIAN_POINT('Origin',(25.650106680214,17.599911099825,-1.6));
#9206=CARTESIAN_POINT('',(26.850106680214,23.449921259845,-1.6));
#9207=CARTESIAN_POINT('',(26.850106680214,36.649949199901,-1.6));
#9208=CARTESIAN_POINT('',(26.850106680214,23.449921259845,-1.6));
#9209=CARTESIAN_POINT('',(25.650106680214,37.849949199901,-1.6));
#9210=CARTESIAN_POINT('Origin',(25.650106680214,36.649949199901,-1.6));
#9211=CARTESIAN_POINT('',(12.450078740158,37.849949199901,-1.6));
#9212=CARTESIAN_POINT('',(25.650106680214,37.849949199901,-1.6));
#9213=CARTESIAN_POINT('',(11.250078740158,36.649949199901,-1.6));
#9214=CARTESIAN_POINT('Origin',(12.450078740158,36.649949199901,-1.6));
#9215=CARTESIAN_POINT('',(11.250078740158,23.449921259845,-1.6));
#9216=CARTESIAN_POINT('',(11.250078740158,36.649949199901,-1.6));
#9217=CARTESIAN_POINT('',(12.450078740158,22.249921259845,-1.6));
#9218=CARTESIAN_POINT('Origin',(12.450078740158,23.449921259845,-1.6));
#9219=CARTESIAN_POINT('',(25.650106680214,22.249921259845,-1.6));
#9220=CARTESIAN_POINT('',(12.450078740158,22.249921259845,-1.6));
#9221=CARTESIAN_POINT('Origin',(25.650106680214,23.449921259845,-1.6));
#9222=CARTESIAN_POINT('',(25.650106680214,56.899987299977,-1.6));
#9223=CARTESIAN_POINT('',(12.450078740158,56.899987299977,-1.6));
#9224=CARTESIAN_POINT('',(25.650106680214,56.899987299977,-1.6));
#9225=CARTESIAN_POINT('',(11.250078740158,55.699987299977,-1.6));
#9226=CARTESIAN_POINT('Origin',(12.450078740158,55.699987299977,-1.6));
#9227=CARTESIAN_POINT('',(11.250078740158,42.499959359921,-1.6));
#9228=CARTESIAN_POINT('',(11.250078740158,55.699987299977,-1.6));
#9229=CARTESIAN_POINT('',(12.450078740158,41.299959359921,-1.6));
#9230=CARTESIAN_POINT('Origin',(12.450078740158,42.499959359921,-1.6));
#9231=CARTESIAN_POINT('',(25.650106680214,41.299959359921,-1.6));
#9232=CARTESIAN_POINT('',(12.450078740158,41.299959359921,-1.6));
#9233=CARTESIAN_POINT('',(26.850106680214,42.499959359921,-1.6));
#9234=CARTESIAN_POINT('Origin',(25.650106680214,42.499959359921,-1.6));
#9235=CARTESIAN_POINT('',(26.850106680214,55.699987299977,-1.6));
#9236=CARTESIAN_POINT('',(26.850106680214,42.499959359921,-1.6));
#9237=CARTESIAN_POINT('Origin',(25.650106680214,55.699987299977,-1.6));
#9238=CARTESIAN_POINT('',(12.450078740158,60.34999745999,-1.6));
#9239=CARTESIAN_POINT('',(25.650106680214,60.34999745999,-1.6));
#9240=CARTESIAN_POINT('',(12.450078740158,60.34999745999,-1.6));
#9241=CARTESIAN_POINT('',(26.850106680214,61.54999745999,-1.6));
#9242=CARTESIAN_POINT('Origin',(25.650106680214,61.54999745999,-1.6));
#9243=CARTESIAN_POINT('',(26.850106680214,74.75002540005,-1.6));
#9244=CARTESIAN_POINT('',(26.850106680214,61.54999745999,-1.6));
#9245=CARTESIAN_POINT('',(25.650106680214,75.95002540005,-1.6));
#9246=CARTESIAN_POINT('Origin',(25.650106680214,74.75002540005,-1.6));
#9247=CARTESIAN_POINT('',(12.450078740158,75.95002540005,-1.6));
#9248=CARTESIAN_POINT('',(25.650106680214,75.95002540005,-1.6));
#9249=CARTESIAN_POINT('',(11.250078740158,74.75002540005,-1.6));
#9250=CARTESIAN_POINT('Origin',(12.450078740158,74.75002540005,-1.6));
#9251=CARTESIAN_POINT('',(11.250078740158,61.54999745999,-1.6));
#9252=CARTESIAN_POINT('',(11.250078740158,74.75002540005,-1.6));
#9253=CARTESIAN_POINT('Origin',(12.450078740158,61.54999745999,-1.6));
#9254=CARTESIAN_POINT('',(31.500116840234,52.349982219967,-1.6));
#9255=CARTESIAN_POINT('',(44.70014478029,52.349982219967,-1.6));
#9256=CARTESIAN_POINT('',(31.500116840234,52.349982219967,-1.6));
#9257=CARTESIAN_POINT('',(45.90014478029,53.549982219967,-1.6));
#9258=CARTESIAN_POINT('Origin',(44.70014478029,53.549982219967,-1.6));
#9259=CARTESIAN_POINT('',(45.90014478029,66.75001016002,-1.6));
#9260=CARTESIAN_POINT('',(45.90014478029,53.549982219967,-1.6));
#9261=CARTESIAN_POINT('',(44.70014478029,67.95001016002,-1.6));
#9262=CARTESIAN_POINT('Origin',(44.70014478029,66.75001016002,-1.6));
#9263=CARTESIAN_POINT('',(31.500116840234,67.95001016002,-1.6));
#9264=CARTESIAN_POINT('',(44.70014478029,67.95001016002,-1.6));
#9265=CARTESIAN_POINT('',(30.300116840234,66.75001016002,-1.6));
#9266=CARTESIAN_POINT('Origin',(31.500116840234,66.75001016002,-1.6));
#9267=CARTESIAN_POINT('',(30.300116840234,53.549982219967,-1.6));
#9268=CARTESIAN_POINT('',(30.300116840234,66.75001016002,-1.6));
#9269=CARTESIAN_POINT('Origin',(31.500116840234,53.549982219967,-1.6));
#9270=CARTESIAN_POINT('',(44.70014478029,48.899972059947,-1.6));
#9271=CARTESIAN_POINT('',(31.500116840234,48.899972059947,-1.6));
#9272=CARTESIAN_POINT('',(44.70014478029,48.899972059947,-1.6));
#9273=CARTESIAN_POINT('',(30.300116840234,47.699972059947,-1.6));
#9274=CARTESIAN_POINT('Origin',(31.500116840234,47.699972059947,-1.6));
#9275=CARTESIAN_POINT('',(30.300116840234,34.499944119891,-1.6));
#9276=CARTESIAN_POINT('',(30.300116840234,47.699972059947,-1.6));
#9277=CARTESIAN_POINT('',(31.500116840234,33.299944119891,-1.6));
#9278=CARTESIAN_POINT('Origin',(31.500116840234,34.499944119891,-1.6));
#9279=CARTESIAN_POINT('',(44.70014478029,33.299944119891,-1.6));
#9280=CARTESIAN_POINT('',(31.500116840234,33.299944119891,-1.6));
#9281=CARTESIAN_POINT('',(45.90014478029,34.499944119891,-1.6));
#9282=CARTESIAN_POINT('Origin',(44.70014478029,34.499944119891,-1.6));
#9283=CARTESIAN_POINT('',(45.90014478029,47.699972059947,-1.6));
#9284=CARTESIAN_POINT('',(45.90014478029,34.499944119891,-1.6));
#9285=CARTESIAN_POINT('Origin',(44.70014478029,47.699972059947,-1.6));
#9286=CARTESIAN_POINT('',(50.550154940308,39.349956819916,-1.6));
#9287=CARTESIAN_POINT('',(63.750182880358,39.349956819916,-1.6));
#9288=CARTESIAN_POINT('',(50.550154940308,39.349956819916,-1.6));
#9289=CARTESIAN_POINT('',(64.950182880358,40.549956819916,-1.6));
#9290=CARTESIAN_POINT('Origin',(63.750182880358,40.549956819916,-1.6));
#9291=CARTESIAN_POINT('',(64.950182880358,53.749984759972,-1.6));
#9292=CARTESIAN_POINT('',(64.950182880358,40.549956819916,-1.6));
#9293=CARTESIAN_POINT('',(63.750182880358,54.949984759972,-1.6));
#9294=CARTESIAN_POINT('Origin',(63.750182880358,53.749984759972,-1.6));
#9295=CARTESIAN_POINT('',(50.550154940308,54.949984759972,-1.6));
#9296=CARTESIAN_POINT('',(63.750182880358,54.949984759972,-1.6));
#9297=CARTESIAN_POINT('',(49.350154940308,53.749984759972,-1.6));
#9298=CARTESIAN_POINT('Origin',(50.550154940308,53.749984759972,-1.6));
#9299=CARTESIAN_POINT('',(49.350154940308,40.549956819916,-1.6));
#9300=CARTESIAN_POINT('',(49.350154940308,53.749984759972,-1.6));
#9301=CARTESIAN_POINT('Origin',(50.550154940308,40.549956819916,-1.6));
#9302=CARTESIAN_POINT('',(50.550154940308,20.29991871984,-1.6));
#9303=CARTESIAN_POINT('',(63.750182880358,20.29991871984,-1.6));
#9304=CARTESIAN_POINT('',(50.550154940308,20.29991871984,-1.6));
#9305=CARTESIAN_POINT('',(64.950182880358,21.49991871984,-1.6));
#9306=CARTESIAN_POINT('Origin',(63.750182880358,21.49991871984,-1.6));
#9307=CARTESIAN_POINT('',(64.950182880358,34.699946659896,-1.6));
#9308=CARTESIAN_POINT('',(64.950182880358,21.49991871984,-1.6));
#9309=CARTESIAN_POINT('',(63.750182880358,35.899946659896,-1.6));
#9310=CARTESIAN_POINT('Origin',(63.750182880358,34.699946659896,-1.6));
#9311=CARTESIAN_POINT('',(50.550154940308,35.899946659896,-1.6));
#9312=CARTESIAN_POINT('',(63.750182880358,35.899946659896,-1.6));
#9313=CARTESIAN_POINT('',(49.350154940308,34.699946659896,-1.6));
#9314=CARTESIAN_POINT('Origin',(50.550154940308,34.699946659896,-1.6));
#9315=CARTESIAN_POINT('',(49.350154940308,21.49991871984,-1.6));
#9316=CARTESIAN_POINT('',(49.350154940308,34.699946659896,-1.6));
#9317=CARTESIAN_POINT('Origin',(50.550154940308,21.49991871984,-1.6));
#9318=CARTESIAN_POINT('',(50.550154940308,1.24988061976398,-1.6));
#9319=CARTESIAN_POINT('',(63.750182880358,1.24988061976398,-1.6));
#9320=CARTESIAN_POINT('',(50.550154940308,1.24988061976398,-1.6));
#9321=CARTESIAN_POINT('',(64.950182880358,2.44988061976398,-1.6));
#9322=CARTESIAN_POINT('Origin',(63.750182880358,2.44988061976398,-1.6));
#9323=CARTESIAN_POINT('',(64.950182880358,15.64990855982,-1.6));
#9324=CARTESIAN_POINT('',(64.950182880358,2.44988061976398,-1.6));
#9325=CARTESIAN_POINT('',(63.750182880358,16.84990855982,-1.6));
#9326=CARTESIAN_POINT('Origin',(63.750182880358,15.64990855982,-1.6));
#9327=CARTESIAN_POINT('',(50.550154940308,16.84990855982,-1.6));
#9328=CARTESIAN_POINT('',(63.750182880358,16.84990855982,-1.6));
#9329=CARTESIAN_POINT('',(49.350154940308,15.64990855982,-1.6));
#9330=CARTESIAN_POINT('Origin',(50.550154940308,15.64990855982,-1.6));
#9331=CARTESIAN_POINT('',(49.350154940308,2.44988061976398,-1.6));
#9332=CARTESIAN_POINT('',(49.350154940308,15.64990855982,-1.6));
#9333=CARTESIAN_POINT('Origin',(50.550154940308,2.44988061976398,-1.6));
#9334=CARTESIAN_POINT('',(31.500116840234,-4.80013208026101,-1.6));
#9335=CARTESIAN_POINT('',(44.70014478029,-4.80013208026102,-1.6));
#9336=CARTESIAN_POINT('',(31.500116840234,-4.80013208026101,-1.6));
#9337=CARTESIAN_POINT('',(45.90014478029,-3.60013208026101,-1.6));
#9338=CARTESIAN_POINT('Origin',(44.70014478029,-3.60013208026101,-1.6));
#9339=CARTESIAN_POINT('',(45.90014478029,9.59989585979399,-1.6));
#9340=CARTESIAN_POINT('',(45.90014478029,-3.60013208026101,-1.6));
#9341=CARTESIAN_POINT('',(44.70014478029,10.799895859794,-1.6));
#9342=CARTESIAN_POINT('Origin',(44.70014478029,9.59989585979399,-1.6));
#9343=CARTESIAN_POINT('',(31.500116840234,10.799895859794,-1.6));
#9344=CARTESIAN_POINT('',(44.70014478029,10.799895859794,-1.6));
#9345=CARTESIAN_POINT('',(30.300116840234,9.59989585979399,-1.6));
#9346=CARTESIAN_POINT('Origin',(31.500116840234,9.59989585979398,-1.6));
#9347=CARTESIAN_POINT('',(30.300116840234,-3.60013208026101,-1.6));
#9348=CARTESIAN_POINT('',(30.300116840234,9.59989585979399,-1.6));
#9349=CARTESIAN_POINT('Origin',(31.500116840234,-3.60013208026101,-1.6));
#9350=CARTESIAN_POINT('',(64.950182880358,-16.600157480312,-1.6));
#9351=CARTESIAN_POINT('',(64.950182880358,-3.40012954025601,-1.6));
#9352=CARTESIAN_POINT('',(64.950182880358,-16.600157480312,-1.6));
#9353=CARTESIAN_POINT('',(63.750182880358,-2.20012954025601,-1.6));
#9354=CARTESIAN_POINT('Origin',(63.750182880358,-3.40012954025601,-1.6));
#9355=CARTESIAN_POINT('',(50.550154940308,-2.20012954025601,-1.6));
#9356=CARTESIAN_POINT('',(63.750182880358,-2.20012954025601,-1.6));
#9357=CARTESIAN_POINT('',(49.350154940308,-3.40012954025601,-1.6));
#9358=CARTESIAN_POINT('Origin',(50.550154940308,-3.40012954025601,-1.6));
#9359=CARTESIAN_POINT('',(49.350154940308,-16.600157480312,-1.6));
#9360=CARTESIAN_POINT('',(49.350154940308,-3.40012954025601,-1.6));
#9361=CARTESIAN_POINT('',(50.550154940308,-17.800157480312,-1.6));
#9362=CARTESIAN_POINT('Origin',(50.550154940308,-16.600157480312,-1.6));
#9363=CARTESIAN_POINT('',(63.750182880358,-17.800157480312,-1.6));
#9364=CARTESIAN_POINT('',(50.550154940308,-17.800157480312,-1.6));
#9365=CARTESIAN_POINT('Origin',(63.750182880358,-16.600157480312,-1.6));
#9366=CARTESIAN_POINT('',(84.000220980438,-22.600170180338,-1.6));
#9367=CARTESIAN_POINT('',(84.000220980438,-9.40014224028201,-1.6));
#9368=CARTESIAN_POINT('',(84.000220980438,-22.600170180338,-1.6));
#9369=CARTESIAN_POINT('',(82.800220980438,-8.20014224028199,-1.6));
#9370=CARTESIAN_POINT('Origin',(82.800220980438,-9.400142240282,-1.6));
#9371=CARTESIAN_POINT('',(69.600193040378,-8.20014224028201,-1.6));
#9372=CARTESIAN_POINT('',(82.800220980438,-8.20014224028199,-1.6));
#9373=CARTESIAN_POINT('',(68.400193040378,-9.40014224028201,-1.6));
#9374=CARTESIAN_POINT('Origin',(69.600193040378,-9.40014224028201,-1.6));
#9375=CARTESIAN_POINT('',(68.400193040378,-22.600170180338,-1.6));
#9376=CARTESIAN_POINT('',(68.400193040378,-9.40014224028201,-1.6));
#9377=CARTESIAN_POINT('',(69.600193040378,-23.800170180338,-1.6));
#9378=CARTESIAN_POINT('Origin',(69.600193040378,-22.600170180338,-1.6));
#9379=CARTESIAN_POINT('',(82.800220980438,-23.800170180338,-1.6));
#9380=CARTESIAN_POINT('',(69.600193040378,-23.800170180338,-1.6));
#9381=CARTESIAN_POINT('Origin',(82.800220980438,-22.600170180338,-1.6));
#9382=CARTESIAN_POINT('',(84.000220980438,-3.55013208026102,-1.6));
#9383=CARTESIAN_POINT('',(84.000220980438,9.64989585979398,-1.6));
#9384=CARTESIAN_POINT('',(84.000220980438,-3.55013208026102,-1.6));
#9385=CARTESIAN_POINT('',(82.800220980438,10.849895859794,-1.6));
#9386=CARTESIAN_POINT('Origin',(82.800220980438,9.64989585979399,-1.6));
#9387=CARTESIAN_POINT('',(69.600193040378,10.849895859794,-1.6));
#9388=CARTESIAN_POINT('',(82.800220980438,10.849895859794,-1.6));
#9389=CARTESIAN_POINT('',(68.400193040378,9.64989585979398,-1.6));
#9390=CARTESIAN_POINT('Origin',(69.600193040378,9.64989585979399,-1.6));
#9391=CARTESIAN_POINT('',(68.400193040378,-3.55013208026102,-1.6));
#9392=CARTESIAN_POINT('',(68.400193040378,9.64989585979399,-1.6));
#9393=CARTESIAN_POINT('',(69.600193040378,-4.75013208026102,-1.6));
#9394=CARTESIAN_POINT('Origin',(69.600193040378,-3.55013208026102,-1.6));
#9395=CARTESIAN_POINT('',(82.800220980438,-4.75013208026101,-1.6));
#9396=CARTESIAN_POINT('',(69.600193040378,-4.75013208026102,-1.6));
#9397=CARTESIAN_POINT('Origin',(82.800220980438,-3.55013208026102,-1.6));
#9398=CARTESIAN_POINT('',(84.000220980438,15.499906019815,-1.6));
#9399=CARTESIAN_POINT('',(84.000220980438,28.699933959871,-1.6));
#9400=CARTESIAN_POINT('',(84.000220980438,15.499906019815,-1.6));
#9401=CARTESIAN_POINT('',(82.800220980438,29.899933959871,-1.6));
#9402=CARTESIAN_POINT('Origin',(82.800220980438,28.699933959871,-1.6));
#9403=CARTESIAN_POINT('',(69.600193040378,29.899933959871,-1.6));
#9404=CARTESIAN_POINT('',(82.800220980438,29.899933959871,-1.6));
#9405=CARTESIAN_POINT('',(68.400193040378,28.699933959871,-1.6));
#9406=CARTESIAN_POINT('Origin',(69.600193040378,28.699933959871,-1.6));
#9407=CARTESIAN_POINT('',(68.400193040378,15.499906019815,-1.6));
#9408=CARTESIAN_POINT('',(68.400193040378,28.699933959871,-1.6));
#9409=CARTESIAN_POINT('',(69.600193040378,14.299906019815,-1.6));
#9410=CARTESIAN_POINT('Origin',(69.600193040378,15.499906019815,-1.6));
#9411=CARTESIAN_POINT('',(82.800220980438,14.299906019815,-1.6));
#9412=CARTESIAN_POINT('',(69.600193040378,14.299906019815,-1.6));
#9413=CARTESIAN_POINT('Origin',(82.800220980438,15.499906019815,-1.6));
#9414=CARTESIAN_POINT('',(82.800220980438,48.949972059947,-1.6));
#9415=CARTESIAN_POINT('',(69.600193040378,48.949972059947,-1.6));
#9416=CARTESIAN_POINT('',(82.800220980438,48.949972059947,-1.6));
#9417=CARTESIAN_POINT('',(68.400193040378,47.749972059947,-1.6));
#9418=CARTESIAN_POINT('Origin',(69.600193040378,47.749972059947,-1.6));
#9419=CARTESIAN_POINT('',(68.400193040378,34.549944119891,-1.6));
#9420=CARTESIAN_POINT('',(68.400193040378,47.749972059947,-1.6));
#9421=CARTESIAN_POINT('',(69.600193040378,33.349944119891,-1.6));
#9422=CARTESIAN_POINT('Origin',(69.600193040378,34.549944119891,-1.6));
#9423=CARTESIAN_POINT('',(82.800220980438,33.349944119891,-1.6));
#9424=CARTESIAN_POINT('',(69.600193040378,33.349944119891,-1.6));
#9425=CARTESIAN_POINT('',(84.000220980438,34.549944119891,-1.6));
#9426=CARTESIAN_POINT('Origin',(82.800220980438,34.549944119891,-1.6));
#9427=CARTESIAN_POINT('',(84.000220980438,47.749972059947,-1.6));
#9428=CARTESIAN_POINT('',(84.000220980438,34.549944119891,-1.6));
#9429=CARTESIAN_POINT('Origin',(82.800220980438,47.749972059947,-1.6));
#9430=CARTESIAN_POINT('',(30.300116840234,29.849933959871,-1.6));
#9431=CARTESIAN_POINT('',(30.300116840234,14.249906019815,-1.6));
#9432=CARTESIAN_POINT('',(30.300116840234,29.849933959871,-1.6));
#9433=CARTESIAN_POINT('',(45.90014478029,14.249906019815,-1.6));
#9434=CARTESIAN_POINT('',(30.300116840234,14.249906019815,-1.6));
#9435=CARTESIAN_POINT('',(45.90014478029,29.849933959871,-1.6));
#9436=CARTESIAN_POINT('',(45.90014478029,14.249906019815,-1.6));
#9437=CARTESIAN_POINT('',(45.90014478029,29.849933959871,-1.6));
#9438=CARTESIAN_POINT('Origin',(-29.5459212352679,-20.9860441378868,-0.4));
#9439=CARTESIAN_POINT('',(-29.8967673085093,-19.8384784391614,-0.4));
#9440=CARTESIAN_POINT('',(-28.3983554942809,-20.6351982028772,-0.4));
#9441=CARTESIAN_POINT('Origin',(-24.5390422116618,-33.2584475124301,-0.4));
#9442=CARTESIAN_POINT('',(-24.5390422116618,-33.2584475124301,-0.4));
#9443=CARTESIAN_POINT('Origin',(-25.6866079526489,-33.6092934474398,-0.4));
#9444=CARTESIAN_POINT('',(-25.3357618185355,-34.7568591275547,-0.4));
#9445=CARTESIAN_POINT('Origin',(-37.9590112147471,-38.6161748315292,-0.4));
#9446=CARTESIAN_POINT('',(-37.9590112147471,-38.6161748315292,-0.4));
#9447=CARTESIAN_POINT('Origin',(-38.3098573488605,-37.4686091514142,-0.4));
#9448=CARTESIAN_POINT('',(-39.4574230289754,-37.8194552855276,-0.4));
#9449=CARTESIAN_POINT('Origin',(-43.3167387064557,-25.1962059759756,-0.4));
#9450=CARTESIAN_POINT('',(-43.3167387064557,-25.1962059759756,-0.4));
#9451=CARTESIAN_POINT('Origin',(-42.1691730263407,-24.8453598418622,-0.4));
#9452=CARTESIAN_POINT('',(-42.5200190995821,-23.6977941431368,-0.4));
#9453=CARTESIAN_POINT('Origin',(-29.8967673085093,-19.8384784391614,-0.4));
#9454=CARTESIAN_POINT('Origin',(-5.39995427990802,-32.550190500378,-0.4));
#9455=CARTESIAN_POINT('',(-4.19995427990801,-32.550190500378,-0.4));
#9456=CARTESIAN_POINT('',(-5.39995427990801,-33.750190500378,-0.4));
#9457=CARTESIAN_POINT('Origin',(-18.599982219964,-33.750190500378,-0.4));
#9458=CARTESIAN_POINT('',(-18.599982219964,-33.750190500378,-0.4));
#9459=CARTESIAN_POINT('Origin',(-18.599982219964,-32.550190500378,-0.4));
#9460=CARTESIAN_POINT('',(-19.799982219964,-32.550190500378,-0.4));
#9461=CARTESIAN_POINT('Origin',(-19.799982219964,-19.350162560322,-0.4));
#9462=CARTESIAN_POINT('',(-19.799982219964,-19.350162560322,-0.4));
#9463=CARTESIAN_POINT('Origin',(-18.599982219964,-19.350162560322,-0.4));
#9464=CARTESIAN_POINT('',(-18.599982219964,-18.150162560322,-0.4));
#9465=CARTESIAN_POINT('Origin',(-5.39995427990801,-18.150162560322,-0.4));
#9466=CARTESIAN_POINT('',(-5.39995427990801,-18.150162560322,-0.4));
#9467=CARTESIAN_POINT('Origin',(-5.39995427990801,-19.350162560322,-0.4));
#9468=CARTESIAN_POINT('',(-4.19995427990801,-19.350162560322,-0.4));
#9469=CARTESIAN_POINT('Origin',(-4.19995427990801,-32.550190500378,-0.4));
#9470=CARTESIAN_POINT('Origin',(-12.449969519939,2.59988061976398,-0.4));
#9471=CARTESIAN_POINT('',(-12.449969519939,3.79988061976398,-0.4));
#9472=CARTESIAN_POINT('',(-11.249969519939,2.59988061976398,-0.4));
#9473=CARTESIAN_POINT('Origin',(-11.249969519939,-10.600147320292,-0.4));
#9474=CARTESIAN_POINT('',(-11.249969519939,-10.600147320292,-0.4));
#9475=CARTESIAN_POINT('Origin',(-12.449969519939,-10.600147320292,-0.4));
#9476=CARTESIAN_POINT('',(-12.449969519939,-11.800147320292,-0.4));
#9477=CARTESIAN_POINT('Origin',(-25.649994919989,-11.800147320292,-0.4));
#9478=CARTESIAN_POINT('',(-25.649994919989,-11.800147320292,-0.4));
#9479=CARTESIAN_POINT('Origin',(-25.649994919989,-10.600147320292,-0.4));
#9480=CARTESIAN_POINT('',(-26.849994919989,-10.600147320292,-0.4));
#9481=CARTESIAN_POINT('Origin',(-26.849994919989,2.59988061976398,-0.4));
#9482=CARTESIAN_POINT('',(-26.849994919989,2.59988061976398,-0.4));
#9483=CARTESIAN_POINT('Origin',(-25.649994919989,2.59988061976398,-0.4));
#9484=CARTESIAN_POINT('',(-25.649994919989,3.79988061976398,-0.4));
#9485=CARTESIAN_POINT('Origin',(-12.449969519939,3.79988061976398,-0.4));
#9486=CARTESIAN_POINT('Origin',(-12.449969519939,21.64991871984,-0.4));
#9487=CARTESIAN_POINT('',(-12.449969519939,22.84991871984,-0.4));
#9488=CARTESIAN_POINT('',(-11.249969519939,21.64991871984,-0.4));
#9489=CARTESIAN_POINT('Origin',(-11.249969519939,8.44989077978399,-0.4));
#9490=CARTESIAN_POINT('',(-11.249969519939,8.44989077978399,-0.4));
#9491=CARTESIAN_POINT('Origin',(-12.449969519939,8.44989077978399,-0.4));
#9492=CARTESIAN_POINT('',(-12.449969519939,7.24989077978399,-0.4));
#9493=CARTESIAN_POINT('Origin',(-25.649994919989,7.24989077978399,-0.4));
#9494=CARTESIAN_POINT('',(-25.649994919989,7.24989077978399,-0.4));
#9495=CARTESIAN_POINT('Origin',(-25.649994919989,8.44989077978399,-0.4));
#9496=CARTESIAN_POINT('',(-26.849994919989,8.44989077978399,-0.4));
#9497=CARTESIAN_POINT('Origin',(-26.849994919989,21.64991871984,-0.4));
#9498=CARTESIAN_POINT('',(-26.849994919989,21.64991871984,-0.4));
#9499=CARTESIAN_POINT('Origin',(-25.649994919989,21.64991871984,-0.4));
#9500=CARTESIAN_POINT('',(-25.649994919989,22.84991871984,-0.4));
#9501=CARTESIAN_POINT('Origin',(-12.449969519939,22.84991871984,-0.4));
#9502=CARTESIAN_POINT('Origin',(-12.449969519939,40.699956819916,-0.4));
#9503=CARTESIAN_POINT('',(-12.449969519939,41.899956819916,-0.4));
#9504=CARTESIAN_POINT('',(-11.249969519939,40.699956819916,-0.4));
#9505=CARTESIAN_POINT('Origin',(-11.249969519939,27.49992887986,-0.4));
#9506=CARTESIAN_POINT('',(-11.249969519939,27.49992887986,-0.4));
#9507=CARTESIAN_POINT('Origin',(-12.449969519939,27.49992887986,-0.4));
#9508=CARTESIAN_POINT('',(-12.449969519939,26.29992887986,-0.4));
#9509=CARTESIAN_POINT('Origin',(-25.649994919989,26.29992887986,-0.4));
#9510=CARTESIAN_POINT('',(-25.649994919989,26.29992887986,-0.4));
#9511=CARTESIAN_POINT('Origin',(-25.649994919989,27.49992887986,-0.4));
#9512=CARTESIAN_POINT('',(-26.849994919989,27.49992887986,-0.4));
#9513=CARTESIAN_POINT('Origin',(-26.849994919989,40.699956819916,-0.4));
#9514=CARTESIAN_POINT('',(-26.849994919989,40.699956819916,-0.4));
#9515=CARTESIAN_POINT('Origin',(-25.649994919989,40.699956819916,-0.4));
#9516=CARTESIAN_POINT('',(-25.649994919989,41.899956819916,-0.4));
#9517=CARTESIAN_POINT('Origin',(-12.449969519939,41.899956819916,-0.4));
#9518=CARTESIAN_POINT('Origin',(-12.449969519939,59.74999491999,-0.4));
#9519=CARTESIAN_POINT('',(-12.449969519939,60.94999491999,-0.4));
#9520=CARTESIAN_POINT('',(-11.249969519939,59.74999491999,-0.4));
#9521=CARTESIAN_POINT('Origin',(-11.249969519939,46.549966979937,-0.4));
#9522=CARTESIAN_POINT('',(-11.249969519939,46.549966979937,-0.4));
#9523=CARTESIAN_POINT('Origin',(-12.449969519939,46.549966979937,-0.4));
#9524=CARTESIAN_POINT('',(-12.449969519939,45.349966979937,-0.4));
#9525=CARTESIAN_POINT('Origin',(-25.649994919989,45.349966979937,-0.4));
#9526=CARTESIAN_POINT('',(-25.649994919989,45.349966979937,-0.4));
#9527=CARTESIAN_POINT('Origin',(-25.649994919989,46.549966979937,-0.4));
#9528=CARTESIAN_POINT('',(-26.849994919989,46.549966979937,-0.4));
#9529=CARTESIAN_POINT('Origin',(-26.849994919989,59.74999491999,-0.4));
#9530=CARTESIAN_POINT('',(-26.849994919989,59.74999491999,-0.4));
#9531=CARTESIAN_POINT('Origin',(-25.649994919989,59.74999491999,-0.4));
#9532=CARTESIAN_POINT('',(-25.649994919989,60.94999491999,-0.4));
#9533=CARTESIAN_POINT('Origin',(-12.449969519939,60.94999491999,-0.4));
#9534=CARTESIAN_POINT('Origin',(6.60006858013799,50.549977139957,-0.4));
#9535=CARTESIAN_POINT('',(7.80006858013799,50.549977139957,-0.4));
#9536=CARTESIAN_POINT('',(6.60006858013799,49.349977139957,-0.4));
#9537=CARTESIAN_POINT('Origin',(-6.59995681991301,49.349977139957,-0.4));
#9538=CARTESIAN_POINT('',(-6.59995681991301,49.349977139957,-0.4));
#9539=CARTESIAN_POINT('Origin',(-6.59995681991301,50.549977139957,-0.4));
#9540=CARTESIAN_POINT('',(-7.79995681991301,50.549977139957,-0.4));
#9541=CARTESIAN_POINT('Origin',(-7.79995681991301,63.75000508001,-0.4));
#9542=CARTESIAN_POINT('',(-7.79995681991301,63.75000508001,-0.4));
#9543=CARTESIAN_POINT('Origin',(-6.59995681991301,63.75000508001,-0.4));
#9544=CARTESIAN_POINT('',(-6.59995681991301,64.95000508001,-0.4));
#9545=CARTESIAN_POINT('Origin',(6.60006858013799,64.95000508001,-0.4));
#9546=CARTESIAN_POINT('',(6.60006858013799,64.95000508001,-0.4));
#9547=CARTESIAN_POINT('Origin',(6.60006858013799,63.75000508001,-0.4));
#9548=CARTESIAN_POINT('',(7.80006858013799,63.75000508001,-0.4));
#9549=CARTESIAN_POINT('Origin',(7.80006858013799,50.549977139957,-0.4));
#9550=CARTESIAN_POINT('Origin',(-6.59995681991301,31.499939039881,-0.4));
#9551=CARTESIAN_POINT('',(-6.59995681991301,30.299939039881,-0.4));
#9552=CARTESIAN_POINT('',(-7.79995681991301,31.499939039881,-0.4));
#9553=CARTESIAN_POINT('Origin',(-7.79995681991301,44.699966979937,-0.4));
#9554=CARTESIAN_POINT('',(-7.79995681991301,44.699966979937,-0.4));
#9555=CARTESIAN_POINT('Origin',(-6.59995681991301,44.699966979937,-0.4));
#9556=CARTESIAN_POINT('',(-6.59995681991301,45.899966979937,-0.4));
#9557=CARTESIAN_POINT('Origin',(6.60006858013799,45.899966979937,-0.4));
#9558=CARTESIAN_POINT('',(6.60006858013799,45.899966979937,-0.4));
#9559=CARTESIAN_POINT('Origin',(6.60006858013799,44.699966979937,-0.4));
#9560=CARTESIAN_POINT('',(7.80006858013799,44.699966979937,-0.4));
#9561=CARTESIAN_POINT('Origin',(7.80006858013799,31.499939039881,-0.4));
#9562=CARTESIAN_POINT('',(7.80006858013799,31.499939039881,-0.4));
#9563=CARTESIAN_POINT('Origin',(6.60006858013798,31.499939039881,-0.4));
#9564=CARTESIAN_POINT('',(6.60006858013799,30.299939039881,-0.4));
#9565=CARTESIAN_POINT('Origin',(-6.59995681991301,30.299939039881,-0.4));
#9566=CARTESIAN_POINT('Origin',(-6.59995681991301,12.449900939805,-0.4));
#9567=CARTESIAN_POINT('',(-6.59995681991301,11.249900939805,-0.4));
#9568=CARTESIAN_POINT('',(-7.79995681991301,12.449900939805,-0.4));
#9569=CARTESIAN_POINT('Origin',(-7.79995681991301,25.64992887986,-0.4));
#9570=CARTESIAN_POINT('',(-7.79995681991301,25.64992887986,-0.4));
#9571=CARTESIAN_POINT('Origin',(-6.59995681991301,25.64992887986,-0.4));
#9572=CARTESIAN_POINT('',(-6.59995681991301,26.84992887986,-0.4));
#9573=CARTESIAN_POINT('Origin',(6.60006858013799,26.84992887986,-0.4));
#9574=CARTESIAN_POINT('',(6.60006858013799,26.84992887986,-0.4));
#9575=CARTESIAN_POINT('Origin',(6.60006858013798,25.64992887986,-0.4));
#9576=CARTESIAN_POINT('',(7.80006858013799,25.64992887986,-0.4));
#9577=CARTESIAN_POINT('Origin',(7.80006858013799,12.449900939805,-0.4));
#9578=CARTESIAN_POINT('',(7.80006858013799,12.449900939805,-0.4));
#9579=CARTESIAN_POINT('Origin',(6.60006858013799,12.449900939805,-0.4));
#9580=CARTESIAN_POINT('',(6.60006858013799,11.249900939805,-0.4));
#9581=CARTESIAN_POINT('Origin',(-6.59995681991301,11.249900939805,-0.4));
#9582=CARTESIAN_POINT('Origin',(-6.59995681991301,-6.60013716027201,-0.4));
#9583=CARTESIAN_POINT('',(-6.59995681991301,-7.80013716027201,-0.4));
#9584=CARTESIAN_POINT('',(-7.79995681991301,-6.60013716027201,-0.4));
#9585=CARTESIAN_POINT('Origin',(-7.79995681991301,6.59989077978399,-0.4));
#9586=CARTESIAN_POINT('',(-7.79995681991301,6.59989077978399,-0.4));
#9587=CARTESIAN_POINT('Origin',(-6.59995681991301,6.599890779784,-0.4));
#9588=CARTESIAN_POINT('',(-6.59995681991301,7.79989077978399,-0.4));
#9589=CARTESIAN_POINT('Origin',(6.60006858013799,7.79989077978399,-0.4));
#9590=CARTESIAN_POINT('',(6.60006858013799,7.79989077978399,-0.4));
#9591=CARTESIAN_POINT('Origin',(6.60006858013799,6.59989077978399,-0.4));
#9592=CARTESIAN_POINT('',(7.80006858013799,6.59989077978399,-0.4));
#9593=CARTESIAN_POINT('Origin',(7.80006858013799,-6.60013716027201,-0.4));
#9594=CARTESIAN_POINT('',(7.80006858013799,-6.60013716027201,-0.4));
#9595=CARTESIAN_POINT('Origin',(6.60006858013799,-6.60013716027202,-0.4));
#9596=CARTESIAN_POINT('',(6.60006858013799,-7.80013716027201,-0.4));
#9597=CARTESIAN_POINT('Origin',(-6.59995681991301,-7.80013716027201,-0.4));
#9598=CARTESIAN_POINT('Origin',(25.650106680214,17.599911099825,-0.4));
#9599=CARTESIAN_POINT('',(25.650106680214,18.799911099825,-0.4));
#9600=CARTESIAN_POINT('',(26.850106680214,17.599911099825,-0.4));
#9601=CARTESIAN_POINT('Origin',(26.850106680214,4.39988315976898,-0.4));
#9602=CARTESIAN_POINT('',(26.850106680214,4.39988315976898,-0.4));
#9603=CARTESIAN_POINT('Origin',(25.650106680214,4.39988315976899,-0.4));
#9604=CARTESIAN_POINT('',(25.650106680214,3.19988315976898,-0.4));
#9605=CARTESIAN_POINT('Origin',(12.450078740158,3.19988315976898,-0.4));
#9606=CARTESIAN_POINT('',(12.450078740158,3.19988315976898,-0.4));
#9607=CARTESIAN_POINT('Origin',(12.450078740158,4.39988315976898,-0.4));
#9608=CARTESIAN_POINT('',(11.250078740158,4.39988315976898,-0.4));
#9609=CARTESIAN_POINT('Origin',(11.250078740158,17.599911099825,-0.4));
#9610=CARTESIAN_POINT('',(11.250078740158,17.599911099825,-0.4));
#9611=CARTESIAN_POINT('Origin',(12.450078740158,17.599911099825,-0.4));
#9612=CARTESIAN_POINT('',(12.450078740158,18.799911099825,-0.4));
#9613=CARTESIAN_POINT('Origin',(25.650106680214,18.799911099825,-0.4));
#9614=CARTESIAN_POINT('Origin',(25.650106680214,23.449921259845,-0.4));
#9615=CARTESIAN_POINT('',(26.850106680214,23.449921259845,-0.4));
#9616=CARTESIAN_POINT('',(25.650106680214,22.249921259845,-0.4));
#9617=CARTESIAN_POINT('Origin',(12.450078740158,22.249921259845,-0.4));
#9618=CARTESIAN_POINT('',(12.450078740158,22.249921259845,-0.4));
#9619=CARTESIAN_POINT('Origin',(12.450078740158,23.449921259845,-0.4));
#9620=CARTESIAN_POINT('',(11.250078740158,23.449921259845,-0.4));
#9621=CARTESIAN_POINT('Origin',(11.250078740158,36.649949199901,-0.4));
#9622=CARTESIAN_POINT('',(11.250078740158,36.649949199901,-0.4));
#9623=CARTESIAN_POINT('Origin',(12.450078740158,36.649949199901,-0.4));
#9624=CARTESIAN_POINT('',(12.450078740158,37.849949199901,-0.4));
#9625=CARTESIAN_POINT('Origin',(25.650106680214,37.849949199901,-0.4));
#9626=CARTESIAN_POINT('',(25.650106680214,37.849949199901,-0.4));
#9627=CARTESIAN_POINT('Origin',(25.650106680214,36.649949199901,-0.4));
#9628=CARTESIAN_POINT('',(26.850106680214,36.649949199901,-0.4));
#9629=CARTESIAN_POINT('Origin',(26.850106680214,23.449921259845,-0.4));
#9630=CARTESIAN_POINT('Origin',(25.650106680214,55.699987299977,-0.4));
#9631=CARTESIAN_POINT('',(25.650106680214,56.899987299977,-0.4));
#9632=CARTESIAN_POINT('',(26.850106680214,55.699987299977,-0.4));
#9633=CARTESIAN_POINT('Origin',(26.850106680214,42.499959359921,-0.4));
#9634=CARTESIAN_POINT('',(26.850106680214,42.499959359921,-0.4));
#9635=CARTESIAN_POINT('Origin',(25.650106680214,42.499959359921,-0.4));
#9636=CARTESIAN_POINT('',(25.650106680214,41.299959359921,-0.4));
#9637=CARTESIAN_POINT('Origin',(12.450078740158,41.299959359921,-0.4));
#9638=CARTESIAN_POINT('',(12.450078740158,41.299959359921,-0.4));
#9639=CARTESIAN_POINT('Origin',(12.450078740158,42.499959359921,-0.4));
#9640=CARTESIAN_POINT('',(11.250078740158,42.499959359921,-0.4));
#9641=CARTESIAN_POINT('Origin',(11.250078740158,55.699987299977,-0.4));
#9642=CARTESIAN_POINT('',(11.250078740158,55.699987299977,-0.4));
#9643=CARTESIAN_POINT('Origin',(12.450078740158,55.699987299977,-0.4));
#9644=CARTESIAN_POINT('',(12.450078740158,56.899987299977,-0.4));
#9645=CARTESIAN_POINT('Origin',(25.650106680214,56.899987299977,-0.4));
#9646=CARTESIAN_POINT('Origin',(12.450078740158,61.54999745999,-0.4));
#9647=CARTESIAN_POINT('',(12.450078740158,60.34999745999,-0.4));
#9648=CARTESIAN_POINT('',(11.250078740158,61.54999745999,-0.4));
#9649=CARTESIAN_POINT('Origin',(11.250078740158,74.75002540005,-0.4));
#9650=CARTESIAN_POINT('',(11.250078740158,74.75002540005,-0.4));
#9651=CARTESIAN_POINT('Origin',(12.450078740158,74.75002540005,-0.4));
#9652=CARTESIAN_POINT('',(12.450078740158,75.95002540005,-0.4));
#9653=CARTESIAN_POINT('Origin',(25.650106680214,75.95002540005,-0.4));
#9654=CARTESIAN_POINT('',(25.650106680214,75.95002540005,-0.4));
#9655=CARTESIAN_POINT('Origin',(25.650106680214,74.75002540005,-0.4));
#9656=CARTESIAN_POINT('',(26.850106680214,74.75002540005,-0.4));
#9657=CARTESIAN_POINT('Origin',(26.850106680214,61.54999745999,-0.4));
#9658=CARTESIAN_POINT('',(26.850106680214,61.54999745999,-0.4));
#9659=CARTESIAN_POINT('Origin',(25.650106680214,61.54999745999,-0.4));
#9660=CARTESIAN_POINT('',(25.650106680214,60.34999745999,-0.4));
#9661=CARTESIAN_POINT('Origin',(12.450078740158,60.34999745999,-0.4));
#9662=CARTESIAN_POINT('Origin',(31.500116840234,53.549982219967,-0.4));
#9663=CARTESIAN_POINT('',(31.500116840234,52.349982219967,-0.4));
#9664=CARTESIAN_POINT('',(30.300116840234,53.549982219967,-0.4));
#9665=CARTESIAN_POINT('Origin',(30.300116840234,66.75001016002,-0.4));
#9666=CARTESIAN_POINT('',(30.300116840234,66.75001016002,-0.4));
#9667=CARTESIAN_POINT('Origin',(31.500116840234,66.75001016002,-0.4));
#9668=CARTESIAN_POINT('',(31.500116840234,67.95001016002,-0.4));
#9669=CARTESIAN_POINT('Origin',(44.70014478029,67.95001016002,-0.4));
#9670=CARTESIAN_POINT('',(44.70014478029,67.95001016002,-0.4));
#9671=CARTESIAN_POINT('Origin',(44.70014478029,66.75001016002,-0.4));
#9672=CARTESIAN_POINT('',(45.90014478029,66.75001016002,-0.4));
#9673=CARTESIAN_POINT('Origin',(45.90014478029,53.549982219967,-0.4));
#9674=CARTESIAN_POINT('',(45.90014478029,53.549982219967,-0.4));
#9675=CARTESIAN_POINT('Origin',(44.70014478029,53.549982219967,-0.4));
#9676=CARTESIAN_POINT('',(44.70014478029,52.349982219967,-0.4));
#9677=CARTESIAN_POINT('Origin',(31.500116840234,52.349982219967,-0.4));
#9678=CARTESIAN_POINT('Origin',(44.70014478029,47.699972059947,-0.4));
#9679=CARTESIAN_POINT('',(44.70014478029,48.899972059947,-0.4));
#9680=CARTESIAN_POINT('',(45.90014478029,47.699972059947,-0.4));
#9681=CARTESIAN_POINT('Origin',(45.90014478029,34.499944119891,-0.4));
#9682=CARTESIAN_POINT('',(45.90014478029,34.499944119891,-0.4));
#9683=CARTESIAN_POINT('Origin',(44.70014478029,34.499944119891,-0.4));
#9684=CARTESIAN_POINT('',(44.70014478029,33.299944119891,-0.4));
#9685=CARTESIAN_POINT('Origin',(31.500116840234,33.299944119891,-0.4));
#9686=CARTESIAN_POINT('',(31.500116840234,33.299944119891,-0.4));
#9687=CARTESIAN_POINT('Origin',(31.500116840234,34.499944119891,-0.4));
#9688=CARTESIAN_POINT('',(30.300116840234,34.499944119891,-0.4));
#9689=CARTESIAN_POINT('Origin',(30.300116840234,47.699972059947,-0.4));
#9690=CARTESIAN_POINT('',(30.300116840234,47.699972059947,-0.4));
#9691=CARTESIAN_POINT('Origin',(31.500116840234,47.699972059947,-0.4));
#9692=CARTESIAN_POINT('',(31.500116840234,48.899972059947,-0.4));
#9693=CARTESIAN_POINT('Origin',(44.70014478029,48.899972059947,-0.4));
#9694=CARTESIAN_POINT('Origin',(50.550154940308,40.549956819916,-0.4));
#9695=CARTESIAN_POINT('',(50.550154940308,39.349956819916,-0.4));
#9696=CARTESIAN_POINT('',(49.350154940308,40.549956819916,-0.4));
#9697=CARTESIAN_POINT('Origin',(49.350154940308,53.749984759972,-0.4));
#9698=CARTESIAN_POINT('',(49.350154940308,53.749984759972,-0.4));
#9699=CARTESIAN_POINT('Origin',(50.550154940308,53.749984759972,-0.4));
#9700=CARTESIAN_POINT('',(50.550154940308,54.949984759972,-0.4));
#9701=CARTESIAN_POINT('Origin',(63.750182880358,54.949984759972,-0.4));
#9702=CARTESIAN_POINT('',(63.750182880358,54.949984759972,-0.4));
#9703=CARTESIAN_POINT('Origin',(63.750182880358,53.749984759972,-0.4));
#9704=CARTESIAN_POINT('',(64.950182880358,53.749984759972,-0.4));
#9705=CARTESIAN_POINT('Origin',(64.950182880358,40.549956819916,-0.4));
#9706=CARTESIAN_POINT('',(64.950182880358,40.549956819916,-0.4));
#9707=CARTESIAN_POINT('Origin',(63.750182880358,40.549956819916,-0.4));
#9708=CARTESIAN_POINT('',(63.750182880358,39.349956819916,-0.4));
#9709=CARTESIAN_POINT('Origin',(50.550154940308,39.349956819916,-0.4));
#9710=CARTESIAN_POINT('Origin',(50.550154940308,21.49991871984,-0.4));
#9711=CARTESIAN_POINT('',(50.550154940308,20.29991871984,-0.4));
#9712=CARTESIAN_POINT('',(49.350154940308,21.49991871984,-0.4));
#9713=CARTESIAN_POINT('Origin',(49.350154940308,34.699946659896,-0.4));
#9714=CARTESIAN_POINT('',(49.350154940308,34.699946659896,-0.4));
#9715=CARTESIAN_POINT('Origin',(50.550154940308,34.699946659896,-0.4));
#9716=CARTESIAN_POINT('',(50.550154940308,35.899946659896,-0.4));
#9717=CARTESIAN_POINT('Origin',(63.750182880358,35.899946659896,-0.4));
#9718=CARTESIAN_POINT('',(63.750182880358,35.899946659896,-0.4));
#9719=CARTESIAN_POINT('Origin',(63.750182880358,34.699946659896,-0.4));
#9720=CARTESIAN_POINT('',(64.950182880358,34.699946659896,-0.4));
#9721=CARTESIAN_POINT('Origin',(64.950182880358,21.49991871984,-0.4));
#9722=CARTESIAN_POINT('',(64.950182880358,21.49991871984,-0.4));
#9723=CARTESIAN_POINT('Origin',(63.750182880358,21.49991871984,-0.4));
#9724=CARTESIAN_POINT('',(63.750182880358,20.29991871984,-0.4));
#9725=CARTESIAN_POINT('Origin',(50.550154940308,20.29991871984,-0.4));
#9726=CARTESIAN_POINT('Origin',(50.550154940308,2.44988061976398,-0.4));
#9727=CARTESIAN_POINT('',(50.550154940308,1.24988061976398,-0.4));
#9728=CARTESIAN_POINT('',(49.350154940308,2.44988061976398,-0.4));
#9729=CARTESIAN_POINT('Origin',(49.350154940308,15.64990855982,-0.4));
#9730=CARTESIAN_POINT('',(49.350154940308,15.64990855982,-0.4));
#9731=CARTESIAN_POINT('Origin',(50.550154940308,15.64990855982,-0.4));
#9732=CARTESIAN_POINT('',(50.550154940308,16.84990855982,-0.4));
#9733=CARTESIAN_POINT('Origin',(63.750182880358,16.84990855982,-0.4));
#9734=CARTESIAN_POINT('',(63.750182880358,16.84990855982,-0.4));
#9735=CARTESIAN_POINT('Origin',(63.750182880358,15.64990855982,-0.4));
#9736=CARTESIAN_POINT('',(64.950182880358,15.64990855982,-0.4));
#9737=CARTESIAN_POINT('Origin',(64.950182880358,2.44988061976398,-0.4));
#9738=CARTESIAN_POINT('',(64.950182880358,2.44988061976398,-0.4));
#9739=CARTESIAN_POINT('Origin',(63.750182880358,2.44988061976398,-0.4));
#9740=CARTESIAN_POINT('',(63.750182880358,1.24988061976398,-0.4));
#9741=CARTESIAN_POINT('Origin',(50.550154940308,1.24988061976398,-0.4));
#9742=CARTESIAN_POINT('Origin',(31.500116840234,-3.60013208026101,-0.4));
#9743=CARTESIAN_POINT('',(31.500116840234,-4.80013208026101,-0.4));
#9744=CARTESIAN_POINT('',(30.300116840234,-3.60013208026101,-0.4));
#9745=CARTESIAN_POINT('Origin',(30.300116840234,9.59989585979399,-0.4));
#9746=CARTESIAN_POINT('',(30.300116840234,9.59989585979399,-0.4));
#9747=CARTESIAN_POINT('Origin',(31.500116840234,9.59989585979398,-0.4));
#9748=CARTESIAN_POINT('',(31.500116840234,10.799895859794,-0.4));
#9749=CARTESIAN_POINT('Origin',(44.70014478029,10.799895859794,-0.4));
#9750=CARTESIAN_POINT('',(44.70014478029,10.799895859794,-0.4));
#9751=CARTESIAN_POINT('Origin',(44.70014478029,9.59989585979399,-0.4));
#9752=CARTESIAN_POINT('',(45.90014478029,9.59989585979399,-0.4));
#9753=CARTESIAN_POINT('Origin',(45.90014478029,-3.60013208026101,-0.4));
#9754=CARTESIAN_POINT('',(45.90014478029,-3.60013208026101,-0.4));
#9755=CARTESIAN_POINT('Origin',(44.70014478029,-3.60013208026101,-0.4));
#9756=CARTESIAN_POINT('',(44.70014478029,-4.80013208026102,-0.4));
#9757=CARTESIAN_POINT('Origin',(31.500116840234,-4.80013208026101,-0.4));
#9758=CARTESIAN_POINT('Origin',(63.750182880358,-16.600157480312,-0.4));
#9759=CARTESIAN_POINT('',(64.950182880358,-16.600157480312,-0.4));
#9760=CARTESIAN_POINT('',(63.750182880358,-17.800157480312,-0.4));
#9761=CARTESIAN_POINT('Origin',(50.550154940308,-17.800157480312,-0.4));
#9762=CARTESIAN_POINT('',(50.550154940308,-17.800157480312,-0.4));
#9763=CARTESIAN_POINT('Origin',(50.550154940308,-16.600157480312,-0.4));
#9764=CARTESIAN_POINT('',(49.350154940308,-16.600157480312,-0.4));
#9765=CARTESIAN_POINT('Origin',(49.350154940308,-3.40012954025601,-0.4));
#9766=CARTESIAN_POINT('',(49.350154940308,-3.40012954025601,-0.4));
#9767=CARTESIAN_POINT('Origin',(50.550154940308,-3.40012954025601,-0.4));
#9768=CARTESIAN_POINT('',(50.550154940308,-2.20012954025601,-0.4));
#9769=CARTESIAN_POINT('Origin',(63.750182880358,-2.20012954025601,-0.4));
#9770=CARTESIAN_POINT('',(63.750182880358,-2.20012954025601,-0.4));
#9771=CARTESIAN_POINT('Origin',(63.750182880358,-3.40012954025601,-0.4));
#9772=CARTESIAN_POINT('',(64.950182880358,-3.40012954025601,-0.4));
#9773=CARTESIAN_POINT('Origin',(64.950182880358,-16.600157480312,-0.4));
#9774=CARTESIAN_POINT('Origin',(82.800220980438,-22.600170180338,-0.4));
#9775=CARTESIAN_POINT('',(84.000220980438,-22.600170180338,-0.4));
#9776=CARTESIAN_POINT('',(82.800220980438,-23.800170180338,-0.4));
#9777=CARTESIAN_POINT('Origin',(69.600193040378,-23.800170180338,-0.4));
#9778=CARTESIAN_POINT('',(69.600193040378,-23.800170180338,-0.4));
#9779=CARTESIAN_POINT('Origin',(69.600193040378,-22.600170180338,-0.4));
#9780=CARTESIAN_POINT('',(68.400193040378,-22.600170180338,-0.4));
#9781=CARTESIAN_POINT('Origin',(68.400193040378,-9.40014224028201,-0.4));
#9782=CARTESIAN_POINT('',(68.400193040378,-9.40014224028201,-0.4));
#9783=CARTESIAN_POINT('Origin',(69.600193040378,-9.40014224028201,-0.4));
#9784=CARTESIAN_POINT('',(69.600193040378,-8.20014224028201,-0.4));
#9785=CARTESIAN_POINT('Origin',(82.800220980438,-8.20014224028199,-0.4));
#9786=CARTESIAN_POINT('',(82.800220980438,-8.20014224028199,-0.4));
#9787=CARTESIAN_POINT('Origin',(82.800220980438,-9.400142240282,-0.4));
#9788=CARTESIAN_POINT('',(84.000220980438,-9.40014224028201,-0.4));
#9789=CARTESIAN_POINT('Origin',(84.000220980438,-22.600170180338,-0.4));
#9790=CARTESIAN_POINT('Origin',(82.800220980438,-3.55013208026102,-0.4));
#9791=CARTESIAN_POINT('',(84.000220980438,-3.55013208026102,-0.4));
#9792=CARTESIAN_POINT('',(82.800220980438,-4.75013208026101,-0.4));
#9793=CARTESIAN_POINT('Origin',(69.600193040378,-4.75013208026102,-0.4));
#9794=CARTESIAN_POINT('',(69.600193040378,-4.75013208026102,-0.4));
#9795=CARTESIAN_POINT('Origin',(69.600193040378,-3.55013208026102,-0.4));
#9796=CARTESIAN_POINT('',(68.400193040378,-3.55013208026102,-0.4));
#9797=CARTESIAN_POINT('Origin',(68.400193040378,9.64989585979399,-0.4));
#9798=CARTESIAN_POINT('',(68.400193040378,9.64989585979399,-0.4));
#9799=CARTESIAN_POINT('Origin',(69.600193040378,9.64989585979399,-0.4));
#9800=CARTESIAN_POINT('',(69.600193040378,10.849895859794,-0.4));
#9801=CARTESIAN_POINT('Origin',(82.800220980438,10.849895859794,-0.4));
#9802=CARTESIAN_POINT('',(82.800220980438,10.849895859794,-0.4));
#9803=CARTESIAN_POINT('Origin',(82.800220980438,9.64989585979399,-0.4));
#9804=CARTESIAN_POINT('',(84.000220980438,9.64989585979399,-0.4));
#9805=CARTESIAN_POINT('Origin',(84.000220980438,-3.55013208026102,-0.4));
#9806=CARTESIAN_POINT('Origin',(82.800220980438,15.499906019815,-0.4));
#9807=CARTESIAN_POINT('',(84.000220980438,15.499906019815,-0.4));
#9808=CARTESIAN_POINT('',(82.800220980438,14.299906019815,-0.4));
#9809=CARTESIAN_POINT('Origin',(69.600193040378,14.299906019815,-0.4));
#9810=CARTESIAN_POINT('',(69.600193040378,14.299906019815,-0.4));
#9811=CARTESIAN_POINT('Origin',(69.600193040378,15.499906019815,-0.4));
#9812=CARTESIAN_POINT('',(68.400193040378,15.499906019815,-0.4));
#9813=CARTESIAN_POINT('Origin',(68.400193040378,28.699933959871,-0.4));
#9814=CARTESIAN_POINT('',(68.400193040378,28.699933959871,-0.4));
#9815=CARTESIAN_POINT('Origin',(69.600193040378,28.699933959871,-0.4));
#9816=CARTESIAN_POINT('',(69.600193040378,29.899933959871,-0.4));
#9817=CARTESIAN_POINT('Origin',(82.800220980438,29.899933959871,-0.4));
#9818=CARTESIAN_POINT('',(82.800220980438,29.899933959871,-0.4));
#9819=CARTESIAN_POINT('Origin',(82.800220980438,28.699933959871,-0.4));
#9820=CARTESIAN_POINT('',(84.000220980438,28.699933959871,-0.4));
#9821=CARTESIAN_POINT('Origin',(84.000220980438,15.499906019815,-0.4));
#9822=CARTESIAN_POINT('Origin',(82.800220980438,47.749972059947,-0.4));
#9823=CARTESIAN_POINT('',(82.800220980438,48.949972059947,-0.4));
#9824=CARTESIAN_POINT('',(84.000220980438,47.749972059947,-0.4));
#9825=CARTESIAN_POINT('Origin',(84.000220980438,34.549944119891,-0.4));
#9826=CARTESIAN_POINT('',(84.000220980438,34.549944119891,-0.4));
#9827=CARTESIAN_POINT('Origin',(82.800220980438,34.549944119891,-0.4));
#9828=CARTESIAN_POINT('',(82.800220980438,33.349944119891,-0.4));
#9829=CARTESIAN_POINT('Origin',(69.600193040378,33.349944119891,-0.4));
#9830=CARTESIAN_POINT('',(69.600193040378,33.349944119891,-0.4));
#9831=CARTESIAN_POINT('Origin',(69.600193040378,34.549944119891,-0.4));
#9832=CARTESIAN_POINT('',(68.400193040378,34.549944119891,-0.4));
#9833=CARTESIAN_POINT('Origin',(68.400193040378,47.749972059947,-0.4));
#9834=CARTESIAN_POINT('',(68.400193040378,47.749972059947,-0.4));
#9835=CARTESIAN_POINT('Origin',(69.600193040378,47.749972059947,-0.4));
#9836=CARTESIAN_POINT('',(69.600193040378,48.949972059947,-0.4));
#9837=CARTESIAN_POINT('Origin',(82.800220980438,48.949972059947,-0.4));
#9838=CARTESIAN_POINT('Origin',(45.90014478029,29.849933959871,-0.4));
#9839=CARTESIAN_POINT('',(30.300116840234,29.849933959871,-0.4));
#9840=CARTESIAN_POINT('',(45.90014478029,29.849933959871,-0.4));
#9841=CARTESIAN_POINT('Origin',(45.90014478029,14.249906019815,-0.4));
#9842=CARTESIAN_POINT('',(45.90014478029,14.249906019815,-0.4));
#9843=CARTESIAN_POINT('Origin',(30.300116840234,14.249906019815,-0.4));
#9844=CARTESIAN_POINT('',(30.300116840234,14.249906019815,-0.4));
#9845=CARTESIAN_POINT('Origin',(30.300116840234,29.849933959871,-0.4));
#9846=CARTESIAN_POINT('Origin',(85.200226060448,-25.000175260348,-0.4));
#9847=CARTESIAN_POINT('',(84.0500000000001,-25.3422075773663,-0.4));
#9848=CARTESIAN_POINT('',(85.5424291675376,-23.85,-0.4));
#9849=CARTESIAN_POINT('Origin',(85.9500000000001,-23.85,-0.4));
#9850=CARTESIAN_POINT('',(85.9500000000001,-23.85,-0.4));
#9851=CARTESIAN_POINT('Origin',(85.9500000000001,-23.35,-0.4));
#9852=CARTESIAN_POINT('',(86.4500000000001,-23.35,-0.4));
#9853=CARTESIAN_POINT('Origin',(86.4500000000001,48.5,-0.4));
#9854=CARTESIAN_POINT('',(86.4500000000001,48.5,-0.4));
#9855=CARTESIAN_POINT('Origin',(85.9500000000001,48.5,-0.4));
#9856=CARTESIAN_POINT('',(85.9500000000001,49.,-0.4));
#9857=CARTESIAN_POINT('Origin',(85.5430943640207,49.,-0.4));
#9858=CARTESIAN_POINT('',(85.5430943640207,49.,-0.4));
#9859=CARTESIAN_POINT('Origin',(85.200226060448,50.149977139957,-0.4));
#9860=CARTESIAN_POINT('',(84.0500000000001,50.4920094569753,-0.4));
#9861=CARTESIAN_POINT('Origin',(84.05,50.9,-0.4));
#9862=CARTESIAN_POINT('',(84.05,50.9,-0.4));
#9863=CARTESIAN_POINT('Origin',(83.55,50.9,-0.4));
#9864=CARTESIAN_POINT('',(83.5500000000001,51.4,-0.4));
#9865=CARTESIAN_POINT('Origin',(72.1499999999999,51.4,-0.4));
#9866=CARTESIAN_POINT('',(72.1499999999999,51.4,-0.4));
#9867=CARTESIAN_POINT('Origin',(72.1499999999999,56.15,-0.4));
#9868=CARTESIAN_POINT('',(67.3999999999999,56.15,-0.4));
#9869=CARTESIAN_POINT('Origin',(66.15,56.15,-0.4));
#9870=CARTESIAN_POINT('',(66.1499999999999,57.4,-0.4));
#9871=CARTESIAN_POINT('Origin',(53.1,57.4,-0.4));
#9872=CARTESIAN_POINT('',(53.1,57.4,-0.4));
#9873=CARTESIAN_POINT('Origin',(53.1,62.15,-0.4));
#9874=CARTESIAN_POINT('',(48.35,62.15,-0.4));
#9875=CARTESIAN_POINT('Origin',(48.35,67.5000000000001,-0.4));
#9876=CARTESIAN_POINT('',(48.35,67.5000000000001,-0.4));
#9877=CARTESIAN_POINT('Origin',(47.85,67.5000000000001,-0.4));
#9878=CARTESIAN_POINT('',(47.85,68.0000000000001,-0.4));
#9879=CARTESIAN_POINT('Origin',(47.4428988731524,68.0000000000001,-0.4));
#9880=CARTESIAN_POINT('',(47.4428988731524,68.0000000000001,-0.4));
#9881=CARTESIAN_POINT('Origin',(47.1001498603,69.15001270002,-0.4));
#9882=CARTESIAN_POINT('',(45.95,69.4923011673548,-0.4));
#9883=CARTESIAN_POINT('Origin',(45.95,69.9,-0.4));
#9884=CARTESIAN_POINT('',(45.95,69.9,-0.4));
#9885=CARTESIAN_POINT('Origin',(45.45,69.9,-0.4));
#9886=CARTESIAN_POINT('',(45.45,70.4,-0.4));
#9887=CARTESIAN_POINT('Origin',(34.05,70.4,-0.4));
#9888=CARTESIAN_POINT('',(34.05,70.4,-0.4));
#9889=CARTESIAN_POINT('Origin',(34.05,75.15,-0.4));
#9890=CARTESIAN_POINT('',(29.3,75.15,-0.4));
#9891=CARTESIAN_POINT('Origin',(29.3,77.15,-0.4));
#9892=CARTESIAN_POINT('',(29.3,77.15,-0.4));
#9893=CARTESIAN_POINT('Origin',(28.05,77.15,-0.4));
#9894=CARTESIAN_POINT('',(28.05,78.4,-0.4));
#9895=CARTESIAN_POINT('Origin',(10.05,78.4,-0.4));
#9896=CARTESIAN_POINT('',(10.05,78.4,-0.4));
#9897=CARTESIAN_POINT('Origin',(10.05,77.15,-0.4));
#9898=CARTESIAN_POINT('',(8.79999999999999,77.15,-0.4));
#9899=CARTESIAN_POINT('Origin',(8.8,72.15,-0.4));
#9900=CARTESIAN_POINT('',(8.8,72.15,-0.4));
#9901=CARTESIAN_POINT('Origin',(4.04999999999999,72.15,-0.4));
#9902=CARTESIAN_POINT('',(4.05,67.4,-0.4));
#9903=CARTESIAN_POINT('Origin',(-9.34314575050761,67.4,-0.4));
#9904=CARTESIAN_POINT('',(-9.34314575050761,67.4,-0.4));
#9905=CARTESIAN_POINT('Origin',(-9.34314575050761,66.15,-0.4));
#9906=CARTESIAN_POINT('',(-10.5216570524852,66.5666666666667,-0.4));
#9907=CARTESIAN_POINT('Origin',(-15.,68.15,-0.4));
#9908=CARTESIAN_POINT('',(-15.,63.4,-0.4));
#9909=CARTESIAN_POINT('Origin',(-26.4,63.4,-0.4));
#9910=CARTESIAN_POINT('',(-26.4,63.4,-0.4));
#9911=CARTESIAN_POINT('Origin',(-26.4,62.9,-0.4));
#9912=CARTESIAN_POINT('',(-26.9,62.9,-0.4));
#9913=CARTESIAN_POINT('Origin',(-26.9,62.4927916218615,-0.4));
#9914=CARTESIAN_POINT('',(-26.9,62.4927916218615,-0.4));
#9915=CARTESIAN_POINT('Origin',(-28.05,62.15,-0.4));
#9916=CARTESIAN_POINT('',(-28.3927916218616,61.,-0.4));
#9917=CARTESIAN_POINT('Origin',(-28.8,61.,-0.4));
#9918=CARTESIAN_POINT('',(-28.8,61.,-0.4));
#9919=CARTESIAN_POINT('Origin',(-28.8,60.5,-0.4));
#9920=CARTESIAN_POINT('',(-29.3,60.5,-0.4));
#9921=CARTESIAN_POINT('Origin',(-29.3,20.2010133325982,-0.4));
#9922=CARTESIAN_POINT('Origin',(-41.5810695731151,-39.2527932325076,-0.4));
#9923=CARTESIAN_POINT('',(-41.5810695731151,-39.2527932325076,-0.4));
#9924=CARTESIAN_POINT('Origin',(-41.1029171951335,-39.1066073801463,-0.4));
#9925=CARTESIAN_POINT('',(-40.9567313427722,-39.5847597581278,-0.4));
#9926=CARTESIAN_POINT('Origin',(-40.5667908751416,-39.4655429932309,-0.4));
#9927=CARTESIAN_POINT('',(-40.5667908751416,-39.4655429932309,-0.4));
#9928=CARTESIAN_POINT('Origin',(-39.903299466598,-40.465435610869,-0.4));
#9929=CARTESIAN_POINT('',(-38.7033284943412,-40.4567314877348,-0.4));
#9930=CARTESIAN_POINT('Origin',(-38.5842460674693,-40.8462325554844,-0.4));
#9931=CARTESIAN_POINT('',(-38.5842460674693,-40.8462325554844,-0.4));
#9932=CARTESIAN_POINT('Origin',(-38.1060936894877,-40.700046703123,-0.4));
#9933=CARTESIAN_POINT('',(-37.9599078371263,-41.1781990811045,-0.4));
#9934=CARTESIAN_POINT('Origin',(-22.3558256783992,-36.4075524091784,-0.4));
#9935=CARTESIAN_POINT('',(-22.3558256783992,-36.4075524091784,-0.4));
#9936=CARTESIAN_POINT('Origin',(-20.9670600809658,-40.9500000000027,-0.4));
#9937=CARTESIAN_POINT('',(-20.9670600809664,-36.2000000000027,-0.4));
#9938=CARTESIAN_POINT('Origin',(-4.64999999999982,-36.2000000000006,-0.4));
#9939=CARTESIAN_POINT('',(-4.64999999999982,-36.2000000000006,-0.4));
#9940=CARTESIAN_POINT('Origin',(-4.64999999999988,-35.7000000000006,-0.4));
#9941=CARTESIAN_POINT('',(-4.14999999999989,-35.7000000000005,-0.4));
#9942=CARTESIAN_POINT('Origin',(-4.14999999999994,-35.2928167315215,-0.4));
#9943=CARTESIAN_POINT('',(-4.14999999999994,-35.2928167315215,-0.4));
#9944=CARTESIAN_POINT('Origin',(-2.99994919989802,-34.950195580389,-0.4));
#9945=CARTESIAN_POINT('',(-2.6578143977032,-33.8000000000004,-0.4));
#9946=CARTESIAN_POINT('Origin',(-2.24999999999999,-33.8000000000004,-0.4));
#9947=CARTESIAN_POINT('',(-2.24999999999999,-33.8000000000004,-0.4));
#9948=CARTESIAN_POINT('Origin',(-2.24999999999999,-33.3000000000004,-0.4));
#9949=CARTESIAN_POINT('',(-1.74999999999999,-33.3000000000004,-0.4));
#9950=CARTESIAN_POINT('Origin',(-1.74999999999999,-16.95,-0.4));
#9951=CARTESIAN_POINT('',(-1.74999999999999,-16.95,-0.4));
#9952=CARTESIAN_POINT('Origin',(3.00000000000001,-16.95,-0.4));
#9953=CARTESIAN_POINT('',(3.,-12.2,-0.4));
#9954=CARTESIAN_POINT('Origin',(42.15,-12.2,-0.4));
#9955=CARTESIAN_POINT('',(42.15,-12.2,-0.4));
#9956=CARTESIAN_POINT('Origin',(42.15,-16.95,-0.4));
#9957=CARTESIAN_POINT('',(46.9,-16.95,-0.4));
#9958=CARTESIAN_POINT('Origin',(46.9,-17.35,-0.4));
#9959=CARTESIAN_POINT('',(46.9,-17.35,-0.4));
#9960=CARTESIAN_POINT('Origin',(47.4,-17.35,-0.4));
#9961=CARTESIAN_POINT('',(47.4,-17.85,-0.4));
#9962=CARTESIAN_POINT('Origin',(47.8079066101893,-17.85,-0.4));
#9963=CARTESIAN_POINT('',(47.8079066101893,-17.85,-0.4));
#9964=CARTESIAN_POINT('Origin',(48.150152400305,-19.000162560322,-0.4));
#9965=CARTESIAN_POINT('',(49.3,-19.3434650413706,-0.4));
#9966=CARTESIAN_POINT('Origin',(49.3,-19.75,-0.4));
#9967=CARTESIAN_POINT('',(49.3,-19.75,-0.4));
#9968=CARTESIAN_POINT('Origin',(49.8,-19.75,-0.4));
#9969=CARTESIAN_POINT('',(49.8,-20.25,-0.4));
#9970=CARTESIAN_POINT('Origin',(61.2,-20.25,-0.4));
#9971=CARTESIAN_POINT('',(61.2,-20.25,-0.4));
#9972=CARTESIAN_POINT('Origin',(61.2,-25.,-0.4));
#9973=CARTESIAN_POINT('',(65.95,-25.,-0.4));
#9974=CARTESIAN_POINT('Origin',(67.2,-25.,-0.4));
#9975=CARTESIAN_POINT('',(67.2,-26.25,-0.4));
#9976=CARTESIAN_POINT('Origin',(83.5500000000001,-26.25,-0.4));
#9977=CARTESIAN_POINT('',(83.5500000000001,-26.25,-0.4));
#9978=CARTESIAN_POINT('Origin',(83.55,-25.75,-0.4));
#9979=CARTESIAN_POINT('',(84.0500000000001,-25.75,-0.4));
#9980=CARTESIAN_POINT('Origin',(84.0500000000001,-25.3422075773663,-0.4));
#9981=UNCERTAINTY_MEASURE_WITH_UNIT(LENGTH_MEASURE(0.01),#9985,
'DISTANCE_ACCURACY_VALUE',
'Maximum model space distance between geometric entities at asserted c
onnectivities');
#9982=UNCERTAINTY_MEASURE_WITH_UNIT(LENGTH_MEASURE(0.01),#9985,
'DISTANCE_ACCURACY_VALUE',
'Maximum model space distance between geometric entities at asserted c
onnectivities');
#9983=(
GEOMETRIC_REPRESENTATION_CONTEXT(3)
GLOBAL_UNCERTAINTY_ASSIGNED_CONTEXT((#9981))
GLOBAL_UNIT_ASSIGNED_CONTEXT((#9985,#9987,#9988))
REPRESENTATION_CONTEXT('','3D')
);
#9984=(
GEOMETRIC_REPRESENTATION_CONTEXT(3)
GLOBAL_UNCERTAINTY_ASSIGNED_CONTEXT((#9982))
GLOBAL_UNIT_ASSIGNED_CONTEXT((#9985,#9987,#9988))
REPRESENTATION_CONTEXT('','3D')
);
#9985=(
LENGTH_UNIT()
NAMED_UNIT(*)
SI_UNIT(.MILLI.,.METRE.)
);
#9986=(
LENGTH_UNIT()
NAMED_UNIT(*)
SI_UNIT($,.METRE.)
);
#9987=(
NAMED_UNIT(*)
PLANE_ANGLE_UNIT()
SI_UNIT($,.RADIAN.)
);
#9988=(
NAMED_UNIT(*)
SI_UNIT($,.STERADIAN.)
SOLID_ANGLE_UNIT()
);
#9989=SHAPE_DEFINITION_REPRESENTATION(#9990,#9991);
#9990=PRODUCT_DEFINITION_SHAPE('',$,#9993);
#9991=SHAPE_REPRESENTATION('',(#5917),#9983);
#9992=PRODUCT_DEFINITION_CONTEXT('part definition',#9997,'design');
#9993=PRODUCT_DEFINITION('Spacer','Spacer',#9994,#9992);
#9994=PRODUCT_DEFINITION_FORMATION('',$,#9999);
#9995=PRODUCT_RELATED_PRODUCT_CATEGORY('Spacer','Spacer',(#9999));
#9996=APPLICATION_PROTOCOL_DEFINITION('international standard',
'automotive_design',2009,#9997);
#9997=APPLICATION_CONTEXT(
'Core Data for Automotive Mechanical Design Process');
#9998=PRODUCT_CONTEXT('part definition',#9997,'mechanical');
#9999=PRODUCT('Spacer','Spacer',$,(#9998));
#10000=PRESENTATION_STYLE_ASSIGNMENT((#10002));
#10001=PRESENTATION_STYLE_ASSIGNMENT((#10003));
#10002=SURFACE_STYLE_USAGE(.BOTH.,#10004);
#10003=SURFACE_STYLE_USAGE(.BOTH.,#10005);
#10004=SURFACE_SIDE_STYLE('',(#10006));
#10005=SURFACE_SIDE_STYLE('',(#10007));
#10006=SURFACE_STYLE_FILL_AREA(#10008);
#10007=SURFACE_STYLE_FILL_AREA(#10009);
#10008=FILL_AREA_STYLE('Steel - Satin',(#10010));
#10009=FILL_AREA_STYLE('ABS (White) (2)',(#10011));
#10010=FILL_AREA_STYLE_COLOUR('Steel - Satin',#10012);
#10011=FILL_AREA_STYLE_COLOUR('ABS (White) (2)',#10013);
#10012=COLOUR_RGB('Steel - Satin',0.627450980392157,0.627450980392157,0.627450980392157);
#10013=COLOUR_RGB('ABS (White) (2)',0.,0.,0.);
ENDSEC;
END-ISO-10303-21;
