ISO-10303-21;
HEADER;
/* Generated by software containing ST-Developer
 * from STEP Tools, Inc. (www.steptools.com) 
 */

FILE_DESCRIPTION(
/* description */ (''),
/* implementation_level */ '2;1');

FILE_NAME(
/* name */ 'pinkie_case_right.step',
/* time_stamp */ '2026-05-14T14:49:14+02:00',
/* author */ (''),
/* organization */ (''),
/* preprocessor_version */ 'ST-DEVELOPER v20.1',
/* originating_system */ 'Autodesk Translation Framework v15.8.0.0',
/* authorisation */ '');

FILE_SCHEMA (('AUTOMOTIVE_DESIGN { 1 0 10303 214 3 1 1 }'));
ENDSEC;

DATA;
#10=MECHANICAL_DESIGN_GEOMETRIC_PRESENTATION_REPRESENTATION('',(#13),#7625);
#11=SHAPE_REPRESENTATION_RELATIONSHIP('SRR','None',#7632,#12);
#12=ADVANCED_BREP_SHAPE_REPRESENTATION('',(#14),#7624);
#13=STYLED_ITEM('',(#7642),#14);
#14=MANIFOLD_SOLID_BREP('Body1',#4478);
#15=ELLIPSE('',#4665,4.24264068711929,3.);
#16=ELLIPSE('',#4667,4.24264068711929,3.);
#17=ELLIPSE('',#4668,4.24264068711929,3.);
#18=ELLIPSE('',#4669,4.24264068711929,3.);
#19=FACE_BOUND('',#493,.T.);
#20=FACE_BOUND('',#497,.T.);
#21=FACE_BOUND('',#499,.T.);
#22=FACE_BOUND('',#527,.T.);
#23=FACE_BOUND('',#532,.T.);
#24=FACE_BOUND('',#537,.T.);
#25=FACE_BOUND('',#542,.T.);
#26=FACE_BOUND('',#547,.T.);
#27=FACE_BOUND('',#552,.T.);
#28=FACE_BOUND('',#557,.T.);
#29=FACE_BOUND('',#567,.T.);
#30=FACE_BOUND('',#574,.T.);
#31=FACE_BOUND('',#660,.T.);
#32=FACE_BOUND('',#683,.T.);
#33=CONICAL_SURFACE('',#4496,3.7,0.78539816339745);
#34=CONICAL_SURFACE('',#4500,3.7,0.78539816339745);
#35=CONICAL_SURFACE('',#4504,3.69999999999998,0.785398163397448);
#36=CONICAL_SURFACE('',#4507,2.3,0.785398163397448);
#37=CONICAL_SURFACE('',#4511,3.69999999999998,0.785398163397448);
#38=CONICAL_SURFACE('',#4515,2.3,0.78539816339745);
#39=CONICAL_SURFACE('',#4519,2.3,0.785398163397448);
#40=CONICAL_SURFACE('',#4523,3.7,0.785398163397448);
#41=CONICAL_SURFACE('',#4527,2.30000000000001,0.785398163397452);
#42=CONICAL_SURFACE('',#4531,3.7,0.785398163397447);
#43=CONICAL_SURFACE('',#4535,3.70000000000003,0.785398163397447);
#44=CONICAL_SURFACE('',#4539,3.69999999999998,0.785398163397449);
#45=CONICAL_SURFACE('',#4543,2.3,0.785398163397447);
#46=CONICAL_SURFACE('',#4547,3.69999999999999,0.78539816339745);
#47=CONICAL_SURFACE('',#4551,2.3,0.78539816339745);
#48=CONICAL_SURFACE('',#4554,3.7,0.785398163397443);
#49=CONICAL_SURFACE('',#4558,2.3,0.785398163397449);
#50=CONICAL_SURFACE('',#4562,3.70000000000002,0.785398163397448);
#51=CONICAL_SURFACE('',#4566,3.69999999999997,0.785398163397448);
#52=CONICAL_SURFACE('',#4570,2.3,0.785398163397448);
#53=CONICAL_SURFACE('',#4574,3.69999999999998,0.785398163397458);
#54=CONICAL_SURFACE('',#4578,2.30000000000001,0.78539816339745);
#55=CONICAL_SURFACE('',#4582,3.7,0.785398163397442);
#56=CONICAL_SURFACE('',#4585,2.30000000000001,0.78539816339745);
#57=PLANE('',#4495);
#58=PLANE('',#4499);
#59=PLANE('',#4503);
#60=PLANE('',#4510);
#61=PLANE('',#4514);
#62=PLANE('',#4518);
#63=PLANE('',#4522);
#64=PLANE('',#4526);
#65=PLANE('',#4530);
#66=PLANE('',#4534);
#67=PLANE('',#4538);
#68=PLANE('',#4542);
#69=PLANE('',#4546);
#70=PLANE('',#4550);
#71=PLANE('',#4557);
#72=PLANE('',#4561);
#73=PLANE('',#4565);
#74=PLANE('',#4569);
#75=PLANE('',#4573);
#76=PLANE('',#4577);
#77=PLANE('',#4581);
#78=PLANE('',#4590);
#79=PLANE('',#4593);
#80=PLANE('',#4596);
#81=PLANE('',#4599);
#82=PLANE('',#4602);
#83=PLANE('',#4605);
#84=PLANE('',#4608);
#85=PLANE('',#4611);
#86=PLANE('',#4616);
#87=PLANE('',#4619);
#88=PLANE('',#4622);
#89=PLANE('',#4623);
#90=PLANE('',#4624);
#91=PLANE('',#4649);
#92=PLANE('',#4651);
#93=PLANE('',#4653);
#94=PLANE('',#4655);
#95=PLANE('',#4657);
#96=PLANE('',#4659);
#97=PLANE('',#4661);
#98=PLANE('',#4666);
#99=PLANE('',#4670);
#100=PLANE('',#4673);
#101=PLANE('',#4676);
#102=PLANE('',#4679);
#103=PLANE('',#4694);
#104=PLANE('',#4697);
#105=PLANE('',#4698);
#106=PLANE('',#4700);
#107=PLANE('',#4703);
#108=PLANE('',#4704);
#109=PLANE('',#4706);
#110=PLANE('',#4709);
#111=PLANE('',#4710);
#112=PLANE('',#4712);
#113=PLANE('',#4715);
#114=PLANE('',#4716);
#115=PLANE('',#4718);
#116=PLANE('',#4721);
#117=PLANE('',#4722);
#118=PLANE('',#4724);
#119=PLANE('',#4725);
#120=PLANE('',#4728);
#121=PLANE('',#4731);
#122=PLANE('',#4734);
#123=PLANE('',#4735);
#124=PLANE('',#4737);
#125=PLANE('',#4741);
#126=PLANE('',#4745);
#127=PLANE('',#4749);
#128=PLANE('',#4753);
#129=PLANE('',#4803);
#130=PLANE('',#4805);
#131=PLANE('',#4807);
#132=PLANE('',#4809);
#133=PLANE('',#4811);
#134=PLANE('',#4814);
#135=PLANE('',#4816);
#136=PLANE('',#4818);
#137=PLANE('',#4820);
#138=PLANE('',#4822);
#139=PLANE('',#4824);
#140=PLANE('',#4826);
#141=PLANE('',#4829);
#142=PLANE('',#4831);
#143=PLANE('',#4833);
#144=PLANE('',#4836);
#145=PLANE('',#4838);
#146=PLANE('',#4840);
#147=PLANE('',#4842);
#148=PLANE('',#4844);
#149=PLANE('',#4846);
#150=PLANE('',#4849);
#151=PLANE('',#4852);
#152=PLANE('',#4855);
#153=PLANE('',#4858);
#154=PLANE('',#4861);
#155=PLANE('',#4866);
#156=PLANE('',#4869);
#157=PLANE('',#4872);
#158=PLANE('',#4877);
#159=PLANE('',#4880);
#160=PLANE('',#4883);
#161=PLANE('',#4886);
#162=PLANE('',#4889);
#163=PLANE('',#4892);
#164=PLANE('',#4895);
#165=PLANE('',#4900);
#166=PLANE('',#4903);
#167=PLANE('',#4906);
#168=PLANE('',#4909);
#169=PLANE('',#4912);
#170=PLANE('',#4915);
#171=PLANE('',#4916);
#172=PLANE('',#4919);
#173=PLANE('',#4922);
#174=PLANE('',#4927);
#175=PLANE('',#4930);
#176=PLANE('',#4933);
#177=PLANE('',#4936);
#178=PLANE('',#4939);
#179=PLANE('',#4942);
#180=PLANE('',#4945);
#181=PLANE('',#4950);
#182=FACE_OUTER_BOUND('',#426,.T.);
#183=FACE_OUTER_BOUND('',#427,.T.);
#184=FACE_OUTER_BOUND('',#428,.T.);
#185=FACE_OUTER_BOUND('',#429,.T.);
#186=FACE_OUTER_BOUND('',#430,.T.);
#187=FACE_OUTER_BOUND('',#431,.T.);
#188=FACE_OUTER_BOUND('',#432,.T.);
#189=FACE_OUTER_BOUND('',#433,.T.);
#190=FACE_OUTER_BOUND('',#434,.T.);
#191=FACE_OUTER_BOUND('',#435,.T.);
#192=FACE_OUTER_BOUND('',#436,.T.);
#193=FACE_OUTER_BOUND('',#437,.T.);
#194=FACE_OUTER_BOUND('',#438,.T.);
#195=FACE_OUTER_BOUND('',#439,.T.);
#196=FACE_OUTER_BOUND('',#440,.T.);
#197=FACE_OUTER_BOUND('',#441,.T.);
#198=FACE_OUTER_BOUND('',#442,.T.);
#199=FACE_OUTER_BOUND('',#443,.T.);
#200=FACE_OUTER_BOUND('',#444,.T.);
#201=FACE_OUTER_BOUND('',#445,.T.);
#202=FACE_OUTER_BOUND('',#446,.T.);
#203=FACE_OUTER_BOUND('',#447,.T.);
#204=FACE_OUTER_BOUND('',#448,.T.);
#205=FACE_OUTER_BOUND('',#449,.T.);
#206=FACE_OUTER_BOUND('',#450,.T.);
#207=FACE_OUTER_BOUND('',#451,.T.);
#208=FACE_OUTER_BOUND('',#452,.T.);
#209=FACE_OUTER_BOUND('',#453,.T.);
#210=FACE_OUTER_BOUND('',#454,.T.);
#211=FACE_OUTER_BOUND('',#455,.T.);
#212=FACE_OUTER_BOUND('',#456,.T.);
#213=FACE_OUTER_BOUND('',#457,.T.);
#214=FACE_OUTER_BOUND('',#458,.T.);
#215=FACE_OUTER_BOUND('',#459,.T.);
#216=FACE_OUTER_BOUND('',#460,.T.);
#217=FACE_OUTER_BOUND('',#461,.T.);
#218=FACE_OUTER_BOUND('',#462,.T.);
#219=FACE_OUTER_BOUND('',#463,.T.);
#220=FACE_OUTER_BOUND('',#464,.T.);
#221=FACE_OUTER_BOUND('',#465,.T.);
#222=FACE_OUTER_BOUND('',#466,.T.);
#223=FACE_OUTER_BOUND('',#467,.T.);
#224=FACE_OUTER_BOUND('',#468,.T.);
#225=FACE_OUTER_BOUND('',#469,.T.);
#226=FACE_OUTER_BOUND('',#470,.T.);
#227=FACE_OUTER_BOUND('',#471,.T.);
#228=FACE_OUTER_BOUND('',#472,.T.);
#229=FACE_OUTER_BOUND('',#473,.T.);
#230=FACE_OUTER_BOUND('',#474,.T.);
#231=FACE_OUTER_BOUND('',#475,.T.);
#232=FACE_OUTER_BOUND('',#476,.T.);
#233=FACE_OUTER_BOUND('',#477,.T.);
#234=FACE_OUTER_BOUND('',#478,.T.);
#235=FACE_OUTER_BOUND('',#479,.T.);
#236=FACE_OUTER_BOUND('',#480,.T.);
#237=FACE_OUTER_BOUND('',#481,.T.);
#238=FACE_OUTER_BOUND('',#482,.T.);
#239=FACE_OUTER_BOUND('',#483,.T.);
#240=FACE_OUTER_BOUND('',#484,.T.);
#241=FACE_OUTER_BOUND('',#485,.T.);
#242=FACE_OUTER_BOUND('',#486,.T.);
#243=FACE_OUTER_BOUND('',#487,.T.);
#244=FACE_OUTER_BOUND('',#488,.T.);
#245=FACE_OUTER_BOUND('',#489,.T.);
#246=FACE_OUTER_BOUND('',#490,.T.);
#247=FACE_OUTER_BOUND('',#491,.T.);
#248=FACE_OUTER_BOUND('',#492,.T.);
#249=FACE_OUTER_BOUND('',#494,.T.);
#250=FACE_OUTER_BOUND('',#495,.T.);
#251=FACE_OUTER_BOUND('',#496,.T.);
#252=FACE_OUTER_BOUND('',#498,.T.);
#253=FACE_OUTER_BOUND('',#500,.T.);
#254=FACE_OUTER_BOUND('',#501,.T.);
#255=FACE_OUTER_BOUND('',#502,.T.);
#256=FACE_OUTER_BOUND('',#503,.T.);
#257=FACE_OUTER_BOUND('',#504,.T.);
#258=FACE_OUTER_BOUND('',#505,.T.);
#259=FACE_OUTER_BOUND('',#506,.T.);
#260=FACE_OUTER_BOUND('',#507,.T.);
#261=FACE_OUTER_BOUND('',#508,.T.);
#262=FACE_OUTER_BOUND('',#509,.T.);
#263=FACE_OUTER_BOUND('',#510,.T.);
#264=FACE_OUTER_BOUND('',#511,.T.);
#265=FACE_OUTER_BOUND('',#512,.T.);
#266=FACE_OUTER_BOUND('',#513,.T.);
#267=FACE_OUTER_BOUND('',#514,.T.);
#268=FACE_OUTER_BOUND('',#515,.T.);
#269=FACE_OUTER_BOUND('',#516,.T.);
#270=FACE_OUTER_BOUND('',#517,.T.);
#271=FACE_OUTER_BOUND('',#518,.T.);
#272=FACE_OUTER_BOUND('',#519,.T.);
#273=FACE_OUTER_BOUND('',#520,.T.);
#274=FACE_OUTER_BOUND('',#521,.T.);
#275=FACE_OUTER_BOUND('',#522,.T.);
#276=FACE_OUTER_BOUND('',#523,.T.);
#277=FACE_OUTER_BOUND('',#524,.T.);
#278=FACE_OUTER_BOUND('',#525,.T.);
#279=FACE_OUTER_BOUND('',#526,.T.);
#280=FACE_OUTER_BOUND('',#528,.T.);
#281=FACE_OUTER_BOUND('',#529,.T.);
#282=FACE_OUTER_BOUND('',#530,.T.);
#283=FACE_OUTER_BOUND('',#531,.T.);
#284=FACE_OUTER_BOUND('',#533,.T.);
#285=FACE_OUTER_BOUND('',#534,.T.);
#286=FACE_OUTER_BOUND('',#535,.T.);
#287=FACE_OUTER_BOUND('',#536,.T.);
#288=FACE_OUTER_BOUND('',#538,.T.);
#289=FACE_OUTER_BOUND('',#539,.T.);
#290=FACE_OUTER_BOUND('',#540,.T.);
#291=FACE_OUTER_BOUND('',#541,.T.);
#292=FACE_OUTER_BOUND('',#543,.T.);
#293=FACE_OUTER_BOUND('',#544,.T.);
#294=FACE_OUTER_BOUND('',#545,.T.);
#295=FACE_OUTER_BOUND('',#546,.T.);
#296=FACE_OUTER_BOUND('',#548,.T.);
#297=FACE_OUTER_BOUND('',#549,.T.);
#298=FACE_OUTER_BOUND('',#550,.T.);
#299=FACE_OUTER_BOUND('',#551,.T.);
#300=FACE_OUTER_BOUND('',#553,.T.);
#301=FACE_OUTER_BOUND('',#554,.T.);
#302=FACE_OUTER_BOUND('',#555,.T.);
#303=FACE_OUTER_BOUND('',#556,.T.);
#304=FACE_OUTER_BOUND('',#558,.T.);
#305=FACE_OUTER_BOUND('',#559,.T.);
#306=FACE_OUTER_BOUND('',#560,.T.);
#307=FACE_OUTER_BOUND('',#561,.T.);
#308=FACE_OUTER_BOUND('',#562,.T.);
#309=FACE_OUTER_BOUND('',#563,.T.);
#310=FACE_OUTER_BOUND('',#564,.T.);
#311=FACE_OUTER_BOUND('',#565,.T.);
#312=FACE_OUTER_BOUND('',#566,.T.);
#313=FACE_OUTER_BOUND('',#568,.T.);
#314=FACE_OUTER_BOUND('',#569,.T.);
#315=FACE_OUTER_BOUND('',#570,.T.);
#316=FACE_OUTER_BOUND('',#571,.T.);
#317=FACE_OUTER_BOUND('',#572,.T.);
#318=FACE_OUTER_BOUND('',#573,.T.);
#319=FACE_OUTER_BOUND('',#575,.T.);
#320=FACE_OUTER_BOUND('',#576,.T.);
#321=FACE_OUTER_BOUND('',#577,.T.);
#322=FACE_OUTER_BOUND('',#578,.T.);
#323=FACE_OUTER_BOUND('',#579,.T.);
#324=FACE_OUTER_BOUND('',#580,.T.);
#325=FACE_OUTER_BOUND('',#581,.T.);
#326=FACE_OUTER_BOUND('',#582,.T.);
#327=FACE_OUTER_BOUND('',#583,.T.);
#328=FACE_OUTER_BOUND('',#584,.T.);
#329=FACE_OUTER_BOUND('',#585,.T.);
#330=FACE_OUTER_BOUND('',#586,.T.);
#331=FACE_OUTER_BOUND('',#587,.T.);
#332=FACE_OUTER_BOUND('',#588,.T.);
#333=FACE_OUTER_BOUND('',#589,.T.);
#334=FACE_OUTER_BOUND('',#590,.T.);
#335=FACE_OUTER_BOUND('',#591,.T.);
#336=FACE_OUTER_BOUND('',#592,.T.);
#337=FACE_OUTER_BOUND('',#593,.T.);
#338=FACE_OUTER_BOUND('',#594,.T.);
#339=FACE_OUTER_BOUND('',#595,.T.);
#340=FACE_OUTER_BOUND('',#596,.T.);
#341=FACE_OUTER_BOUND('',#597,.T.);
#342=FACE_OUTER_BOUND('',#598,.T.);
#343=FACE_OUTER_BOUND('',#599,.T.);
#344=FACE_OUTER_BOUND('',#600,.T.);
#345=FACE_OUTER_BOUND('',#601,.T.);
#346=FACE_OUTER_BOUND('',#602,.T.);
#347=FACE_OUTER_BOUND('',#603,.T.);
#348=FACE_OUTER_BOUND('',#604,.T.);
#349=FACE_OUTER_BOUND('',#605,.T.);
#350=FACE_OUTER_BOUND('',#606,.T.);
#351=FACE_OUTER_BOUND('',#607,.T.);
#352=FACE_OUTER_BOUND('',#608,.T.);
#353=FACE_OUTER_BOUND('',#609,.T.);
#354=FACE_OUTER_BOUND('',#610,.T.);
#355=FACE_OUTER_BOUND('',#611,.T.);
#356=FACE_OUTER_BOUND('',#612,.T.);
#357=FACE_OUTER_BOUND('',#613,.T.);
#358=FACE_OUTER_BOUND('',#614,.T.);
#359=FACE_OUTER_BOUND('',#615,.T.);
#360=FACE_OUTER_BOUND('',#616,.T.);
#361=FACE_OUTER_BOUND('',#617,.T.);
#362=FACE_OUTER_BOUND('',#618,.T.);
#363=FACE_OUTER_BOUND('',#619,.T.);
#364=FACE_OUTER_BOUND('',#620,.T.);
#365=FACE_OUTER_BOUND('',#621,.T.);
#366=FACE_OUTER_BOUND('',#622,.T.);
#367=FACE_OUTER_BOUND('',#623,.T.);
#368=FACE_OUTER_BOUND('',#624,.T.);
#369=FACE_OUTER_BOUND('',#625,.T.);
#370=FACE_OUTER_BOUND('',#626,.T.);
#371=FACE_OUTER_BOUND('',#627,.T.);
#372=FACE_OUTER_BOUND('',#628,.T.);
#373=FACE_OUTER_BOUND('',#629,.T.);
#374=FACE_OUTER_BOUND('',#630,.T.);
#375=FACE_OUTER_BOUND('',#631,.T.);
#376=FACE_OUTER_BOUND('',#632,.T.);
#377=FACE_OUTER_BOUND('',#633,.T.);
#378=FACE_OUTER_BOUND('',#634,.T.);
#379=FACE_OUTER_BOUND('',#635,.T.);
#380=FACE_OUTER_BOUND('',#636,.T.);
#381=FACE_OUTER_BOUND('',#637,.T.);
#382=FACE_OUTER_BOUND('',#638,.T.);
#383=FACE_OUTER_BOUND('',#639,.T.);
#384=FACE_OUTER_BOUND('',#640,.T.);
#385=FACE_OUTER_BOUND('',#641,.T.);
#386=FACE_OUTER_BOUND('',#642,.T.);
#387=FACE_OUTER_BOUND('',#643,.T.);
#388=FACE_OUTER_BOUND('',#644,.T.);
#389=FACE_OUTER_BOUND('',#645,.T.);
#390=FACE_OUTER_BOUND('',#646,.T.);
#391=FACE_OUTER_BOUND('',#647,.T.);
#392=FACE_OUTER_BOUND('',#648,.T.);
#393=FACE_OUTER_BOUND('',#649,.T.);
#394=FACE_OUTER_BOUND('',#650,.T.);
#395=FACE_OUTER_BOUND('',#651,.T.);
#396=FACE_OUTER_BOUND('',#652,.T.);
#397=FACE_OUTER_BOUND('',#653,.T.);
#398=FACE_OUTER_BOUND('',#654,.T.);
#399=FACE_OUTER_BOUND('',#655,.T.);
#400=FACE_OUTER_BOUND('',#656,.T.);
#401=FACE_OUTER_BOUND('',#657,.T.);
#402=FACE_OUTER_BOUND('',#658,.T.);
#403=FACE_OUTER_BOUND('',#659,.T.);
#404=FACE_OUTER_BOUND('',#661,.T.);
#405=FACE_OUTER_BOUND('',#662,.T.);
#406=FACE_OUTER_BOUND('',#663,.T.);
#407=FACE_OUTER_BOUND('',#664,.T.);
#408=FACE_OUTER_BOUND('',#665,.T.);
#409=FACE_OUTER_BOUND('',#666,.T.);
#410=FACE_OUTER_BOUND('',#667,.T.);
#411=FACE_OUTER_BOUND('',#668,.T.);
#412=FACE_OUTER_BOUND('',#669,.T.);
#413=FACE_OUTER_BOUND('',#670,.T.);
#414=FACE_OUTER_BOUND('',#671,.T.);
#415=FACE_OUTER_BOUND('',#672,.T.);
#416=FACE_OUTER_BOUND('',#673,.T.);
#417=FACE_OUTER_BOUND('',#674,.T.);
#418=FACE_OUTER_BOUND('',#675,.T.);
#419=FACE_OUTER_BOUND('',#676,.T.);
#420=FACE_OUTER_BOUND('',#677,.T.);
#421=FACE_OUTER_BOUND('',#678,.T.);
#422=FACE_OUTER_BOUND('',#679,.T.);
#423=FACE_OUTER_BOUND('',#680,.T.);
#424=FACE_OUTER_BOUND('',#681,.T.);
#425=FACE_OUTER_BOUND('',#682,.T.);
#426=EDGE_LOOP('',(#2837,#2838,#2839,#2840));
#427=EDGE_LOOP('',(#2841,#2842,#2843,#2844));
#428=EDGE_LOOP('',(#2845,#2846,#2847,#2848));
#429=EDGE_LOOP('',(#2849,#2850,#2851,#2852));
#430=EDGE_LOOP('',(#2853,#2854,#2855,#2856));
#431=EDGE_LOOP('',(#2857,#2858,#2859,#2860));
#432=EDGE_LOOP('',(#2861,#2862,#2863,#2864));
#433=EDGE_LOOP('',(#2865,#2866,#2867,#2868));
#434=EDGE_LOOP('',(#2869,#2870,#2871,#2872));
#435=EDGE_LOOP('',(#2873,#2874,#2875,#2876));
#436=EDGE_LOOP('',(#2877,#2878,#2879,#2880));
#437=EDGE_LOOP('',(#2881,#2882,#2883,#2884));
#438=EDGE_LOOP('',(#2885,#2886,#2887,#2888));
#439=EDGE_LOOP('',(#2889,#2890,#2891,#2892));
#440=EDGE_LOOP('',(#2893,#2894,#2895,#2896));
#441=EDGE_LOOP('',(#2897,#2898,#2899,#2900));
#442=EDGE_LOOP('',(#2901,#2902,#2903,#2904));
#443=EDGE_LOOP('',(#2905,#2906,#2907,#2908));
#444=EDGE_LOOP('',(#2909,#2910,#2911,#2912));
#445=EDGE_LOOP('',(#2913,#2914,#2915,#2916));
#446=EDGE_LOOP('',(#2917,#2918,#2919,#2920));
#447=EDGE_LOOP('',(#2921,#2922,#2923,#2924));
#448=EDGE_LOOP('',(#2925,#2926,#2927,#2928));
#449=EDGE_LOOP('',(#2929,#2930,#2931,#2932));
#450=EDGE_LOOP('',(#2933,#2934,#2935,#2936));
#451=EDGE_LOOP('',(#2937,#2938,#2939,#2940));
#452=EDGE_LOOP('',(#2941,#2942,#2943,#2944));
#453=EDGE_LOOP('',(#2945,#2946,#2947,#2948));
#454=EDGE_LOOP('',(#2949,#2950,#2951,#2952));
#455=EDGE_LOOP('',(#2953,#2954,#2955,#2956));
#456=EDGE_LOOP('',(#2957,#2958,#2959,#2960));
#457=EDGE_LOOP('',(#2961,#2962,#2963,#2964));
#458=EDGE_LOOP('',(#2965,#2966,#2967,#2968));
#459=EDGE_LOOP('',(#2969,#2970,#2971,#2972));
#460=EDGE_LOOP('',(#2973,#2974,#2975,#2976));
#461=EDGE_LOOP('',(#2977,#2978,#2979,#2980));
#462=EDGE_LOOP('',(#2981,#2982,#2983,#2984));
#463=EDGE_LOOP('',(#2985,#2986,#2987,#2988));
#464=EDGE_LOOP('',(#2989,#2990,#2991,#2992));
#465=EDGE_LOOP('',(#2993,#2994,#2995,#2996));
#466=EDGE_LOOP('',(#2997,#2998,#2999,#3000));
#467=EDGE_LOOP('',(#3001,#3002,#3003,#3004));
#468=EDGE_LOOP('',(#3005,#3006,#3007,#3008));
#469=EDGE_LOOP('',(#3009,#3010,#3011,#3012));
#470=EDGE_LOOP('',(#3013,#3014,#3015,#3016));
#471=EDGE_LOOP('',(#3017,#3018,#3019,#3020));
#472=EDGE_LOOP('',(#3021,#3022,#3023,#3024));
#473=EDGE_LOOP('',(#3025,#3026,#3027,#3028));
#474=EDGE_LOOP('',(#3029,#3030,#3031,#3032));
#475=EDGE_LOOP('',(#3033,#3034,#3035,#3036));
#476=EDGE_LOOP('',(#3037,#3038,#3039,#3040));
#477=EDGE_LOOP('',(#3041,#3042,#3043,#3044));
#478=EDGE_LOOP('',(#3045,#3046,#3047,#3048));
#479=EDGE_LOOP('',(#3049,#3050,#3051,#3052));
#480=EDGE_LOOP('',(#3053,#3054,#3055,#3056));
#481=EDGE_LOOP('',(#3057,#3058,#3059,#3060));
#482=EDGE_LOOP('',(#3061,#3062,#3063,#3064));
#483=EDGE_LOOP('',(#3065,#3066,#3067,#3068));
#484=EDGE_LOOP('',(#3069,#3070,#3071,#3072));
#485=EDGE_LOOP('',(#3073,#3074,#3075,#3076));
#486=EDGE_LOOP('',(#3077,#3078,#3079,#3080));
#487=EDGE_LOOP('',(#3081,#3082,#3083,#3084));
#488=EDGE_LOOP('',(#3085,#3086,#3087,#3088));
#489=EDGE_LOOP('',(#3089,#3090,#3091,#3092));
#490=EDGE_LOOP('',(#3093,#3094,#3095,#3096));
#491=EDGE_LOOP('',(#3097,#3098,#3099,#3100));
#492=EDGE_LOOP('',(#3101,#3102,#3103,#3104));
#493=EDGE_LOOP('',(#3105,#3106,#3107,#3108));
#494=EDGE_LOOP('',(#3109,#3110,#3111,#3112));
#495=EDGE_LOOP('',(#3113,#3114,#3115,#3116));
#496=EDGE_LOOP('',(#3117,#3118,#3119,#3120,#3121,#3122,#3123,#3124,#3125,
#3126,#3127,#3128,#3129,#3130,#3131,#3132,#3133,#3134,#3135,#3136,#3137,
#3138,#3139,#3140,#3141,#3142,#3143,#3144,#3145,#3146,#3147,#3148,#3149,
#3150,#3151,#3152,#3153,#3154,#3155,#3156,#3157,#3158,#3159,#3160,#3161));
#497=EDGE_LOOP('',(#3162));
#498=EDGE_LOOP('',(#3163,#3164,#3165,#3166,#3167,#3168,#3169,#3170,#3171,
#3172,#3173,#3174,#3175,#3176,#3177,#3178,#3179,#3180,#3181,#3182,#3183,
#3184,#3185,#3186,#3187,#3188,#3189,#3190,#3191,#3192,#3193,#3194,#3195,
#3196,#3197,#3198,#3199,#3200,#3201,#3202,#3203,#3204,#3205,#3206,#3207,
#3208,#3209,#3210,#3211,#3212,#3213,#3214,#3215,#3216,#3217,#3218,#3219,
#3220));
#499=EDGE_LOOP('',(#3221));
#500=EDGE_LOOP('',(#3222));
#501=EDGE_LOOP('',(#3223));
#502=EDGE_LOOP('',(#3224));
#503=EDGE_LOOP('',(#3225));
#504=EDGE_LOOP('',(#3226));
#505=EDGE_LOOP('',(#3227));
#506=EDGE_LOOP('',(#3228));
#507=EDGE_LOOP('',(#3229,#3230,#3231,#3232));
#508=EDGE_LOOP('',(#3233,#3234,#3235,#3236,#3237,#3238,#3239,#3240));
#509=EDGE_LOOP('',(#3241,#3242,#3243,#3244));
#510=EDGE_LOOP('',(#3245,#3246,#3247,#3248));
#511=EDGE_LOOP('',(#3249,#3250,#3251,#3252,#3253,#3254,#3255,#3256));
#512=EDGE_LOOP('',(#3257,#3258,#3259,#3260));
#513=EDGE_LOOP('',(#3261,#3262,#3263,#3264));
#514=EDGE_LOOP('',(#3265,#3266,#3267,#3268));
#515=EDGE_LOOP('',(#3269,#3270,#3271,#3272));
#516=EDGE_LOOP('',(#3273,#3274,#3275,#3276));
#517=EDGE_LOOP('',(#3277,#3278,#3279,#3280));
#518=EDGE_LOOP('',(#3281,#3282,#3283,#3284));
#519=EDGE_LOOP('',(#3285,#3286,#3287,#3288));
#520=EDGE_LOOP('',(#3289,#3290,#3291,#3292));
#521=EDGE_LOOP('',(#3293,#3294,#3295,#3296));
#522=EDGE_LOOP('',(#3297,#3298,#3299,#3300));
#523=EDGE_LOOP('',(#3301,#3302,#3303,#3304));
#524=EDGE_LOOP('',(#3305,#3306,#3307,#3308));
#525=EDGE_LOOP('',(#3309,#3310,#3311,#3312));
#526=EDGE_LOOP('',(#3313,#3314,#3315,#3316,#3317,#3318));
#527=EDGE_LOOP('',(#3319));
#528=EDGE_LOOP('',(#3320,#3321,#3322,#3323));
#529=EDGE_LOOP('',(#3324,#3325,#3326,#3327));
#530=EDGE_LOOP('',(#3328,#3329,#3330,#3331));
#531=EDGE_LOOP('',(#3332,#3333,#3334,#3335,#3336,#3337));
#532=EDGE_LOOP('',(#3338));
#533=EDGE_LOOP('',(#3339,#3340,#3341,#3342));
#534=EDGE_LOOP('',(#3343,#3344,#3345,#3346));
#535=EDGE_LOOP('',(#3347,#3348,#3349,#3350));
#536=EDGE_LOOP('',(#3351,#3352,#3353,#3354,#3355,#3356));
#537=EDGE_LOOP('',(#3357));
#538=EDGE_LOOP('',(#3358,#3359,#3360,#3361));
#539=EDGE_LOOP('',(#3362,#3363,#3364,#3365));
#540=EDGE_LOOP('',(#3366,#3367,#3368,#3369));
#541=EDGE_LOOP('',(#3370,#3371,#3372,#3373,#3374,#3375));
#542=EDGE_LOOP('',(#3376));
#543=EDGE_LOOP('',(#3377,#3378,#3379,#3380));
#544=EDGE_LOOP('',(#3381,#3382,#3383,#3384));
#545=EDGE_LOOP('',(#3385,#3386,#3387,#3388));
#546=EDGE_LOOP('',(#3389,#3390,#3391,#3392,#3393,#3394));
#547=EDGE_LOOP('',(#3395));
#548=EDGE_LOOP('',(#3396,#3397,#3398,#3399));
#549=EDGE_LOOP('',(#3400,#3401,#3402,#3403));
#550=EDGE_LOOP('',(#3404,#3405,#3406,#3407));
#551=EDGE_LOOP('',(#3408,#3409,#3410,#3411,#3412,#3413,#3414));
#552=EDGE_LOOP('',(#3415));
#553=EDGE_LOOP('',(#3416,#3417,#3418,#3419));
#554=EDGE_LOOP('',(#3420,#3421,#3422,#3423));
#555=EDGE_LOOP('',(#3424,#3425,#3426,#3427));
#556=EDGE_LOOP('',(#3428,#3429,#3430,#3431,#3432,#3433));
#557=EDGE_LOOP('',(#3434));
#558=EDGE_LOOP('',(#3435,#3436,#3437,#3438));
#559=EDGE_LOOP('',(#3439,#3440,#3441,#3442));
#560=EDGE_LOOP('',(#3443,#3444,#3445,#3446));
#561=EDGE_LOOP('',(#3447,#3448,#3449,#3450));
#562=EDGE_LOOP('',(#3451,#3452,#3453,#3454));
#563=EDGE_LOOP('',(#3455,#3456,#3457,#3458));
#564=EDGE_LOOP('',(#3459,#3460,#3461,#3462));
#565=EDGE_LOOP('',(#3463,#3464,#3465,#3466));
#566=EDGE_LOOP('',(#3467,#3468,#3469,#3470,#3471,#3472,#3473,#3474,#3475,
#3476,#3477,#3478,#3479,#3480,#3481,#3482,#3483,#3484,#3485,#3486,#3487,
#3488,#3489,#3490,#3491,#3492,#3493,#3494,#3495,#3496,#3497,#3498,#3499,
#3500,#3501,#3502,#3503,#3504,#3505,#3506,#3507,#3508,#3509,#3510,#3511));
#567=EDGE_LOOP('',(#3512,#3513,#3514,#3515,#3516,#3517,#3518,#3519,#3520,
#3521,#3522,#3523,#3524,#3525,#3526,#3527,#3528,#3529,#3530,#3531,#3532,
#3533,#3534,#3535,#3536,#3537,#3538,#3539,#3540,#3541,#3542,#3543,#3544,
#3545,#3546,#3547,#3548,#3549,#3550,#3551,#3552,#3553,#3554,#3555,#3556));
#568=EDGE_LOOP('',(#3557,#3558,#3559,#3560));
#569=EDGE_LOOP('',(#3561,#3562,#3563,#3564,#3565,#3566));
#570=EDGE_LOOP('',(#3567,#3568,#3569,#3570));
#571=EDGE_LOOP('',(#3571,#3572,#3573,#3574));
#572=EDGE_LOOP('',(#3575,#3576,#3577,#3578));
#573=EDGE_LOOP('',(#3579,#3580,#3581,#3582));
#574=EDGE_LOOP('',(#3583,#3584,#3585,#3586,#3587,#3588,#3589,#3590));
#575=EDGE_LOOP('',(#3591,#3592,#3593,#3594));
#576=EDGE_LOOP('',(#3595,#3596,#3597,#3598,#3599,#3600));
#577=EDGE_LOOP('',(#3601,#3602,#3603,#3604));
#578=EDGE_LOOP('',(#3605,#3606,#3607,#3608,#3609,#3610));
#579=EDGE_LOOP('',(#3611,#3612,#3613,#3614));
#580=EDGE_LOOP('',(#3615,#3616,#3617,#3618));
#581=EDGE_LOOP('',(#3619,#3620,#3621,#3622));
#582=EDGE_LOOP('',(#3623,#3624,#3625,#3626));
#583=EDGE_LOOP('',(#3627,#3628,#3629,#3630));
#584=EDGE_LOOP('',(#3631,#3632,#3633,#3634));
#585=EDGE_LOOP('',(#3635,#3636,#3637,#3638));
#586=EDGE_LOOP('',(#3639,#3640,#3641,#3642));
#587=EDGE_LOOP('',(#3643,#3644,#3645,#3646));
#588=EDGE_LOOP('',(#3647,#3648,#3649,#3650));
#589=EDGE_LOOP('',(#3651,#3652,#3653,#3654,#3655,#3656));
#590=EDGE_LOOP('',(#3657,#3658,#3659,#3660));
#591=EDGE_LOOP('',(#3661,#3662,#3663,#3664,#3665,#3666));
#592=EDGE_LOOP('',(#3667,#3668,#3669,#3670));
#593=EDGE_LOOP('',(#3671,#3672,#3673,#3674));
#594=EDGE_LOOP('',(#3675,#3676,#3677,#3678));
#595=EDGE_LOOP('',(#3679,#3680,#3681,#3682));
#596=EDGE_LOOP('',(#3683,#3684,#3685,#3686,#3687,#3688));
#597=EDGE_LOOP('',(#3689,#3690,#3691,#3692));
#598=EDGE_LOOP('',(#3693,#3694,#3695,#3696,#3697,#3698,#3699,#3700));
#599=EDGE_LOOP('',(#3701,#3702,#3703,#3704));
#600=EDGE_LOOP('',(#3705,#3706,#3707,#3708,#3709,#3710));
#601=EDGE_LOOP('',(#3711,#3712,#3713,#3714));
#602=EDGE_LOOP('',(#3715,#3716,#3717,#3718));
#603=EDGE_LOOP('',(#3719,#3720,#3721,#3722,#3723,#3724));
#604=EDGE_LOOP('',(#3725,#3726,#3727,#3728));
#605=EDGE_LOOP('',(#3729,#3730,#3731,#3732));
#606=EDGE_LOOP('',(#3733,#3734,#3735,#3736,#3737,#3738));
#607=EDGE_LOOP('',(#3739,#3740,#3741,#3742));
#608=EDGE_LOOP('',(#3743,#3744,#3745,#3746));
#609=EDGE_LOOP('',(#3747,#3748,#3749,#3750,#3751,#3752));
#610=EDGE_LOOP('',(#3753,#3754,#3755,#3756));
#611=EDGE_LOOP('',(#3757,#3758,#3759,#3760,#3761,#3762));
#612=EDGE_LOOP('',(#3763,#3764,#3765,#3766));
#613=EDGE_LOOP('',(#3767,#3768,#3769,#3770,#3771,#3772));
#614=EDGE_LOOP('',(#3773,#3774,#3775,#3776));
#615=EDGE_LOOP('',(#3777,#3778,#3779,#3780));
#616=EDGE_LOOP('',(#3781,#3782,#3783,#3784));
#617=EDGE_LOOP('',(#3785,#3786,#3787,#3788));
#618=EDGE_LOOP('',(#3789,#3790,#3791,#3792));
#619=EDGE_LOOP('',(#3793,#3794,#3795,#3796));
#620=EDGE_LOOP('',(#3797,#3798,#3799,#3800));
#621=EDGE_LOOP('',(#3801,#3802,#3803,#3804));
#622=EDGE_LOOP('',(#3805,#3806,#3807,#3808));
#623=EDGE_LOOP('',(#3809,#3810,#3811,#3812));
#624=EDGE_LOOP('',(#3813,#3814,#3815,#3816));
#625=EDGE_LOOP('',(#3817,#3818,#3819,#3820));
#626=EDGE_LOOP('',(#3821,#3822,#3823,#3824));
#627=EDGE_LOOP('',(#3825,#3826,#3827,#3828));
#628=EDGE_LOOP('',(#3829,#3830,#3831,#3832));
#629=EDGE_LOOP('',(#3833,#3834,#3835,#3836));
#630=EDGE_LOOP('',(#3837,#3838,#3839,#3840));
#631=EDGE_LOOP('',(#3841,#3842,#3843,#3844));
#632=EDGE_LOOP('',(#3845,#3846,#3847,#3848));
#633=EDGE_LOOP('',(#3849,#3850,#3851,#3852));
#634=EDGE_LOOP('',(#3853,#3854,#3855,#3856));
#635=EDGE_LOOP('',(#3857,#3858,#3859,#3860));
#636=EDGE_LOOP('',(#3861,#3862,#3863,#3864));
#637=EDGE_LOOP('',(#3865,#3866,#3867,#3868));
#638=EDGE_LOOP('',(#3869,#3870,#3871,#3872));
#639=EDGE_LOOP('',(#3873,#3874,#3875,#3876));
#640=EDGE_LOOP('',(#3877,#3878,#3879,#3880));
#641=EDGE_LOOP('',(#3881,#3882,#3883,#3884));
#642=EDGE_LOOP('',(#3885,#3886,#3887,#3888));
#643=EDGE_LOOP('',(#3889,#3890,#3891,#3892));
#644=EDGE_LOOP('',(#3893,#3894,#3895,#3896));
#645=EDGE_LOOP('',(#3897,#3898,#3899,#3900));
#646=EDGE_LOOP('',(#3901,#3902,#3903,#3904));
#647=EDGE_LOOP('',(#3905,#3906,#3907,#3908));
#648=EDGE_LOOP('',(#3909,#3910,#3911,#3912));
#649=EDGE_LOOP('',(#3913,#3914,#3915,#3916));
#650=EDGE_LOOP('',(#3917,#3918,#3919,#3920));
#651=EDGE_LOOP('',(#3921,#3922,#3923,#3924));
#652=EDGE_LOOP('',(#3925,#3926,#3927,#3928));
#653=EDGE_LOOP('',(#3929,#3930,#3931,#3932));
#654=EDGE_LOOP('',(#3933,#3934,#3935,#3936));
#655=EDGE_LOOP('',(#3937,#3938,#3939,#3940));
#656=EDGE_LOOP('',(#3941,#3942,#3943,#3944));
#657=EDGE_LOOP('',(#3945,#3946,#3947,#3948));
#658=EDGE_LOOP('',(#3949,#3950,#3951,#3952));
#659=EDGE_LOOP('',(#3953,#3954,#3955,#3956));
#660=EDGE_LOOP('',(#3957,#3958,#3959,#3960,#3961,#3962,#3963,#3964));
#661=EDGE_LOOP('',(#3965,#3966,#3967,#3968));
#662=EDGE_LOOP('',(#3969,#3970,#3971,#3972));
#663=EDGE_LOOP('',(#3973,#3974,#3975,#3976));
#664=EDGE_LOOP('',(#3977,#3978,#3979,#3980));
#665=EDGE_LOOP('',(#3981,#3982,#3983,#3984));
#666=EDGE_LOOP('',(#3985,#3986,#3987,#3988));
#667=EDGE_LOOP('',(#3989,#3990,#3991,#3992));
#668=EDGE_LOOP('',(#3993,#3994,#3995,#3996));
#669=EDGE_LOOP('',(#3997,#3998,#3999,#4000));
#670=EDGE_LOOP('',(#4001,#4002,#4003,#4004));
#671=EDGE_LOOP('',(#4005,#4006,#4007,#4008));
#672=EDGE_LOOP('',(#4009,#4010,#4011,#4012));
#673=EDGE_LOOP('',(#4013,#4014,#4015,#4016));
#674=EDGE_LOOP('',(#4017,#4018,#4019,#4020));
#675=EDGE_LOOP('',(#4021,#4022,#4023,#4024));
#676=EDGE_LOOP('',(#4025,#4026,#4027,#4028));
#677=EDGE_LOOP('',(#4029,#4030,#4031,#4032));
#678=EDGE_LOOP('',(#4033,#4034,#4035,#4036));
#679=EDGE_LOOP('',(#4037,#4038,#4039,#4040));
#680=EDGE_LOOP('',(#4041,#4042,#4043,#4044));
#681=EDGE_LOOP('',(#4045,#4046,#4047,#4048));
#682=EDGE_LOOP('',(#4049,#4050,#4051,#4052,#4053,#4054,#4055,#4056,#4057,
#4058,#4059,#4060,#4061,#4062,#4063,#4064,#4065,#4066,#4067,#4068,#4069,
#4070,#4071,#4072,#4073,#4074,#4075,#4076,#4077,#4078,#4079,#4080,#4081,
#4082,#4083,#4084,#4085,#4086,#4087,#4088,#4089,#4090,#4091,#4092,#4093));
#683=EDGE_LOOP('',(#4094,#4095,#4096,#4097,#4098,#4099,#4100,#4101,#4102,
#4103,#4104,#4105,#4106,#4107,#4108,#4109,#4110,#4111,#4112,#4113,#4114,
#4115,#4116,#4117,#4118,#4119,#4120,#4121,#4122,#4123,#4124,#4125,#4126,
#4127,#4128,#4129,#4130,#4131,#4132,#4133,#4134,#4135,#4136,#4137,#4138));
#684=LINE('',#6312,#1120);
#685=LINE('',#6317,#1121);
#686=LINE('',#6319,#1122);
#687=LINE('',#6321,#1123);
#688=LINE('',#6322,#1124);
#689=LINE('',#6326,#1125);
#690=LINE('',#6332,#1126);
#691=LINE('',#6333,#1127);
#692=LINE('',#6334,#1128);
#693=LINE('',#6338,#1129);
#694=LINE('',#6344,#1130);
#695=LINE('',#6345,#1131);
#696=LINE('',#6346,#1132);
#697=LINE('',#6350,#1133);
#698=LINE('',#6356,#1134);
#699=LINE('',#6362,#1135);
#700=LINE('',#6363,#1136);
#701=LINE('',#6364,#1137);
#702=LINE('',#6368,#1138);
#703=LINE('',#6374,#1139);
#704=LINE('',#6375,#1140);
#705=LINE('',#6376,#1141);
#706=LINE('',#6380,#1142);
#707=LINE('',#6386,#1143);
#708=LINE('',#6387,#1144);
#709=LINE('',#6388,#1145);
#710=LINE('',#6392,#1146);
#711=LINE('',#6398,#1147);
#712=LINE('',#6399,#1148);
#713=LINE('',#6400,#1149);
#714=LINE('',#6404,#1150);
#715=LINE('',#6410,#1151);
#716=LINE('',#6411,#1152);
#717=LINE('',#6412,#1153);
#718=LINE('',#6416,#1154);
#719=LINE('',#6422,#1155);
#720=LINE('',#6423,#1156);
#721=LINE('',#6424,#1157);
#722=LINE('',#6428,#1158);
#723=LINE('',#6434,#1159);
#724=LINE('',#6435,#1160);
#725=LINE('',#6436,#1161);
#726=LINE('',#6440,#1162);
#727=LINE('',#6446,#1163);
#728=LINE('',#6447,#1164);
#729=LINE('',#6448,#1165);
#730=LINE('',#6452,#1166);
#731=LINE('',#6458,#1167);
#732=LINE('',#6459,#1168);
#733=LINE('',#6460,#1169);
#734=LINE('',#6464,#1170);
#735=LINE('',#6470,#1171);
#736=LINE('',#6471,#1172);
#737=LINE('',#6472,#1173);
#738=LINE('',#6476,#1174);
#739=LINE('',#6482,#1175);
#740=LINE('',#6483,#1176);
#741=LINE('',#6484,#1177);
#742=LINE('',#6488,#1178);
#743=LINE('',#6494,#1179);
#744=LINE('',#6500,#1180);
#745=LINE('',#6501,#1181);
#746=LINE('',#6502,#1182);
#747=LINE('',#6506,#1183);
#748=LINE('',#6512,#1184);
#749=LINE('',#6513,#1185);
#750=LINE('',#6514,#1186);
#751=LINE('',#6518,#1187);
#752=LINE('',#6524,#1188);
#753=LINE('',#6525,#1189);
#754=LINE('',#6526,#1190);
#755=LINE('',#6530,#1191);
#756=LINE('',#6536,#1192);
#757=LINE('',#6537,#1193);
#758=LINE('',#6538,#1194);
#759=LINE('',#6542,#1195);
#760=LINE('',#6548,#1196);
#761=LINE('',#6549,#1197);
#762=LINE('',#6550,#1198);
#763=LINE('',#6554,#1199);
#764=LINE('',#6560,#1200);
#765=LINE('',#6561,#1201);
#766=LINE('',#6562,#1202);
#767=LINE('',#6566,#1203);
#768=LINE('',#6572,#1204);
#769=LINE('',#6573,#1205);
#770=LINE('',#6574,#1206);
#771=LINE('',#6578,#1207);
#772=LINE('',#6586,#1208);
#773=LINE('',#6589,#1209);
#774=LINE('',#6592,#1210);
#775=LINE('',#6593,#1211);
#776=LINE('',#6596,#1212);
#777=LINE('',#6600,#1213);
#778=LINE('',#6601,#1214);
#779=LINE('',#6604,#1215);
#780=LINE('',#6608,#1216);
#781=LINE('',#6609,#1217);
#782=LINE('',#6612,#1218);
#783=LINE('',#6616,#1219);
#784=LINE('',#6617,#1220);
#785=LINE('',#6620,#1221);
#786=LINE('',#6624,#1222);
#787=LINE('',#6625,#1223);
#788=LINE('',#6628,#1224);
#789=LINE('',#6632,#1225);
#790=LINE('',#6633,#1226);
#791=LINE('',#6636,#1227);
#792=LINE('',#6640,#1228);
#793=LINE('',#6641,#1229);
#794=LINE('',#6644,#1230);
#795=LINE('',#6648,#1231);
#796=LINE('',#6649,#1232);
#797=LINE('',#6652,#1233);
#798=LINE('',#6656,#1234);
#799=LINE('',#6660,#1235);
#800=LINE('',#6661,#1236);
#801=LINE('',#6664,#1237);
#802=LINE('',#6668,#1238);
#803=LINE('',#6669,#1239);
#804=LINE('',#6672,#1240);
#805=LINE('',#6674,#1241);
#806=LINE('',#6676,#1242);
#807=LINE('',#6677,#1243);
#808=LINE('',#6680,#1244);
#809=LINE('',#6684,#1245);
#810=LINE('',#6685,#1246);
#811=LINE('',#6690,#1247);
#812=LINE('',#6694,#1248);
#813=LINE('',#6696,#1249);
#814=LINE('',#6700,#1250);
#815=LINE('',#6704,#1251);
#816=LINE('',#6708,#1252);
#817=LINE('',#6712,#1253);
#818=LINE('',#6718,#1254);
#819=LINE('',#6720,#1255);
#820=LINE('',#6724,#1256);
#821=LINE('',#6726,#1257);
#822=LINE('',#6730,#1258);
#823=LINE('',#6734,#1259);
#824=LINE('',#6738,#1260);
#825=LINE('',#6740,#1261);
#826=LINE('',#6744,#1262);
#827=LINE('',#6746,#1263);
#828=LINE('',#6750,#1264);
#829=LINE('',#6752,#1265);
#830=LINE('',#6756,#1266);
#831=LINE('',#6758,#1267);
#832=LINE('',#6762,#1268);
#833=LINE('',#6766,#1269);
#834=LINE('',#6770,#1270);
#835=LINE('',#6772,#1271);
#836=LINE('',#6778,#1272);
#837=LINE('',#6780,#1273);
#838=LINE('',#6784,#1274);
#839=LINE('',#6786,#1275);
#840=LINE('',#6788,#1276);
#841=LINE('',#6792,#1277);
#842=LINE('',#6794,#1278);
#843=LINE('',#6800,#1279);
#844=LINE('',#6803,#1280);
#845=LINE('',#6830,#1281);
#846=LINE('',#6833,#1282);
#847=LINE('',#6836,#1283);
#848=LINE('',#6841,#1284);
#849=LINE('',#6844,#1285);
#850=LINE('',#6847,#1286);
#851=LINE('',#6848,#1287);
#852=LINE('',#6851,#1288);
#853=LINE('',#6854,#1289);
#854=LINE('',#6856,#1290);
#855=LINE('',#6858,#1291);
#856=LINE('',#6862,#1292);
#857=LINE('',#6868,#1293);
#858=LINE('',#6872,#1294);
#859=LINE('',#6876,#1295);
#860=LINE('',#6880,#1296);
#861=LINE('',#6884,#1297);
#862=LINE('',#6888,#1298);
#863=LINE('',#6892,#1299);
#864=LINE('',#6896,#1300);
#865=LINE('',#6898,#1301);
#866=LINE('',#6899,#1302);
#867=LINE('',#6903,#1303);
#868=LINE('',#6906,#1304);
#869=LINE('',#6907,#1305);
#870=LINE('',#6910,#1306);
#871=LINE('',#6913,#1307);
#872=LINE('',#6916,#1308);
#873=LINE('',#6918,#1309);
#874=LINE('',#6919,#1310);
#875=LINE('',#6923,#1311);
#876=LINE('',#6926,#1312);
#877=LINE('',#6927,#1313);
#878=LINE('',#6930,#1314);
#879=LINE('',#6933,#1315);
#880=LINE('',#6936,#1316);
#881=LINE('',#6938,#1317);
#882=LINE('',#6939,#1318);
#883=LINE('',#6943,#1319);
#884=LINE('',#6946,#1320);
#885=LINE('',#6947,#1321);
#886=LINE('',#6950,#1322);
#887=LINE('',#6953,#1323);
#888=LINE('',#6956,#1324);
#889=LINE('',#6958,#1325);
#890=LINE('',#6959,#1326);
#891=LINE('',#6963,#1327);
#892=LINE('',#6966,#1328);
#893=LINE('',#6967,#1329);
#894=LINE('',#6970,#1330);
#895=LINE('',#6973,#1331);
#896=LINE('',#6976,#1332);
#897=LINE('',#6978,#1333);
#898=LINE('',#6979,#1334);
#899=LINE('',#6983,#1335);
#900=LINE('',#6986,#1336);
#901=LINE('',#6987,#1337);
#902=LINE('',#6992,#1338);
#903=LINE('',#6993,#1339);
#904=LINE('',#6996,#1340);
#905=LINE('',#6998,#1341);
#906=LINE('',#6999,#1342);
#907=LINE('',#7002,#1343);
#908=LINE('',#7004,#1344);
#909=LINE('',#7005,#1345);
#910=LINE('',#7012,#1346);
#911=LINE('',#7015,#1347);
#912=LINE('',#7018,#1348);
#913=LINE('',#7020,#1349);
#914=LINE('',#7021,#1350);
#915=LINE('',#7025,#1351);
#916=LINE('',#7028,#1352);
#917=LINE('',#7029,#1353);
#918=LINE('',#7032,#1354);
#919=LINE('',#7035,#1355);
#920=LINE('',#7039,#1356);
#921=LINE('',#7041,#1357);
#922=LINE('',#7043,#1358);
#923=LINE('',#7044,#1359);
#924=LINE('',#7049,#1360);
#925=LINE('',#7053,#1361);
#926=LINE('',#7055,#1362);
#927=LINE('',#7056,#1363);
#928=LINE('',#7061,#1364);
#929=LINE('',#7065,#1365);
#930=LINE('',#7067,#1366);
#931=LINE('',#7068,#1367);
#932=LINE('',#7073,#1368);
#933=LINE('',#7077,#1369);
#934=LINE('',#7079,#1370);
#935=LINE('',#7080,#1371);
#936=LINE('',#7089,#1372);
#937=LINE('',#7093,#1373);
#938=LINE('',#7097,#1374);
#939=LINE('',#7101,#1375);
#940=LINE('',#7105,#1376);
#941=LINE('',#7111,#1377);
#942=LINE('',#7115,#1378);
#943=LINE('',#7119,#1379);
#944=LINE('',#7125,#1380);
#945=LINE('',#7129,#1381);
#946=LINE('',#7133,#1382);
#947=LINE('',#7137,#1383);
#948=LINE('',#7141,#1384);
#949=LINE('',#7145,#1385);
#950=LINE('',#7149,#1386);
#951=LINE('',#7155,#1387);
#952=LINE('',#7159,#1388);
#953=LINE('',#7163,#1389);
#954=LINE('',#7167,#1390);
#955=LINE('',#7171,#1391);
#956=LINE('',#7174,#1392);
#957=LINE('',#7177,#1393);
#958=LINE('',#7181,#1394);
#959=LINE('',#7185,#1395);
#960=LINE('',#7189,#1396);
#961=LINE('',#7193,#1397);
#962=LINE('',#7197,#1398);
#963=LINE('',#7203,#1399);
#964=LINE('',#7207,#1400);
#965=LINE('',#7211,#1401);
#966=LINE('',#7215,#1402);
#967=LINE('',#7219,#1403);
#968=LINE('',#7223,#1404);
#969=LINE('',#7227,#1405);
#970=LINE('',#7233,#1406);
#971=LINE('',#7237,#1407);
#972=LINE('',#7241,#1408);
#973=LINE('',#7247,#1409);
#974=LINE('',#7251,#1410);
#975=LINE('',#7255,#1411);
#976=LINE('',#7259,#1412);
#977=LINE('',#7263,#1413);
#978=LINE('',#7266,#1414);
#979=LINE('',#7267,#1415);
#980=LINE('',#7269,#1416);
#981=LINE('',#7271,#1417);
#982=LINE('',#7273,#1418);
#983=LINE('',#7275,#1419);
#984=LINE('',#7277,#1420);
#985=LINE('',#7279,#1421);
#986=LINE('',#7281,#1422);
#987=LINE('',#7283,#1423);
#988=LINE('',#7285,#1424);
#989=LINE('',#7287,#1425);
#990=LINE('',#7289,#1426);
#991=LINE('',#7291,#1427);
#992=LINE('',#7293,#1428);
#993=LINE('',#7295,#1429);
#994=LINE('',#7297,#1430);
#995=LINE('',#7299,#1431);
#996=LINE('',#7301,#1432);
#997=LINE('',#7303,#1433);
#998=LINE('',#7305,#1434);
#999=LINE('',#7307,#1435);
#1000=LINE('',#7309,#1436);
#1001=LINE('',#7311,#1437);
#1002=LINE('',#7313,#1438);
#1003=LINE('',#7315,#1439);
#1004=LINE('',#7317,#1440);
#1005=LINE('',#7319,#1441);
#1006=LINE('',#7321,#1442);
#1007=LINE('',#7323,#1443);
#1008=LINE('',#7325,#1444);
#1009=LINE('',#7327,#1445);
#1010=LINE('',#7329,#1446);
#1011=LINE('',#7331,#1447);
#1012=LINE('',#7333,#1448);
#1013=LINE('',#7335,#1449);
#1014=LINE('',#7337,#1450);
#1015=LINE('',#7339,#1451);
#1016=LINE('',#7341,#1452);
#1017=LINE('',#7343,#1453);
#1018=LINE('',#7345,#1454);
#1019=LINE('',#7347,#1455);
#1020=LINE('',#7349,#1456);
#1021=LINE('',#7351,#1457);
#1022=LINE('',#7353,#1458);
#1023=LINE('',#7357,#1459);
#1024=LINE('',#7360,#1460);
#1025=LINE('',#7363,#1461);
#1026=LINE('',#7364,#1462);
#1027=LINE('',#7368,#1463);
#1028=LINE('',#7371,#1464);
#1029=LINE('',#7372,#1465);
#1030=LINE('',#7376,#1466);
#1031=LINE('',#7379,#1467);
#1032=LINE('',#7380,#1468);
#1033=LINE('',#7384,#1469);
#1034=LINE('',#7387,#1470);
#1035=LINE('',#7388,#1471);
#1036=LINE('',#7392,#1472);
#1037=LINE('',#7395,#1473);
#1038=LINE('',#7396,#1474);
#1039=LINE('',#7400,#1475);
#1040=LINE('',#7404,#1476);
#1041=LINE('',#7407,#1477);
#1042=LINE('',#7408,#1478);
#1043=LINE('',#7412,#1479);
#1044=LINE('',#7415,#1480);
#1045=LINE('',#7416,#1481);
#1046=LINE('',#7420,#1482);
#1047=LINE('',#7423,#1483);
#1048=LINE('',#7424,#1484);
#1049=LINE('',#7428,#1485);
#1050=LINE('',#7432,#1486);
#1051=LINE('',#7435,#1487);
#1052=LINE('',#7436,#1488);
#1053=LINE('',#7440,#1489);
#1054=LINE('',#7443,#1490);
#1055=LINE('',#7444,#1491);
#1056=LINE('',#7448,#1492);
#1057=LINE('',#7451,#1493);
#1058=LINE('',#7452,#1494);
#1059=LINE('',#7456,#1495);
#1060=LINE('',#7459,#1496);
#1061=LINE('',#7460,#1497);
#1062=LINE('',#7464,#1498);
#1063=LINE('',#7467,#1499);
#1064=LINE('',#7468,#1500);
#1065=LINE('',#7472,#1501);
#1066=LINE('',#7475,#1502);
#1067=LINE('',#7476,#1503);
#1068=LINE('',#7480,#1504);
#1069=LINE('',#7483,#1505);
#1070=LINE('',#7484,#1506);
#1071=LINE('',#7488,#1507);
#1072=LINE('',#7492,#1508);
#1073=LINE('',#7495,#1509);
#1074=LINE('',#7496,#1510);
#1075=LINE('',#7500,#1511);
#1076=LINE('',#7503,#1512);
#1077=LINE('',#7504,#1513);
#1078=LINE('',#7508,#1514);
#1079=LINE('',#7511,#1515);
#1080=LINE('',#7512,#1516);
#1081=LINE('',#7516,#1517);
#1082=LINE('',#7519,#1518);
#1083=LINE('',#7520,#1519);
#1084=LINE('',#7524,#1520);
#1085=LINE('',#7527,#1521);
#1086=LINE('',#7528,#1522);
#1087=LINE('',#7532,#1523);
#1088=LINE('',#7534,#1524);
#1089=LINE('',#7537,#1525);
#1090=LINE('',#7538,#1526);
#1091=LINE('',#7542,#1527);
#1092=LINE('',#7545,#1528);
#1093=LINE('',#7546,#1529);
#1094=LINE('',#7550,#1530);
#1095=LINE('',#7553,#1531);
#1096=LINE('',#7554,#1532);
#1097=LINE('',#7558,#1533);
#1098=LINE('',#7562,#1534);
#1099=LINE('',#7565,#1535);
#1100=LINE('',#7566,#1536);
#1101=LINE('',#7570,#1537);
#1102=LINE('',#7573,#1538);
#1103=LINE('',#7574,#1539);
#1104=LINE('',#7578,#1540);
#1105=LINE('',#7581,#1541);
#1106=LINE('',#7582,#1542);
#1107=LINE('',#7586,#1543);
#1108=LINE('',#7589,#1544);
#1109=LINE('',#7590,#1545);
#1110=LINE('',#7594,#1546);
#1111=LINE('',#7597,#1547);
#1112=LINE('',#7598,#1548);
#1113=LINE('',#7602,#1549);
#1114=LINE('',#7605,#1550);
#1115=LINE('',#7606,#1551);
#1116=LINE('',#7610,#1552);
#1117=LINE('',#7613,#1553);
#1118=LINE('',#7614,#1554);
#1119=LINE('',#7618,#1555);
#1120=VECTOR('',#4957,0.750000000000002);
#1121=VECTOR('',#4962,10.);
#1122=VECTOR('',#4963,10.);
#1123=VECTOR('',#4964,10.);
#1124=VECTOR('',#4965,10.);
#1125=VECTOR('',#4968,10.);
#1126=VECTOR('',#4975,10.);
#1127=VECTOR('',#4976,10.);
#1128=VECTOR('',#4977,10.);
#1129=VECTOR('',#4980,10.);
#1130=VECTOR('',#4987,10.);
#1131=VECTOR('',#4988,10.);
#1132=VECTOR('',#4989,10.);
#1133=VECTOR('',#4992,10.);
#1134=VECTOR('',#4999,10.);
#1135=VECTOR('',#5006,10.);
#1136=VECTOR('',#5007,10.);
#1137=VECTOR('',#5008,10.);
#1138=VECTOR('',#5011,10.);
#1139=VECTOR('',#5018,10.);
#1140=VECTOR('',#5019,10.);
#1141=VECTOR('',#5020,10.);
#1142=VECTOR('',#5023,10.);
#1143=VECTOR('',#5030,10.);
#1144=VECTOR('',#5031,10.);
#1145=VECTOR('',#5032,10.);
#1146=VECTOR('',#5035,10.);
#1147=VECTOR('',#5042,10.);
#1148=VECTOR('',#5043,10.);
#1149=VECTOR('',#5044,10.);
#1150=VECTOR('',#5047,10.);
#1151=VECTOR('',#5054,10.);
#1152=VECTOR('',#5055,10.);
#1153=VECTOR('',#5056,10.);
#1154=VECTOR('',#5059,10.);
#1155=VECTOR('',#5066,10.);
#1156=VECTOR('',#5067,10.);
#1157=VECTOR('',#5068,10.);
#1158=VECTOR('',#5071,10.);
#1159=VECTOR('',#5078,10.);
#1160=VECTOR('',#5079,10.);
#1161=VECTOR('',#5080,10.);
#1162=VECTOR('',#5083,10.);
#1163=VECTOR('',#5090,10.);
#1164=VECTOR('',#5091,10.);
#1165=VECTOR('',#5092,10.);
#1166=VECTOR('',#5095,10.);
#1167=VECTOR('',#5102,10.);
#1168=VECTOR('',#5103,10.);
#1169=VECTOR('',#5104,10.);
#1170=VECTOR('',#5107,10.);
#1171=VECTOR('',#5114,10.);
#1172=VECTOR('',#5115,10.);
#1173=VECTOR('',#5116,10.);
#1174=VECTOR('',#5119,10.);
#1175=VECTOR('',#5126,10.);
#1176=VECTOR('',#5127,10.);
#1177=VECTOR('',#5128,10.);
#1178=VECTOR('',#5131,10.);
#1179=VECTOR('',#5138,10.);
#1180=VECTOR('',#5145,10.);
#1181=VECTOR('',#5146,10.);
#1182=VECTOR('',#5147,10.);
#1183=VECTOR('',#5150,10.);
#1184=VECTOR('',#5157,10.);
#1185=VECTOR('',#5158,10.);
#1186=VECTOR('',#5159,10.);
#1187=VECTOR('',#5162,10.);
#1188=VECTOR('',#5169,10.);
#1189=VECTOR('',#5170,10.);
#1190=VECTOR('',#5171,10.);
#1191=VECTOR('',#5174,10.);
#1192=VECTOR('',#5181,10.);
#1193=VECTOR('',#5182,10.);
#1194=VECTOR('',#5183,10.);
#1195=VECTOR('',#5186,10.);
#1196=VECTOR('',#5193,10.);
#1197=VECTOR('',#5194,10.);
#1198=VECTOR('',#5195,10.);
#1199=VECTOR('',#5198,10.);
#1200=VECTOR('',#5205,10.);
#1201=VECTOR('',#5206,10.);
#1202=VECTOR('',#5207,10.);
#1203=VECTOR('',#5210,10.);
#1204=VECTOR('',#5217,10.);
#1205=VECTOR('',#5218,10.);
#1206=VECTOR('',#5219,10.);
#1207=VECTOR('',#5222,10.);
#1208=VECTOR('',#5235,10.);
#1209=VECTOR('',#5238,10.);
#1210=VECTOR('',#5241,10.);
#1211=VECTOR('',#5242,10.);
#1212=VECTOR('',#5245,10.);
#1213=VECTOR('',#5250,10.);
#1214=VECTOR('',#5251,10.);
#1215=VECTOR('',#5254,10.);
#1216=VECTOR('',#5259,10.);
#1217=VECTOR('',#5260,10.);
#1218=VECTOR('',#5263,10.);
#1219=VECTOR('',#5268,10.);
#1220=VECTOR('',#5269,10.);
#1221=VECTOR('',#5272,10.);
#1222=VECTOR('',#5277,10.);
#1223=VECTOR('',#5278,10.);
#1224=VECTOR('',#5281,10.);
#1225=VECTOR('',#5286,10.);
#1226=VECTOR('',#5287,10.);
#1227=VECTOR('',#5290,10.);
#1228=VECTOR('',#5295,10.);
#1229=VECTOR('',#5296,10.);
#1230=VECTOR('',#5299,10.);
#1231=VECTOR('',#5304,10.);
#1232=VECTOR('',#5305,10.);
#1233=VECTOR('',#5308,10.);
#1234=VECTOR('',#5313,10.);
#1235=VECTOR('',#5318,10.);
#1236=VECTOR('',#5319,10.);
#1237=VECTOR('',#5322,10.);
#1238=VECTOR('',#5327,10.);
#1239=VECTOR('',#5328,10.);
#1240=VECTOR('',#5329,10.);
#1241=VECTOR('',#5330,10.);
#1242=VECTOR('',#5331,10.);
#1243=VECTOR('',#5332,10.);
#1244=VECTOR('',#5335,10.);
#1245=VECTOR('',#5340,10.);
#1246=VECTOR('',#5341,10.);
#1247=VECTOR('',#5346,10.);
#1248=VECTOR('',#5349,10.);
#1249=VECTOR('',#5350,10.);
#1250=VECTOR('',#5353,10.);
#1251=VECTOR('',#5356,10.);
#1252=VECTOR('',#5359,10.);
#1253=VECTOR('',#5362,10.);
#1254=VECTOR('',#5367,10.);
#1255=VECTOR('',#5368,10.);
#1256=VECTOR('',#5371,10.);
#1257=VECTOR('',#5372,10.);
#1258=VECTOR('',#5375,10.);
#1259=VECTOR('',#5378,10.);
#1260=VECTOR('',#5381,10.);
#1261=VECTOR('',#5382,10.);
#1262=VECTOR('',#5385,10.);
#1263=VECTOR('',#5386,10.);
#1264=VECTOR('',#5389,10.);
#1265=VECTOR('',#5390,10.);
#1266=VECTOR('',#5393,10.);
#1267=VECTOR('',#5394,10.);
#1268=VECTOR('',#5397,10.);
#1269=VECTOR('',#5400,10.);
#1270=VECTOR('',#5403,10.);
#1271=VECTOR('',#5404,10.);
#1272=VECTOR('',#5409,10.);
#1273=VECTOR('',#5410,10.);
#1274=VECTOR('',#5413,10.);
#1275=VECTOR('',#5414,10.);
#1276=VECTOR('',#5415,10.);
#1277=VECTOR('',#5418,10.);
#1278=VECTOR('',#5419,10.);
#1279=VECTOR('',#5424,10.);
#1280=VECTOR('',#5427,10.);
#1281=VECTOR('',#5460,10.);
#1282=VECTOR('',#5463,10.);
#1283=VECTOR('',#5466,10.);
#1284=VECTOR('',#5471,10.);
#1285=VECTOR('',#5474,10.);
#1286=VECTOR('',#5477,10.);
#1287=VECTOR('',#5478,10.);
#1288=VECTOR('',#5481,10.);
#1289=VECTOR('',#5484,10.);
#1290=VECTOR('',#5487,10.);
#1291=VECTOR('',#5488,10.);
#1292=VECTOR('',#5495,10.);
#1293=VECTOR('',#5504,0.8115);
#1294=VECTOR('',#5509,0.8115);
#1295=VECTOR('',#5514,0.8115);
#1296=VECTOR('',#5519,0.8115);
#1297=VECTOR('',#5524,0.8115);
#1298=VECTOR('',#5529,0.8115);
#1299=VECTOR('',#5534,0.8115);
#1300=VECTOR('',#5539,10.);
#1301=VECTOR('',#5540,10.);
#1302=VECTOR('',#5541,10.);
#1303=VECTOR('',#5546,10.);
#1304=VECTOR('',#5549,10.);
#1305=VECTOR('',#5550,10.);
#1306=VECTOR('',#5553,10.);
#1307=VECTOR('',#5556,10.);
#1308=VECTOR('',#5559,10.);
#1309=VECTOR('',#5560,10.);
#1310=VECTOR('',#5561,10.);
#1311=VECTOR('',#5566,10.);
#1312=VECTOR('',#5569,10.);
#1313=VECTOR('',#5570,10.);
#1314=VECTOR('',#5573,10.);
#1315=VECTOR('',#5576,10.);
#1316=VECTOR('',#5579,10.);
#1317=VECTOR('',#5580,10.);
#1318=VECTOR('',#5581,10.);
#1319=VECTOR('',#5586,10.);
#1320=VECTOR('',#5589,10.);
#1321=VECTOR('',#5590,10.);
#1322=VECTOR('',#5593,10.);
#1323=VECTOR('',#5596,10.);
#1324=VECTOR('',#5599,10.);
#1325=VECTOR('',#5600,10.);
#1326=VECTOR('',#5601,10.);
#1327=VECTOR('',#5606,10.);
#1328=VECTOR('',#5609,10.);
#1329=VECTOR('',#5610,10.);
#1330=VECTOR('',#5613,10.);
#1331=VECTOR('',#5616,10.);
#1332=VECTOR('',#5619,10.);
#1333=VECTOR('',#5620,10.);
#1334=VECTOR('',#5621,10.);
#1335=VECTOR('',#5626,10.);
#1336=VECTOR('',#5629,10.);
#1337=VECTOR('',#5630,10.);
#1338=VECTOR('',#5635,10.);
#1339=VECTOR('',#5636,10.);
#1340=VECTOR('',#5639,10.);
#1341=VECTOR('',#5640,10.);
#1342=VECTOR('',#5641,10.);
#1343=VECTOR('',#5644,10.);
#1344=VECTOR('',#5645,10.);
#1345=VECTOR('',#5646,10.);
#1346=VECTOR('',#5655,10.);
#1347=VECTOR('',#5658,10.);
#1348=VECTOR('',#5661,10.);
#1349=VECTOR('',#5662,10.);
#1350=VECTOR('',#5663,10.);
#1351=VECTOR('',#5668,10.);
#1352=VECTOR('',#5671,10.);
#1353=VECTOR('',#5672,10.);
#1354=VECTOR('',#5675,10.);
#1355=VECTOR('',#5678,10.);
#1356=VECTOR('',#5681,10.);
#1357=VECTOR('',#5682,10.);
#1358=VECTOR('',#5683,10.);
#1359=VECTOR('',#5684,10.);
#1360=VECTOR('',#5689,10.);
#1361=VECTOR('',#5694,10.);
#1362=VECTOR('',#5695,10.);
#1363=VECTOR('',#5696,10.);
#1364=VECTOR('',#5701,10.);
#1365=VECTOR('',#5706,10.);
#1366=VECTOR('',#5707,10.);
#1367=VECTOR('',#5708,10.);
#1368=VECTOR('',#5713,10.);
#1369=VECTOR('',#5718,10.);
#1370=VECTOR('',#5719,10.);
#1371=VECTOR('',#5720,10.);
#1372=VECTOR('',#5731,10.);
#1373=VECTOR('',#5734,10.);
#1374=VECTOR('',#5737,10.);
#1375=VECTOR('',#5740,10.);
#1376=VECTOR('',#5743,10.);
#1377=VECTOR('',#5748,10.);
#1378=VECTOR('',#5751,10.);
#1379=VECTOR('',#5754,10.);
#1380=VECTOR('',#5759,10.);
#1381=VECTOR('',#5762,10.);
#1382=VECTOR('',#5765,10.);
#1383=VECTOR('',#5768,10.);
#1384=VECTOR('',#5771,10.);
#1385=VECTOR('',#5774,10.);
#1386=VECTOR('',#5777,10.);
#1387=VECTOR('',#5782,10.);
#1388=VECTOR('',#5785,10.);
#1389=VECTOR('',#5788,10.);
#1390=VECTOR('',#5791,10.);
#1391=VECTOR('',#5794,10.);
#1392=VECTOR('',#5797,10.);
#1393=VECTOR('',#5798,10.);
#1394=VECTOR('',#5801,10.);
#1395=VECTOR('',#5804,10.);
#1396=VECTOR('',#5807,10.);
#1397=VECTOR('',#5810,10.);
#1398=VECTOR('',#5813,10.);
#1399=VECTOR('',#5818,10.);
#1400=VECTOR('',#5821,10.);
#1401=VECTOR('',#5824,10.);
#1402=VECTOR('',#5827,10.);
#1403=VECTOR('',#5830,10.);
#1404=VECTOR('',#5833,10.);
#1405=VECTOR('',#5836,10.);
#1406=VECTOR('',#5841,10.);
#1407=VECTOR('',#5844,10.);
#1408=VECTOR('',#5847,10.);
#1409=VECTOR('',#5852,10.);
#1410=VECTOR('',#5855,10.);
#1411=VECTOR('',#5858,10.);
#1412=VECTOR('',#5861,10.);
#1413=VECTOR('',#5864,10.);
#1414=VECTOR('',#5869,10.);
#1415=VECTOR('',#5870,10.);
#1416=VECTOR('',#5873,10.);
#1417=VECTOR('',#5876,10.);
#1418=VECTOR('',#5879,10.);
#1419=VECTOR('',#5882,10.);
#1420=VECTOR('',#5885,10.);
#1421=VECTOR('',#5888,10.);
#1422=VECTOR('',#5891,10.);
#1423=VECTOR('',#5894,10.);
#1424=VECTOR('',#5897,10.);
#1425=VECTOR('',#5900,10.);
#1426=VECTOR('',#5903,10.);
#1427=VECTOR('',#5906,10.);
#1428=VECTOR('',#5909,10.);
#1429=VECTOR('',#5912,10.);
#1430=VECTOR('',#5915,10.);
#1431=VECTOR('',#5918,10.);
#1432=VECTOR('',#5921,10.);
#1433=VECTOR('',#5924,10.);
#1434=VECTOR('',#5927,10.);
#1435=VECTOR('',#5930,10.);
#1436=VECTOR('',#5933,10.);
#1437=VECTOR('',#5936,10.);
#1438=VECTOR('',#5939,10.);
#1439=VECTOR('',#5942,10.);
#1440=VECTOR('',#5945,10.);
#1441=VECTOR('',#5948,10.);
#1442=VECTOR('',#5951,10.);
#1443=VECTOR('',#5954,10.);
#1444=VECTOR('',#5957,10.);
#1445=VECTOR('',#5960,10.);
#1446=VECTOR('',#5963,10.);
#1447=VECTOR('',#5966,10.);
#1448=VECTOR('',#5969,10.);
#1449=VECTOR('',#5972,10.);
#1450=VECTOR('',#5975,10.);
#1451=VECTOR('',#5978,10.);
#1452=VECTOR('',#5981,10.);
#1453=VECTOR('',#5984,10.);
#1454=VECTOR('',#5987,10.);
#1455=VECTOR('',#5990,10.);
#1456=VECTOR('',#5993,10.);
#1457=VECTOR('',#5996,10.);
#1458=VECTOR('',#5999,10.);
#1459=VECTOR('',#6004,10.);
#1460=VECTOR('',#6007,10.);
#1461=VECTOR('',#6010,10.);
#1462=VECTOR('',#6011,10.);
#1463=VECTOR('',#6016,10.);
#1464=VECTOR('',#6019,10.);
#1465=VECTOR('',#6020,10.);
#1466=VECTOR('',#6025,10.);
#1467=VECTOR('',#6028,10.);
#1468=VECTOR('',#6029,10.);
#1469=VECTOR('',#6034,10.);
#1470=VECTOR('',#6037,10.);
#1471=VECTOR('',#6038,10.);
#1472=VECTOR('',#6043,10.);
#1473=VECTOR('',#6046,10.);
#1474=VECTOR('',#6047,10.);
#1475=VECTOR('',#6052,10.);
#1476=VECTOR('',#6057,10.);
#1477=VECTOR('',#6060,10.);
#1478=VECTOR('',#6061,10.);
#1479=VECTOR('',#6066,10.);
#1480=VECTOR('',#6069,10.);
#1481=VECTOR('',#6070,10.);
#1482=VECTOR('',#6075,10.);
#1483=VECTOR('',#6078,10.);
#1484=VECTOR('',#6079,10.);
#1485=VECTOR('',#6084,10.);
#1486=VECTOR('',#6089,10.);
#1487=VECTOR('',#6092,10.);
#1488=VECTOR('',#6093,10.);
#1489=VECTOR('',#6098,10.);
#1490=VECTOR('',#6101,10.);
#1491=VECTOR('',#6102,10.);
#1492=VECTOR('',#6107,10.);
#1493=VECTOR('',#6110,10.);
#1494=VECTOR('',#6111,10.);
#1495=VECTOR('',#6116,10.);
#1496=VECTOR('',#6119,10.);
#1497=VECTOR('',#6120,10.);
#1498=VECTOR('',#6125,10.);
#1499=VECTOR('',#6128,10.);
#1500=VECTOR('',#6129,10.);
#1501=VECTOR('',#6134,10.);
#1502=VECTOR('',#6137,10.);
#1503=VECTOR('',#6138,10.);
#1504=VECTOR('',#6143,10.);
#1505=VECTOR('',#6146,10.);
#1506=VECTOR('',#6147,10.);
#1507=VECTOR('',#6152,10.);
#1508=VECTOR('',#6157,10.);
#1509=VECTOR('',#6160,10.);
#1510=VECTOR('',#6161,10.);
#1511=VECTOR('',#6166,10.);
#1512=VECTOR('',#6169,10.);
#1513=VECTOR('',#6170,10.);
#1514=VECTOR('',#6175,10.);
#1515=VECTOR('',#6178,10.);
#1516=VECTOR('',#6179,10.);
#1517=VECTOR('',#6184,10.);
#1518=VECTOR('',#6187,10.);
#1519=VECTOR('',#6188,10.);
#1520=VECTOR('',#6193,10.);
#1521=VECTOR('',#6196,10.);
#1522=VECTOR('',#6197,10.);
#1523=VECTOR('',#6202,10.);
#1524=VECTOR('',#6205,10.);
#1525=VECTOR('',#6208,10.);
#1526=VECTOR('',#6209,10.);
#1527=VECTOR('',#6214,10.);
#1528=VECTOR('',#6217,10.);
#1529=VECTOR('',#6218,10.);
#1530=VECTOR('',#6223,10.);
#1531=VECTOR('',#6226,10.);
#1532=VECTOR('',#6227,10.);
#1533=VECTOR('',#6232,10.);
#1534=VECTOR('',#6237,10.);
#1535=VECTOR('',#6240,10.);
#1536=VECTOR('',#6241,10.);
#1537=VECTOR('',#6246,10.);
#1538=VECTOR('',#6249,10.);
#1539=VECTOR('',#6250,10.);
#1540=VECTOR('',#6255,10.);
#1541=VECTOR('',#6258,10.);
#1542=VECTOR('',#6259,10.);
#1543=VECTOR('',#6264,10.);
#1544=VECTOR('',#6267,10.);
#1545=VECTOR('',#6268,10.);
#1546=VECTOR('',#6273,10.);
#1547=VECTOR('',#6276,10.);
#1548=VECTOR('',#6277,10.);
#1549=VECTOR('',#6282,10.);
#1550=VECTOR('',#6285,10.);
#1551=VECTOR('',#6286,10.);
#1552=VECTOR('',#6291,10.);
#1553=VECTOR('',#6294,10.);
#1554=VECTOR('',#6295,10.);
#1555=VECTOR('',#6300,10.);
#1556=CIRCLE('',#4493,0.750000000000002);
#1557=CIRCLE('',#4494,0.750000000000002);
#1558=CIRCLE('',#4497,3.3);
#1559=CIRCLE('',#4498,4.1);
#1560=CIRCLE('',#4501,3.3);
#1561=CIRCLE('',#4502,4.1);
#1562=CIRCLE('',#4505,3.29999999999998);
#1563=CIRCLE('',#4506,4.09999999999998);
#1564=CIRCLE('',#4508,2.7);
#1565=CIRCLE('',#4509,1.9);
#1566=CIRCLE('',#4512,3.29999999999998);
#1567=CIRCLE('',#4513,4.09999999999998);
#1568=CIRCLE('',#4516,2.7);
#1569=CIRCLE('',#4517,1.9);
#1570=CIRCLE('',#4520,2.7);
#1571=CIRCLE('',#4521,1.9);
#1572=CIRCLE('',#4524,3.3);
#1573=CIRCLE('',#4525,4.1);
#1574=CIRCLE('',#4528,2.70000000000001);
#1575=CIRCLE('',#4529,1.9);
#1576=CIRCLE('',#4532,3.3);
#1577=CIRCLE('',#4533,4.1);
#1578=CIRCLE('',#4536,3.30000000000003);
#1579=CIRCLE('',#4537,4.10000000000003);
#1580=CIRCLE('',#4540,3.29999999999998);
#1581=CIRCLE('',#4541,4.09999999999998);
#1582=CIRCLE('',#4544,2.7);
#1583=CIRCLE('',#4545,1.9);
#1584=CIRCLE('',#4548,3.29999999999998);
#1585=CIRCLE('',#4549,4.09999999999999);
#1586=CIRCLE('',#4552,2.70000000000001);
#1587=CIRCLE('',#4553,1.9);
#1588=CIRCLE('',#4555,3.3);
#1589=CIRCLE('',#4556,4.09999999999999);
#1590=CIRCLE('',#4559,2.7);
#1591=CIRCLE('',#4560,1.9);
#1592=CIRCLE('',#4563,3.30000000000002);
#1593=CIRCLE('',#4564,4.10000000000002);
#1594=CIRCLE('',#4567,3.29999999999997);
#1595=CIRCLE('',#4568,4.09999999999997);
#1596=CIRCLE('',#4571,2.7);
#1597=CIRCLE('',#4572,1.9);
#1598=CIRCLE('',#4575,3.29999999999997);
#1599=CIRCLE('',#4576,4.09999999999998);
#1600=CIRCLE('',#4579,2.70000000000001);
#1601=CIRCLE('',#4580,1.9);
#1602=CIRCLE('',#4583,3.3);
#1603=CIRCLE('',#4584,4.09999999999999);
#1604=CIRCLE('',#4586,2.70000000000001);
#1605=CIRCLE('',#4587,1.9);
#1606=CIRCLE('',#4589,4.09999999999998);
#1607=CIRCLE('',#4592,4.10000000000003);
#1608=CIRCLE('',#4595,4.1);
#1609=CIRCLE('',#4598,1.9);
#1610=CIRCLE('',#4601,4.1);
#1611=CIRCLE('',#4604,1.9);
#1612=CIRCLE('',#4607,1.9);
#1613=CIRCLE('',#4610,4.09999999999998);
#1614=CIRCLE('',#4613,1.9);
#1615=CIRCLE('',#4615,4.09999999999998);
#1616=CIRCLE('',#4618,4.1);
#1617=CIRCLE('',#4621,4.1);
#1618=CIRCLE('',#4625,2.25);
#1619=CIRCLE('',#4626,4.5);
#1620=CIRCLE('',#4627,1.49999999999998);
#1621=CIRCLE('',#4628,1.50000000000002);
#1622=CIRCLE('',#4629,4.5);
#1623=CIRCLE('',#4630,1.5);
#1624=CIRCLE('',#4631,4.5);
#1625=CIRCLE('',#4632,2.25);
#1626=CIRCLE('',#4633,4.5);
#1627=CIRCLE('',#4634,1.49999999999999);
#1628=CIRCLE('',#4635,1.50000000000003);
#1629=CIRCLE('',#4636,2.25);
#1630=CIRCLE('',#4637,4.5);
#1631=CIRCLE('',#4638,2.25);
#1632=CIRCLE('',#4639,4.5);
#1633=CIRCLE('',#4640,4.5);
#1634=CIRCLE('',#4641,2.25000000000001);
#1635=CIRCLE('',#4642,4.5);
#1636=CIRCLE('',#4643,1.49999999999999);
#1637=CIRCLE('',#4644,2.25);
#1638=CIRCLE('',#4645,2.25);
#1639=CIRCLE('',#4646,4.5);
#1640=CIRCLE('',#4647,1.49999999999999);
#1641=CIRCLE('',#4648,4.5);
#1642=CIRCLE('',#4650,0.8115);
#1643=CIRCLE('',#4652,0.8115);
#1644=CIRCLE('',#4654,0.8115);
#1645=CIRCLE('',#4656,0.8115);
#1646=CIRCLE('',#4658,0.8115);
#1647=CIRCLE('',#4660,0.8115);
#1648=CIRCLE('',#4662,0.8115);
#1649=CIRCLE('',#4664,3.);
#1650=CIRCLE('',#4672,3.);
#1651=CIRCLE('',#4674,3.);
#1652=CIRCLE('',#4675,3.);
#1653=CIRCLE('',#4681,0.8115);
#1654=CIRCLE('',#4683,0.8115);
#1655=CIRCLE('',#4685,0.8115);
#1656=CIRCLE('',#4687,0.8115);
#1657=CIRCLE('',#4689,0.8115);
#1658=CIRCLE('',#4691,0.8115);
#1659=CIRCLE('',#4693,0.8115);
#1660=CIRCLE('',#4696,2.25);
#1661=CIRCLE('',#4699,1.5);
#1662=CIRCLE('',#4702,2.25);
#1663=CIRCLE('',#4705,1.5);
#1664=CIRCLE('',#4708,2.25);
#1665=CIRCLE('',#4711,1.5);
#1666=CIRCLE('',#4714,2.25);
#1667=CIRCLE('',#4717,1.5);
#1668=CIRCLE('',#4720,2.25);
#1669=CIRCLE('',#4723,1.49999999999999);
#1670=CIRCLE('',#4727,2.25000000000001);
#1671=CIRCLE('',#4729,4.5);
#1672=CIRCLE('',#4730,1.49999999999998);
#1673=CIRCLE('',#4733,2.25);
#1674=CIRCLE('',#4736,1.49999999999999);
#1675=CIRCLE('',#4739,1.38);
#1676=CIRCLE('',#4740,1.38);
#1677=CIRCLE('',#4743,1.38000000000001);
#1678=CIRCLE('',#4744,1.38000000000001);
#1679=CIRCLE('',#4747,1.38);
#1680=CIRCLE('',#4748,1.38);
#1681=CIRCLE('',#4751,1.37999999999999);
#1682=CIRCLE('',#4752,1.37999999999999);
#1683=CIRCLE('',#4754,2.9);
#1684=CIRCLE('',#4755,3.1);
#1685=CIRCLE('',#4756,2.9);
#1686=CIRCLE('',#4757,2.9);
#1687=CIRCLE('',#4758,3.09999999999998);
#1688=CIRCLE('',#4759,2.9);
#1689=CIRCLE('',#4760,3.09999999999998);
#1690=CIRCLE('',#4761,3.1);
#1691=CIRCLE('',#4762,3.1);
#1692=CIRCLE('',#4763,2.9);
#1693=CIRCLE('',#4764,3.1);
#1694=CIRCLE('',#4765,2.9);
#1695=CIRCLE('',#4766,3.09999999999999);
#1696=CIRCLE('',#4767,2.9);
#1697=CIRCLE('',#4768,3.09999999999998);
#1698=CIRCLE('',#4769,3.10000000000002);
#1699=CIRCLE('',#4770,2.9);
#1700=CIRCLE('',#4771,3.09999999999999);
#1701=CIRCLE('',#4772,2.9);
#1702=CIRCLE('',#4773,3.09999999999999);
#1703=CIRCLE('',#4774,2.9);
#1704=CIRCLE('',#4775,3.09999999999999);
#1705=CIRCLE('',#4776,3.10000000000003);
#1706=CIRCLE('',#4777,3.1);
#1707=CIRCLE('',#4778,1.5);
#1708=CIRCLE('',#4779,1.50000000000003);
#1709=CIRCLE('',#4780,1.49999999999999);
#1710=CIRCLE('',#4781,4.5);
#1711=CIRCLE('',#4782,1.49999999999999);
#1712=CIRCLE('',#4783,4.5);
#1713=CIRCLE('',#4784,1.5);
#1714=CIRCLE('',#4785,4.5);
#1715=CIRCLE('',#4786,1.50000000000002);
#1716=CIRCLE('',#4787,1.49999999999998);
#1717=CIRCLE('',#4788,4.5);
#1718=CIRCLE('',#4789,1.49999999999999);
#1719=CIRCLE('',#4790,4.5);
#1720=CIRCLE('',#4791,1.49999999999999);
#1721=CIRCLE('',#4792,4.5);
#1722=CIRCLE('',#4793,1.5);
#1723=CIRCLE('',#4794,1.5);
#1724=CIRCLE('',#4795,1.49999999999999);
#1725=CIRCLE('',#4796,4.5);
#1726=CIRCLE('',#4797,1.49999999999998);
#1727=CIRCLE('',#4798,4.5);
#1728=CIRCLE('',#4799,4.5);
#1729=CIRCLE('',#4800,1.5);
#1730=CIRCLE('',#4801,4.5);
#1731=CIRCLE('',#4848,2.9);
#1732=CIRCLE('',#4851,3.1);
#1733=CIRCLE('',#4854,2.9);
#1734=CIRCLE('',#4857,2.9);
#1735=CIRCLE('',#4860,3.09999999999998);
#1736=CIRCLE('',#4863,2.9);
#1737=CIRCLE('',#4865,3.09999999999998);
#1738=CIRCLE('',#4868,3.1);
#1739=CIRCLE('',#4871,3.1);
#1740=CIRCLE('',#4874,2.9);
#1741=CIRCLE('',#4876,3.1);
#1742=CIRCLE('',#4879,2.9);
#1743=CIRCLE('',#4882,3.09999999999999);
#1744=CIRCLE('',#4885,2.9);
#1745=CIRCLE('',#4888,3.09999999999998);
#1746=CIRCLE('',#4891,3.10000000000002);
#1747=CIRCLE('',#4894,2.9);
#1748=CIRCLE('',#4897,3.09999999999999);
#1749=CIRCLE('',#4899,2.9);
#1750=CIRCLE('',#4902,3.09999999999999);
#1751=CIRCLE('',#4905,2.9);
#1752=CIRCLE('',#4908,3.09999999999999);
#1753=CIRCLE('',#4911,3.10000000000003);
#1754=CIRCLE('',#4914,3.1);
#1755=CIRCLE('',#4918,1.9);
#1756=CIRCLE('',#4921,4.09999999999999);
#1757=CIRCLE('',#4924,1.9);
#1758=CIRCLE('',#4926,4.09999999999999);
#1759=CIRCLE('',#4929,1.9);
#1760=CIRCLE('',#4932,4.10000000000002);
#1761=CIRCLE('',#4935,4.09999999999997);
#1762=CIRCLE('',#4938,1.9);
#1763=CIRCLE('',#4941,4.09999999999998);
#1764=CIRCLE('',#4944,1.9);
#1765=CIRCLE('',#4947,4.09999999999999);
#1766=CIRCLE('',#4949,1.9);
#1767=VERTEX_POINT('',#6309);
#1768=VERTEX_POINT('',#6311);
#1769=VERTEX_POINT('',#6315);
#1770=VERTEX_POINT('',#6316);
#1771=VERTEX_POINT('',#6318);
#1772=VERTEX_POINT('',#6320);
#1773=VERTEX_POINT('',#6324);
#1774=VERTEX_POINT('',#6325);
#1775=VERTEX_POINT('',#6330);
#1776=VERTEX_POINT('',#6331);
#1777=VERTEX_POINT('',#6336);
#1778=VERTEX_POINT('',#6337);
#1779=VERTEX_POINT('',#6342);
#1780=VERTEX_POINT('',#6343);
#1781=VERTEX_POINT('',#6348);
#1782=VERTEX_POINT('',#6349);
#1783=VERTEX_POINT('',#6354);
#1784=VERTEX_POINT('',#6355);
#1785=VERTEX_POINT('',#6360);
#1786=VERTEX_POINT('',#6361);
#1787=VERTEX_POINT('',#6366);
#1788=VERTEX_POINT('',#6367);
#1789=VERTEX_POINT('',#6372);
#1790=VERTEX_POINT('',#6373);
#1791=VERTEX_POINT('',#6378);
#1792=VERTEX_POINT('',#6379);
#1793=VERTEX_POINT('',#6384);
#1794=VERTEX_POINT('',#6385);
#1795=VERTEX_POINT('',#6390);
#1796=VERTEX_POINT('',#6391);
#1797=VERTEX_POINT('',#6396);
#1798=VERTEX_POINT('',#6397);
#1799=VERTEX_POINT('',#6402);
#1800=VERTEX_POINT('',#6403);
#1801=VERTEX_POINT('',#6408);
#1802=VERTEX_POINT('',#6409);
#1803=VERTEX_POINT('',#6414);
#1804=VERTEX_POINT('',#6415);
#1805=VERTEX_POINT('',#6420);
#1806=VERTEX_POINT('',#6421);
#1807=VERTEX_POINT('',#6426);
#1808=VERTEX_POINT('',#6427);
#1809=VERTEX_POINT('',#6432);
#1810=VERTEX_POINT('',#6433);
#1811=VERTEX_POINT('',#6438);
#1812=VERTEX_POINT('',#6439);
#1813=VERTEX_POINT('',#6444);
#1814=VERTEX_POINT('',#6445);
#1815=VERTEX_POINT('',#6450);
#1816=VERTEX_POINT('',#6451);
#1817=VERTEX_POINT('',#6456);
#1818=VERTEX_POINT('',#6457);
#1819=VERTEX_POINT('',#6462);
#1820=VERTEX_POINT('',#6463);
#1821=VERTEX_POINT('',#6468);
#1822=VERTEX_POINT('',#6469);
#1823=VERTEX_POINT('',#6474);
#1824=VERTEX_POINT('',#6475);
#1825=VERTEX_POINT('',#6480);
#1826=VERTEX_POINT('',#6481);
#1827=VERTEX_POINT('',#6486);
#1828=VERTEX_POINT('',#6487);
#1829=VERTEX_POINT('',#6492);
#1830=VERTEX_POINT('',#6493);
#1831=VERTEX_POINT('',#6498);
#1832=VERTEX_POINT('',#6499);
#1833=VERTEX_POINT('',#6504);
#1834=VERTEX_POINT('',#6505);
#1835=VERTEX_POINT('',#6510);
#1836=VERTEX_POINT('',#6511);
#1837=VERTEX_POINT('',#6516);
#1838=VERTEX_POINT('',#6517);
#1839=VERTEX_POINT('',#6522);
#1840=VERTEX_POINT('',#6523);
#1841=VERTEX_POINT('',#6528);
#1842=VERTEX_POINT('',#6529);
#1843=VERTEX_POINT('',#6534);
#1844=VERTEX_POINT('',#6535);
#1845=VERTEX_POINT('',#6540);
#1846=VERTEX_POINT('',#6541);
#1847=VERTEX_POINT('',#6546);
#1848=VERTEX_POINT('',#6547);
#1849=VERTEX_POINT('',#6552);
#1850=VERTEX_POINT('',#6553);
#1851=VERTEX_POINT('',#6558);
#1852=VERTEX_POINT('',#6559);
#1853=VERTEX_POINT('',#6564);
#1854=VERTEX_POINT('',#6565);
#1855=VERTEX_POINT('',#6570);
#1856=VERTEX_POINT('',#6571);
#1857=VERTEX_POINT('',#6576);
#1858=VERTEX_POINT('',#6577);
#1859=VERTEX_POINT('',#6585);
#1860=VERTEX_POINT('',#6587);
#1861=VERTEX_POINT('',#6591);
#1862=VERTEX_POINT('',#6595);
#1863=VERTEX_POINT('',#6599);
#1864=VERTEX_POINT('',#6603);
#1865=VERTEX_POINT('',#6607);
#1866=VERTEX_POINT('',#6611);
#1867=VERTEX_POINT('',#6615);
#1868=VERTEX_POINT('',#6619);
#1869=VERTEX_POINT('',#6623);
#1870=VERTEX_POINT('',#6627);
#1871=VERTEX_POINT('',#6631);
#1872=VERTEX_POINT('',#6635);
#1873=VERTEX_POINT('',#6639);
#1874=VERTEX_POINT('',#6643);
#1875=VERTEX_POINT('',#6647);
#1876=VERTEX_POINT('',#6651);
#1877=VERTEX_POINT('',#6655);
#1878=VERTEX_POINT('',#6659);
#1879=VERTEX_POINT('',#6663);
#1880=VERTEX_POINT('',#6667);
#1881=VERTEX_POINT('',#6670);
#1882=VERTEX_POINT('',#6671);
#1883=VERTEX_POINT('',#6673);
#1884=VERTEX_POINT('',#6675);
#1885=VERTEX_POINT('',#6679);
#1886=VERTEX_POINT('',#6683);
#1887=VERTEX_POINT('',#6688);
#1888=VERTEX_POINT('',#6689);
#1889=VERTEX_POINT('',#6691);
#1890=VERTEX_POINT('',#6693);
#1891=VERTEX_POINT('',#6695);
#1892=VERTEX_POINT('',#6697);
#1893=VERTEX_POINT('',#6699);
#1894=VERTEX_POINT('',#6701);
#1895=VERTEX_POINT('',#6703);
#1896=VERTEX_POINT('',#6705);
#1897=VERTEX_POINT('',#6707);
#1898=VERTEX_POINT('',#6709);
#1899=VERTEX_POINT('',#6711);
#1900=VERTEX_POINT('',#6713);
#1901=VERTEX_POINT('',#6715);
#1902=VERTEX_POINT('',#6717);
#1903=VERTEX_POINT('',#6719);
#1904=VERTEX_POINT('',#6721);
#1905=VERTEX_POINT('',#6723);
#1906=VERTEX_POINT('',#6725);
#1907=VERTEX_POINT('',#6727);
#1908=VERTEX_POINT('',#6729);
#1909=VERTEX_POINT('',#6731);
#1910=VERTEX_POINT('',#6733);
#1911=VERTEX_POINT('',#6735);
#1912=VERTEX_POINT('',#6737);
#1913=VERTEX_POINT('',#6739);
#1914=VERTEX_POINT('',#6741);
#1915=VERTEX_POINT('',#6743);
#1916=VERTEX_POINT('',#6745);
#1917=VERTEX_POINT('',#6747);
#1918=VERTEX_POINT('',#6749);
#1919=VERTEX_POINT('',#6751);
#1920=VERTEX_POINT('',#6753);
#1921=VERTEX_POINT('',#6755);
#1922=VERTEX_POINT('',#6757);
#1923=VERTEX_POINT('',#6759);
#1924=VERTEX_POINT('',#6761);
#1925=VERTEX_POINT('',#6763);
#1926=VERTEX_POINT('',#6765);
#1927=VERTEX_POINT('',#6767);
#1928=VERTEX_POINT('',#6769);
#1929=VERTEX_POINT('',#6771);
#1930=VERTEX_POINT('',#6773);
#1931=VERTEX_POINT('',#6775);
#1932=VERTEX_POINT('',#6777);
#1933=VERTEX_POINT('',#6779);
#1934=VERTEX_POINT('',#6781);
#1935=VERTEX_POINT('',#6783);
#1936=VERTEX_POINT('',#6785);
#1937=VERTEX_POINT('',#6787);
#1938=VERTEX_POINT('',#6789);
#1939=VERTEX_POINT('',#6791);
#1940=VERTEX_POINT('',#6793);
#1941=VERTEX_POINT('',#6795);
#1942=VERTEX_POINT('',#6797);
#1943=VERTEX_POINT('',#6799);
#1944=VERTEX_POINT('',#6801);
#1945=VERTEX_POINT('',#6805);
#1946=VERTEX_POINT('',#6808);
#1947=VERTEX_POINT('',#6811);
#1948=VERTEX_POINT('',#6814);
#1949=VERTEX_POINT('',#6817);
#1950=VERTEX_POINT('',#6820);
#1951=VERTEX_POINT('',#6823);
#1952=VERTEX_POINT('',#6826);
#1953=VERTEX_POINT('',#6827);
#1954=VERTEX_POINT('',#6829);
#1955=VERTEX_POINT('',#6831);
#1956=VERTEX_POINT('',#6835);
#1957=VERTEX_POINT('',#6838);
#1958=VERTEX_POINT('',#6840);
#1959=VERTEX_POINT('',#6842);
#1960=VERTEX_POINT('',#6846);
#1961=VERTEX_POINT('',#6850);
#1962=VERTEX_POINT('',#6852);
#1963=VERTEX_POINT('',#6857);
#1964=VERTEX_POINT('',#6867);
#1965=VERTEX_POINT('',#6871);
#1966=VERTEX_POINT('',#6875);
#1967=VERTEX_POINT('',#6879);
#1968=VERTEX_POINT('',#6883);
#1969=VERTEX_POINT('',#6887);
#1970=VERTEX_POINT('',#6891);
#1971=VERTEX_POINT('',#6895);
#1972=VERTEX_POINT('',#6897);
#1973=VERTEX_POINT('',#6901);
#1974=VERTEX_POINT('',#6905);
#1975=VERTEX_POINT('',#6909);
#1976=VERTEX_POINT('',#6911);
#1977=VERTEX_POINT('',#6915);
#1978=VERTEX_POINT('',#6917);
#1979=VERTEX_POINT('',#6921);
#1980=VERTEX_POINT('',#6925);
#1981=VERTEX_POINT('',#6929);
#1982=VERTEX_POINT('',#6931);
#1983=VERTEX_POINT('',#6935);
#1984=VERTEX_POINT('',#6937);
#1985=VERTEX_POINT('',#6941);
#1986=VERTEX_POINT('',#6945);
#1987=VERTEX_POINT('',#6949);
#1988=VERTEX_POINT('',#6951);
#1989=VERTEX_POINT('',#6955);
#1990=VERTEX_POINT('',#6957);
#1991=VERTEX_POINT('',#6961);
#1992=VERTEX_POINT('',#6965);
#1993=VERTEX_POINT('',#6969);
#1994=VERTEX_POINT('',#6971);
#1995=VERTEX_POINT('',#6975);
#1996=VERTEX_POINT('',#6977);
#1997=VERTEX_POINT('',#6981);
#1998=VERTEX_POINT('',#6985);
#1999=VERTEX_POINT('',#6989);
#2000=VERTEX_POINT('',#6990);
#2001=VERTEX_POINT('',#6995);
#2002=VERTEX_POINT('',#6997);
#2003=VERTEX_POINT('',#7001);
#2004=VERTEX_POINT('',#7003);
#2005=VERTEX_POINT('',#7009);
#2006=VERTEX_POINT('',#7011);
#2007=VERTEX_POINT('',#7013);
#2008=VERTEX_POINT('',#7017);
#2009=VERTEX_POINT('',#7019);
#2010=VERTEX_POINT('',#7023);
#2011=VERTEX_POINT('',#7027);
#2012=VERTEX_POINT('',#7031);
#2013=VERTEX_POINT('',#7033);
#2014=VERTEX_POINT('',#7037);
#2015=VERTEX_POINT('',#7038);
#2016=VERTEX_POINT('',#7040);
#2017=VERTEX_POINT('',#7042);
#2018=VERTEX_POINT('',#7046);
#2019=VERTEX_POINT('',#7048);
#2020=VERTEX_POINT('',#7052);
#2021=VERTEX_POINT('',#7054);
#2022=VERTEX_POINT('',#7058);
#2023=VERTEX_POINT('',#7060);
#2024=VERTEX_POINT('',#7064);
#2025=VERTEX_POINT('',#7066);
#2026=VERTEX_POINT('',#7070);
#2027=VERTEX_POINT('',#7072);
#2028=VERTEX_POINT('',#7076);
#2029=VERTEX_POINT('',#7078);
#2030=VERTEX_POINT('',#7085);
#2031=VERTEX_POINT('',#7086);
#2032=VERTEX_POINT('',#7088);
#2033=VERTEX_POINT('',#7090);
#2034=VERTEX_POINT('',#7092);
#2035=VERTEX_POINT('',#7094);
#2036=VERTEX_POINT('',#7096);
#2037=VERTEX_POINT('',#7098);
#2038=VERTEX_POINT('',#7100);
#2039=VERTEX_POINT('',#7102);
#2040=VERTEX_POINT('',#7104);
#2041=VERTEX_POINT('',#7106);
#2042=VERTEX_POINT('',#7108);
#2043=VERTEX_POINT('',#7110);
#2044=VERTEX_POINT('',#7112);
#2045=VERTEX_POINT('',#7114);
#2046=VERTEX_POINT('',#7116);
#2047=VERTEX_POINT('',#7118);
#2048=VERTEX_POINT('',#7120);
#2049=VERTEX_POINT('',#7122);
#2050=VERTEX_POINT('',#7124);
#2051=VERTEX_POINT('',#7126);
#2052=VERTEX_POINT('',#7128);
#2053=VERTEX_POINT('',#7130);
#2054=VERTEX_POINT('',#7132);
#2055=VERTEX_POINT('',#7134);
#2056=VERTEX_POINT('',#7136);
#2057=VERTEX_POINT('',#7138);
#2058=VERTEX_POINT('',#7140);
#2059=VERTEX_POINT('',#7142);
#2060=VERTEX_POINT('',#7144);
#2061=VERTEX_POINT('',#7146);
#2062=VERTEX_POINT('',#7148);
#2063=VERTEX_POINT('',#7150);
#2064=VERTEX_POINT('',#7152);
#2065=VERTEX_POINT('',#7154);
#2066=VERTEX_POINT('',#7156);
#2067=VERTEX_POINT('',#7158);
#2068=VERTEX_POINT('',#7160);
#2069=VERTEX_POINT('',#7162);
#2070=VERTEX_POINT('',#7164);
#2071=VERTEX_POINT('',#7166);
#2072=VERTEX_POINT('',#7168);
#2073=VERTEX_POINT('',#7170);
#2074=VERTEX_POINT('',#7172);
#2075=VERTEX_POINT('',#7175);
#2076=VERTEX_POINT('',#7176);
#2077=VERTEX_POINT('',#7178);
#2078=VERTEX_POINT('',#7180);
#2079=VERTEX_POINT('',#7182);
#2080=VERTEX_POINT('',#7184);
#2081=VERTEX_POINT('',#7186);
#2082=VERTEX_POINT('',#7188);
#2083=VERTEX_POINT('',#7190);
#2084=VERTEX_POINT('',#7192);
#2085=VERTEX_POINT('',#7194);
#2086=VERTEX_POINT('',#7196);
#2087=VERTEX_POINT('',#7198);
#2088=VERTEX_POINT('',#7200);
#2089=VERTEX_POINT('',#7202);
#2090=VERTEX_POINT('',#7204);
#2091=VERTEX_POINT('',#7206);
#2092=VERTEX_POINT('',#7208);
#2093=VERTEX_POINT('',#7210);
#2094=VERTEX_POINT('',#7212);
#2095=VERTEX_POINT('',#7214);
#2096=VERTEX_POINT('',#7216);
#2097=VERTEX_POINT('',#7218);
#2098=VERTEX_POINT('',#7220);
#2099=VERTEX_POINT('',#7222);
#2100=VERTEX_POINT('',#7224);
#2101=VERTEX_POINT('',#7226);
#2102=VERTEX_POINT('',#7228);
#2103=VERTEX_POINT('',#7230);
#2104=VERTEX_POINT('',#7232);
#2105=VERTEX_POINT('',#7234);
#2106=VERTEX_POINT('',#7236);
#2107=VERTEX_POINT('',#7238);
#2108=VERTEX_POINT('',#7240);
#2109=VERTEX_POINT('',#7242);
#2110=VERTEX_POINT('',#7244);
#2111=VERTEX_POINT('',#7246);
#2112=VERTEX_POINT('',#7248);
#2113=VERTEX_POINT('',#7250);
#2114=VERTEX_POINT('',#7252);
#2115=VERTEX_POINT('',#7254);
#2116=VERTEX_POINT('',#7256);
#2117=VERTEX_POINT('',#7258);
#2118=VERTEX_POINT('',#7260);
#2119=VERTEX_POINT('',#7262);
#2120=VERTEX_POINT('',#7356);
#2121=VERTEX_POINT('',#7358);
#2122=VERTEX_POINT('',#7362);
#2123=VERTEX_POINT('',#7366);
#2124=VERTEX_POINT('',#7370);
#2125=VERTEX_POINT('',#7374);
#2126=VERTEX_POINT('',#7378);
#2127=VERTEX_POINT('',#7382);
#2128=VERTEX_POINT('',#7386);
#2129=VERTEX_POINT('',#7390);
#2130=VERTEX_POINT('',#7394);
#2131=VERTEX_POINT('',#7398);
#2132=VERTEX_POINT('',#7402);
#2133=VERTEX_POINT('',#7406);
#2134=VERTEX_POINT('',#7410);
#2135=VERTEX_POINT('',#7414);
#2136=VERTEX_POINT('',#7418);
#2137=VERTEX_POINT('',#7422);
#2138=VERTEX_POINT('',#7426);
#2139=VERTEX_POINT('',#7430);
#2140=VERTEX_POINT('',#7434);
#2141=VERTEX_POINT('',#7438);
#2142=VERTEX_POINT('',#7442);
#2143=VERTEX_POINT('',#7446);
#2144=VERTEX_POINT('',#7450);
#2145=VERTEX_POINT('',#7454);
#2146=VERTEX_POINT('',#7458);
#2147=VERTEX_POINT('',#7462);
#2148=VERTEX_POINT('',#7466);
#2149=VERTEX_POINT('',#7470);
#2150=VERTEX_POINT('',#7474);
#2151=VERTEX_POINT('',#7478);
#2152=VERTEX_POINT('',#7482);
#2153=VERTEX_POINT('',#7486);
#2154=VERTEX_POINT('',#7490);
#2155=VERTEX_POINT('',#7494);
#2156=VERTEX_POINT('',#7498);
#2157=VERTEX_POINT('',#7502);
#2158=VERTEX_POINT('',#7506);
#2159=VERTEX_POINT('',#7510);
#2160=VERTEX_POINT('',#7514);
#2161=VERTEX_POINT('',#7518);
#2162=VERTEX_POINT('',#7522);
#2163=VERTEX_POINT('',#7526);
#2164=VERTEX_POINT('',#7530);
#2165=VERTEX_POINT('',#7536);
#2166=VERTEX_POINT('',#7540);
#2167=VERTEX_POINT('',#7544);
#2168=VERTEX_POINT('',#7548);
#2169=VERTEX_POINT('',#7552);
#2170=VERTEX_POINT('',#7556);
#2171=VERTEX_POINT('',#7560);
#2172=VERTEX_POINT('',#7564);
#2173=VERTEX_POINT('',#7568);
#2174=VERTEX_POINT('',#7572);
#2175=VERTEX_POINT('',#7576);
#2176=VERTEX_POINT('',#7580);
#2177=VERTEX_POINT('',#7584);
#2178=VERTEX_POINT('',#7588);
#2179=VERTEX_POINT('',#7592);
#2180=VERTEX_POINT('',#7596);
#2181=VERTEX_POINT('',#7600);
#2182=VERTEX_POINT('',#7604);
#2183=VERTEX_POINT('',#7608);
#2184=VERTEX_POINT('',#7612);
#2185=VERTEX_POINT('',#7616);
#2186=EDGE_CURVE('',#1767,#1767,#1556,.T.);
#2187=EDGE_CURVE('',#1767,#1768,#684,.T.);
#2188=EDGE_CURVE('',#1768,#1768,#1557,.T.);
#2189=EDGE_CURVE('',#1769,#1770,#685,.T.);
#2190=EDGE_CURVE('',#1770,#1771,#686,.T.);
#2191=EDGE_CURVE('',#1771,#1772,#687,.T.);
#2192=EDGE_CURVE('',#1772,#1769,#688,.T.);
#2193=EDGE_CURVE('',#1773,#1774,#689,.T.);
#2194=EDGE_CURVE('',#1774,#1770,#1558,.T.);
#2195=EDGE_CURVE('',#1769,#1773,#1559,.T.);
#2196=EDGE_CURVE('',#1775,#1776,#690,.T.);
#2197=EDGE_CURVE('',#1776,#1774,#691,.T.);
#2198=EDGE_CURVE('',#1773,#1775,#692,.T.);
#2199=EDGE_CURVE('',#1777,#1778,#693,.T.);
#2200=EDGE_CURVE('',#1778,#1776,#1560,.T.);
#2201=EDGE_CURVE('',#1775,#1777,#1561,.T.);
#2202=EDGE_CURVE('',#1779,#1780,#694,.T.);
#2203=EDGE_CURVE('',#1780,#1778,#695,.T.);
#2204=EDGE_CURVE('',#1777,#1779,#696,.T.);
#2205=EDGE_CURVE('',#1781,#1782,#697,.T.);
#2206=EDGE_CURVE('',#1782,#1780,#1562,.T.);
#2207=EDGE_CURVE('',#1779,#1781,#1563,.T.);
#2208=EDGE_CURVE('',#1783,#1784,#698,.T.);
#2209=EDGE_CURVE('',#1784,#1782,#1564,.T.);
#2210=EDGE_CURVE('',#1781,#1783,#1565,.T.);
#2211=EDGE_CURVE('',#1785,#1786,#699,.T.);
#2212=EDGE_CURVE('',#1786,#1784,#700,.T.);
#2213=EDGE_CURVE('',#1783,#1785,#701,.T.);
#2214=EDGE_CURVE('',#1787,#1788,#702,.T.);
#2215=EDGE_CURVE('',#1788,#1786,#1566,.T.);
#2216=EDGE_CURVE('',#1785,#1787,#1567,.T.);
#2217=EDGE_CURVE('',#1789,#1790,#703,.T.);
#2218=EDGE_CURVE('',#1790,#1788,#704,.T.);
#2219=EDGE_CURVE('',#1787,#1789,#705,.T.);
#2220=EDGE_CURVE('',#1791,#1792,#706,.T.);
#2221=EDGE_CURVE('',#1792,#1790,#1568,.T.);
#2222=EDGE_CURVE('',#1789,#1791,#1569,.T.);
#2223=EDGE_CURVE('',#1793,#1794,#707,.T.);
#2224=EDGE_CURVE('',#1794,#1792,#708,.T.);
#2225=EDGE_CURVE('',#1791,#1793,#709,.T.);
#2226=EDGE_CURVE('',#1795,#1796,#710,.T.);
#2227=EDGE_CURVE('',#1796,#1794,#1570,.T.);
#2228=EDGE_CURVE('',#1793,#1795,#1571,.T.);
#2229=EDGE_CURVE('',#1797,#1798,#711,.T.);
#2230=EDGE_CURVE('',#1798,#1796,#712,.T.);
#2231=EDGE_CURVE('',#1795,#1797,#713,.T.);
#2232=EDGE_CURVE('',#1799,#1800,#714,.T.);
#2233=EDGE_CURVE('',#1800,#1798,#1572,.T.);
#2234=EDGE_CURVE('',#1797,#1799,#1573,.T.);
#2235=EDGE_CURVE('',#1801,#1802,#715,.T.);
#2236=EDGE_CURVE('',#1802,#1800,#716,.T.);
#2237=EDGE_CURVE('',#1799,#1801,#717,.T.);
#2238=EDGE_CURVE('',#1803,#1804,#718,.T.);
#2239=EDGE_CURVE('',#1804,#1802,#1574,.T.);
#2240=EDGE_CURVE('',#1801,#1803,#1575,.T.);
#2241=EDGE_CURVE('',#1805,#1806,#719,.T.);
#2242=EDGE_CURVE('',#1806,#1804,#720,.T.);
#2243=EDGE_CURVE('',#1803,#1805,#721,.T.);
#2244=EDGE_CURVE('',#1807,#1808,#722,.T.);
#2245=EDGE_CURVE('',#1808,#1806,#1576,.T.);
#2246=EDGE_CURVE('',#1805,#1807,#1577,.T.);
#2247=EDGE_CURVE('',#1809,#1810,#723,.T.);
#2248=EDGE_CURVE('',#1810,#1808,#724,.T.);
#2249=EDGE_CURVE('',#1807,#1809,#725,.T.);
#2250=EDGE_CURVE('',#1811,#1812,#726,.T.);
#2251=EDGE_CURVE('',#1812,#1810,#1578,.T.);
#2252=EDGE_CURVE('',#1809,#1811,#1579,.T.);
#2253=EDGE_CURVE('',#1813,#1814,#727,.T.);
#2254=EDGE_CURVE('',#1814,#1812,#728,.T.);
#2255=EDGE_CURVE('',#1811,#1813,#729,.T.);
#2256=EDGE_CURVE('',#1815,#1816,#730,.T.);
#2257=EDGE_CURVE('',#1816,#1814,#1580,.T.);
#2258=EDGE_CURVE('',#1813,#1815,#1581,.T.);
#2259=EDGE_CURVE('',#1817,#1818,#731,.T.);
#2260=EDGE_CURVE('',#1818,#1816,#732,.T.);
#2261=EDGE_CURVE('',#1815,#1817,#733,.T.);
#2262=EDGE_CURVE('',#1819,#1820,#734,.T.);
#2263=EDGE_CURVE('',#1820,#1818,#1582,.T.);
#2264=EDGE_CURVE('',#1817,#1819,#1583,.T.);
#2265=EDGE_CURVE('',#1821,#1822,#735,.T.);
#2266=EDGE_CURVE('',#1822,#1820,#736,.T.);
#2267=EDGE_CURVE('',#1819,#1821,#737,.T.);
#2268=EDGE_CURVE('',#1823,#1824,#738,.T.);
#2269=EDGE_CURVE('',#1824,#1822,#1584,.T.);
#2270=EDGE_CURVE('',#1821,#1823,#1585,.T.);
#2271=EDGE_CURVE('',#1825,#1826,#739,.T.);
#2272=EDGE_CURVE('',#1826,#1824,#740,.T.);
#2273=EDGE_CURVE('',#1823,#1825,#741,.T.);
#2274=EDGE_CURVE('',#1827,#1828,#742,.T.);
#2275=EDGE_CURVE('',#1828,#1826,#1586,.T.);
#2276=EDGE_CURVE('',#1825,#1827,#1587,.T.);
#2277=EDGE_CURVE('',#1829,#1830,#743,.T.);
#2278=EDGE_CURVE('',#1830,#1828,#1588,.T.);
#2279=EDGE_CURVE('',#1827,#1829,#1589,.T.);
#2280=EDGE_CURVE('',#1831,#1832,#744,.T.);
#2281=EDGE_CURVE('',#1832,#1830,#745,.T.);
#2282=EDGE_CURVE('',#1829,#1831,#746,.T.);
#2283=EDGE_CURVE('',#1833,#1834,#747,.T.);
#2284=EDGE_CURVE('',#1834,#1832,#1590,.T.);
#2285=EDGE_CURVE('',#1831,#1833,#1591,.T.);
#2286=EDGE_CURVE('',#1835,#1836,#748,.T.);
#2287=EDGE_CURVE('',#1836,#1834,#749,.T.);
#2288=EDGE_CURVE('',#1833,#1835,#750,.T.);
#2289=EDGE_CURVE('',#1837,#1838,#751,.T.);
#2290=EDGE_CURVE('',#1838,#1836,#1592,.T.);
#2291=EDGE_CURVE('',#1835,#1837,#1593,.T.);
#2292=EDGE_CURVE('',#1839,#1840,#752,.T.);
#2293=EDGE_CURVE('',#1840,#1838,#753,.T.);
#2294=EDGE_CURVE('',#1837,#1839,#754,.T.);
#2295=EDGE_CURVE('',#1841,#1842,#755,.T.);
#2296=EDGE_CURVE('',#1842,#1840,#1594,.T.);
#2297=EDGE_CURVE('',#1839,#1841,#1595,.T.);
#2298=EDGE_CURVE('',#1843,#1844,#756,.T.);
#2299=EDGE_CURVE('',#1844,#1842,#757,.T.);
#2300=EDGE_CURVE('',#1841,#1843,#758,.T.);
#2301=EDGE_CURVE('',#1845,#1846,#759,.T.);
#2302=EDGE_CURVE('',#1846,#1844,#1596,.T.);
#2303=EDGE_CURVE('',#1843,#1845,#1597,.T.);
#2304=EDGE_CURVE('',#1847,#1848,#760,.T.);
#2305=EDGE_CURVE('',#1848,#1846,#761,.T.);
#2306=EDGE_CURVE('',#1845,#1847,#762,.T.);
#2307=EDGE_CURVE('',#1849,#1850,#763,.T.);
#2308=EDGE_CURVE('',#1850,#1848,#1598,.T.);
#2309=EDGE_CURVE('',#1847,#1849,#1599,.T.);
#2310=EDGE_CURVE('',#1851,#1852,#764,.T.);
#2311=EDGE_CURVE('',#1852,#1850,#765,.T.);
#2312=EDGE_CURVE('',#1849,#1851,#766,.T.);
#2313=EDGE_CURVE('',#1853,#1854,#767,.T.);
#2314=EDGE_CURVE('',#1854,#1852,#1600,.T.);
#2315=EDGE_CURVE('',#1851,#1853,#1601,.T.);
#2316=EDGE_CURVE('',#1855,#1856,#768,.T.);
#2317=EDGE_CURVE('',#1856,#1854,#769,.T.);
#2318=EDGE_CURVE('',#1853,#1855,#770,.T.);
#2319=EDGE_CURVE('',#1857,#1858,#771,.T.);
#2320=EDGE_CURVE('',#1858,#1856,#1602,.T.);
#2321=EDGE_CURVE('',#1855,#1857,#1603,.T.);
#2322=EDGE_CURVE('',#1771,#1858,#1604,.T.);
#2323=EDGE_CURVE('',#1857,#1772,#1605,.T.);
#2324=EDGE_CURVE('',#1859,#1813,#772,.T.);
#2325=EDGE_CURVE('',#1860,#1859,#1606,.T.);
#2326=EDGE_CURVE('',#1860,#1815,#773,.T.);
#2327=EDGE_CURVE('',#1861,#1811,#774,.T.);
#2328=EDGE_CURVE('',#1859,#1861,#775,.T.);
#2329=EDGE_CURVE('',#1862,#1809,#776,.T.);
#2330=EDGE_CURVE('',#1861,#1862,#1607,.T.);
#2331=EDGE_CURVE('',#1863,#1807,#777,.T.);
#2332=EDGE_CURVE('',#1862,#1863,#778,.T.);
#2333=EDGE_CURVE('',#1864,#1805,#779,.T.);
#2334=EDGE_CURVE('',#1863,#1864,#1608,.T.);
#2335=EDGE_CURVE('',#1803,#1865,#780,.T.);
#2336=EDGE_CURVE('',#1864,#1865,#781,.T.);
#2337=EDGE_CURVE('',#1866,#1801,#782,.T.);
#2338=EDGE_CURVE('',#1865,#1866,#1609,.T.);
#2339=EDGE_CURVE('',#1867,#1799,#783,.T.);
#2340=EDGE_CURVE('',#1866,#1867,#784,.T.);
#2341=EDGE_CURVE('',#1868,#1797,#785,.T.);
#2342=EDGE_CURVE('',#1867,#1868,#1610,.T.);
#2343=EDGE_CURVE('',#1869,#1795,#786,.T.);
#2344=EDGE_CURVE('',#1868,#1869,#787,.T.);
#2345=EDGE_CURVE('',#1870,#1793,#788,.T.);
#2346=EDGE_CURVE('',#1869,#1870,#1611,.T.);
#2347=EDGE_CURVE('',#1871,#1791,#789,.T.);
#2348=EDGE_CURVE('',#1870,#1871,#790,.T.);
#2349=EDGE_CURVE('',#1872,#1789,#791,.T.);
#2350=EDGE_CURVE('',#1871,#1872,#1612,.T.);
#2351=EDGE_CURVE('',#1873,#1787,#792,.T.);
#2352=EDGE_CURVE('',#1872,#1873,#793,.T.);
#2353=EDGE_CURVE('',#1874,#1785,#794,.T.);
#2354=EDGE_CURVE('',#1873,#1874,#1613,.T.);
#2355=EDGE_CURVE('',#1875,#1783,#795,.T.);
#2356=EDGE_CURVE('',#1874,#1875,#796,.T.);
#2357=EDGE_CURVE('',#1876,#1781,#797,.T.);
#2358=EDGE_CURVE('',#1875,#1876,#1614,.T.);
#2359=EDGE_CURVE('',#1877,#1779,#798,.T.);
#2360=EDGE_CURVE('',#1876,#1877,#1615,.T.);
#2361=EDGE_CURVE('',#1878,#1777,#799,.T.);
#2362=EDGE_CURVE('',#1877,#1878,#800,.T.);
#2363=EDGE_CURVE('',#1879,#1775,#801,.T.);
#2364=EDGE_CURVE('',#1878,#1879,#1616,.T.);
#2365=EDGE_CURVE('',#1880,#1773,#802,.T.);
#2366=EDGE_CURVE('',#1879,#1880,#803,.T.);
#2367=EDGE_CURVE('',#1881,#1882,#804,.T.);
#2368=EDGE_CURVE('',#1883,#1882,#805,.T.);
#2369=EDGE_CURVE('',#1883,#1884,#806,.T.);
#2370=EDGE_CURVE('',#1881,#1884,#807,.T.);
#2371=EDGE_CURVE('',#1885,#1769,#808,.T.);
#2372=EDGE_CURVE('',#1880,#1885,#1617,.T.);
#2373=EDGE_CURVE('',#1886,#1772,#809,.T.);
#2374=EDGE_CURVE('',#1885,#1886,#810,.T.);
#2375=EDGE_CURVE('',#1887,#1888,#811,.T.);
#2376=EDGE_CURVE('',#1888,#1889,#1618,.T.);
#2377=EDGE_CURVE('',#1889,#1890,#812,.T.);
#2378=EDGE_CURVE('',#1890,#1891,#813,.T.);
#2379=EDGE_CURVE('',#1891,#1892,#1619,.T.);
#2380=EDGE_CURVE('',#1892,#1893,#814,.T.);
#2381=EDGE_CURVE('',#1893,#1894,#1620,.T.);
#2382=EDGE_CURVE('',#1894,#1895,#815,.T.);
#2383=EDGE_CURVE('',#1895,#1896,#1621,.T.);
#2384=EDGE_CURVE('',#1896,#1897,#816,.T.);
#2385=EDGE_CURVE('',#1897,#1898,#1622,.T.);
#2386=EDGE_CURVE('',#1898,#1899,#817,.T.);
#2387=EDGE_CURVE('',#1899,#1900,#1623,.T.);
#2388=EDGE_CURVE('',#1900,#1901,#1624,.T.);
#2389=EDGE_CURVE('',#1901,#1902,#818,.T.);
#2390=EDGE_CURVE('',#1902,#1903,#819,.T.);
#2391=EDGE_CURVE('',#1903,#1904,#1625,.T.);
#2392=EDGE_CURVE('',#1904,#1905,#820,.T.);
#2393=EDGE_CURVE('',#1905,#1906,#821,.T.);
#2394=EDGE_CURVE('',#1906,#1907,#1626,.T.);
#2395=EDGE_CURVE('',#1907,#1908,#822,.T.);
#2396=EDGE_CURVE('',#1908,#1909,#1627,.T.);
#2397=EDGE_CURVE('',#1909,#1910,#823,.T.);
#2398=EDGE_CURVE('',#1910,#1911,#1628,.T.);
#2399=EDGE_CURVE('',#1911,#1912,#824,.T.);
#2400=EDGE_CURVE('',#1912,#1913,#825,.T.);
#2401=EDGE_CURVE('',#1913,#1914,#1629,.T.);
#2402=EDGE_CURVE('',#1914,#1915,#826,.T.);
#2403=EDGE_CURVE('',#1915,#1916,#827,.T.);
#2404=EDGE_CURVE('',#1916,#1917,#1630,.T.);
#2405=EDGE_CURVE('',#1917,#1918,#828,.T.);
#2406=EDGE_CURVE('',#1918,#1919,#829,.T.);
#2407=EDGE_CURVE('',#1919,#1920,#1631,.T.);
#2408=EDGE_CURVE('',#1920,#1921,#830,.T.);
#2409=EDGE_CURVE('',#1921,#1922,#831,.T.);
#2410=EDGE_CURVE('',#1922,#1923,#1632,.T.);
#2411=EDGE_CURVE('',#1923,#1924,#832,.T.);
#2412=EDGE_CURVE('',#1924,#1925,#1633,.T.);
#2413=EDGE_CURVE('',#1925,#1926,#833,.T.);
#2414=EDGE_CURVE('',#1926,#1927,#1634,.T.);
#2415=EDGE_CURVE('',#1927,#1928,#834,.T.);
#2416=EDGE_CURVE('',#1928,#1929,#835,.T.);
#2417=EDGE_CURVE('',#1929,#1930,#1635,.T.);
#2418=EDGE_CURVE('',#1930,#1931,#1636,.T.);
#2419=EDGE_CURVE('',#1931,#1932,#836,.T.);
#2420=EDGE_CURVE('',#1932,#1933,#837,.T.);
#2421=EDGE_CURVE('',#1933,#1934,#1637,.T.);
#2422=EDGE_CURVE('',#1934,#1935,#838,.T.);
#2423=EDGE_CURVE('',#1935,#1936,#839,.T.);
#2424=EDGE_CURVE('',#1936,#1937,#840,.T.);
#2425=EDGE_CURVE('',#1937,#1938,#1638,.T.);
#2426=EDGE_CURVE('',#1938,#1939,#841,.T.);
#2427=EDGE_CURVE('',#1939,#1940,#842,.T.);
#2428=EDGE_CURVE('',#1940,#1941,#1639,.T.);
#2429=EDGE_CURVE('',#1941,#1942,#1640,.T.);
#2430=EDGE_CURVE('',#1942,#1943,#843,.T.);
#2431=EDGE_CURVE('',#1943,#1944,#1641,.T.);
#2432=EDGE_CURVE('',#1944,#1887,#844,.T.);
#2433=EDGE_CURVE('',#1945,#1945,#1642,.T.);
#2434=EDGE_CURVE('',#1946,#1946,#1643,.T.);
#2435=EDGE_CURVE('',#1947,#1947,#1644,.T.);
#2436=EDGE_CURVE('',#1948,#1948,#1645,.T.);
#2437=EDGE_CURVE('',#1949,#1949,#1646,.T.);
#2438=EDGE_CURVE('',#1950,#1950,#1647,.T.);
#2439=EDGE_CURVE('',#1951,#1951,#1648,.T.);
#2440=EDGE_CURVE('',#1952,#1953,#1649,.T.);
#2441=EDGE_CURVE('',#1952,#1954,#845,.T.);
#2442=EDGE_CURVE('',#1955,#1954,#15,.T.);
#2443=EDGE_CURVE('',#1955,#1953,#846,.T.);
#2444=EDGE_CURVE('',#1954,#1956,#847,.T.);
#2445=EDGE_CURVE('',#1884,#1956,#16,.F.);
#2446=EDGE_CURVE('',#1957,#1883,#17,.F.);
#2447=EDGE_CURVE('',#1958,#1957,#848,.T.);
#2448=EDGE_CURVE('',#1958,#1959,#18,.T.);
#2449=EDGE_CURVE('',#1959,#1955,#849,.T.);
#2450=EDGE_CURVE('',#1960,#1952,#850,.T.);
#2451=EDGE_CURVE('',#1956,#1960,#851,.T.);
#2452=EDGE_CURVE('',#1958,#1961,#852,.T.);
#2453=EDGE_CURVE('',#1962,#1961,#1650,.T.);
#2454=EDGE_CURVE('',#1962,#1959,#853,.T.);
#2455=EDGE_CURVE('',#1953,#1962,#854,.T.);
#2456=EDGE_CURVE('',#1961,#1963,#855,.T.);
#2457=EDGE_CURVE('',#1882,#1963,#1651,.F.);
#2458=EDGE_CURVE('',#1960,#1881,#1652,.F.);
#2459=EDGE_CURVE('',#1963,#1957,#856,.T.);
#2460=EDGE_CURVE('',#1951,#1964,#857,.T.);
#2461=EDGE_CURVE('',#1964,#1964,#1653,.T.);
#2462=EDGE_CURVE('',#1950,#1965,#858,.T.);
#2463=EDGE_CURVE('',#1965,#1965,#1654,.T.);
#2464=EDGE_CURVE('',#1949,#1966,#859,.T.);
#2465=EDGE_CURVE('',#1966,#1966,#1655,.T.);
#2466=EDGE_CURVE('',#1948,#1967,#860,.T.);
#2467=EDGE_CURVE('',#1967,#1967,#1656,.T.);
#2468=EDGE_CURVE('',#1947,#1968,#861,.T.);
#2469=EDGE_CURVE('',#1968,#1968,#1657,.T.);
#2470=EDGE_CURVE('',#1946,#1969,#862,.T.);
#2471=EDGE_CURVE('',#1969,#1969,#1658,.T.);
#2472=EDGE_CURVE('',#1945,#1970,#863,.T.);
#2473=EDGE_CURVE('',#1970,#1970,#1659,.T.);
#2474=EDGE_CURVE('',#1971,#1932,#864,.T.);
#2475=EDGE_CURVE('',#1972,#1971,#865,.T.);
#2476=EDGE_CURVE('',#1972,#1933,#866,.T.);
#2477=EDGE_CURVE('',#1973,#1972,#1660,.T.);
#2478=EDGE_CURVE('',#1973,#1934,#867,.T.);
#2479=EDGE_CURVE('',#1974,#1973,#868,.T.);
#2480=EDGE_CURVE('',#1935,#1974,#869,.T.);
#2481=EDGE_CURVE('',#1975,#1971,#870,.T.);
#2482=EDGE_CURVE('',#1976,#1975,#1661,.T.);
#2483=EDGE_CURVE('',#1974,#1976,#871,.T.);
#2484=EDGE_CURVE('',#1977,#1912,#872,.T.);
#2485=EDGE_CURVE('',#1978,#1977,#873,.T.);
#2486=EDGE_CURVE('',#1978,#1913,#874,.T.);
#2487=EDGE_CURVE('',#1979,#1978,#1662,.T.);
#2488=EDGE_CURVE('',#1979,#1914,#875,.T.);
#2489=EDGE_CURVE('',#1980,#1979,#876,.T.);
#2490=EDGE_CURVE('',#1915,#1980,#877,.T.);
#2491=EDGE_CURVE('',#1981,#1977,#878,.T.);
#2492=EDGE_CURVE('',#1982,#1981,#1663,.T.);
#2493=EDGE_CURVE('',#1980,#1982,#879,.T.);
#2494=EDGE_CURVE('',#1983,#1918,#880,.T.);
#2495=EDGE_CURVE('',#1984,#1983,#881,.T.);
#2496=EDGE_CURVE('',#1984,#1919,#882,.T.);
#2497=EDGE_CURVE('',#1985,#1984,#1664,.T.);
#2498=EDGE_CURVE('',#1985,#1920,#883,.T.);
#2499=EDGE_CURVE('',#1986,#1985,#884,.T.);
#2500=EDGE_CURVE('',#1921,#1986,#885,.T.);
#2501=EDGE_CURVE('',#1987,#1983,#886,.T.);
#2502=EDGE_CURVE('',#1988,#1987,#1665,.T.);
#2503=EDGE_CURVE('',#1986,#1988,#887,.T.);
#2504=EDGE_CURVE('',#1989,#1936,#888,.T.);
#2505=EDGE_CURVE('',#1990,#1989,#889,.T.);
#2506=EDGE_CURVE('',#1990,#1937,#890,.T.);
#2507=EDGE_CURVE('',#1991,#1990,#1666,.T.);
#2508=EDGE_CURVE('',#1991,#1938,#891,.T.);
#2509=EDGE_CURVE('',#1992,#1991,#892,.T.);
#2510=EDGE_CURVE('',#1939,#1992,#893,.T.);
#2511=EDGE_CURVE('',#1993,#1989,#894,.T.);
#2512=EDGE_CURVE('',#1994,#1993,#1667,.T.);
#2513=EDGE_CURVE('',#1992,#1994,#895,.T.);
#2514=EDGE_CURVE('',#1995,#1902,#896,.T.);
#2515=EDGE_CURVE('',#1996,#1995,#897,.T.);
#2516=EDGE_CURVE('',#1996,#1903,#898,.T.);
#2517=EDGE_CURVE('',#1997,#1996,#1668,.T.);
#2518=EDGE_CURVE('',#1997,#1904,#899,.T.);
#2519=EDGE_CURVE('',#1998,#1997,#900,.T.);
#2520=EDGE_CURVE('',#1905,#1998,#901,.T.);
#2521=EDGE_CURVE('',#1999,#2000,#1669,.T.);
#2522=EDGE_CURVE('',#1998,#1999,#902,.T.);
#2523=EDGE_CURVE('',#2000,#1995,#903,.T.);
#2524=EDGE_CURVE('',#2001,#1927,#904,.T.);
#2525=EDGE_CURVE('',#2002,#2001,#905,.T.);
#2526=EDGE_CURVE('',#1928,#2002,#906,.T.);
#2527=EDGE_CURVE('',#2003,#1925,#907,.T.);
#2528=EDGE_CURVE('',#2004,#2003,#908,.T.);
#2529=EDGE_CURVE('',#1926,#2004,#909,.T.);
#2530=EDGE_CURVE('',#2001,#2004,#1670,.T.);
#2531=EDGE_CURVE('',#2005,#2003,#1671,.T.);
#2532=EDGE_CURVE('',#2006,#2005,#910,.T.);
#2533=EDGE_CURVE('',#2007,#2006,#1672,.T.);
#2534=EDGE_CURVE('',#2002,#2007,#911,.T.);
#2535=EDGE_CURVE('',#2008,#1887,#912,.T.);
#2536=EDGE_CURVE('',#2009,#2008,#913,.T.);
#2537=EDGE_CURVE('',#2009,#1888,#914,.T.);
#2538=EDGE_CURVE('',#2010,#2009,#1673,.T.);
#2539=EDGE_CURVE('',#2010,#1889,#915,.T.);
#2540=EDGE_CURVE('',#2011,#2010,#916,.T.);
#2541=EDGE_CURVE('',#1890,#2011,#917,.T.);
#2542=EDGE_CURVE('',#2012,#2008,#918,.T.);
#2543=EDGE_CURVE('',#2013,#2012,#1674,.T.);
#2544=EDGE_CURVE('',#2011,#2013,#919,.T.);
#2545=EDGE_CURVE('',#2014,#2015,#920,.T.);
#2546=EDGE_CURVE('',#2014,#2016,#921,.T.);
#2547=EDGE_CURVE('',#2017,#2016,#922,.T.);
#2548=EDGE_CURVE('',#2015,#2017,#923,.T.);
#2549=EDGE_CURVE('',#2018,#2014,#1675,.T.);
#2550=EDGE_CURVE('',#2018,#2019,#924,.T.);
#2551=EDGE_CURVE('',#2016,#2019,#1676,.T.);
#2552=EDGE_CURVE('',#2020,#2018,#925,.T.);
#2553=EDGE_CURVE('',#2020,#2021,#926,.T.);
#2554=EDGE_CURVE('',#2019,#2021,#927,.T.);
#2555=EDGE_CURVE('',#2022,#2020,#1677,.T.);
#2556=EDGE_CURVE('',#2022,#2023,#928,.T.);
#2557=EDGE_CURVE('',#2021,#2023,#1678,.T.);
#2558=EDGE_CURVE('',#2024,#2022,#929,.T.);
#2559=EDGE_CURVE('',#2024,#2025,#930,.T.);
#2560=EDGE_CURVE('',#2023,#2025,#931,.T.);
#2561=EDGE_CURVE('',#2026,#2024,#1679,.T.);
#2562=EDGE_CURVE('',#2026,#2027,#932,.T.);
#2563=EDGE_CURVE('',#2025,#2027,#1680,.T.);
#2564=EDGE_CURVE('',#2028,#2026,#933,.T.);
#2565=EDGE_CURVE('',#2028,#2029,#934,.T.);
#2566=EDGE_CURVE('',#2027,#2029,#935,.T.);
#2567=EDGE_CURVE('',#2015,#2028,#1681,.T.);
#2568=EDGE_CURVE('',#2029,#2017,#1682,.T.);
#2569=EDGE_CURVE('',#2030,#2031,#1683,.T.);
#2570=EDGE_CURVE('',#2031,#2032,#936,.T.);
#2571=EDGE_CURVE('',#2032,#2033,#1684,.T.);
#2572=EDGE_CURVE('',#2033,#2034,#937,.T.);
#2573=EDGE_CURVE('',#2034,#2035,#1685,.T.);
#2574=EDGE_CURVE('',#2035,#2036,#938,.T.);
#2575=EDGE_CURVE('',#2036,#2037,#1686,.T.);
#2576=EDGE_CURVE('',#2037,#2038,#939,.T.);
#2577=EDGE_CURVE('',#2038,#2039,#1687,.T.);
#2578=EDGE_CURVE('',#2039,#2040,#940,.T.);
#2579=EDGE_CURVE('',#2040,#2041,#1688,.T.);
#2580=EDGE_CURVE('',#2041,#2042,#1689,.T.);
#2581=EDGE_CURVE('',#2042,#2043,#941,.T.);
#2582=EDGE_CURVE('',#2043,#2044,#1690,.T.);
#2583=EDGE_CURVE('',#2044,#2045,#942,.T.);
#2584=EDGE_CURVE('',#2045,#2046,#1691,.T.);
#2585=EDGE_CURVE('',#2046,#2047,#943,.T.);
#2586=EDGE_CURVE('',#2047,#2048,#1692,.T.);
#2587=EDGE_CURVE('',#2048,#2049,#1693,.T.);
#2588=EDGE_CURVE('',#2049,#2050,#944,.T.);
#2589=EDGE_CURVE('',#2050,#2051,#1694,.T.);
#2590=EDGE_CURVE('',#2051,#2052,#945,.T.);
#2591=EDGE_CURVE('',#2052,#2053,#1695,.T.);
#2592=EDGE_CURVE('',#2053,#2054,#946,.T.);
#2593=EDGE_CURVE('',#2054,#2055,#1696,.T.);
#2594=EDGE_CURVE('',#2055,#2056,#947,.T.);
#2595=EDGE_CURVE('',#2056,#2057,#1697,.T.);
#2596=EDGE_CURVE('',#2057,#2058,#948,.T.);
#2597=EDGE_CURVE('',#2058,#2059,#1698,.T.);
#2598=EDGE_CURVE('',#2059,#2060,#949,.T.);
#2599=EDGE_CURVE('',#2060,#2061,#1699,.T.);
#2600=EDGE_CURVE('',#2061,#2062,#950,.T.);
#2601=EDGE_CURVE('',#2062,#2063,#1700,.T.);
#2602=EDGE_CURVE('',#2063,#2064,#1701,.T.);
#2603=EDGE_CURVE('',#2064,#2065,#951,.T.);
#2604=EDGE_CURVE('',#2065,#2066,#1702,.T.);
#2605=EDGE_CURVE('',#2066,#2067,#952,.T.);
#2606=EDGE_CURVE('',#2067,#2068,#1703,.T.);
#2607=EDGE_CURVE('',#2068,#2069,#953,.T.);
#2608=EDGE_CURVE('',#2069,#2070,#1704,.T.);
#2609=EDGE_CURVE('',#2070,#2071,#954,.T.);
#2610=EDGE_CURVE('',#2071,#2072,#1705,.T.);
#2611=EDGE_CURVE('',#2072,#2073,#955,.T.);
#2612=EDGE_CURVE('',#2073,#2074,#1706,.T.);
#2613=EDGE_CURVE('',#2074,#2030,#956,.T.);
#2614=EDGE_CURVE('',#2075,#2076,#957,.T.);
#2615=EDGE_CURVE('',#2077,#2075,#1707,.T.);
#2616=EDGE_CURVE('',#2078,#2077,#958,.T.);
#2617=EDGE_CURVE('',#2079,#2078,#1708,.T.);
#2618=EDGE_CURVE('',#2080,#2079,#959,.T.);
#2619=EDGE_CURVE('',#2081,#2080,#1709,.T.);
#2620=EDGE_CURVE('',#2082,#2081,#960,.T.);
#2621=EDGE_CURVE('',#2083,#2082,#1710,.T.);
#2622=EDGE_CURVE('',#2084,#2083,#961,.T.);
#2623=EDGE_CURVE('',#2085,#2084,#1711,.T.);
#2624=EDGE_CURVE('',#2086,#2085,#962,.T.);
#2625=EDGE_CURVE('',#2087,#2086,#1712,.T.);
#2626=EDGE_CURVE('',#2088,#2087,#1713,.T.);
#2627=EDGE_CURVE('',#2089,#2088,#963,.T.);
#2628=EDGE_CURVE('',#2090,#2089,#1714,.T.);
#2629=EDGE_CURVE('',#2091,#2090,#964,.T.);
#2630=EDGE_CURVE('',#2092,#2091,#1715,.T.);
#2631=EDGE_CURVE('',#2093,#2092,#965,.T.);
#2632=EDGE_CURVE('',#2094,#2093,#1716,.T.);
#2633=EDGE_CURVE('',#2095,#2094,#966,.T.);
#2634=EDGE_CURVE('',#2096,#2095,#1717,.T.);
#2635=EDGE_CURVE('',#2097,#2096,#967,.T.);
#2636=EDGE_CURVE('',#2098,#2097,#1718,.T.);
#2637=EDGE_CURVE('',#2099,#2098,#968,.T.);
#2638=EDGE_CURVE('',#2100,#2099,#1719,.T.);
#2639=EDGE_CURVE('',#2101,#2100,#969,.T.);
#2640=EDGE_CURVE('',#2102,#2101,#1720,.T.);
#2641=EDGE_CURVE('',#2103,#2102,#1721,.T.);
#2642=EDGE_CURVE('',#2104,#2103,#970,.T.);
#2643=EDGE_CURVE('',#2105,#2104,#1722,.T.);
#2644=EDGE_CURVE('',#2106,#2105,#971,.T.);
#2645=EDGE_CURVE('',#2107,#2106,#1723,.T.);
#2646=EDGE_CURVE('',#2108,#2107,#972,.T.);
#2647=EDGE_CURVE('',#2109,#2108,#1724,.T.);
#2648=EDGE_CURVE('',#2110,#2109,#1725,.T.);
#2649=EDGE_CURVE('',#2111,#2110,#973,.T.);
#2650=EDGE_CURVE('',#2112,#2111,#1726,.T.);
#2651=EDGE_CURVE('',#2113,#2112,#974,.T.);
#2652=EDGE_CURVE('',#2114,#2113,#1727,.T.);
#2653=EDGE_CURVE('',#2115,#2114,#975,.T.);
#2654=EDGE_CURVE('',#2116,#2115,#1728,.T.);
#2655=EDGE_CURVE('',#2117,#2116,#976,.T.);
#2656=EDGE_CURVE('',#2118,#2117,#1729,.T.);
#2657=EDGE_CURVE('',#2119,#2118,#977,.T.);
#2658=EDGE_CURVE('',#2076,#2119,#1730,.T.);
#2659=EDGE_CURVE('',#2077,#1981,#978,.T.);
#2660=EDGE_CURVE('',#2075,#1982,#979,.T.);
#2661=EDGE_CURVE('',#2078,#1911,#980,.T.);
#2662=EDGE_CURVE('',#2079,#1910,#981,.T.);
#2663=EDGE_CURVE('',#2080,#1909,#982,.T.);
#2664=EDGE_CURVE('',#2081,#1908,#983,.T.);
#2665=EDGE_CURVE('',#2082,#1907,#984,.T.);
#2666=EDGE_CURVE('',#2083,#1906,#985,.T.);
#2667=EDGE_CURVE('',#2084,#1999,#986,.T.);
#2668=EDGE_CURVE('',#2085,#2000,#987,.T.);
#2669=EDGE_CURVE('',#2086,#1901,#988,.T.);
#2670=EDGE_CURVE('',#2087,#1900,#989,.T.);
#2671=EDGE_CURVE('',#2088,#1899,#990,.T.);
#2672=EDGE_CURVE('',#2089,#1898,#991,.T.);
#2673=EDGE_CURVE('',#2090,#1897,#992,.T.);
#2674=EDGE_CURVE('',#2091,#1896,#993,.T.);
#2675=EDGE_CURVE('',#2092,#1895,#994,.T.);
#2676=EDGE_CURVE('',#2093,#1894,#995,.T.);
#2677=EDGE_CURVE('',#2094,#1893,#996,.T.);
#2678=EDGE_CURVE('',#2095,#1892,#997,.T.);
#2679=EDGE_CURVE('',#2096,#1891,#998,.T.);
#2680=EDGE_CURVE('',#2097,#2013,#999,.T.);
#2681=EDGE_CURVE('',#2098,#2012,#1000,.T.);
#2682=EDGE_CURVE('',#2099,#1944,#1001,.T.);
#2683=EDGE_CURVE('',#2100,#1943,#1002,.T.);
#2684=EDGE_CURVE('',#2101,#1942,#1003,.T.);
#2685=EDGE_CURVE('',#2102,#1941,#1004,.T.);
#2686=EDGE_CURVE('',#2103,#1940,#1005,.T.);
#2687=EDGE_CURVE('',#2104,#1994,#1006,.T.);
#2688=EDGE_CURVE('',#2105,#1993,#1007,.T.);
#2689=EDGE_CURVE('',#2106,#1976,#1008,.T.);
#2690=EDGE_CURVE('',#2107,#1975,#1009,.T.);
#2691=EDGE_CURVE('',#2108,#1931,#1010,.T.);
#2692=EDGE_CURVE('',#2109,#1930,#1011,.T.);
#2693=EDGE_CURVE('',#2110,#1929,#1012,.T.);
#2694=EDGE_CURVE('',#2111,#2007,#1013,.T.);
#2695=EDGE_CURVE('',#2112,#2006,#1014,.T.);
#2696=EDGE_CURVE('',#2113,#2005,#1015,.T.);
#2697=EDGE_CURVE('',#2114,#1924,#1016,.T.);
#2698=EDGE_CURVE('',#2115,#1923,#1017,.T.);
#2699=EDGE_CURVE('',#2116,#1922,#1018,.T.);
#2700=EDGE_CURVE('',#2117,#1988,#1019,.T.);
#2701=EDGE_CURVE('',#2118,#1987,#1020,.T.);
#2702=EDGE_CURVE('',#2119,#1917,#1021,.T.);
#2703=EDGE_CURVE('',#2076,#1916,#1022,.T.);
#2704=EDGE_CURVE('',#2030,#2120,#1023,.T.);
#2705=EDGE_CURVE('',#2121,#2120,#1731,.T.);
#2706=EDGE_CURVE('',#2031,#2121,#1024,.T.);
#2707=EDGE_CURVE('',#2122,#2121,#1025,.T.);
#2708=EDGE_CURVE('',#2032,#2122,#1026,.T.);
#2709=EDGE_CURVE('',#2123,#2122,#1732,.T.);
#2710=EDGE_CURVE('',#2033,#2123,#1027,.T.);
#2711=EDGE_CURVE('',#2124,#2123,#1028,.T.);
#2712=EDGE_CURVE('',#2034,#2124,#1029,.T.);
#2713=EDGE_CURVE('',#2125,#2124,#1733,.T.);
#2714=EDGE_CURVE('',#2035,#2125,#1030,.T.);
#2715=EDGE_CURVE('',#2126,#2125,#1031,.T.);
#2716=EDGE_CURVE('',#2036,#2126,#1032,.T.);
#2717=EDGE_CURVE('',#2127,#2126,#1734,.T.);
#2718=EDGE_CURVE('',#2037,#2127,#1033,.T.);
#2719=EDGE_CURVE('',#2128,#2127,#1034,.T.);
#2720=EDGE_CURVE('',#2038,#2128,#1035,.T.);
#2721=EDGE_CURVE('',#2129,#2128,#1735,.T.);
#2722=EDGE_CURVE('',#2039,#2129,#1036,.T.);
#2723=EDGE_CURVE('',#2130,#2129,#1037,.T.);
#2724=EDGE_CURVE('',#2040,#2130,#1038,.T.);
#2725=EDGE_CURVE('',#2131,#2130,#1736,.T.);
#2726=EDGE_CURVE('',#2041,#2131,#1039,.T.);
#2727=EDGE_CURVE('',#2132,#2131,#1737,.T.);
#2728=EDGE_CURVE('',#2042,#2132,#1040,.T.);
#2729=EDGE_CURVE('',#2133,#2132,#1041,.T.);
#2730=EDGE_CURVE('',#2043,#2133,#1042,.T.);
#2731=EDGE_CURVE('',#2134,#2133,#1738,.T.);
#2732=EDGE_CURVE('',#2044,#2134,#1043,.T.);
#2733=EDGE_CURVE('',#2135,#2134,#1044,.T.);
#2734=EDGE_CURVE('',#2045,#2135,#1045,.T.);
#2735=EDGE_CURVE('',#2136,#2135,#1739,.T.);
#2736=EDGE_CURVE('',#2046,#2136,#1046,.T.);
#2737=EDGE_CURVE('',#2137,#2136,#1047,.T.);
#2738=EDGE_CURVE('',#2047,#2137,#1048,.T.);
#2739=EDGE_CURVE('',#2138,#2137,#1740,.T.);
#2740=EDGE_CURVE('',#2048,#2138,#1049,.T.);
#2741=EDGE_CURVE('',#2139,#2138,#1741,.T.);
#2742=EDGE_CURVE('',#2049,#2139,#1050,.T.);
#2743=EDGE_CURVE('',#2140,#2139,#1051,.T.);
#2744=EDGE_CURVE('',#2050,#2140,#1052,.T.);
#2745=EDGE_CURVE('',#2141,#2140,#1742,.T.);
#2746=EDGE_CURVE('',#2051,#2141,#1053,.T.);
#2747=EDGE_CURVE('',#2142,#2141,#1054,.T.);
#2748=EDGE_CURVE('',#2052,#2142,#1055,.T.);
#2749=EDGE_CURVE('',#2143,#2142,#1743,.T.);
#2750=EDGE_CURVE('',#2053,#2143,#1056,.T.);
#2751=EDGE_CURVE('',#2144,#2143,#1057,.T.);
#2752=EDGE_CURVE('',#2054,#2144,#1058,.T.);
#2753=EDGE_CURVE('',#2145,#2144,#1744,.T.);
#2754=EDGE_CURVE('',#2055,#2145,#1059,.T.);
#2755=EDGE_CURVE('',#2146,#2145,#1060,.T.);
#2756=EDGE_CURVE('',#2056,#2146,#1061,.T.);
#2757=EDGE_CURVE('',#2147,#2146,#1745,.T.);
#2758=EDGE_CURVE('',#2057,#2147,#1062,.T.);
#2759=EDGE_CURVE('',#2148,#2147,#1063,.T.);
#2760=EDGE_CURVE('',#2058,#2148,#1064,.T.);
#2761=EDGE_CURVE('',#2149,#2148,#1746,.T.);
#2762=EDGE_CURVE('',#2059,#2149,#1065,.T.);
#2763=EDGE_CURVE('',#2150,#2149,#1066,.T.);
#2764=EDGE_CURVE('',#2060,#2150,#1067,.T.);
#2765=EDGE_CURVE('',#2151,#2150,#1747,.T.);
#2766=EDGE_CURVE('',#2061,#2151,#1068,.T.);
#2767=EDGE_CURVE('',#2152,#2151,#1069,.T.);
#2768=EDGE_CURVE('',#2062,#2152,#1070,.T.);
#2769=EDGE_CURVE('',#2153,#2152,#1748,.T.);
#2770=EDGE_CURVE('',#2063,#2153,#1071,.T.);
#2771=EDGE_CURVE('',#2154,#2153,#1749,.T.);
#2772=EDGE_CURVE('',#2064,#2154,#1072,.T.);
#2773=EDGE_CURVE('',#2155,#2154,#1073,.T.);
#2774=EDGE_CURVE('',#2065,#2155,#1074,.T.);
#2775=EDGE_CURVE('',#2156,#2155,#1750,.T.);
#2776=EDGE_CURVE('',#2066,#2156,#1075,.T.);
#2777=EDGE_CURVE('',#2157,#2156,#1076,.T.);
#2778=EDGE_CURVE('',#2067,#2157,#1077,.T.);
#2779=EDGE_CURVE('',#2158,#2157,#1751,.T.);
#2780=EDGE_CURVE('',#2068,#2158,#1078,.T.);
#2781=EDGE_CURVE('',#2159,#2158,#1079,.T.);
#2782=EDGE_CURVE('',#2069,#2159,#1080,.T.);
#2783=EDGE_CURVE('',#2160,#2159,#1752,.T.);
#2784=EDGE_CURVE('',#2070,#2160,#1081,.T.);
#2785=EDGE_CURVE('',#2161,#2160,#1082,.T.);
#2786=EDGE_CURVE('',#2071,#2161,#1083,.T.);
#2787=EDGE_CURVE('',#2162,#2161,#1753,.T.);
#2788=EDGE_CURVE('',#2072,#2162,#1084,.T.);
#2789=EDGE_CURVE('',#2163,#2162,#1085,.T.);
#2790=EDGE_CURVE('',#2073,#2163,#1086,.T.);
#2791=EDGE_CURVE('',#2164,#2163,#1754,.T.);
#2792=EDGE_CURVE('',#2074,#2164,#1087,.T.);
#2793=EDGE_CURVE('',#2120,#2164,#1088,.T.);
#2794=EDGE_CURVE('',#2165,#1860,#1089,.T.);
#2795=EDGE_CURVE('',#2165,#1817,#1090,.T.);
#2796=EDGE_CURVE('',#2166,#2165,#1755,.T.);
#2797=EDGE_CURVE('',#2166,#1819,#1091,.T.);
#2798=EDGE_CURVE('',#2167,#2166,#1092,.T.);
#2799=EDGE_CURVE('',#2167,#1821,#1093,.T.);
#2800=EDGE_CURVE('',#2168,#2167,#1756,.T.);
#2801=EDGE_CURVE('',#2168,#1823,#1094,.T.);
#2802=EDGE_CURVE('',#2169,#2168,#1095,.T.);
#2803=EDGE_CURVE('',#2169,#1825,#1096,.T.);
#2804=EDGE_CURVE('',#2170,#2169,#1757,.T.);
#2805=EDGE_CURVE('',#2170,#1827,#1097,.T.);
#2806=EDGE_CURVE('',#2171,#2170,#1758,.T.);
#2807=EDGE_CURVE('',#2171,#1829,#1098,.T.);
#2808=EDGE_CURVE('',#2172,#2171,#1099,.T.);
#2809=EDGE_CURVE('',#2172,#1831,#1100,.T.);
#2810=EDGE_CURVE('',#2173,#2172,#1759,.T.);
#2811=EDGE_CURVE('',#2173,#1833,#1101,.T.);
#2812=EDGE_CURVE('',#2174,#2173,#1102,.T.);
#2813=EDGE_CURVE('',#2174,#1835,#1103,.T.);
#2814=EDGE_CURVE('',#2175,#2174,#1760,.T.);
#2815=EDGE_CURVE('',#2175,#1837,#1104,.T.);
#2816=EDGE_CURVE('',#2176,#2175,#1105,.T.);
#2817=EDGE_CURVE('',#2176,#1839,#1106,.T.);
#2818=EDGE_CURVE('',#2177,#2176,#1761,.T.);
#2819=EDGE_CURVE('',#2177,#1841,#1107,.T.);
#2820=EDGE_CURVE('',#2178,#2177,#1108,.T.);
#2821=EDGE_CURVE('',#2178,#1843,#1109,.T.);
#2822=EDGE_CURVE('',#2179,#2178,#1762,.T.);
#2823=EDGE_CURVE('',#2179,#1845,#1110,.T.);
#2824=EDGE_CURVE('',#2180,#2179,#1111,.T.);
#2825=EDGE_CURVE('',#2180,#1847,#1112,.T.);
#2826=EDGE_CURVE('',#2181,#2180,#1763,.T.);
#2827=EDGE_CURVE('',#2181,#1849,#1113,.T.);
#2828=EDGE_CURVE('',#2182,#2181,#1114,.T.);
#2829=EDGE_CURVE('',#2182,#1851,#1115,.T.);
#2830=EDGE_CURVE('',#2183,#2182,#1764,.T.);
#2831=EDGE_CURVE('',#2183,#1853,#1116,.T.);
#2832=EDGE_CURVE('',#2184,#2183,#1117,.T.);
#2833=EDGE_CURVE('',#2184,#1855,#1118,.T.);
#2834=EDGE_CURVE('',#2185,#2184,#1765,.T.);
#2835=EDGE_CURVE('',#2185,#1857,#1119,.T.);
#2836=EDGE_CURVE('',#1886,#2185,#1766,.T.);
#2837=ORIENTED_EDGE('',*,*,#2186,.F.);
#2838=ORIENTED_EDGE('',*,*,#2187,.T.);
#2839=ORIENTED_EDGE('',*,*,#2188,.F.);
#2840=ORIENTED_EDGE('',*,*,#2187,.F.);
#2841=ORIENTED_EDGE('',*,*,#2189,.T.);
#2842=ORIENTED_EDGE('',*,*,#2190,.T.);
#2843=ORIENTED_EDGE('',*,*,#2191,.T.);
#2844=ORIENTED_EDGE('',*,*,#2192,.T.);
#2845=ORIENTED_EDGE('',*,*,#2193,.T.);
#2846=ORIENTED_EDGE('',*,*,#2194,.T.);
#2847=ORIENTED_EDGE('',*,*,#2189,.F.);
#2848=ORIENTED_EDGE('',*,*,#2195,.T.);
#2849=ORIENTED_EDGE('',*,*,#2196,.T.);
#2850=ORIENTED_EDGE('',*,*,#2197,.T.);
#2851=ORIENTED_EDGE('',*,*,#2193,.F.);
#2852=ORIENTED_EDGE('',*,*,#2198,.T.);
#2853=ORIENTED_EDGE('',*,*,#2199,.T.);
#2854=ORIENTED_EDGE('',*,*,#2200,.T.);
#2855=ORIENTED_EDGE('',*,*,#2196,.F.);
#2856=ORIENTED_EDGE('',*,*,#2201,.T.);
#2857=ORIENTED_EDGE('',*,*,#2202,.T.);
#2858=ORIENTED_EDGE('',*,*,#2203,.T.);
#2859=ORIENTED_EDGE('',*,*,#2199,.F.);
#2860=ORIENTED_EDGE('',*,*,#2204,.T.);
#2861=ORIENTED_EDGE('',*,*,#2205,.T.);
#2862=ORIENTED_EDGE('',*,*,#2206,.T.);
#2863=ORIENTED_EDGE('',*,*,#2202,.F.);
#2864=ORIENTED_EDGE('',*,*,#2207,.T.);
#2865=ORIENTED_EDGE('',*,*,#2208,.T.);
#2866=ORIENTED_EDGE('',*,*,#2209,.T.);
#2867=ORIENTED_EDGE('',*,*,#2205,.F.);
#2868=ORIENTED_EDGE('',*,*,#2210,.T.);
#2869=ORIENTED_EDGE('',*,*,#2211,.T.);
#2870=ORIENTED_EDGE('',*,*,#2212,.T.);
#2871=ORIENTED_EDGE('',*,*,#2208,.F.);
#2872=ORIENTED_EDGE('',*,*,#2213,.T.);
#2873=ORIENTED_EDGE('',*,*,#2214,.T.);
#2874=ORIENTED_EDGE('',*,*,#2215,.T.);
#2875=ORIENTED_EDGE('',*,*,#2211,.F.);
#2876=ORIENTED_EDGE('',*,*,#2216,.T.);
#2877=ORIENTED_EDGE('',*,*,#2217,.T.);
#2878=ORIENTED_EDGE('',*,*,#2218,.T.);
#2879=ORIENTED_EDGE('',*,*,#2214,.F.);
#2880=ORIENTED_EDGE('',*,*,#2219,.T.);
#2881=ORIENTED_EDGE('',*,*,#2220,.T.);
#2882=ORIENTED_EDGE('',*,*,#2221,.T.);
#2883=ORIENTED_EDGE('',*,*,#2217,.F.);
#2884=ORIENTED_EDGE('',*,*,#2222,.T.);
#2885=ORIENTED_EDGE('',*,*,#2223,.T.);
#2886=ORIENTED_EDGE('',*,*,#2224,.T.);
#2887=ORIENTED_EDGE('',*,*,#2220,.F.);
#2888=ORIENTED_EDGE('',*,*,#2225,.T.);
#2889=ORIENTED_EDGE('',*,*,#2226,.T.);
#2890=ORIENTED_EDGE('',*,*,#2227,.T.);
#2891=ORIENTED_EDGE('',*,*,#2223,.F.);
#2892=ORIENTED_EDGE('',*,*,#2228,.T.);
#2893=ORIENTED_EDGE('',*,*,#2229,.T.);
#2894=ORIENTED_EDGE('',*,*,#2230,.T.);
#2895=ORIENTED_EDGE('',*,*,#2226,.F.);
#2896=ORIENTED_EDGE('',*,*,#2231,.T.);
#2897=ORIENTED_EDGE('',*,*,#2232,.T.);
#2898=ORIENTED_EDGE('',*,*,#2233,.T.);
#2899=ORIENTED_EDGE('',*,*,#2229,.F.);
#2900=ORIENTED_EDGE('',*,*,#2234,.T.);
#2901=ORIENTED_EDGE('',*,*,#2235,.T.);
#2902=ORIENTED_EDGE('',*,*,#2236,.T.);
#2903=ORIENTED_EDGE('',*,*,#2232,.F.);
#2904=ORIENTED_EDGE('',*,*,#2237,.T.);
#2905=ORIENTED_EDGE('',*,*,#2238,.T.);
#2906=ORIENTED_EDGE('',*,*,#2239,.T.);
#2907=ORIENTED_EDGE('',*,*,#2235,.F.);
#2908=ORIENTED_EDGE('',*,*,#2240,.T.);
#2909=ORIENTED_EDGE('',*,*,#2241,.T.);
#2910=ORIENTED_EDGE('',*,*,#2242,.T.);
#2911=ORIENTED_EDGE('',*,*,#2238,.F.);
#2912=ORIENTED_EDGE('',*,*,#2243,.T.);
#2913=ORIENTED_EDGE('',*,*,#2244,.T.);
#2914=ORIENTED_EDGE('',*,*,#2245,.T.);
#2915=ORIENTED_EDGE('',*,*,#2241,.F.);
#2916=ORIENTED_EDGE('',*,*,#2246,.T.);
#2917=ORIENTED_EDGE('',*,*,#2247,.T.);
#2918=ORIENTED_EDGE('',*,*,#2248,.T.);
#2919=ORIENTED_EDGE('',*,*,#2244,.F.);
#2920=ORIENTED_EDGE('',*,*,#2249,.T.);
#2921=ORIENTED_EDGE('',*,*,#2250,.T.);
#2922=ORIENTED_EDGE('',*,*,#2251,.T.);
#2923=ORIENTED_EDGE('',*,*,#2247,.F.);
#2924=ORIENTED_EDGE('',*,*,#2252,.T.);
#2925=ORIENTED_EDGE('',*,*,#2253,.T.);
#2926=ORIENTED_EDGE('',*,*,#2254,.T.);
#2927=ORIENTED_EDGE('',*,*,#2250,.F.);
#2928=ORIENTED_EDGE('',*,*,#2255,.T.);
#2929=ORIENTED_EDGE('',*,*,#2256,.T.);
#2930=ORIENTED_EDGE('',*,*,#2257,.T.);
#2931=ORIENTED_EDGE('',*,*,#2253,.F.);
#2932=ORIENTED_EDGE('',*,*,#2258,.T.);
#2933=ORIENTED_EDGE('',*,*,#2259,.T.);
#2934=ORIENTED_EDGE('',*,*,#2260,.T.);
#2935=ORIENTED_EDGE('',*,*,#2256,.F.);
#2936=ORIENTED_EDGE('',*,*,#2261,.T.);
#2937=ORIENTED_EDGE('',*,*,#2262,.T.);
#2938=ORIENTED_EDGE('',*,*,#2263,.T.);
#2939=ORIENTED_EDGE('',*,*,#2259,.F.);
#2940=ORIENTED_EDGE('',*,*,#2264,.T.);
#2941=ORIENTED_EDGE('',*,*,#2265,.T.);
#2942=ORIENTED_EDGE('',*,*,#2266,.T.);
#2943=ORIENTED_EDGE('',*,*,#2262,.F.);
#2944=ORIENTED_EDGE('',*,*,#2267,.T.);
#2945=ORIENTED_EDGE('',*,*,#2268,.T.);
#2946=ORIENTED_EDGE('',*,*,#2269,.T.);
#2947=ORIENTED_EDGE('',*,*,#2265,.F.);
#2948=ORIENTED_EDGE('',*,*,#2270,.T.);
#2949=ORIENTED_EDGE('',*,*,#2271,.T.);
#2950=ORIENTED_EDGE('',*,*,#2272,.T.);
#2951=ORIENTED_EDGE('',*,*,#2268,.F.);
#2952=ORIENTED_EDGE('',*,*,#2273,.T.);
#2953=ORIENTED_EDGE('',*,*,#2274,.T.);
#2954=ORIENTED_EDGE('',*,*,#2275,.T.);
#2955=ORIENTED_EDGE('',*,*,#2271,.F.);
#2956=ORIENTED_EDGE('',*,*,#2276,.T.);
#2957=ORIENTED_EDGE('',*,*,#2277,.T.);
#2958=ORIENTED_EDGE('',*,*,#2278,.T.);
#2959=ORIENTED_EDGE('',*,*,#2274,.F.);
#2960=ORIENTED_EDGE('',*,*,#2279,.T.);
#2961=ORIENTED_EDGE('',*,*,#2280,.T.);
#2962=ORIENTED_EDGE('',*,*,#2281,.T.);
#2963=ORIENTED_EDGE('',*,*,#2277,.F.);
#2964=ORIENTED_EDGE('',*,*,#2282,.T.);
#2965=ORIENTED_EDGE('',*,*,#2283,.T.);
#2966=ORIENTED_EDGE('',*,*,#2284,.T.);
#2967=ORIENTED_EDGE('',*,*,#2280,.F.);
#2968=ORIENTED_EDGE('',*,*,#2285,.T.);
#2969=ORIENTED_EDGE('',*,*,#2286,.T.);
#2970=ORIENTED_EDGE('',*,*,#2287,.T.);
#2971=ORIENTED_EDGE('',*,*,#2283,.F.);
#2972=ORIENTED_EDGE('',*,*,#2288,.T.);
#2973=ORIENTED_EDGE('',*,*,#2289,.T.);
#2974=ORIENTED_EDGE('',*,*,#2290,.T.);
#2975=ORIENTED_EDGE('',*,*,#2286,.F.);
#2976=ORIENTED_EDGE('',*,*,#2291,.T.);
#2977=ORIENTED_EDGE('',*,*,#2292,.T.);
#2978=ORIENTED_EDGE('',*,*,#2293,.T.);
#2979=ORIENTED_EDGE('',*,*,#2289,.F.);
#2980=ORIENTED_EDGE('',*,*,#2294,.T.);
#2981=ORIENTED_EDGE('',*,*,#2295,.T.);
#2982=ORIENTED_EDGE('',*,*,#2296,.T.);
#2983=ORIENTED_EDGE('',*,*,#2292,.F.);
#2984=ORIENTED_EDGE('',*,*,#2297,.T.);
#2985=ORIENTED_EDGE('',*,*,#2298,.T.);
#2986=ORIENTED_EDGE('',*,*,#2299,.T.);
#2987=ORIENTED_EDGE('',*,*,#2295,.F.);
#2988=ORIENTED_EDGE('',*,*,#2300,.T.);
#2989=ORIENTED_EDGE('',*,*,#2301,.T.);
#2990=ORIENTED_EDGE('',*,*,#2302,.T.);
#2991=ORIENTED_EDGE('',*,*,#2298,.F.);
#2992=ORIENTED_EDGE('',*,*,#2303,.T.);
#2993=ORIENTED_EDGE('',*,*,#2304,.T.);
#2994=ORIENTED_EDGE('',*,*,#2305,.T.);
#2995=ORIENTED_EDGE('',*,*,#2301,.F.);
#2996=ORIENTED_EDGE('',*,*,#2306,.T.);
#2997=ORIENTED_EDGE('',*,*,#2307,.T.);
#2998=ORIENTED_EDGE('',*,*,#2308,.T.);
#2999=ORIENTED_EDGE('',*,*,#2304,.F.);
#3000=ORIENTED_EDGE('',*,*,#2309,.T.);
#3001=ORIENTED_EDGE('',*,*,#2310,.T.);
#3002=ORIENTED_EDGE('',*,*,#2311,.T.);
#3003=ORIENTED_EDGE('',*,*,#2307,.F.);
#3004=ORIENTED_EDGE('',*,*,#2312,.T.);
#3005=ORIENTED_EDGE('',*,*,#2313,.T.);
#3006=ORIENTED_EDGE('',*,*,#2314,.T.);
#3007=ORIENTED_EDGE('',*,*,#2310,.F.);
#3008=ORIENTED_EDGE('',*,*,#2315,.T.);
#3009=ORIENTED_EDGE('',*,*,#2316,.T.);
#3010=ORIENTED_EDGE('',*,*,#2317,.T.);
#3011=ORIENTED_EDGE('',*,*,#2313,.F.);
#3012=ORIENTED_EDGE('',*,*,#2318,.T.);
#3013=ORIENTED_EDGE('',*,*,#2319,.T.);
#3014=ORIENTED_EDGE('',*,*,#2320,.T.);
#3015=ORIENTED_EDGE('',*,*,#2316,.F.);
#3016=ORIENTED_EDGE('',*,*,#2321,.T.);
#3017=ORIENTED_EDGE('',*,*,#2191,.F.);
#3018=ORIENTED_EDGE('',*,*,#2322,.T.);
#3019=ORIENTED_EDGE('',*,*,#2319,.F.);
#3020=ORIENTED_EDGE('',*,*,#2323,.T.);
#3021=ORIENTED_EDGE('',*,*,#2258,.F.);
#3022=ORIENTED_EDGE('',*,*,#2324,.F.);
#3023=ORIENTED_EDGE('',*,*,#2325,.F.);
#3024=ORIENTED_EDGE('',*,*,#2326,.T.);
#3025=ORIENTED_EDGE('',*,*,#2255,.F.);
#3026=ORIENTED_EDGE('',*,*,#2327,.F.);
#3027=ORIENTED_EDGE('',*,*,#2328,.F.);
#3028=ORIENTED_EDGE('',*,*,#2324,.T.);
#3029=ORIENTED_EDGE('',*,*,#2252,.F.);
#3030=ORIENTED_EDGE('',*,*,#2329,.F.);
#3031=ORIENTED_EDGE('',*,*,#2330,.F.);
#3032=ORIENTED_EDGE('',*,*,#2327,.T.);
#3033=ORIENTED_EDGE('',*,*,#2249,.F.);
#3034=ORIENTED_EDGE('',*,*,#2331,.F.);
#3035=ORIENTED_EDGE('',*,*,#2332,.F.);
#3036=ORIENTED_EDGE('',*,*,#2329,.T.);
#3037=ORIENTED_EDGE('',*,*,#2246,.F.);
#3038=ORIENTED_EDGE('',*,*,#2333,.F.);
#3039=ORIENTED_EDGE('',*,*,#2334,.F.);
#3040=ORIENTED_EDGE('',*,*,#2331,.T.);
#3041=ORIENTED_EDGE('',*,*,#2243,.F.);
#3042=ORIENTED_EDGE('',*,*,#2335,.T.);
#3043=ORIENTED_EDGE('',*,*,#2336,.F.);
#3044=ORIENTED_EDGE('',*,*,#2333,.T.);
#3045=ORIENTED_EDGE('',*,*,#2240,.F.);
#3046=ORIENTED_EDGE('',*,*,#2337,.F.);
#3047=ORIENTED_EDGE('',*,*,#2338,.F.);
#3048=ORIENTED_EDGE('',*,*,#2335,.F.);
#3049=ORIENTED_EDGE('',*,*,#2237,.F.);
#3050=ORIENTED_EDGE('',*,*,#2339,.F.);
#3051=ORIENTED_EDGE('',*,*,#2340,.F.);
#3052=ORIENTED_EDGE('',*,*,#2337,.T.);
#3053=ORIENTED_EDGE('',*,*,#2234,.F.);
#3054=ORIENTED_EDGE('',*,*,#2341,.F.);
#3055=ORIENTED_EDGE('',*,*,#2342,.F.);
#3056=ORIENTED_EDGE('',*,*,#2339,.T.);
#3057=ORIENTED_EDGE('',*,*,#2231,.F.);
#3058=ORIENTED_EDGE('',*,*,#2343,.F.);
#3059=ORIENTED_EDGE('',*,*,#2344,.F.);
#3060=ORIENTED_EDGE('',*,*,#2341,.T.);
#3061=ORIENTED_EDGE('',*,*,#2228,.F.);
#3062=ORIENTED_EDGE('',*,*,#2345,.F.);
#3063=ORIENTED_EDGE('',*,*,#2346,.F.);
#3064=ORIENTED_EDGE('',*,*,#2343,.T.);
#3065=ORIENTED_EDGE('',*,*,#2225,.F.);
#3066=ORIENTED_EDGE('',*,*,#2347,.F.);
#3067=ORIENTED_EDGE('',*,*,#2348,.F.);
#3068=ORIENTED_EDGE('',*,*,#2345,.T.);
#3069=ORIENTED_EDGE('',*,*,#2222,.F.);
#3070=ORIENTED_EDGE('',*,*,#2349,.F.);
#3071=ORIENTED_EDGE('',*,*,#2350,.F.);
#3072=ORIENTED_EDGE('',*,*,#2347,.T.);
#3073=ORIENTED_EDGE('',*,*,#2219,.F.);
#3074=ORIENTED_EDGE('',*,*,#2351,.F.);
#3075=ORIENTED_EDGE('',*,*,#2352,.F.);
#3076=ORIENTED_EDGE('',*,*,#2349,.T.);
#3077=ORIENTED_EDGE('',*,*,#2216,.F.);
#3078=ORIENTED_EDGE('',*,*,#2353,.F.);
#3079=ORIENTED_EDGE('',*,*,#2354,.F.);
#3080=ORIENTED_EDGE('',*,*,#2351,.T.);
#3081=ORIENTED_EDGE('',*,*,#2213,.F.);
#3082=ORIENTED_EDGE('',*,*,#2355,.F.);
#3083=ORIENTED_EDGE('',*,*,#2356,.F.);
#3084=ORIENTED_EDGE('',*,*,#2353,.T.);
#3085=ORIENTED_EDGE('',*,*,#2210,.F.);
#3086=ORIENTED_EDGE('',*,*,#2357,.F.);
#3087=ORIENTED_EDGE('',*,*,#2358,.F.);
#3088=ORIENTED_EDGE('',*,*,#2355,.T.);
#3089=ORIENTED_EDGE('',*,*,#2207,.F.);
#3090=ORIENTED_EDGE('',*,*,#2359,.F.);
#3091=ORIENTED_EDGE('',*,*,#2360,.F.);
#3092=ORIENTED_EDGE('',*,*,#2357,.T.);
#3093=ORIENTED_EDGE('',*,*,#2204,.F.);
#3094=ORIENTED_EDGE('',*,*,#2361,.F.);
#3095=ORIENTED_EDGE('',*,*,#2362,.F.);
#3096=ORIENTED_EDGE('',*,*,#2359,.T.);
#3097=ORIENTED_EDGE('',*,*,#2201,.F.);
#3098=ORIENTED_EDGE('',*,*,#2363,.F.);
#3099=ORIENTED_EDGE('',*,*,#2364,.F.);
#3100=ORIENTED_EDGE('',*,*,#2361,.T.);
#3101=ORIENTED_EDGE('',*,*,#2198,.F.);
#3102=ORIENTED_EDGE('',*,*,#2365,.F.);
#3103=ORIENTED_EDGE('',*,*,#2366,.F.);
#3104=ORIENTED_EDGE('',*,*,#2363,.T.);
#3105=ORIENTED_EDGE('',*,*,#2367,.T.);
#3106=ORIENTED_EDGE('',*,*,#2368,.F.);
#3107=ORIENTED_EDGE('',*,*,#2369,.T.);
#3108=ORIENTED_EDGE('',*,*,#2370,.F.);
#3109=ORIENTED_EDGE('',*,*,#2195,.F.);
#3110=ORIENTED_EDGE('',*,*,#2371,.F.);
#3111=ORIENTED_EDGE('',*,*,#2372,.F.);
#3112=ORIENTED_EDGE('',*,*,#2365,.T.);
#3113=ORIENTED_EDGE('',*,*,#2192,.F.);
#3114=ORIENTED_EDGE('',*,*,#2373,.F.);
#3115=ORIENTED_EDGE('',*,*,#2374,.F.);
#3116=ORIENTED_EDGE('',*,*,#2371,.T.);
#3117=ORIENTED_EDGE('',*,*,#2190,.F.);
#3118=ORIENTED_EDGE('',*,*,#2194,.F.);
#3119=ORIENTED_EDGE('',*,*,#2197,.F.);
#3120=ORIENTED_EDGE('',*,*,#2200,.F.);
#3121=ORIENTED_EDGE('',*,*,#2203,.F.);
#3122=ORIENTED_EDGE('',*,*,#2206,.F.);
#3123=ORIENTED_EDGE('',*,*,#2209,.F.);
#3124=ORIENTED_EDGE('',*,*,#2212,.F.);
#3125=ORIENTED_EDGE('',*,*,#2215,.F.);
#3126=ORIENTED_EDGE('',*,*,#2218,.F.);
#3127=ORIENTED_EDGE('',*,*,#2221,.F.);
#3128=ORIENTED_EDGE('',*,*,#2224,.F.);
#3129=ORIENTED_EDGE('',*,*,#2227,.F.);
#3130=ORIENTED_EDGE('',*,*,#2230,.F.);
#3131=ORIENTED_EDGE('',*,*,#2233,.F.);
#3132=ORIENTED_EDGE('',*,*,#2236,.F.);
#3133=ORIENTED_EDGE('',*,*,#2239,.F.);
#3134=ORIENTED_EDGE('',*,*,#2242,.F.);
#3135=ORIENTED_EDGE('',*,*,#2245,.F.);
#3136=ORIENTED_EDGE('',*,*,#2248,.F.);
#3137=ORIENTED_EDGE('',*,*,#2251,.F.);
#3138=ORIENTED_EDGE('',*,*,#2254,.F.);
#3139=ORIENTED_EDGE('',*,*,#2257,.F.);
#3140=ORIENTED_EDGE('',*,*,#2260,.F.);
#3141=ORIENTED_EDGE('',*,*,#2263,.F.);
#3142=ORIENTED_EDGE('',*,*,#2266,.F.);
#3143=ORIENTED_EDGE('',*,*,#2269,.F.);
#3144=ORIENTED_EDGE('',*,*,#2272,.F.);
#3145=ORIENTED_EDGE('',*,*,#2275,.F.);
#3146=ORIENTED_EDGE('',*,*,#2278,.F.);
#3147=ORIENTED_EDGE('',*,*,#2281,.F.);
#3148=ORIENTED_EDGE('',*,*,#2284,.F.);
#3149=ORIENTED_EDGE('',*,*,#2287,.F.);
#3150=ORIENTED_EDGE('',*,*,#2290,.F.);
#3151=ORIENTED_EDGE('',*,*,#2293,.F.);
#3152=ORIENTED_EDGE('',*,*,#2296,.F.);
#3153=ORIENTED_EDGE('',*,*,#2299,.F.);
#3154=ORIENTED_EDGE('',*,*,#2302,.F.);
#3155=ORIENTED_EDGE('',*,*,#2305,.F.);
#3156=ORIENTED_EDGE('',*,*,#2308,.F.);
#3157=ORIENTED_EDGE('',*,*,#2311,.F.);
#3158=ORIENTED_EDGE('',*,*,#2314,.F.);
#3159=ORIENTED_EDGE('',*,*,#2317,.F.);
#3160=ORIENTED_EDGE('',*,*,#2320,.F.);
#3161=ORIENTED_EDGE('',*,*,#2322,.F.);
#3162=ORIENTED_EDGE('',*,*,#2186,.T.);
#3163=ORIENTED_EDGE('',*,*,#2375,.T.);
#3164=ORIENTED_EDGE('',*,*,#2376,.T.);
#3165=ORIENTED_EDGE('',*,*,#2377,.T.);
#3166=ORIENTED_EDGE('',*,*,#2378,.T.);
#3167=ORIENTED_EDGE('',*,*,#2379,.T.);
#3168=ORIENTED_EDGE('',*,*,#2380,.T.);
#3169=ORIENTED_EDGE('',*,*,#2381,.T.);
#3170=ORIENTED_EDGE('',*,*,#2382,.T.);
#3171=ORIENTED_EDGE('',*,*,#2383,.T.);
#3172=ORIENTED_EDGE('',*,*,#2384,.T.);
#3173=ORIENTED_EDGE('',*,*,#2385,.T.);
#3174=ORIENTED_EDGE('',*,*,#2386,.T.);
#3175=ORIENTED_EDGE('',*,*,#2387,.T.);
#3176=ORIENTED_EDGE('',*,*,#2388,.T.);
#3177=ORIENTED_EDGE('',*,*,#2389,.T.);
#3178=ORIENTED_EDGE('',*,*,#2390,.T.);
#3179=ORIENTED_EDGE('',*,*,#2391,.T.);
#3180=ORIENTED_EDGE('',*,*,#2392,.T.);
#3181=ORIENTED_EDGE('',*,*,#2393,.T.);
#3182=ORIENTED_EDGE('',*,*,#2394,.T.);
#3183=ORIENTED_EDGE('',*,*,#2395,.T.);
#3184=ORIENTED_EDGE('',*,*,#2396,.T.);
#3185=ORIENTED_EDGE('',*,*,#2397,.T.);
#3186=ORIENTED_EDGE('',*,*,#2398,.T.);
#3187=ORIENTED_EDGE('',*,*,#2399,.T.);
#3188=ORIENTED_EDGE('',*,*,#2400,.T.);
#3189=ORIENTED_EDGE('',*,*,#2401,.T.);
#3190=ORIENTED_EDGE('',*,*,#2402,.T.);
#3191=ORIENTED_EDGE('',*,*,#2403,.T.);
#3192=ORIENTED_EDGE('',*,*,#2404,.T.);
#3193=ORIENTED_EDGE('',*,*,#2405,.T.);
#3194=ORIENTED_EDGE('',*,*,#2406,.T.);
#3195=ORIENTED_EDGE('',*,*,#2407,.T.);
#3196=ORIENTED_EDGE('',*,*,#2408,.T.);
#3197=ORIENTED_EDGE('',*,*,#2409,.T.);
#3198=ORIENTED_EDGE('',*,*,#2410,.T.);
#3199=ORIENTED_EDGE('',*,*,#2411,.T.);
#3200=ORIENTED_EDGE('',*,*,#2412,.T.);
#3201=ORIENTED_EDGE('',*,*,#2413,.T.);
#3202=ORIENTED_EDGE('',*,*,#2414,.T.);
#3203=ORIENTED_EDGE('',*,*,#2415,.T.);
#3204=ORIENTED_EDGE('',*,*,#2416,.T.);
#3205=ORIENTED_EDGE('',*,*,#2417,.T.);
#3206=ORIENTED_EDGE('',*,*,#2418,.T.);
#3207=ORIENTED_EDGE('',*,*,#2419,.T.);
#3208=ORIENTED_EDGE('',*,*,#2420,.T.);
#3209=ORIENTED_EDGE('',*,*,#2421,.T.);
#3210=ORIENTED_EDGE('',*,*,#2422,.T.);
#3211=ORIENTED_EDGE('',*,*,#2423,.T.);
#3212=ORIENTED_EDGE('',*,*,#2424,.T.);
#3213=ORIENTED_EDGE('',*,*,#2425,.T.);
#3214=ORIENTED_EDGE('',*,*,#2426,.T.);
#3215=ORIENTED_EDGE('',*,*,#2427,.T.);
#3216=ORIENTED_EDGE('',*,*,#2428,.T.);
#3217=ORIENTED_EDGE('',*,*,#2429,.T.);
#3218=ORIENTED_EDGE('',*,*,#2430,.T.);
#3219=ORIENTED_EDGE('',*,*,#2431,.T.);
#3220=ORIENTED_EDGE('',*,*,#2432,.T.);
#3221=ORIENTED_EDGE('',*,*,#2188,.T.);
#3222=ORIENTED_EDGE('',*,*,#2433,.T.);
#3223=ORIENTED_EDGE('',*,*,#2434,.T.);
#3224=ORIENTED_EDGE('',*,*,#2435,.T.);
#3225=ORIENTED_EDGE('',*,*,#2436,.T.);
#3226=ORIENTED_EDGE('',*,*,#2437,.T.);
#3227=ORIENTED_EDGE('',*,*,#2438,.T.);
#3228=ORIENTED_EDGE('',*,*,#2439,.T.);
#3229=ORIENTED_EDGE('',*,*,#2440,.F.);
#3230=ORIENTED_EDGE('',*,*,#2441,.T.);
#3231=ORIENTED_EDGE('',*,*,#2442,.F.);
#3232=ORIENTED_EDGE('',*,*,#2443,.T.);
#3233=ORIENTED_EDGE('',*,*,#2442,.T.);
#3234=ORIENTED_EDGE('',*,*,#2444,.T.);
#3235=ORIENTED_EDGE('',*,*,#2445,.F.);
#3236=ORIENTED_EDGE('',*,*,#2369,.F.);
#3237=ORIENTED_EDGE('',*,*,#2446,.F.);
#3238=ORIENTED_EDGE('',*,*,#2447,.F.);
#3239=ORIENTED_EDGE('',*,*,#2448,.T.);
#3240=ORIENTED_EDGE('',*,*,#2449,.T.);
#3241=ORIENTED_EDGE('',*,*,#2441,.F.);
#3242=ORIENTED_EDGE('',*,*,#2450,.F.);
#3243=ORIENTED_EDGE('',*,*,#2451,.F.);
#3244=ORIENTED_EDGE('',*,*,#2444,.F.);
#3245=ORIENTED_EDGE('',*,*,#2448,.F.);
#3246=ORIENTED_EDGE('',*,*,#2452,.T.);
#3247=ORIENTED_EDGE('',*,*,#2453,.F.);
#3248=ORIENTED_EDGE('',*,*,#2454,.T.);
#3249=ORIENTED_EDGE('',*,*,#2440,.T.);
#3250=ORIENTED_EDGE('',*,*,#2455,.T.);
#3251=ORIENTED_EDGE('',*,*,#2453,.T.);
#3252=ORIENTED_EDGE('',*,*,#2456,.T.);
#3253=ORIENTED_EDGE('',*,*,#2457,.F.);
#3254=ORIENTED_EDGE('',*,*,#2367,.F.);
#3255=ORIENTED_EDGE('',*,*,#2458,.F.);
#3256=ORIENTED_EDGE('',*,*,#2450,.T.);
#3257=ORIENTED_EDGE('',*,*,#2452,.F.);
#3258=ORIENTED_EDGE('',*,*,#2447,.T.);
#3259=ORIENTED_EDGE('',*,*,#2459,.F.);
#3260=ORIENTED_EDGE('',*,*,#2456,.F.);
#3261=ORIENTED_EDGE('',*,*,#2445,.T.);
#3262=ORIENTED_EDGE('',*,*,#2451,.T.);
#3263=ORIENTED_EDGE('',*,*,#2458,.T.);
#3264=ORIENTED_EDGE('',*,*,#2370,.T.);
#3265=ORIENTED_EDGE('',*,*,#2457,.T.);
#3266=ORIENTED_EDGE('',*,*,#2459,.T.);
#3267=ORIENTED_EDGE('',*,*,#2446,.T.);
#3268=ORIENTED_EDGE('',*,*,#2368,.T.);
#3269=ORIENTED_EDGE('',*,*,#2443,.F.);
#3270=ORIENTED_EDGE('',*,*,#2449,.F.);
#3271=ORIENTED_EDGE('',*,*,#2454,.F.);
#3272=ORIENTED_EDGE('',*,*,#2455,.F.);
#3273=ORIENTED_EDGE('',*,*,#2439,.F.);
#3274=ORIENTED_EDGE('',*,*,#2460,.T.);
#3275=ORIENTED_EDGE('',*,*,#2461,.F.);
#3276=ORIENTED_EDGE('',*,*,#2460,.F.);
#3277=ORIENTED_EDGE('',*,*,#2438,.F.);
#3278=ORIENTED_EDGE('',*,*,#2462,.T.);
#3279=ORIENTED_EDGE('',*,*,#2463,.F.);
#3280=ORIENTED_EDGE('',*,*,#2462,.F.);
#3281=ORIENTED_EDGE('',*,*,#2437,.F.);
#3282=ORIENTED_EDGE('',*,*,#2464,.T.);
#3283=ORIENTED_EDGE('',*,*,#2465,.F.);
#3284=ORIENTED_EDGE('',*,*,#2464,.F.);
#3285=ORIENTED_EDGE('',*,*,#2436,.F.);
#3286=ORIENTED_EDGE('',*,*,#2466,.T.);
#3287=ORIENTED_EDGE('',*,*,#2467,.F.);
#3288=ORIENTED_EDGE('',*,*,#2466,.F.);
#3289=ORIENTED_EDGE('',*,*,#2435,.F.);
#3290=ORIENTED_EDGE('',*,*,#2468,.T.);
#3291=ORIENTED_EDGE('',*,*,#2469,.F.);
#3292=ORIENTED_EDGE('',*,*,#2468,.F.);
#3293=ORIENTED_EDGE('',*,*,#2434,.F.);
#3294=ORIENTED_EDGE('',*,*,#2470,.T.);
#3295=ORIENTED_EDGE('',*,*,#2471,.F.);
#3296=ORIENTED_EDGE('',*,*,#2470,.F.);
#3297=ORIENTED_EDGE('',*,*,#2433,.F.);
#3298=ORIENTED_EDGE('',*,*,#2472,.T.);
#3299=ORIENTED_EDGE('',*,*,#2473,.F.);
#3300=ORIENTED_EDGE('',*,*,#2472,.F.);
#3301=ORIENTED_EDGE('',*,*,#2474,.F.);
#3302=ORIENTED_EDGE('',*,*,#2475,.F.);
#3303=ORIENTED_EDGE('',*,*,#2476,.T.);
#3304=ORIENTED_EDGE('',*,*,#2420,.F.);
#3305=ORIENTED_EDGE('',*,*,#2476,.F.);
#3306=ORIENTED_EDGE('',*,*,#2477,.F.);
#3307=ORIENTED_EDGE('',*,*,#2478,.T.);
#3308=ORIENTED_EDGE('',*,*,#2421,.F.);
#3309=ORIENTED_EDGE('',*,*,#2478,.F.);
#3310=ORIENTED_EDGE('',*,*,#2479,.F.);
#3311=ORIENTED_EDGE('',*,*,#2480,.F.);
#3312=ORIENTED_EDGE('',*,*,#2422,.F.);
#3313=ORIENTED_EDGE('',*,*,#2481,.F.);
#3314=ORIENTED_EDGE('',*,*,#2482,.F.);
#3315=ORIENTED_EDGE('',*,*,#2483,.F.);
#3316=ORIENTED_EDGE('',*,*,#2479,.T.);
#3317=ORIENTED_EDGE('',*,*,#2477,.T.);
#3318=ORIENTED_EDGE('',*,*,#2475,.T.);
#3319=ORIENTED_EDGE('',*,*,#2467,.T.);
#3320=ORIENTED_EDGE('',*,*,#2484,.F.);
#3321=ORIENTED_EDGE('',*,*,#2485,.F.);
#3322=ORIENTED_EDGE('',*,*,#2486,.T.);
#3323=ORIENTED_EDGE('',*,*,#2400,.F.);
#3324=ORIENTED_EDGE('',*,*,#2486,.F.);
#3325=ORIENTED_EDGE('',*,*,#2487,.F.);
#3326=ORIENTED_EDGE('',*,*,#2488,.T.);
#3327=ORIENTED_EDGE('',*,*,#2401,.F.);
#3328=ORIENTED_EDGE('',*,*,#2488,.F.);
#3329=ORIENTED_EDGE('',*,*,#2489,.F.);
#3330=ORIENTED_EDGE('',*,*,#2490,.F.);
#3331=ORIENTED_EDGE('',*,*,#2402,.F.);
#3332=ORIENTED_EDGE('',*,*,#2491,.F.);
#3333=ORIENTED_EDGE('',*,*,#2492,.F.);
#3334=ORIENTED_EDGE('',*,*,#2493,.F.);
#3335=ORIENTED_EDGE('',*,*,#2489,.T.);
#3336=ORIENTED_EDGE('',*,*,#2487,.T.);
#3337=ORIENTED_EDGE('',*,*,#2485,.T.);
#3338=ORIENTED_EDGE('',*,*,#2463,.T.);
#3339=ORIENTED_EDGE('',*,*,#2494,.F.);
#3340=ORIENTED_EDGE('',*,*,#2495,.F.);
#3341=ORIENTED_EDGE('',*,*,#2496,.T.);
#3342=ORIENTED_EDGE('',*,*,#2406,.F.);
#3343=ORIENTED_EDGE('',*,*,#2496,.F.);
#3344=ORIENTED_EDGE('',*,*,#2497,.F.);
#3345=ORIENTED_EDGE('',*,*,#2498,.T.);
#3346=ORIENTED_EDGE('',*,*,#2407,.F.);
#3347=ORIENTED_EDGE('',*,*,#2498,.F.);
#3348=ORIENTED_EDGE('',*,*,#2499,.F.);
#3349=ORIENTED_EDGE('',*,*,#2500,.F.);
#3350=ORIENTED_EDGE('',*,*,#2408,.F.);
#3351=ORIENTED_EDGE('',*,*,#2501,.F.);
#3352=ORIENTED_EDGE('',*,*,#2502,.F.);
#3353=ORIENTED_EDGE('',*,*,#2503,.F.);
#3354=ORIENTED_EDGE('',*,*,#2499,.T.);
#3355=ORIENTED_EDGE('',*,*,#2497,.T.);
#3356=ORIENTED_EDGE('',*,*,#2495,.T.);
#3357=ORIENTED_EDGE('',*,*,#2469,.T.);
#3358=ORIENTED_EDGE('',*,*,#2504,.F.);
#3359=ORIENTED_EDGE('',*,*,#2505,.F.);
#3360=ORIENTED_EDGE('',*,*,#2506,.T.);
#3361=ORIENTED_EDGE('',*,*,#2424,.F.);
#3362=ORIENTED_EDGE('',*,*,#2506,.F.);
#3363=ORIENTED_EDGE('',*,*,#2507,.F.);
#3364=ORIENTED_EDGE('',*,*,#2508,.T.);
#3365=ORIENTED_EDGE('',*,*,#2425,.F.);
#3366=ORIENTED_EDGE('',*,*,#2508,.F.);
#3367=ORIENTED_EDGE('',*,*,#2509,.F.);
#3368=ORIENTED_EDGE('',*,*,#2510,.F.);
#3369=ORIENTED_EDGE('',*,*,#2426,.F.);
#3370=ORIENTED_EDGE('',*,*,#2511,.F.);
#3371=ORIENTED_EDGE('',*,*,#2512,.F.);
#3372=ORIENTED_EDGE('',*,*,#2513,.F.);
#3373=ORIENTED_EDGE('',*,*,#2509,.T.);
#3374=ORIENTED_EDGE('',*,*,#2507,.T.);
#3375=ORIENTED_EDGE('',*,*,#2505,.T.);
#3376=ORIENTED_EDGE('',*,*,#2473,.T.);
#3377=ORIENTED_EDGE('',*,*,#2514,.F.);
#3378=ORIENTED_EDGE('',*,*,#2515,.F.);
#3379=ORIENTED_EDGE('',*,*,#2516,.T.);
#3380=ORIENTED_EDGE('',*,*,#2390,.F.);
#3381=ORIENTED_EDGE('',*,*,#2516,.F.);
#3382=ORIENTED_EDGE('',*,*,#2517,.F.);
#3383=ORIENTED_EDGE('',*,*,#2518,.T.);
#3384=ORIENTED_EDGE('',*,*,#2391,.F.);
#3385=ORIENTED_EDGE('',*,*,#2518,.F.);
#3386=ORIENTED_EDGE('',*,*,#2519,.F.);
#3387=ORIENTED_EDGE('',*,*,#2520,.F.);
#3388=ORIENTED_EDGE('',*,*,#2392,.F.);
#3389=ORIENTED_EDGE('',*,*,#2521,.F.);
#3390=ORIENTED_EDGE('',*,*,#2522,.F.);
#3391=ORIENTED_EDGE('',*,*,#2519,.T.);
#3392=ORIENTED_EDGE('',*,*,#2517,.T.);
#3393=ORIENTED_EDGE('',*,*,#2515,.T.);
#3394=ORIENTED_EDGE('',*,*,#2523,.F.);
#3395=ORIENTED_EDGE('',*,*,#2471,.T.);
#3396=ORIENTED_EDGE('',*,*,#2524,.F.);
#3397=ORIENTED_EDGE('',*,*,#2525,.F.);
#3398=ORIENTED_EDGE('',*,*,#2526,.F.);
#3399=ORIENTED_EDGE('',*,*,#2415,.F.);
#3400=ORIENTED_EDGE('',*,*,#2527,.F.);
#3401=ORIENTED_EDGE('',*,*,#2528,.F.);
#3402=ORIENTED_EDGE('',*,*,#2529,.F.);
#3403=ORIENTED_EDGE('',*,*,#2413,.F.);
#3404=ORIENTED_EDGE('',*,*,#2529,.T.);
#3405=ORIENTED_EDGE('',*,*,#2530,.F.);
#3406=ORIENTED_EDGE('',*,*,#2524,.T.);
#3407=ORIENTED_EDGE('',*,*,#2414,.F.);
#3408=ORIENTED_EDGE('',*,*,#2530,.T.);
#3409=ORIENTED_EDGE('',*,*,#2528,.T.);
#3410=ORIENTED_EDGE('',*,*,#2531,.F.);
#3411=ORIENTED_EDGE('',*,*,#2532,.F.);
#3412=ORIENTED_EDGE('',*,*,#2533,.F.);
#3413=ORIENTED_EDGE('',*,*,#2534,.F.);
#3414=ORIENTED_EDGE('',*,*,#2525,.T.);
#3415=ORIENTED_EDGE('',*,*,#2465,.T.);
#3416=ORIENTED_EDGE('',*,*,#2535,.F.);
#3417=ORIENTED_EDGE('',*,*,#2536,.F.);
#3418=ORIENTED_EDGE('',*,*,#2537,.T.);
#3419=ORIENTED_EDGE('',*,*,#2375,.F.);
#3420=ORIENTED_EDGE('',*,*,#2537,.F.);
#3421=ORIENTED_EDGE('',*,*,#2538,.F.);
#3422=ORIENTED_EDGE('',*,*,#2539,.T.);
#3423=ORIENTED_EDGE('',*,*,#2376,.F.);
#3424=ORIENTED_EDGE('',*,*,#2539,.F.);
#3425=ORIENTED_EDGE('',*,*,#2540,.F.);
#3426=ORIENTED_EDGE('',*,*,#2541,.F.);
#3427=ORIENTED_EDGE('',*,*,#2377,.F.);
#3428=ORIENTED_EDGE('',*,*,#2542,.F.);
#3429=ORIENTED_EDGE('',*,*,#2543,.F.);
#3430=ORIENTED_EDGE('',*,*,#2544,.F.);
#3431=ORIENTED_EDGE('',*,*,#2540,.T.);
#3432=ORIENTED_EDGE('',*,*,#2538,.T.);
#3433=ORIENTED_EDGE('',*,*,#2536,.T.);
#3434=ORIENTED_EDGE('',*,*,#2461,.T.);
#3435=ORIENTED_EDGE('',*,*,#2545,.F.);
#3436=ORIENTED_EDGE('',*,*,#2546,.T.);
#3437=ORIENTED_EDGE('',*,*,#2547,.F.);
#3438=ORIENTED_EDGE('',*,*,#2548,.F.);
#3439=ORIENTED_EDGE('',*,*,#2549,.F.);
#3440=ORIENTED_EDGE('',*,*,#2550,.T.);
#3441=ORIENTED_EDGE('',*,*,#2551,.F.);
#3442=ORIENTED_EDGE('',*,*,#2546,.F.);
#3443=ORIENTED_EDGE('',*,*,#2552,.F.);
#3444=ORIENTED_EDGE('',*,*,#2553,.T.);
#3445=ORIENTED_EDGE('',*,*,#2554,.F.);
#3446=ORIENTED_EDGE('',*,*,#2550,.F.);
#3447=ORIENTED_EDGE('',*,*,#2555,.F.);
#3448=ORIENTED_EDGE('',*,*,#2556,.T.);
#3449=ORIENTED_EDGE('',*,*,#2557,.F.);
#3450=ORIENTED_EDGE('',*,*,#2553,.F.);
#3451=ORIENTED_EDGE('',*,*,#2558,.F.);
#3452=ORIENTED_EDGE('',*,*,#2559,.T.);
#3453=ORIENTED_EDGE('',*,*,#2560,.F.);
#3454=ORIENTED_EDGE('',*,*,#2556,.F.);
#3455=ORIENTED_EDGE('',*,*,#2561,.F.);
#3456=ORIENTED_EDGE('',*,*,#2562,.T.);
#3457=ORIENTED_EDGE('',*,*,#2563,.F.);
#3458=ORIENTED_EDGE('',*,*,#2559,.F.);
#3459=ORIENTED_EDGE('',*,*,#2564,.F.);
#3460=ORIENTED_EDGE('',*,*,#2565,.T.);
#3461=ORIENTED_EDGE('',*,*,#2566,.F.);
#3462=ORIENTED_EDGE('',*,*,#2562,.F.);
#3463=ORIENTED_EDGE('',*,*,#2567,.F.);
#3464=ORIENTED_EDGE('',*,*,#2548,.T.);
#3465=ORIENTED_EDGE('',*,*,#2568,.F.);
#3466=ORIENTED_EDGE('',*,*,#2565,.F.);
#3467=ORIENTED_EDGE('',*,*,#2569,.T.);
#3468=ORIENTED_EDGE('',*,*,#2570,.T.);
#3469=ORIENTED_EDGE('',*,*,#2571,.T.);
#3470=ORIENTED_EDGE('',*,*,#2572,.T.);
#3471=ORIENTED_EDGE('',*,*,#2573,.T.);
#3472=ORIENTED_EDGE('',*,*,#2574,.T.);
#3473=ORIENTED_EDGE('',*,*,#2575,.T.);
#3474=ORIENTED_EDGE('',*,*,#2576,.T.);
#3475=ORIENTED_EDGE('',*,*,#2577,.T.);
#3476=ORIENTED_EDGE('',*,*,#2578,.T.);
#3477=ORIENTED_EDGE('',*,*,#2579,.T.);
#3478=ORIENTED_EDGE('',*,*,#2580,.T.);
#3479=ORIENTED_EDGE('',*,*,#2581,.T.);
#3480=ORIENTED_EDGE('',*,*,#2582,.T.);
#3481=ORIENTED_EDGE('',*,*,#2583,.T.);
#3482=ORIENTED_EDGE('',*,*,#2584,.T.);
#3483=ORIENTED_EDGE('',*,*,#2585,.T.);
#3484=ORIENTED_EDGE('',*,*,#2586,.T.);
#3485=ORIENTED_EDGE('',*,*,#2587,.T.);
#3486=ORIENTED_EDGE('',*,*,#2588,.T.);
#3487=ORIENTED_EDGE('',*,*,#2589,.T.);
#3488=ORIENTED_EDGE('',*,*,#2590,.T.);
#3489=ORIENTED_EDGE('',*,*,#2591,.T.);
#3490=ORIENTED_EDGE('',*,*,#2592,.T.);
#3491=ORIENTED_EDGE('',*,*,#2593,.T.);
#3492=ORIENTED_EDGE('',*,*,#2594,.T.);
#3493=ORIENTED_EDGE('',*,*,#2595,.T.);
#3494=ORIENTED_EDGE('',*,*,#2596,.T.);
#3495=ORIENTED_EDGE('',*,*,#2597,.T.);
#3496=ORIENTED_EDGE('',*,*,#2598,.T.);
#3497=ORIENTED_EDGE('',*,*,#2599,.T.);
#3498=ORIENTED_EDGE('',*,*,#2600,.T.);
#3499=ORIENTED_EDGE('',*,*,#2601,.T.);
#3500=ORIENTED_EDGE('',*,*,#2602,.T.);
#3501=ORIENTED_EDGE('',*,*,#2603,.T.);
#3502=ORIENTED_EDGE('',*,*,#2604,.T.);
#3503=ORIENTED_EDGE('',*,*,#2605,.T.);
#3504=ORIENTED_EDGE('',*,*,#2606,.T.);
#3505=ORIENTED_EDGE('',*,*,#2607,.T.);
#3506=ORIENTED_EDGE('',*,*,#2608,.T.);
#3507=ORIENTED_EDGE('',*,*,#2609,.T.);
#3508=ORIENTED_EDGE('',*,*,#2610,.T.);
#3509=ORIENTED_EDGE('',*,*,#2611,.T.);
#3510=ORIENTED_EDGE('',*,*,#2612,.T.);
#3511=ORIENTED_EDGE('',*,*,#2613,.T.);
#3512=ORIENTED_EDGE('',*,*,#2614,.F.);
#3513=ORIENTED_EDGE('',*,*,#2615,.F.);
#3514=ORIENTED_EDGE('',*,*,#2616,.F.);
#3515=ORIENTED_EDGE('',*,*,#2617,.F.);
#3516=ORIENTED_EDGE('',*,*,#2618,.F.);
#3517=ORIENTED_EDGE('',*,*,#2619,.F.);
#3518=ORIENTED_EDGE('',*,*,#2620,.F.);
#3519=ORIENTED_EDGE('',*,*,#2621,.F.);
#3520=ORIENTED_EDGE('',*,*,#2622,.F.);
#3521=ORIENTED_EDGE('',*,*,#2623,.F.);
#3522=ORIENTED_EDGE('',*,*,#2624,.F.);
#3523=ORIENTED_EDGE('',*,*,#2625,.F.);
#3524=ORIENTED_EDGE('',*,*,#2626,.F.);
#3525=ORIENTED_EDGE('',*,*,#2627,.F.);
#3526=ORIENTED_EDGE('',*,*,#2628,.F.);
#3527=ORIENTED_EDGE('',*,*,#2629,.F.);
#3528=ORIENTED_EDGE('',*,*,#2630,.F.);
#3529=ORIENTED_EDGE('',*,*,#2631,.F.);
#3530=ORIENTED_EDGE('',*,*,#2632,.F.);
#3531=ORIENTED_EDGE('',*,*,#2633,.F.);
#3532=ORIENTED_EDGE('',*,*,#2634,.F.);
#3533=ORIENTED_EDGE('',*,*,#2635,.F.);
#3534=ORIENTED_EDGE('',*,*,#2636,.F.);
#3535=ORIENTED_EDGE('',*,*,#2637,.F.);
#3536=ORIENTED_EDGE('',*,*,#2638,.F.);
#3537=ORIENTED_EDGE('',*,*,#2639,.F.);
#3538=ORIENTED_EDGE('',*,*,#2640,.F.);
#3539=ORIENTED_EDGE('',*,*,#2641,.F.);
#3540=ORIENTED_EDGE('',*,*,#2642,.F.);
#3541=ORIENTED_EDGE('',*,*,#2643,.F.);
#3542=ORIENTED_EDGE('',*,*,#2644,.F.);
#3543=ORIENTED_EDGE('',*,*,#2645,.F.);
#3544=ORIENTED_EDGE('',*,*,#2646,.F.);
#3545=ORIENTED_EDGE('',*,*,#2647,.F.);
#3546=ORIENTED_EDGE('',*,*,#2648,.F.);
#3547=ORIENTED_EDGE('',*,*,#2649,.F.);
#3548=ORIENTED_EDGE('',*,*,#2650,.F.);
#3549=ORIENTED_EDGE('',*,*,#2651,.F.);
#3550=ORIENTED_EDGE('',*,*,#2652,.F.);
#3551=ORIENTED_EDGE('',*,*,#2653,.F.);
#3552=ORIENTED_EDGE('',*,*,#2654,.F.);
#3553=ORIENTED_EDGE('',*,*,#2655,.F.);
#3554=ORIENTED_EDGE('',*,*,#2656,.F.);
#3555=ORIENTED_EDGE('',*,*,#2657,.F.);
#3556=ORIENTED_EDGE('',*,*,#2658,.F.);
#3557=ORIENTED_EDGE('',*,*,#2492,.T.);
#3558=ORIENTED_EDGE('',*,*,#2659,.F.);
#3559=ORIENTED_EDGE('',*,*,#2615,.T.);
#3560=ORIENTED_EDGE('',*,*,#2660,.T.);
#3561=ORIENTED_EDGE('',*,*,#2484,.T.);
#3562=ORIENTED_EDGE('',*,*,#2399,.F.);
#3563=ORIENTED_EDGE('',*,*,#2661,.F.);
#3564=ORIENTED_EDGE('',*,*,#2616,.T.);
#3565=ORIENTED_EDGE('',*,*,#2659,.T.);
#3566=ORIENTED_EDGE('',*,*,#2491,.T.);
#3567=ORIENTED_EDGE('',*,*,#2617,.T.);
#3568=ORIENTED_EDGE('',*,*,#2661,.T.);
#3569=ORIENTED_EDGE('',*,*,#2398,.F.);
#3570=ORIENTED_EDGE('',*,*,#2662,.F.);
#3571=ORIENTED_EDGE('',*,*,#2618,.T.);
#3572=ORIENTED_EDGE('',*,*,#2662,.T.);
#3573=ORIENTED_EDGE('',*,*,#2397,.F.);
#3574=ORIENTED_EDGE('',*,*,#2663,.F.);
#3575=ORIENTED_EDGE('',*,*,#2619,.T.);
#3576=ORIENTED_EDGE('',*,*,#2663,.T.);
#3577=ORIENTED_EDGE('',*,*,#2396,.F.);
#3578=ORIENTED_EDGE('',*,*,#2664,.F.);
#3579=ORIENTED_EDGE('',*,*,#2620,.T.);
#3580=ORIENTED_EDGE('',*,*,#2664,.T.);
#3581=ORIENTED_EDGE('',*,*,#2395,.F.);
#3582=ORIENTED_EDGE('',*,*,#2665,.F.);
#3583=ORIENTED_EDGE('',*,*,#2547,.T.);
#3584=ORIENTED_EDGE('',*,*,#2551,.T.);
#3585=ORIENTED_EDGE('',*,*,#2554,.T.);
#3586=ORIENTED_EDGE('',*,*,#2557,.T.);
#3587=ORIENTED_EDGE('',*,*,#2560,.T.);
#3588=ORIENTED_EDGE('',*,*,#2563,.T.);
#3589=ORIENTED_EDGE('',*,*,#2566,.T.);
#3590=ORIENTED_EDGE('',*,*,#2568,.T.);
#3591=ORIENTED_EDGE('',*,*,#2621,.T.);
#3592=ORIENTED_EDGE('',*,*,#2665,.T.);
#3593=ORIENTED_EDGE('',*,*,#2394,.F.);
#3594=ORIENTED_EDGE('',*,*,#2666,.F.);
#3595=ORIENTED_EDGE('',*,*,#2522,.T.);
#3596=ORIENTED_EDGE('',*,*,#2667,.F.);
#3597=ORIENTED_EDGE('',*,*,#2622,.T.);
#3598=ORIENTED_EDGE('',*,*,#2666,.T.);
#3599=ORIENTED_EDGE('',*,*,#2393,.F.);
#3600=ORIENTED_EDGE('',*,*,#2520,.T.);
#3601=ORIENTED_EDGE('',*,*,#2521,.T.);
#3602=ORIENTED_EDGE('',*,*,#2668,.F.);
#3603=ORIENTED_EDGE('',*,*,#2623,.T.);
#3604=ORIENTED_EDGE('',*,*,#2667,.T.);
#3605=ORIENTED_EDGE('',*,*,#2514,.T.);
#3606=ORIENTED_EDGE('',*,*,#2389,.F.);
#3607=ORIENTED_EDGE('',*,*,#2669,.F.);
#3608=ORIENTED_EDGE('',*,*,#2624,.T.);
#3609=ORIENTED_EDGE('',*,*,#2668,.T.);
#3610=ORIENTED_EDGE('',*,*,#2523,.T.);
#3611=ORIENTED_EDGE('',*,*,#2625,.T.);
#3612=ORIENTED_EDGE('',*,*,#2669,.T.);
#3613=ORIENTED_EDGE('',*,*,#2388,.F.);
#3614=ORIENTED_EDGE('',*,*,#2670,.F.);
#3615=ORIENTED_EDGE('',*,*,#2626,.T.);
#3616=ORIENTED_EDGE('',*,*,#2670,.T.);
#3617=ORIENTED_EDGE('',*,*,#2387,.F.);
#3618=ORIENTED_EDGE('',*,*,#2671,.F.);
#3619=ORIENTED_EDGE('',*,*,#2627,.T.);
#3620=ORIENTED_EDGE('',*,*,#2671,.T.);
#3621=ORIENTED_EDGE('',*,*,#2386,.F.);
#3622=ORIENTED_EDGE('',*,*,#2672,.F.);
#3623=ORIENTED_EDGE('',*,*,#2628,.T.);
#3624=ORIENTED_EDGE('',*,*,#2672,.T.);
#3625=ORIENTED_EDGE('',*,*,#2385,.F.);
#3626=ORIENTED_EDGE('',*,*,#2673,.F.);
#3627=ORIENTED_EDGE('',*,*,#2629,.T.);
#3628=ORIENTED_EDGE('',*,*,#2673,.T.);
#3629=ORIENTED_EDGE('',*,*,#2384,.F.);
#3630=ORIENTED_EDGE('',*,*,#2674,.F.);
#3631=ORIENTED_EDGE('',*,*,#2630,.T.);
#3632=ORIENTED_EDGE('',*,*,#2674,.T.);
#3633=ORIENTED_EDGE('',*,*,#2383,.F.);
#3634=ORIENTED_EDGE('',*,*,#2675,.F.);
#3635=ORIENTED_EDGE('',*,*,#2631,.T.);
#3636=ORIENTED_EDGE('',*,*,#2675,.T.);
#3637=ORIENTED_EDGE('',*,*,#2382,.F.);
#3638=ORIENTED_EDGE('',*,*,#2676,.F.);
#3639=ORIENTED_EDGE('',*,*,#2632,.T.);
#3640=ORIENTED_EDGE('',*,*,#2676,.T.);
#3641=ORIENTED_EDGE('',*,*,#2381,.F.);
#3642=ORIENTED_EDGE('',*,*,#2677,.F.);
#3643=ORIENTED_EDGE('',*,*,#2633,.T.);
#3644=ORIENTED_EDGE('',*,*,#2677,.T.);
#3645=ORIENTED_EDGE('',*,*,#2380,.F.);
#3646=ORIENTED_EDGE('',*,*,#2678,.F.);
#3647=ORIENTED_EDGE('',*,*,#2634,.T.);
#3648=ORIENTED_EDGE('',*,*,#2678,.T.);
#3649=ORIENTED_EDGE('',*,*,#2379,.F.);
#3650=ORIENTED_EDGE('',*,*,#2679,.F.);
#3651=ORIENTED_EDGE('',*,*,#2544,.T.);
#3652=ORIENTED_EDGE('',*,*,#2680,.F.);
#3653=ORIENTED_EDGE('',*,*,#2635,.T.);
#3654=ORIENTED_EDGE('',*,*,#2679,.T.);
#3655=ORIENTED_EDGE('',*,*,#2378,.F.);
#3656=ORIENTED_EDGE('',*,*,#2541,.T.);
#3657=ORIENTED_EDGE('',*,*,#2543,.T.);
#3658=ORIENTED_EDGE('',*,*,#2681,.F.);
#3659=ORIENTED_EDGE('',*,*,#2636,.T.);
#3660=ORIENTED_EDGE('',*,*,#2680,.T.);
#3661=ORIENTED_EDGE('',*,*,#2535,.T.);
#3662=ORIENTED_EDGE('',*,*,#2432,.F.);
#3663=ORIENTED_EDGE('',*,*,#2682,.F.);
#3664=ORIENTED_EDGE('',*,*,#2637,.T.);
#3665=ORIENTED_EDGE('',*,*,#2681,.T.);
#3666=ORIENTED_EDGE('',*,*,#2542,.T.);
#3667=ORIENTED_EDGE('',*,*,#2638,.T.);
#3668=ORIENTED_EDGE('',*,*,#2682,.T.);
#3669=ORIENTED_EDGE('',*,*,#2431,.F.);
#3670=ORIENTED_EDGE('',*,*,#2683,.F.);
#3671=ORIENTED_EDGE('',*,*,#2639,.T.);
#3672=ORIENTED_EDGE('',*,*,#2683,.T.);
#3673=ORIENTED_EDGE('',*,*,#2430,.F.);
#3674=ORIENTED_EDGE('',*,*,#2684,.F.);
#3675=ORIENTED_EDGE('',*,*,#2640,.T.);
#3676=ORIENTED_EDGE('',*,*,#2684,.T.);
#3677=ORIENTED_EDGE('',*,*,#2429,.F.);
#3678=ORIENTED_EDGE('',*,*,#2685,.F.);
#3679=ORIENTED_EDGE('',*,*,#2641,.T.);
#3680=ORIENTED_EDGE('',*,*,#2685,.T.);
#3681=ORIENTED_EDGE('',*,*,#2428,.F.);
#3682=ORIENTED_EDGE('',*,*,#2686,.F.);
#3683=ORIENTED_EDGE('',*,*,#2513,.T.);
#3684=ORIENTED_EDGE('',*,*,#2687,.F.);
#3685=ORIENTED_EDGE('',*,*,#2642,.T.);
#3686=ORIENTED_EDGE('',*,*,#2686,.T.);
#3687=ORIENTED_EDGE('',*,*,#2427,.F.);
#3688=ORIENTED_EDGE('',*,*,#2510,.T.);
#3689=ORIENTED_EDGE('',*,*,#2512,.T.);
#3690=ORIENTED_EDGE('',*,*,#2688,.F.);
#3691=ORIENTED_EDGE('',*,*,#2643,.T.);
#3692=ORIENTED_EDGE('',*,*,#2687,.T.);
#3693=ORIENTED_EDGE('',*,*,#2483,.T.);
#3694=ORIENTED_EDGE('',*,*,#2689,.F.);
#3695=ORIENTED_EDGE('',*,*,#2644,.T.);
#3696=ORIENTED_EDGE('',*,*,#2688,.T.);
#3697=ORIENTED_EDGE('',*,*,#2511,.T.);
#3698=ORIENTED_EDGE('',*,*,#2504,.T.);
#3699=ORIENTED_EDGE('',*,*,#2423,.F.);
#3700=ORIENTED_EDGE('',*,*,#2480,.T.);
#3701=ORIENTED_EDGE('',*,*,#2482,.T.);
#3702=ORIENTED_EDGE('',*,*,#2690,.F.);
#3703=ORIENTED_EDGE('',*,*,#2645,.T.);
#3704=ORIENTED_EDGE('',*,*,#2689,.T.);
#3705=ORIENTED_EDGE('',*,*,#2474,.T.);
#3706=ORIENTED_EDGE('',*,*,#2419,.F.);
#3707=ORIENTED_EDGE('',*,*,#2691,.F.);
#3708=ORIENTED_EDGE('',*,*,#2646,.T.);
#3709=ORIENTED_EDGE('',*,*,#2690,.T.);
#3710=ORIENTED_EDGE('',*,*,#2481,.T.);
#3711=ORIENTED_EDGE('',*,*,#2647,.T.);
#3712=ORIENTED_EDGE('',*,*,#2691,.T.);
#3713=ORIENTED_EDGE('',*,*,#2418,.F.);
#3714=ORIENTED_EDGE('',*,*,#2692,.F.);
#3715=ORIENTED_EDGE('',*,*,#2648,.T.);
#3716=ORIENTED_EDGE('',*,*,#2692,.T.);
#3717=ORIENTED_EDGE('',*,*,#2417,.F.);
#3718=ORIENTED_EDGE('',*,*,#2693,.F.);
#3719=ORIENTED_EDGE('',*,*,#2534,.T.);
#3720=ORIENTED_EDGE('',*,*,#2694,.F.);
#3721=ORIENTED_EDGE('',*,*,#2649,.T.);
#3722=ORIENTED_EDGE('',*,*,#2693,.T.);
#3723=ORIENTED_EDGE('',*,*,#2416,.F.);
#3724=ORIENTED_EDGE('',*,*,#2526,.T.);
#3725=ORIENTED_EDGE('',*,*,#2533,.T.);
#3726=ORIENTED_EDGE('',*,*,#2695,.F.);
#3727=ORIENTED_EDGE('',*,*,#2650,.T.);
#3728=ORIENTED_EDGE('',*,*,#2694,.T.);
#3729=ORIENTED_EDGE('',*,*,#2532,.T.);
#3730=ORIENTED_EDGE('',*,*,#2696,.F.);
#3731=ORIENTED_EDGE('',*,*,#2651,.T.);
#3732=ORIENTED_EDGE('',*,*,#2695,.T.);
#3733=ORIENTED_EDGE('',*,*,#2527,.T.);
#3734=ORIENTED_EDGE('',*,*,#2412,.F.);
#3735=ORIENTED_EDGE('',*,*,#2697,.F.);
#3736=ORIENTED_EDGE('',*,*,#2652,.T.);
#3737=ORIENTED_EDGE('',*,*,#2696,.T.);
#3738=ORIENTED_EDGE('',*,*,#2531,.T.);
#3739=ORIENTED_EDGE('',*,*,#2653,.T.);
#3740=ORIENTED_EDGE('',*,*,#2697,.T.);
#3741=ORIENTED_EDGE('',*,*,#2411,.F.);
#3742=ORIENTED_EDGE('',*,*,#2698,.F.);
#3743=ORIENTED_EDGE('',*,*,#2654,.T.);
#3744=ORIENTED_EDGE('',*,*,#2698,.T.);
#3745=ORIENTED_EDGE('',*,*,#2410,.F.);
#3746=ORIENTED_EDGE('',*,*,#2699,.F.);
#3747=ORIENTED_EDGE('',*,*,#2503,.T.);
#3748=ORIENTED_EDGE('',*,*,#2700,.F.);
#3749=ORIENTED_EDGE('',*,*,#2655,.T.);
#3750=ORIENTED_EDGE('',*,*,#2699,.T.);
#3751=ORIENTED_EDGE('',*,*,#2409,.F.);
#3752=ORIENTED_EDGE('',*,*,#2500,.T.);
#3753=ORIENTED_EDGE('',*,*,#2502,.T.);
#3754=ORIENTED_EDGE('',*,*,#2701,.F.);
#3755=ORIENTED_EDGE('',*,*,#2656,.T.);
#3756=ORIENTED_EDGE('',*,*,#2700,.T.);
#3757=ORIENTED_EDGE('',*,*,#2494,.T.);
#3758=ORIENTED_EDGE('',*,*,#2405,.F.);
#3759=ORIENTED_EDGE('',*,*,#2702,.F.);
#3760=ORIENTED_EDGE('',*,*,#2657,.T.);
#3761=ORIENTED_EDGE('',*,*,#2701,.T.);
#3762=ORIENTED_EDGE('',*,*,#2501,.T.);
#3763=ORIENTED_EDGE('',*,*,#2658,.T.);
#3764=ORIENTED_EDGE('',*,*,#2702,.T.);
#3765=ORIENTED_EDGE('',*,*,#2404,.F.);
#3766=ORIENTED_EDGE('',*,*,#2703,.F.);
#3767=ORIENTED_EDGE('',*,*,#2493,.T.);
#3768=ORIENTED_EDGE('',*,*,#2660,.F.);
#3769=ORIENTED_EDGE('',*,*,#2614,.T.);
#3770=ORIENTED_EDGE('',*,*,#2703,.T.);
#3771=ORIENTED_EDGE('',*,*,#2403,.F.);
#3772=ORIENTED_EDGE('',*,*,#2490,.T.);
#3773=ORIENTED_EDGE('',*,*,#2569,.F.);
#3774=ORIENTED_EDGE('',*,*,#2704,.T.);
#3775=ORIENTED_EDGE('',*,*,#2705,.F.);
#3776=ORIENTED_EDGE('',*,*,#2706,.F.);
#3777=ORIENTED_EDGE('',*,*,#2570,.F.);
#3778=ORIENTED_EDGE('',*,*,#2706,.T.);
#3779=ORIENTED_EDGE('',*,*,#2707,.F.);
#3780=ORIENTED_EDGE('',*,*,#2708,.F.);
#3781=ORIENTED_EDGE('',*,*,#2571,.F.);
#3782=ORIENTED_EDGE('',*,*,#2708,.T.);
#3783=ORIENTED_EDGE('',*,*,#2709,.F.);
#3784=ORIENTED_EDGE('',*,*,#2710,.F.);
#3785=ORIENTED_EDGE('',*,*,#2572,.F.);
#3786=ORIENTED_EDGE('',*,*,#2710,.T.);
#3787=ORIENTED_EDGE('',*,*,#2711,.F.);
#3788=ORIENTED_EDGE('',*,*,#2712,.F.);
#3789=ORIENTED_EDGE('',*,*,#2573,.F.);
#3790=ORIENTED_EDGE('',*,*,#2712,.T.);
#3791=ORIENTED_EDGE('',*,*,#2713,.F.);
#3792=ORIENTED_EDGE('',*,*,#2714,.F.);
#3793=ORIENTED_EDGE('',*,*,#2574,.F.);
#3794=ORIENTED_EDGE('',*,*,#2714,.T.);
#3795=ORIENTED_EDGE('',*,*,#2715,.F.);
#3796=ORIENTED_EDGE('',*,*,#2716,.F.);
#3797=ORIENTED_EDGE('',*,*,#2575,.F.);
#3798=ORIENTED_EDGE('',*,*,#2716,.T.);
#3799=ORIENTED_EDGE('',*,*,#2717,.F.);
#3800=ORIENTED_EDGE('',*,*,#2718,.F.);
#3801=ORIENTED_EDGE('',*,*,#2576,.F.);
#3802=ORIENTED_EDGE('',*,*,#2718,.T.);
#3803=ORIENTED_EDGE('',*,*,#2719,.F.);
#3804=ORIENTED_EDGE('',*,*,#2720,.F.);
#3805=ORIENTED_EDGE('',*,*,#2577,.F.);
#3806=ORIENTED_EDGE('',*,*,#2720,.T.);
#3807=ORIENTED_EDGE('',*,*,#2721,.F.);
#3808=ORIENTED_EDGE('',*,*,#2722,.F.);
#3809=ORIENTED_EDGE('',*,*,#2578,.F.);
#3810=ORIENTED_EDGE('',*,*,#2722,.T.);
#3811=ORIENTED_EDGE('',*,*,#2723,.F.);
#3812=ORIENTED_EDGE('',*,*,#2724,.F.);
#3813=ORIENTED_EDGE('',*,*,#2579,.F.);
#3814=ORIENTED_EDGE('',*,*,#2724,.T.);
#3815=ORIENTED_EDGE('',*,*,#2725,.F.);
#3816=ORIENTED_EDGE('',*,*,#2726,.F.);
#3817=ORIENTED_EDGE('',*,*,#2580,.F.);
#3818=ORIENTED_EDGE('',*,*,#2726,.T.);
#3819=ORIENTED_EDGE('',*,*,#2727,.F.);
#3820=ORIENTED_EDGE('',*,*,#2728,.F.);
#3821=ORIENTED_EDGE('',*,*,#2581,.F.);
#3822=ORIENTED_EDGE('',*,*,#2728,.T.);
#3823=ORIENTED_EDGE('',*,*,#2729,.F.);
#3824=ORIENTED_EDGE('',*,*,#2730,.F.);
#3825=ORIENTED_EDGE('',*,*,#2582,.F.);
#3826=ORIENTED_EDGE('',*,*,#2730,.T.);
#3827=ORIENTED_EDGE('',*,*,#2731,.F.);
#3828=ORIENTED_EDGE('',*,*,#2732,.F.);
#3829=ORIENTED_EDGE('',*,*,#2583,.F.);
#3830=ORIENTED_EDGE('',*,*,#2732,.T.);
#3831=ORIENTED_EDGE('',*,*,#2733,.F.);
#3832=ORIENTED_EDGE('',*,*,#2734,.F.);
#3833=ORIENTED_EDGE('',*,*,#2584,.F.);
#3834=ORIENTED_EDGE('',*,*,#2734,.T.);
#3835=ORIENTED_EDGE('',*,*,#2735,.F.);
#3836=ORIENTED_EDGE('',*,*,#2736,.F.);
#3837=ORIENTED_EDGE('',*,*,#2585,.F.);
#3838=ORIENTED_EDGE('',*,*,#2736,.T.);
#3839=ORIENTED_EDGE('',*,*,#2737,.F.);
#3840=ORIENTED_EDGE('',*,*,#2738,.F.);
#3841=ORIENTED_EDGE('',*,*,#2586,.F.);
#3842=ORIENTED_EDGE('',*,*,#2738,.T.);
#3843=ORIENTED_EDGE('',*,*,#2739,.F.);
#3844=ORIENTED_EDGE('',*,*,#2740,.F.);
#3845=ORIENTED_EDGE('',*,*,#2587,.F.);
#3846=ORIENTED_EDGE('',*,*,#2740,.T.);
#3847=ORIENTED_EDGE('',*,*,#2741,.F.);
#3848=ORIENTED_EDGE('',*,*,#2742,.F.);
#3849=ORIENTED_EDGE('',*,*,#2588,.F.);
#3850=ORIENTED_EDGE('',*,*,#2742,.T.);
#3851=ORIENTED_EDGE('',*,*,#2743,.F.);
#3852=ORIENTED_EDGE('',*,*,#2744,.F.);
#3853=ORIENTED_EDGE('',*,*,#2589,.F.);
#3854=ORIENTED_EDGE('',*,*,#2744,.T.);
#3855=ORIENTED_EDGE('',*,*,#2745,.F.);
#3856=ORIENTED_EDGE('',*,*,#2746,.F.);
#3857=ORIENTED_EDGE('',*,*,#2590,.F.);
#3858=ORIENTED_EDGE('',*,*,#2746,.T.);
#3859=ORIENTED_EDGE('',*,*,#2747,.F.);
#3860=ORIENTED_EDGE('',*,*,#2748,.F.);
#3861=ORIENTED_EDGE('',*,*,#2591,.F.);
#3862=ORIENTED_EDGE('',*,*,#2748,.T.);
#3863=ORIENTED_EDGE('',*,*,#2749,.F.);
#3864=ORIENTED_EDGE('',*,*,#2750,.F.);
#3865=ORIENTED_EDGE('',*,*,#2592,.F.);
#3866=ORIENTED_EDGE('',*,*,#2750,.T.);
#3867=ORIENTED_EDGE('',*,*,#2751,.F.);
#3868=ORIENTED_EDGE('',*,*,#2752,.F.);
#3869=ORIENTED_EDGE('',*,*,#2593,.F.);
#3870=ORIENTED_EDGE('',*,*,#2752,.T.);
#3871=ORIENTED_EDGE('',*,*,#2753,.F.);
#3872=ORIENTED_EDGE('',*,*,#2754,.F.);
#3873=ORIENTED_EDGE('',*,*,#2594,.F.);
#3874=ORIENTED_EDGE('',*,*,#2754,.T.);
#3875=ORIENTED_EDGE('',*,*,#2755,.F.);
#3876=ORIENTED_EDGE('',*,*,#2756,.F.);
#3877=ORIENTED_EDGE('',*,*,#2595,.F.);
#3878=ORIENTED_EDGE('',*,*,#2756,.T.);
#3879=ORIENTED_EDGE('',*,*,#2757,.F.);
#3880=ORIENTED_EDGE('',*,*,#2758,.F.);
#3881=ORIENTED_EDGE('',*,*,#2596,.F.);
#3882=ORIENTED_EDGE('',*,*,#2758,.T.);
#3883=ORIENTED_EDGE('',*,*,#2759,.F.);
#3884=ORIENTED_EDGE('',*,*,#2760,.F.);
#3885=ORIENTED_EDGE('',*,*,#2597,.F.);
#3886=ORIENTED_EDGE('',*,*,#2760,.T.);
#3887=ORIENTED_EDGE('',*,*,#2761,.F.);
#3888=ORIENTED_EDGE('',*,*,#2762,.F.);
#3889=ORIENTED_EDGE('',*,*,#2598,.F.);
#3890=ORIENTED_EDGE('',*,*,#2762,.T.);
#3891=ORIENTED_EDGE('',*,*,#2763,.F.);
#3892=ORIENTED_EDGE('',*,*,#2764,.F.);
#3893=ORIENTED_EDGE('',*,*,#2599,.F.);
#3894=ORIENTED_EDGE('',*,*,#2764,.T.);
#3895=ORIENTED_EDGE('',*,*,#2765,.F.);
#3896=ORIENTED_EDGE('',*,*,#2766,.F.);
#3897=ORIENTED_EDGE('',*,*,#2600,.F.);
#3898=ORIENTED_EDGE('',*,*,#2766,.T.);
#3899=ORIENTED_EDGE('',*,*,#2767,.F.);
#3900=ORIENTED_EDGE('',*,*,#2768,.F.);
#3901=ORIENTED_EDGE('',*,*,#2601,.F.);
#3902=ORIENTED_EDGE('',*,*,#2768,.T.);
#3903=ORIENTED_EDGE('',*,*,#2769,.F.);
#3904=ORIENTED_EDGE('',*,*,#2770,.F.);
#3905=ORIENTED_EDGE('',*,*,#2602,.F.);
#3906=ORIENTED_EDGE('',*,*,#2770,.T.);
#3907=ORIENTED_EDGE('',*,*,#2771,.F.);
#3908=ORIENTED_EDGE('',*,*,#2772,.F.);
#3909=ORIENTED_EDGE('',*,*,#2603,.F.);
#3910=ORIENTED_EDGE('',*,*,#2772,.T.);
#3911=ORIENTED_EDGE('',*,*,#2773,.F.);
#3912=ORIENTED_EDGE('',*,*,#2774,.F.);
#3913=ORIENTED_EDGE('',*,*,#2604,.F.);
#3914=ORIENTED_EDGE('',*,*,#2774,.T.);
#3915=ORIENTED_EDGE('',*,*,#2775,.F.);
#3916=ORIENTED_EDGE('',*,*,#2776,.F.);
#3917=ORIENTED_EDGE('',*,*,#2605,.F.);
#3918=ORIENTED_EDGE('',*,*,#2776,.T.);
#3919=ORIENTED_EDGE('',*,*,#2777,.F.);
#3920=ORIENTED_EDGE('',*,*,#2778,.F.);
#3921=ORIENTED_EDGE('',*,*,#2606,.F.);
#3922=ORIENTED_EDGE('',*,*,#2778,.T.);
#3923=ORIENTED_EDGE('',*,*,#2779,.F.);
#3924=ORIENTED_EDGE('',*,*,#2780,.F.);
#3925=ORIENTED_EDGE('',*,*,#2607,.F.);
#3926=ORIENTED_EDGE('',*,*,#2780,.T.);
#3927=ORIENTED_EDGE('',*,*,#2781,.F.);
#3928=ORIENTED_EDGE('',*,*,#2782,.F.);
#3929=ORIENTED_EDGE('',*,*,#2608,.F.);
#3930=ORIENTED_EDGE('',*,*,#2782,.T.);
#3931=ORIENTED_EDGE('',*,*,#2783,.F.);
#3932=ORIENTED_EDGE('',*,*,#2784,.F.);
#3933=ORIENTED_EDGE('',*,*,#2609,.F.);
#3934=ORIENTED_EDGE('',*,*,#2784,.T.);
#3935=ORIENTED_EDGE('',*,*,#2785,.F.);
#3936=ORIENTED_EDGE('',*,*,#2786,.F.);
#3937=ORIENTED_EDGE('',*,*,#2610,.F.);
#3938=ORIENTED_EDGE('',*,*,#2786,.T.);
#3939=ORIENTED_EDGE('',*,*,#2787,.F.);
#3940=ORIENTED_EDGE('',*,*,#2788,.F.);
#3941=ORIENTED_EDGE('',*,*,#2611,.F.);
#3942=ORIENTED_EDGE('',*,*,#2788,.T.);
#3943=ORIENTED_EDGE('',*,*,#2789,.F.);
#3944=ORIENTED_EDGE('',*,*,#2790,.F.);
#3945=ORIENTED_EDGE('',*,*,#2612,.F.);
#3946=ORIENTED_EDGE('',*,*,#2790,.T.);
#3947=ORIENTED_EDGE('',*,*,#2791,.F.);
#3948=ORIENTED_EDGE('',*,*,#2792,.F.);
#3949=ORIENTED_EDGE('',*,*,#2613,.F.);
#3950=ORIENTED_EDGE('',*,*,#2792,.T.);
#3951=ORIENTED_EDGE('',*,*,#2793,.F.);
#3952=ORIENTED_EDGE('',*,*,#2704,.F.);
#3953=ORIENTED_EDGE('',*,*,#2261,.F.);
#3954=ORIENTED_EDGE('',*,*,#2326,.F.);
#3955=ORIENTED_EDGE('',*,*,#2794,.F.);
#3956=ORIENTED_EDGE('',*,*,#2795,.T.);
#3957=ORIENTED_EDGE('',*,*,#2545,.T.);
#3958=ORIENTED_EDGE('',*,*,#2567,.T.);
#3959=ORIENTED_EDGE('',*,*,#2564,.T.);
#3960=ORIENTED_EDGE('',*,*,#2561,.T.);
#3961=ORIENTED_EDGE('',*,*,#2558,.T.);
#3962=ORIENTED_EDGE('',*,*,#2555,.T.);
#3963=ORIENTED_EDGE('',*,*,#2552,.T.);
#3964=ORIENTED_EDGE('',*,*,#2549,.T.);
#3965=ORIENTED_EDGE('',*,*,#2264,.F.);
#3966=ORIENTED_EDGE('',*,*,#2795,.F.);
#3967=ORIENTED_EDGE('',*,*,#2796,.F.);
#3968=ORIENTED_EDGE('',*,*,#2797,.T.);
#3969=ORIENTED_EDGE('',*,*,#2267,.F.);
#3970=ORIENTED_EDGE('',*,*,#2797,.F.);
#3971=ORIENTED_EDGE('',*,*,#2798,.F.);
#3972=ORIENTED_EDGE('',*,*,#2799,.T.);
#3973=ORIENTED_EDGE('',*,*,#2270,.F.);
#3974=ORIENTED_EDGE('',*,*,#2799,.F.);
#3975=ORIENTED_EDGE('',*,*,#2800,.F.);
#3976=ORIENTED_EDGE('',*,*,#2801,.T.);
#3977=ORIENTED_EDGE('',*,*,#2273,.F.);
#3978=ORIENTED_EDGE('',*,*,#2801,.F.);
#3979=ORIENTED_EDGE('',*,*,#2802,.F.);
#3980=ORIENTED_EDGE('',*,*,#2803,.T.);
#3981=ORIENTED_EDGE('',*,*,#2276,.F.);
#3982=ORIENTED_EDGE('',*,*,#2803,.F.);
#3983=ORIENTED_EDGE('',*,*,#2804,.F.);
#3984=ORIENTED_EDGE('',*,*,#2805,.T.);
#3985=ORIENTED_EDGE('',*,*,#2279,.F.);
#3986=ORIENTED_EDGE('',*,*,#2805,.F.);
#3987=ORIENTED_EDGE('',*,*,#2806,.F.);
#3988=ORIENTED_EDGE('',*,*,#2807,.T.);
#3989=ORIENTED_EDGE('',*,*,#2282,.F.);
#3990=ORIENTED_EDGE('',*,*,#2807,.F.);
#3991=ORIENTED_EDGE('',*,*,#2808,.F.);
#3992=ORIENTED_EDGE('',*,*,#2809,.T.);
#3993=ORIENTED_EDGE('',*,*,#2285,.F.);
#3994=ORIENTED_EDGE('',*,*,#2809,.F.);
#3995=ORIENTED_EDGE('',*,*,#2810,.F.);
#3996=ORIENTED_EDGE('',*,*,#2811,.T.);
#3997=ORIENTED_EDGE('',*,*,#2288,.F.);
#3998=ORIENTED_EDGE('',*,*,#2811,.F.);
#3999=ORIENTED_EDGE('',*,*,#2812,.F.);
#4000=ORIENTED_EDGE('',*,*,#2813,.T.);
#4001=ORIENTED_EDGE('',*,*,#2291,.F.);
#4002=ORIENTED_EDGE('',*,*,#2813,.F.);
#4003=ORIENTED_EDGE('',*,*,#2814,.F.);
#4004=ORIENTED_EDGE('',*,*,#2815,.T.);
#4005=ORIENTED_EDGE('',*,*,#2294,.F.);
#4006=ORIENTED_EDGE('',*,*,#2815,.F.);
#4007=ORIENTED_EDGE('',*,*,#2816,.F.);
#4008=ORIENTED_EDGE('',*,*,#2817,.T.);
#4009=ORIENTED_EDGE('',*,*,#2297,.F.);
#4010=ORIENTED_EDGE('',*,*,#2817,.F.);
#4011=ORIENTED_EDGE('',*,*,#2818,.F.);
#4012=ORIENTED_EDGE('',*,*,#2819,.T.);
#4013=ORIENTED_EDGE('',*,*,#2300,.F.);
#4014=ORIENTED_EDGE('',*,*,#2819,.F.);
#4015=ORIENTED_EDGE('',*,*,#2820,.F.);
#4016=ORIENTED_EDGE('',*,*,#2821,.T.);
#4017=ORIENTED_EDGE('',*,*,#2303,.F.);
#4018=ORIENTED_EDGE('',*,*,#2821,.F.);
#4019=ORIENTED_EDGE('',*,*,#2822,.F.);
#4020=ORIENTED_EDGE('',*,*,#2823,.T.);
#4021=ORIENTED_EDGE('',*,*,#2306,.F.);
#4022=ORIENTED_EDGE('',*,*,#2823,.F.);
#4023=ORIENTED_EDGE('',*,*,#2824,.F.);
#4024=ORIENTED_EDGE('',*,*,#2825,.T.);
#4025=ORIENTED_EDGE('',*,*,#2309,.F.);
#4026=ORIENTED_EDGE('',*,*,#2825,.F.);
#4027=ORIENTED_EDGE('',*,*,#2826,.F.);
#4028=ORIENTED_EDGE('',*,*,#2827,.T.);
#4029=ORIENTED_EDGE('',*,*,#2312,.F.);
#4030=ORIENTED_EDGE('',*,*,#2827,.F.);
#4031=ORIENTED_EDGE('',*,*,#2828,.F.);
#4032=ORIENTED_EDGE('',*,*,#2829,.T.);
#4033=ORIENTED_EDGE('',*,*,#2315,.F.);
#4034=ORIENTED_EDGE('',*,*,#2829,.F.);
#4035=ORIENTED_EDGE('',*,*,#2830,.F.);
#4036=ORIENTED_EDGE('',*,*,#2831,.T.);
#4037=ORIENTED_EDGE('',*,*,#2318,.F.);
#4038=ORIENTED_EDGE('',*,*,#2831,.F.);
#4039=ORIENTED_EDGE('',*,*,#2832,.F.);
#4040=ORIENTED_EDGE('',*,*,#2833,.T.);
#4041=ORIENTED_EDGE('',*,*,#2321,.F.);
#4042=ORIENTED_EDGE('',*,*,#2833,.F.);
#4043=ORIENTED_EDGE('',*,*,#2834,.F.);
#4044=ORIENTED_EDGE('',*,*,#2835,.T.);
#4045=ORIENTED_EDGE('',*,*,#2323,.F.);
#4046=ORIENTED_EDGE('',*,*,#2835,.F.);
#4047=ORIENTED_EDGE('',*,*,#2836,.F.);
#4048=ORIENTED_EDGE('',*,*,#2373,.T.);
#4049=ORIENTED_EDGE('',*,*,#2336,.T.);
#4050=ORIENTED_EDGE('',*,*,#2338,.T.);
#4051=ORIENTED_EDGE('',*,*,#2340,.T.);
#4052=ORIENTED_EDGE('',*,*,#2342,.T.);
#4053=ORIENTED_EDGE('',*,*,#2344,.T.);
#4054=ORIENTED_EDGE('',*,*,#2346,.T.);
#4055=ORIENTED_EDGE('',*,*,#2348,.T.);
#4056=ORIENTED_EDGE('',*,*,#2350,.T.);
#4057=ORIENTED_EDGE('',*,*,#2352,.T.);
#4058=ORIENTED_EDGE('',*,*,#2354,.T.);
#4059=ORIENTED_EDGE('',*,*,#2356,.T.);
#4060=ORIENTED_EDGE('',*,*,#2358,.T.);
#4061=ORIENTED_EDGE('',*,*,#2360,.T.);
#4062=ORIENTED_EDGE('',*,*,#2362,.T.);
#4063=ORIENTED_EDGE('',*,*,#2364,.T.);
#4064=ORIENTED_EDGE('',*,*,#2366,.T.);
#4065=ORIENTED_EDGE('',*,*,#2372,.T.);
#4066=ORIENTED_EDGE('',*,*,#2374,.T.);
#4067=ORIENTED_EDGE('',*,*,#2836,.T.);
#4068=ORIENTED_EDGE('',*,*,#2834,.T.);
#4069=ORIENTED_EDGE('',*,*,#2832,.T.);
#4070=ORIENTED_EDGE('',*,*,#2830,.T.);
#4071=ORIENTED_EDGE('',*,*,#2828,.T.);
#4072=ORIENTED_EDGE('',*,*,#2826,.T.);
#4073=ORIENTED_EDGE('',*,*,#2824,.T.);
#4074=ORIENTED_EDGE('',*,*,#2822,.T.);
#4075=ORIENTED_EDGE('',*,*,#2820,.T.);
#4076=ORIENTED_EDGE('',*,*,#2818,.T.);
#4077=ORIENTED_EDGE('',*,*,#2816,.T.);
#4078=ORIENTED_EDGE('',*,*,#2814,.T.);
#4079=ORIENTED_EDGE('',*,*,#2812,.T.);
#4080=ORIENTED_EDGE('',*,*,#2810,.T.);
#4081=ORIENTED_EDGE('',*,*,#2808,.T.);
#4082=ORIENTED_EDGE('',*,*,#2806,.T.);
#4083=ORIENTED_EDGE('',*,*,#2804,.T.);
#4084=ORIENTED_EDGE('',*,*,#2802,.T.);
#4085=ORIENTED_EDGE('',*,*,#2800,.T.);
#4086=ORIENTED_EDGE('',*,*,#2798,.T.);
#4087=ORIENTED_EDGE('',*,*,#2796,.T.);
#4088=ORIENTED_EDGE('',*,*,#2794,.T.);
#4089=ORIENTED_EDGE('',*,*,#2325,.T.);
#4090=ORIENTED_EDGE('',*,*,#2328,.T.);
#4091=ORIENTED_EDGE('',*,*,#2330,.T.);
#4092=ORIENTED_EDGE('',*,*,#2332,.T.);
#4093=ORIENTED_EDGE('',*,*,#2334,.T.);
#4094=ORIENTED_EDGE('',*,*,#2793,.T.);
#4095=ORIENTED_EDGE('',*,*,#2791,.T.);
#4096=ORIENTED_EDGE('',*,*,#2789,.T.);
#4097=ORIENTED_EDGE('',*,*,#2787,.T.);
#4098=ORIENTED_EDGE('',*,*,#2785,.T.);
#4099=ORIENTED_EDGE('',*,*,#2783,.T.);
#4100=ORIENTED_EDGE('',*,*,#2781,.T.);
#4101=ORIENTED_EDGE('',*,*,#2779,.T.);
#4102=ORIENTED_EDGE('',*,*,#2777,.T.);
#4103=ORIENTED_EDGE('',*,*,#2775,.T.);
#4104=ORIENTED_EDGE('',*,*,#2773,.T.);
#4105=ORIENTED_EDGE('',*,*,#2771,.T.);
#4106=ORIENTED_EDGE('',*,*,#2769,.T.);
#4107=ORIENTED_EDGE('',*,*,#2767,.T.);
#4108=ORIENTED_EDGE('',*,*,#2765,.T.);
#4109=ORIENTED_EDGE('',*,*,#2763,.T.);
#4110=ORIENTED_EDGE('',*,*,#2761,.T.);
#4111=ORIENTED_EDGE('',*,*,#2759,.T.);
#4112=ORIENTED_EDGE('',*,*,#2757,.T.);
#4113=ORIENTED_EDGE('',*,*,#2755,.T.);
#4114=ORIENTED_EDGE('',*,*,#2753,.T.);
#4115=ORIENTED_EDGE('',*,*,#2751,.T.);
#4116=ORIENTED_EDGE('',*,*,#2749,.T.);
#4117=ORIENTED_EDGE('',*,*,#2747,.T.);
#4118=ORIENTED_EDGE('',*,*,#2745,.T.);
#4119=ORIENTED_EDGE('',*,*,#2743,.T.);
#4120=ORIENTED_EDGE('',*,*,#2741,.T.);
#4121=ORIENTED_EDGE('',*,*,#2739,.T.);
#4122=ORIENTED_EDGE('',*,*,#2737,.T.);
#4123=ORIENTED_EDGE('',*,*,#2735,.T.);
#4124=ORIENTED_EDGE('',*,*,#2733,.T.);
#4125=ORIENTED_EDGE('',*,*,#2731,.T.);
#4126=ORIENTED_EDGE('',*,*,#2729,.T.);
#4127=ORIENTED_EDGE('',*,*,#2727,.T.);
#4128=ORIENTED_EDGE('',*,*,#2725,.T.);
#4129=ORIENTED_EDGE('',*,*,#2723,.T.);
#4130=ORIENTED_EDGE('',*,*,#2721,.T.);
#4131=ORIENTED_EDGE('',*,*,#2719,.T.);
#4132=ORIENTED_EDGE('',*,*,#2717,.T.);
#4133=ORIENTED_EDGE('',*,*,#2715,.T.);
#4134=ORIENTED_EDGE('',*,*,#2713,.T.);
#4135=ORIENTED_EDGE('',*,*,#2711,.T.);
#4136=ORIENTED_EDGE('',*,*,#2709,.T.);
#4137=ORIENTED_EDGE('',*,*,#2707,.T.);
#4138=ORIENTED_EDGE('',*,*,#2705,.T.);
#4139=CYLINDRICAL_SURFACE('',#4492,0.750000000000002);
#4140=CYLINDRICAL_SURFACE('',#4588,4.09999999999998);
#4141=CYLINDRICAL_SURFACE('',#4591,4.10000000000003);
#4142=CYLINDRICAL_SURFACE('',#4594,4.1);
#4143=CYLINDRICAL_SURFACE('',#4597,1.9);
#4144=CYLINDRICAL_SURFACE('',#4600,4.1);
#4145=CYLINDRICAL_SURFACE('',#4603,1.9);
#4146=CYLINDRICAL_SURFACE('',#4606,1.9);
#4147=CYLINDRICAL_SURFACE('',#4609,4.09999999999998);
#4148=CYLINDRICAL_SURFACE('',#4612,1.9);
#4149=CYLINDRICAL_SURFACE('',#4614,4.09999999999998);
#4150=CYLINDRICAL_SURFACE('',#4617,4.1);
#4151=CYLINDRICAL_SURFACE('',#4620,4.1);
#4152=CYLINDRICAL_SURFACE('',#4663,3.);
#4153=CYLINDRICAL_SURFACE('',#4671,3.);
#4154=CYLINDRICAL_SURFACE('',#4677,3.);
#4155=CYLINDRICAL_SURFACE('',#4678,3.);
#4156=CYLINDRICAL_SURFACE('',#4680,0.8115);
#4157=CYLINDRICAL_SURFACE('',#4682,0.8115);
#4158=CYLINDRICAL_SURFACE('',#4684,0.8115);
#4159=CYLINDRICAL_SURFACE('',#4686,0.8115);
#4160=CYLINDRICAL_SURFACE('',#4688,0.8115);
#4161=CYLINDRICAL_SURFACE('',#4690,0.8115);
#4162=CYLINDRICAL_SURFACE('',#4692,0.8115);
#4163=CYLINDRICAL_SURFACE('',#4695,2.25);
#4164=CYLINDRICAL_SURFACE('',#4701,2.25);
#4165=CYLINDRICAL_SURFACE('',#4707,2.25);
#4166=CYLINDRICAL_SURFACE('',#4713,2.25);
#4167=CYLINDRICAL_SURFACE('',#4719,2.25);
#4168=CYLINDRICAL_SURFACE('',#4726,2.25000000000001);
#4169=CYLINDRICAL_SURFACE('',#4732,2.25);
#4170=CYLINDRICAL_SURFACE('',#4738,1.38);
#4171=CYLINDRICAL_SURFACE('',#4742,1.38000000000001);
#4172=CYLINDRICAL_SURFACE('',#4746,1.38);
#4173=CYLINDRICAL_SURFACE('',#4750,1.37999999999999);
#4174=CYLINDRICAL_SURFACE('',#4802,1.5);
#4175=CYLINDRICAL_SURFACE('',#4804,1.50000000000003);
#4176=CYLINDRICAL_SURFACE('',#4806,1.49999999999999);
#4177=CYLINDRICAL_SURFACE('',#4808,4.5);
#4178=CYLINDRICAL_SURFACE('',#4810,1.49999999999999);
#4179=CYLINDRICAL_SURFACE('',#4812,4.5);
#4180=CYLINDRICAL_SURFACE('',#4813,1.5);
#4181=CYLINDRICAL_SURFACE('',#4815,4.5);
#4182=CYLINDRICAL_SURFACE('',#4817,1.50000000000002);
#4183=CYLINDRICAL_SURFACE('',#4819,1.49999999999998);
#4184=CYLINDRICAL_SURFACE('',#4821,4.5);
#4185=CYLINDRICAL_SURFACE('',#4823,1.49999999999999);
#4186=CYLINDRICAL_SURFACE('',#4825,4.5);
#4187=CYLINDRICAL_SURFACE('',#4827,1.49999999999999);
#4188=CYLINDRICAL_SURFACE('',#4828,4.5);
#4189=CYLINDRICAL_SURFACE('',#4830,1.5);
#4190=CYLINDRICAL_SURFACE('',#4832,1.5);
#4191=CYLINDRICAL_SURFACE('',#4834,1.49999999999999);
#4192=CYLINDRICAL_SURFACE('',#4835,4.5);
#4193=CYLINDRICAL_SURFACE('',#4837,1.49999999999998);
#4194=CYLINDRICAL_SURFACE('',#4839,4.5);
#4195=CYLINDRICAL_SURFACE('',#4841,4.5);
#4196=CYLINDRICAL_SURFACE('',#4843,1.5);
#4197=CYLINDRICAL_SURFACE('',#4845,4.5);
#4198=CYLINDRICAL_SURFACE('',#4847,2.9);
#4199=CYLINDRICAL_SURFACE('',#4850,3.1);
#4200=CYLINDRICAL_SURFACE('',#4853,2.9);
#4201=CYLINDRICAL_SURFACE('',#4856,2.9);
#4202=CYLINDRICAL_SURFACE('',#4859,3.09999999999998);
#4203=CYLINDRICAL_SURFACE('',#4862,2.9);
#4204=CYLINDRICAL_SURFACE('',#4864,3.09999999999998);
#4205=CYLINDRICAL_SURFACE('',#4867,3.1);
#4206=CYLINDRICAL_SURFACE('',#4870,3.1);
#4207=CYLINDRICAL_SURFACE('',#4873,2.9);
#4208=CYLINDRICAL_SURFACE('',#4875,3.1);
#4209=CYLINDRICAL_SURFACE('',#4878,2.9);
#4210=CYLINDRICAL_SURFACE('',#4881,3.09999999999999);
#4211=CYLINDRICAL_SURFACE('',#4884,2.9);
#4212=CYLINDRICAL_SURFACE('',#4887,3.09999999999998);
#4213=CYLINDRICAL_SURFACE('',#4890,3.10000000000002);
#4214=CYLINDRICAL_SURFACE('',#4893,2.9);
#4215=CYLINDRICAL_SURFACE('',#4896,3.09999999999999);
#4216=CYLINDRICAL_SURFACE('',#4898,2.9);
#4217=CYLINDRICAL_SURFACE('',#4901,3.09999999999999);
#4218=CYLINDRICAL_SURFACE('',#4904,2.9);
#4219=CYLINDRICAL_SURFACE('',#4907,3.09999999999999);
#4220=CYLINDRICAL_SURFACE('',#4910,3.10000000000003);
#4221=CYLINDRICAL_SURFACE('',#4913,3.1);
#4222=CYLINDRICAL_SURFACE('',#4917,1.9);
#4223=CYLINDRICAL_SURFACE('',#4920,4.09999999999999);
#4224=CYLINDRICAL_SURFACE('',#4923,1.9);
#4225=CYLINDRICAL_SURFACE('',#4925,4.09999999999999);
#4226=CYLINDRICAL_SURFACE('',#4928,1.9);
#4227=CYLINDRICAL_SURFACE('',#4931,4.10000000000002);
#4228=CYLINDRICAL_SURFACE('',#4934,4.09999999999997);
#4229=CYLINDRICAL_SURFACE('',#4937,1.9);
#4230=CYLINDRICAL_SURFACE('',#4940,4.09999999999998);
#4231=CYLINDRICAL_SURFACE('',#4943,1.9);
#4232=CYLINDRICAL_SURFACE('',#4946,4.09999999999999);
#4233=CYLINDRICAL_SURFACE('',#4948,1.9);
#4234=ADVANCED_FACE('',(#182),#4139,.F.);
#4235=ADVANCED_FACE('',(#183),#57,.T.);
#4236=ADVANCED_FACE('',(#184),#33,.T.);
#4237=ADVANCED_FACE('',(#185),#58,.T.);
#4238=ADVANCED_FACE('',(#186),#34,.T.);
#4239=ADVANCED_FACE('',(#187),#59,.T.);
#4240=ADVANCED_FACE('',(#188),#35,.T.);
#4241=ADVANCED_FACE('',(#189),#36,.F.);
#4242=ADVANCED_FACE('',(#190),#60,.T.);
#4243=ADVANCED_FACE('',(#191),#37,.T.);
#4244=ADVANCED_FACE('',(#192),#61,.T.);
#4245=ADVANCED_FACE('',(#193),#38,.F.);
#4246=ADVANCED_FACE('',(#194),#62,.T.);
#4247=ADVANCED_FACE('',(#195),#39,.F.);
#4248=ADVANCED_FACE('',(#196),#63,.T.);
#4249=ADVANCED_FACE('',(#197),#40,.T.);
#4250=ADVANCED_FACE('',(#198),#64,.T.);
#4251=ADVANCED_FACE('',(#199),#41,.F.);
#4252=ADVANCED_FACE('',(#200),#65,.T.);
#4253=ADVANCED_FACE('',(#201),#42,.T.);
#4254=ADVANCED_FACE('',(#202),#66,.T.);
#4255=ADVANCED_FACE('',(#203),#43,.T.);
#4256=ADVANCED_FACE('',(#204),#67,.T.);
#4257=ADVANCED_FACE('',(#205),#44,.T.);
#4258=ADVANCED_FACE('',(#206),#68,.T.);
#4259=ADVANCED_FACE('',(#207),#45,.F.);
#4260=ADVANCED_FACE('',(#208),#69,.T.);
#4261=ADVANCED_FACE('',(#209),#46,.T.);
#4262=ADVANCED_FACE('',(#210),#70,.T.);
#4263=ADVANCED_FACE('',(#211),#47,.F.);
#4264=ADVANCED_FACE('',(#212),#48,.T.);
#4265=ADVANCED_FACE('',(#213),#71,.T.);
#4266=ADVANCED_FACE('',(#214),#49,.F.);
#4267=ADVANCED_FACE('',(#215),#72,.T.);
#4268=ADVANCED_FACE('',(#216),#50,.T.);
#4269=ADVANCED_FACE('',(#217),#73,.T.);
#4270=ADVANCED_FACE('',(#218),#51,.T.);
#4271=ADVANCED_FACE('',(#219),#74,.T.);
#4272=ADVANCED_FACE('',(#220),#52,.F.);
#4273=ADVANCED_FACE('',(#221),#75,.T.);
#4274=ADVANCED_FACE('',(#222),#53,.T.);
#4275=ADVANCED_FACE('',(#223),#76,.T.);
#4276=ADVANCED_FACE('',(#224),#54,.F.);
#4277=ADVANCED_FACE('',(#225),#77,.T.);
#4278=ADVANCED_FACE('',(#226),#55,.T.);
#4279=ADVANCED_FACE('',(#227),#56,.F.);
#4280=ADVANCED_FACE('',(#228),#4140,.T.);
#4281=ADVANCED_FACE('',(#229),#78,.T.);
#4282=ADVANCED_FACE('',(#230),#4141,.T.);
#4283=ADVANCED_FACE('',(#231),#79,.T.);
#4284=ADVANCED_FACE('',(#232),#4142,.T.);
#4285=ADVANCED_FACE('',(#233),#80,.T.);
#4286=ADVANCED_FACE('',(#234),#4143,.F.);
#4287=ADVANCED_FACE('',(#235),#81,.T.);
#4288=ADVANCED_FACE('',(#236),#4144,.T.);
#4289=ADVANCED_FACE('',(#237),#82,.T.);
#4290=ADVANCED_FACE('',(#238),#4145,.F.);
#4291=ADVANCED_FACE('',(#239),#83,.T.);
#4292=ADVANCED_FACE('',(#240),#4146,.F.);
#4293=ADVANCED_FACE('',(#241),#84,.T.);
#4294=ADVANCED_FACE('',(#242),#4147,.T.);
#4295=ADVANCED_FACE('',(#243),#85,.T.);
#4296=ADVANCED_FACE('',(#244),#4148,.F.);
#4297=ADVANCED_FACE('',(#245),#4149,.T.);
#4298=ADVANCED_FACE('',(#246),#86,.T.);
#4299=ADVANCED_FACE('',(#247),#4150,.T.);
#4300=ADVANCED_FACE('',(#248,#19),#87,.T.);
#4301=ADVANCED_FACE('',(#249),#4151,.T.);
#4302=ADVANCED_FACE('',(#250),#88,.T.);
#4303=ADVANCED_FACE('',(#251,#20),#89,.T.);
#4304=ADVANCED_FACE('',(#252,#21),#90,.F.);
#4305=ADVANCED_FACE('',(#253),#91,.F.);
#4306=ADVANCED_FACE('',(#254),#92,.F.);
#4307=ADVANCED_FACE('',(#255),#93,.F.);
#4308=ADVANCED_FACE('',(#256),#94,.F.);
#4309=ADVANCED_FACE('',(#257),#95,.F.);
#4310=ADVANCED_FACE('',(#258),#96,.F.);
#4311=ADVANCED_FACE('',(#259),#97,.F.);
#4312=ADVANCED_FACE('',(#260),#4152,.F.);
#4313=ADVANCED_FACE('',(#261),#98,.T.);
#4314=ADVANCED_FACE('',(#262),#99,.T.);
#4315=ADVANCED_FACE('',(#263),#4153,.F.);
#4316=ADVANCED_FACE('',(#264),#100,.F.);
#4317=ADVANCED_FACE('',(#265),#101,.T.);
#4318=ADVANCED_FACE('',(#266),#4154,.T.);
#4319=ADVANCED_FACE('',(#267),#4155,.T.);
#4320=ADVANCED_FACE('',(#268),#102,.F.);
#4321=ADVANCED_FACE('',(#269),#4156,.F.);
#4322=ADVANCED_FACE('',(#270),#4157,.F.);
#4323=ADVANCED_FACE('',(#271),#4158,.F.);
#4324=ADVANCED_FACE('',(#272),#4159,.F.);
#4325=ADVANCED_FACE('',(#273),#4160,.F.);
#4326=ADVANCED_FACE('',(#274),#4161,.F.);
#4327=ADVANCED_FACE('',(#275),#4162,.F.);
#4328=ADVANCED_FACE('',(#276),#103,.T.);
#4329=ADVANCED_FACE('',(#277),#4163,.T.);
#4330=ADVANCED_FACE('',(#278),#104,.T.);
#4331=ADVANCED_FACE('',(#279,#22),#105,.F.);
#4332=ADVANCED_FACE('',(#280),#106,.T.);
#4333=ADVANCED_FACE('',(#281),#4164,.T.);
#4334=ADVANCED_FACE('',(#282),#107,.T.);
#4335=ADVANCED_FACE('',(#283,#23),#108,.F.);
#4336=ADVANCED_FACE('',(#284),#109,.T.);
#4337=ADVANCED_FACE('',(#285),#4165,.T.);
#4338=ADVANCED_FACE('',(#286),#110,.T.);
#4339=ADVANCED_FACE('',(#287,#24),#111,.F.);
#4340=ADVANCED_FACE('',(#288),#112,.T.);
#4341=ADVANCED_FACE('',(#289),#4166,.T.);
#4342=ADVANCED_FACE('',(#290),#113,.T.);
#4343=ADVANCED_FACE('',(#291,#25),#114,.F.);
#4344=ADVANCED_FACE('',(#292),#115,.T.);
#4345=ADVANCED_FACE('',(#293),#4167,.T.);
#4346=ADVANCED_FACE('',(#294),#116,.T.);
#4347=ADVANCED_FACE('',(#295,#26),#117,.F.);
#4348=ADVANCED_FACE('',(#296),#118,.T.);
#4349=ADVANCED_FACE('',(#297),#119,.T.);
#4350=ADVANCED_FACE('',(#298),#4168,.T.);
#4351=ADVANCED_FACE('',(#299,#27),#120,.F.);
#4352=ADVANCED_FACE('',(#300),#121,.T.);
#4353=ADVANCED_FACE('',(#301),#4169,.T.);
#4354=ADVANCED_FACE('',(#302),#122,.T.);
#4355=ADVANCED_FACE('',(#303,#28),#123,.F.);
#4356=ADVANCED_FACE('',(#304),#124,.F.);
#4357=ADVANCED_FACE('',(#305),#4170,.F.);
#4358=ADVANCED_FACE('',(#306),#125,.F.);
#4359=ADVANCED_FACE('',(#307),#4171,.F.);
#4360=ADVANCED_FACE('',(#308),#126,.F.);
#4361=ADVANCED_FACE('',(#309),#4172,.F.);
#4362=ADVANCED_FACE('',(#310),#127,.F.);
#4363=ADVANCED_FACE('',(#311),#4173,.F.);
#4364=ADVANCED_FACE('',(#312,#29),#128,.F.);
#4365=ADVANCED_FACE('',(#313),#4174,.F.);
#4366=ADVANCED_FACE('',(#314),#129,.T.);
#4367=ADVANCED_FACE('',(#315),#4175,.F.);
#4368=ADVANCED_FACE('',(#316),#130,.T.);
#4369=ADVANCED_FACE('',(#317),#4176,.F.);
#4370=ADVANCED_FACE('',(#318,#30),#131,.T.);
#4371=ADVANCED_FACE('',(#319),#4177,.T.);
#4372=ADVANCED_FACE('',(#320),#132,.T.);
#4373=ADVANCED_FACE('',(#321),#4178,.F.);
#4374=ADVANCED_FACE('',(#322),#133,.T.);
#4375=ADVANCED_FACE('',(#323),#4179,.T.);
#4376=ADVANCED_FACE('',(#324),#4180,.F.);
#4377=ADVANCED_FACE('',(#325),#134,.T.);
#4378=ADVANCED_FACE('',(#326),#4181,.T.);
#4379=ADVANCED_FACE('',(#327),#135,.T.);
#4380=ADVANCED_FACE('',(#328),#4182,.F.);
#4381=ADVANCED_FACE('',(#329),#136,.T.);
#4382=ADVANCED_FACE('',(#330),#4183,.F.);
#4383=ADVANCED_FACE('',(#331),#137,.T.);
#4384=ADVANCED_FACE('',(#332),#4184,.T.);
#4385=ADVANCED_FACE('',(#333),#138,.T.);
#4386=ADVANCED_FACE('',(#334),#4185,.F.);
#4387=ADVANCED_FACE('',(#335),#139,.T.);
#4388=ADVANCED_FACE('',(#336),#4186,.T.);
#4389=ADVANCED_FACE('',(#337),#140,.T.);
#4390=ADVANCED_FACE('',(#338),#4187,.F.);
#4391=ADVANCED_FACE('',(#339),#4188,.T.);
#4392=ADVANCED_FACE('',(#340),#141,.T.);
#4393=ADVANCED_FACE('',(#341),#4189,.F.);
#4394=ADVANCED_FACE('',(#342),#142,.T.);
#4395=ADVANCED_FACE('',(#343),#4190,.F.);
#4396=ADVANCED_FACE('',(#344),#143,.T.);
#4397=ADVANCED_FACE('',(#345),#4191,.F.);
#4398=ADVANCED_FACE('',(#346),#4192,.T.);
#4399=ADVANCED_FACE('',(#347),#144,.T.);
#4400=ADVANCED_FACE('',(#348),#4193,.F.);
#4401=ADVANCED_FACE('',(#349),#145,.T.);
#4402=ADVANCED_FACE('',(#350),#4194,.T.);
#4403=ADVANCED_FACE('',(#351),#146,.T.);
#4404=ADVANCED_FACE('',(#352),#4195,.T.);
#4405=ADVANCED_FACE('',(#353),#147,.T.);
#4406=ADVANCED_FACE('',(#354),#4196,.F.);
#4407=ADVANCED_FACE('',(#355),#148,.T.);
#4408=ADVANCED_FACE('',(#356),#4197,.T.);
#4409=ADVANCED_FACE('',(#357),#149,.T.);
#4410=ADVANCED_FACE('',(#358),#4198,.T.);
#4411=ADVANCED_FACE('',(#359),#150,.T.);
#4412=ADVANCED_FACE('',(#360),#4199,.F.);
#4413=ADVANCED_FACE('',(#361),#151,.T.);
#4414=ADVANCED_FACE('',(#362),#4200,.T.);
#4415=ADVANCED_FACE('',(#363),#152,.T.);
#4416=ADVANCED_FACE('',(#364),#4201,.T.);
#4417=ADVANCED_FACE('',(#365),#153,.T.);
#4418=ADVANCED_FACE('',(#366),#4202,.F.);
#4419=ADVANCED_FACE('',(#367),#154,.T.);
#4420=ADVANCED_FACE('',(#368),#4203,.T.);
#4421=ADVANCED_FACE('',(#369),#4204,.F.);
#4422=ADVANCED_FACE('',(#370),#155,.T.);
#4423=ADVANCED_FACE('',(#371),#4205,.F.);
#4424=ADVANCED_FACE('',(#372),#156,.T.);
#4425=ADVANCED_FACE('',(#373),#4206,.F.);
#4426=ADVANCED_FACE('',(#374),#157,.T.);
#4427=ADVANCED_FACE('',(#375),#4207,.T.);
#4428=ADVANCED_FACE('',(#376),#4208,.F.);
#4429=ADVANCED_FACE('',(#377),#158,.T.);
#4430=ADVANCED_FACE('',(#378),#4209,.T.);
#4431=ADVANCED_FACE('',(#379),#159,.T.);
#4432=ADVANCED_FACE('',(#380),#4210,.F.);
#4433=ADVANCED_FACE('',(#381),#160,.T.);
#4434=ADVANCED_FACE('',(#382),#4211,.T.);
#4435=ADVANCED_FACE('',(#383),#161,.T.);
#4436=ADVANCED_FACE('',(#384),#4212,.F.);
#4437=ADVANCED_FACE('',(#385),#162,.T.);
#4438=ADVANCED_FACE('',(#386),#4213,.F.);
#4439=ADVANCED_FACE('',(#387),#163,.T.);
#4440=ADVANCED_FACE('',(#388),#4214,.T.);
#4441=ADVANCED_FACE('',(#389),#164,.T.);
#4442=ADVANCED_FACE('',(#390),#4215,.F.);
#4443=ADVANCED_FACE('',(#391),#4216,.T.);
#4444=ADVANCED_FACE('',(#392),#165,.T.);
#4445=ADVANCED_FACE('',(#393),#4217,.F.);
#4446=ADVANCED_FACE('',(#394),#166,.T.);
#4447=ADVANCED_FACE('',(#395),#4218,.T.);
#4448=ADVANCED_FACE('',(#396),#167,.T.);
#4449=ADVANCED_FACE('',(#397),#4219,.F.);
#4450=ADVANCED_FACE('',(#398),#168,.T.);
#4451=ADVANCED_FACE('',(#399),#4220,.F.);
#4452=ADVANCED_FACE('',(#400),#169,.T.);
#4453=ADVANCED_FACE('',(#401),#4221,.F.);
#4454=ADVANCED_FACE('',(#402),#170,.T.);
#4455=ADVANCED_FACE('',(#403,#31),#171,.T.);
#4456=ADVANCED_FACE('',(#404),#4222,.F.);
#4457=ADVANCED_FACE('',(#405),#172,.T.);
#4458=ADVANCED_FACE('',(#406),#4223,.T.);
#4459=ADVANCED_FACE('',(#407),#173,.T.);
#4460=ADVANCED_FACE('',(#408),#4224,.F.);
#4461=ADVANCED_FACE('',(#409),#4225,.T.);
#4462=ADVANCED_FACE('',(#410),#174,.T.);
#4463=ADVANCED_FACE('',(#411),#4226,.F.);
#4464=ADVANCED_FACE('',(#412),#175,.T.);
#4465=ADVANCED_FACE('',(#413),#4227,.T.);
#4466=ADVANCED_FACE('',(#414),#176,.T.);
#4467=ADVANCED_FACE('',(#415),#4228,.T.);
#4468=ADVANCED_FACE('',(#416),#177,.T.);
#4469=ADVANCED_FACE('',(#417),#4229,.F.);
#4470=ADVANCED_FACE('',(#418),#178,.T.);
#4471=ADVANCED_FACE('',(#419),#4230,.T.);
#4472=ADVANCED_FACE('',(#420),#179,.T.);
#4473=ADVANCED_FACE('',(#421),#4231,.F.);
#4474=ADVANCED_FACE('',(#422),#180,.T.);
#4475=ADVANCED_FACE('',(#423),#4232,.T.);
#4476=ADVANCED_FACE('',(#424),#4233,.F.);
#4477=ADVANCED_FACE('',(#425,#32),#181,.F.);
#4478=CLOSED_SHELL('',(#4234,#4235,#4236,#4237,#4238,#4239,#4240,#4241,
#4242,#4243,#4244,#4245,#4246,#4247,#4248,#4249,#4250,#4251,#4252,#4253,
#4254,#4255,#4256,#4257,#4258,#4259,#4260,#4261,#4262,#4263,#4264,#4265,
#4266,#4267,#4268,#4269,#4270,#4271,#4272,#4273,#4274,#4275,#4276,#4277,
#4278,#4279,#4280,#4281,#4282,#4283,#4284,#4285,#4286,#4287,#4288,#4289,
#4290,#4291,#4292,#4293,#4294,#4295,#4296,#4297,#4298,#4299,#4300,#4301,
#4302,#4303,#4304,#4305,#4306,#4307,#4308,#4309,#4310,#4311,#4312,#4313,
#4314,#4315,#4316,#4317,#4318,#4319,#4320,#4321,#4322,#4323,#4324,#4325,
#4326,#4327,#4328,#4329,#4330,#4331,#4332,#4333,#4334,#4335,#4336,#4337,
#4338,#4339,#4340,#4341,#4342,#4343,#4344,#4345,#4346,#4347,#4348,#4349,
#4350,#4351,#4352,#4353,#4354,#4355,#4356,#4357,#4358,#4359,#4360,#4361,
#4362,#4363,#4364,#4365,#4366,#4367,#4368,#4369,#4370,#4371,#4372,#4373,
#4374,#4375,#4376,#4377,#4378,#4379,#4380,#4381,#4382,#4383,#4384,#4385,
#4386,#4387,#4388,#4389,#4390,#4391,#4392,#4393,#4394,#4395,#4396,#4397,
#4398,#4399,#4400,#4401,#4402,#4403,#4404,#4405,#4406,#4407,#4408,#4409,
#4410,#4411,#4412,#4413,#4414,#4415,#4416,#4417,#4418,#4419,#4420,#4421,
#4422,#4423,#4424,#4425,#4426,#4427,#4428,#4429,#4430,#4431,#4432,#4433,
#4434,#4435,#4436,#4437,#4438,#4439,#4440,#4441,#4442,#4443,#4444,#4445,
#4446,#4447,#4448,#4449,#4450,#4451,#4452,#4453,#4454,#4455,#4456,#4457,
#4458,#4459,#4460,#4461,#4462,#4463,#4464,#4465,#4466,#4467,#4468,#4469,
#4470,#4471,#4472,#4473,#4474,#4475,#4476,#4477));
#4479=DERIVED_UNIT_ELEMENT(#4481,1.);
#4480=DERIVED_UNIT_ELEMENT(#7627,-3.);
#4481=(
MASS_UNIT()
NAMED_UNIT(*)
SI_UNIT(.KILO.,.GRAM.)
);
#4482=DERIVED_UNIT((#4479,#4480));
#4483=MEASURE_REPRESENTATION_ITEM('density measure',
POSITIVE_RATIO_MEASURE(7850.),#4482);
#4484=PROPERTY_DEFINITION_REPRESENTATION(#4489,#4486);
#4485=PROPERTY_DEFINITION_REPRESENTATION(#4490,#4487);
#4486=REPRESENTATION('material name',(#4488),#7624);
#4487=REPRESENTATION('density',(#4483),#7624);
#4488=DESCRIPTIVE_REPRESENTATION_ITEM('Steel','Steel');
#4489=PROPERTY_DEFINITION('material property','material name',#7634);
#4490=PROPERTY_DEFINITION('material property','density of part',#7634);
#4491=AXIS2_PLACEMENT_3D('',#6307,#4951,#4952);
#4492=AXIS2_PLACEMENT_3D('',#6308,#4953,#4954);
#4493=AXIS2_PLACEMENT_3D('',#6310,#4955,#4956);
#4494=AXIS2_PLACEMENT_3D('',#6313,#4958,#4959);
#4495=AXIS2_PLACEMENT_3D('',#6314,#4960,#4961);
#4496=AXIS2_PLACEMENT_3D('',#6323,#4966,#4967);
#4497=AXIS2_PLACEMENT_3D('',#6327,#4969,#4970);
#4498=AXIS2_PLACEMENT_3D('',#6328,#4971,#4972);
#4499=AXIS2_PLACEMENT_3D('',#6329,#4973,#4974);
#4500=AXIS2_PLACEMENT_3D('',#6335,#4978,#4979);
#4501=AXIS2_PLACEMENT_3D('',#6339,#4981,#4982);
#4502=AXIS2_PLACEMENT_3D('',#6340,#4983,#4984);
#4503=AXIS2_PLACEMENT_3D('',#6341,#4985,#4986);
#4504=AXIS2_PLACEMENT_3D('',#6347,#4990,#4991);
#4505=AXIS2_PLACEMENT_3D('',#6351,#4993,#4994);
#4506=AXIS2_PLACEMENT_3D('',#6352,#4995,#4996);
#4507=AXIS2_PLACEMENT_3D('',#6353,#4997,#4998);
#4508=AXIS2_PLACEMENT_3D('',#6357,#5000,#5001);
#4509=AXIS2_PLACEMENT_3D('',#6358,#5002,#5003);
#4510=AXIS2_PLACEMENT_3D('',#6359,#5004,#5005);
#4511=AXIS2_PLACEMENT_3D('',#6365,#5009,#5010);
#4512=AXIS2_PLACEMENT_3D('',#6369,#5012,#5013);
#4513=AXIS2_PLACEMENT_3D('',#6370,#5014,#5015);
#4514=AXIS2_PLACEMENT_3D('',#6371,#5016,#5017);
#4515=AXIS2_PLACEMENT_3D('',#6377,#5021,#5022);
#4516=AXIS2_PLACEMENT_3D('',#6381,#5024,#5025);
#4517=AXIS2_PLACEMENT_3D('',#6382,#5026,#5027);
#4518=AXIS2_PLACEMENT_3D('',#6383,#5028,#5029);
#4519=AXIS2_PLACEMENT_3D('',#6389,#5033,#5034);
#4520=AXIS2_PLACEMENT_3D('',#6393,#5036,#5037);
#4521=AXIS2_PLACEMENT_3D('',#6394,#5038,#5039);
#4522=AXIS2_PLACEMENT_3D('',#6395,#5040,#5041);
#4523=AXIS2_PLACEMENT_3D('',#6401,#5045,#5046);
#4524=AXIS2_PLACEMENT_3D('',#6405,#5048,#5049);
#4525=AXIS2_PLACEMENT_3D('',#6406,#5050,#5051);
#4526=AXIS2_PLACEMENT_3D('',#6407,#5052,#5053);
#4527=AXIS2_PLACEMENT_3D('',#6413,#5057,#5058);
#4528=AXIS2_PLACEMENT_3D('',#6417,#5060,#5061);
#4529=AXIS2_PLACEMENT_3D('',#6418,#5062,#5063);
#4530=AXIS2_PLACEMENT_3D('',#6419,#5064,#5065);
#4531=AXIS2_PLACEMENT_3D('',#6425,#5069,#5070);
#4532=AXIS2_PLACEMENT_3D('',#6429,#5072,#5073);
#4533=AXIS2_PLACEMENT_3D('',#6430,#5074,#5075);
#4534=AXIS2_PLACEMENT_3D('',#6431,#5076,#5077);
#4535=AXIS2_PLACEMENT_3D('',#6437,#5081,#5082);
#4536=AXIS2_PLACEMENT_3D('',#6441,#5084,#5085);
#4537=AXIS2_PLACEMENT_3D('',#6442,#5086,#5087);
#4538=AXIS2_PLACEMENT_3D('',#6443,#5088,#5089);
#4539=AXIS2_PLACEMENT_3D('',#6449,#5093,#5094);
#4540=AXIS2_PLACEMENT_3D('',#6453,#5096,#5097);
#4541=AXIS2_PLACEMENT_3D('',#6454,#5098,#5099);
#4542=AXIS2_PLACEMENT_3D('',#6455,#5100,#5101);
#4543=AXIS2_PLACEMENT_3D('',#6461,#5105,#5106);
#4544=AXIS2_PLACEMENT_3D('',#6465,#5108,#5109);
#4545=AXIS2_PLACEMENT_3D('',#6466,#5110,#5111);
#4546=AXIS2_PLACEMENT_3D('',#6467,#5112,#5113);
#4547=AXIS2_PLACEMENT_3D('',#6473,#5117,#5118);
#4548=AXIS2_PLACEMENT_3D('',#6477,#5120,#5121);
#4549=AXIS2_PLACEMENT_3D('',#6478,#5122,#5123);
#4550=AXIS2_PLACEMENT_3D('',#6479,#5124,#5125);
#4551=AXIS2_PLACEMENT_3D('',#6485,#5129,#5130);
#4552=AXIS2_PLACEMENT_3D('',#6489,#5132,#5133);
#4553=AXIS2_PLACEMENT_3D('',#6490,#5134,#5135);
#4554=AXIS2_PLACEMENT_3D('',#6491,#5136,#5137);
#4555=AXIS2_PLACEMENT_3D('',#6495,#5139,#5140);
#4556=AXIS2_PLACEMENT_3D('',#6496,#5141,#5142);
#4557=AXIS2_PLACEMENT_3D('',#6497,#5143,#5144);
#4558=AXIS2_PLACEMENT_3D('',#6503,#5148,#5149);
#4559=AXIS2_PLACEMENT_3D('',#6507,#5151,#5152);
#4560=AXIS2_PLACEMENT_3D('',#6508,#5153,#5154);
#4561=AXIS2_PLACEMENT_3D('',#6509,#5155,#5156);
#4562=AXIS2_PLACEMENT_3D('',#6515,#5160,#5161);
#4563=AXIS2_PLACEMENT_3D('',#6519,#5163,#5164);
#4564=AXIS2_PLACEMENT_3D('',#6520,#5165,#5166);
#4565=AXIS2_PLACEMENT_3D('',#6521,#5167,#5168);
#4566=AXIS2_PLACEMENT_3D('',#6527,#5172,#5173);
#4567=AXIS2_PLACEMENT_3D('',#6531,#5175,#5176);
#4568=AXIS2_PLACEMENT_3D('',#6532,#5177,#5178);
#4569=AXIS2_PLACEMENT_3D('',#6533,#5179,#5180);
#4570=AXIS2_PLACEMENT_3D('',#6539,#5184,#5185);
#4571=AXIS2_PLACEMENT_3D('',#6543,#5187,#5188);
#4572=AXIS2_PLACEMENT_3D('',#6544,#5189,#5190);
#4573=AXIS2_PLACEMENT_3D('',#6545,#5191,#5192);
#4574=AXIS2_PLACEMENT_3D('',#6551,#5196,#5197);
#4575=AXIS2_PLACEMENT_3D('',#6555,#5199,#5200);
#4576=AXIS2_PLACEMENT_3D('',#6556,#5201,#5202);
#4577=AXIS2_PLACEMENT_3D('',#6557,#5203,#5204);
#4578=AXIS2_PLACEMENT_3D('',#6563,#5208,#5209);
#4579=AXIS2_PLACEMENT_3D('',#6567,#5211,#5212);
#4580=AXIS2_PLACEMENT_3D('',#6568,#5213,#5214);
#4581=AXIS2_PLACEMENT_3D('',#6569,#5215,#5216);
#4582=AXIS2_PLACEMENT_3D('',#6575,#5220,#5221);
#4583=AXIS2_PLACEMENT_3D('',#6579,#5223,#5224);
#4584=AXIS2_PLACEMENT_3D('',#6580,#5225,#5226);
#4585=AXIS2_PLACEMENT_3D('',#6581,#5227,#5228);
#4586=AXIS2_PLACEMENT_3D('',#6582,#5229,#5230);
#4587=AXIS2_PLACEMENT_3D('',#6583,#5231,#5232);
#4588=AXIS2_PLACEMENT_3D('',#6584,#5233,#5234);
#4589=AXIS2_PLACEMENT_3D('',#6588,#5236,#5237);
#4590=AXIS2_PLACEMENT_3D('',#6590,#5239,#5240);
#4591=AXIS2_PLACEMENT_3D('',#6594,#5243,#5244);
#4592=AXIS2_PLACEMENT_3D('',#6597,#5246,#5247);
#4593=AXIS2_PLACEMENT_3D('',#6598,#5248,#5249);
#4594=AXIS2_PLACEMENT_3D('',#6602,#5252,#5253);
#4595=AXIS2_PLACEMENT_3D('',#6605,#5255,#5256);
#4596=AXIS2_PLACEMENT_3D('',#6606,#5257,#5258);
#4597=AXIS2_PLACEMENT_3D('',#6610,#5261,#5262);
#4598=AXIS2_PLACEMENT_3D('',#6613,#5264,#5265);
#4599=AXIS2_PLACEMENT_3D('',#6614,#5266,#5267);
#4600=AXIS2_PLACEMENT_3D('',#6618,#5270,#5271);
#4601=AXIS2_PLACEMENT_3D('',#6621,#5273,#5274);
#4602=AXIS2_PLACEMENT_3D('',#6622,#5275,#5276);
#4603=AXIS2_PLACEMENT_3D('',#6626,#5279,#5280);
#4604=AXIS2_PLACEMENT_3D('',#6629,#5282,#5283);
#4605=AXIS2_PLACEMENT_3D('',#6630,#5284,#5285);
#4606=AXIS2_PLACEMENT_3D('',#6634,#5288,#5289);
#4607=AXIS2_PLACEMENT_3D('',#6637,#5291,#5292);
#4608=AXIS2_PLACEMENT_3D('',#6638,#5293,#5294);
#4609=AXIS2_PLACEMENT_3D('',#6642,#5297,#5298);
#4610=AXIS2_PLACEMENT_3D('',#6645,#5300,#5301);
#4611=AXIS2_PLACEMENT_3D('',#6646,#5302,#5303);
#4612=AXIS2_PLACEMENT_3D('',#6650,#5306,#5307);
#4613=AXIS2_PLACEMENT_3D('',#6653,#5309,#5310);
#4614=AXIS2_PLACEMENT_3D('',#6654,#5311,#5312);
#4615=AXIS2_PLACEMENT_3D('',#6657,#5314,#5315);
#4616=AXIS2_PLACEMENT_3D('',#6658,#5316,#5317);
#4617=AXIS2_PLACEMENT_3D('',#6662,#5320,#5321);
#4618=AXIS2_PLACEMENT_3D('',#6665,#5323,#5324);
#4619=AXIS2_PLACEMENT_3D('',#6666,#5325,#5326);
#4620=AXIS2_PLACEMENT_3D('',#6678,#5333,#5334);
#4621=AXIS2_PLACEMENT_3D('',#6681,#5336,#5337);
#4622=AXIS2_PLACEMENT_3D('',#6682,#5338,#5339);
#4623=AXIS2_PLACEMENT_3D('',#6686,#5342,#5343);
#4624=AXIS2_PLACEMENT_3D('',#6687,#5344,#5345);
#4625=AXIS2_PLACEMENT_3D('',#6692,#5347,#5348);
#4626=AXIS2_PLACEMENT_3D('',#6698,#5351,#5352);
#4627=AXIS2_PLACEMENT_3D('',#6702,#5354,#5355);
#4628=AXIS2_PLACEMENT_3D('',#6706,#5357,#5358);
#4629=AXIS2_PLACEMENT_3D('',#6710,#5360,#5361);
#4630=AXIS2_PLACEMENT_3D('',#6714,#5363,#5364);
#4631=AXIS2_PLACEMENT_3D('',#6716,#5365,#5366);
#4632=AXIS2_PLACEMENT_3D('',#6722,#5369,#5370);
#4633=AXIS2_PLACEMENT_3D('',#6728,#5373,#5374);
#4634=AXIS2_PLACEMENT_3D('',#6732,#5376,#5377);
#4635=AXIS2_PLACEMENT_3D('',#6736,#5379,#5380);
#4636=AXIS2_PLACEMENT_3D('',#6742,#5383,#5384);
#4637=AXIS2_PLACEMENT_3D('',#6748,#5387,#5388);
#4638=AXIS2_PLACEMENT_3D('',#6754,#5391,#5392);
#4639=AXIS2_PLACEMENT_3D('',#6760,#5395,#5396);
#4640=AXIS2_PLACEMENT_3D('',#6764,#5398,#5399);
#4641=AXIS2_PLACEMENT_3D('',#6768,#5401,#5402);
#4642=AXIS2_PLACEMENT_3D('',#6774,#5405,#5406);
#4643=AXIS2_PLACEMENT_3D('',#6776,#5407,#5408);
#4644=AXIS2_PLACEMENT_3D('',#6782,#5411,#5412);
#4645=AXIS2_PLACEMENT_3D('',#6790,#5416,#5417);
#4646=AXIS2_PLACEMENT_3D('',#6796,#5420,#5421);
#4647=AXIS2_PLACEMENT_3D('',#6798,#5422,#5423);
#4648=AXIS2_PLACEMENT_3D('',#6802,#5425,#5426);
#4649=AXIS2_PLACEMENT_3D('',#6804,#5428,#5429);
#4650=AXIS2_PLACEMENT_3D('',#6806,#5430,#5431);
#4651=AXIS2_PLACEMENT_3D('',#6807,#5432,#5433);
#4652=AXIS2_PLACEMENT_3D('',#6809,#5434,#5435);
#4653=AXIS2_PLACEMENT_3D('',#6810,#5436,#5437);
#4654=AXIS2_PLACEMENT_3D('',#6812,#5438,#5439);
#4655=AXIS2_PLACEMENT_3D('',#6813,#5440,#5441);
#4656=AXIS2_PLACEMENT_3D('',#6815,#5442,#5443);
#4657=AXIS2_PLACEMENT_3D('',#6816,#5444,#5445);
#4658=AXIS2_PLACEMENT_3D('',#6818,#5446,#5447);
#4659=AXIS2_PLACEMENT_3D('',#6819,#5448,#5449);
#4660=AXIS2_PLACEMENT_3D('',#6821,#5450,#5451);
#4661=AXIS2_PLACEMENT_3D('',#6822,#5452,#5453);
#4662=AXIS2_PLACEMENT_3D('',#6824,#5454,#5455);
#4663=AXIS2_PLACEMENT_3D('',#6825,#5456,#5457);
#4664=AXIS2_PLACEMENT_3D('',#6828,#5458,#5459);
#4665=AXIS2_PLACEMENT_3D('',#6832,#5461,#5462);
#4666=AXIS2_PLACEMENT_3D('',#6834,#5464,#5465);
#4667=AXIS2_PLACEMENT_3D('',#6837,#5467,#5468);
#4668=AXIS2_PLACEMENT_3D('',#6839,#5469,#5470);
#4669=AXIS2_PLACEMENT_3D('',#6843,#5472,#5473);
#4670=AXIS2_PLACEMENT_3D('',#6845,#5475,#5476);
#4671=AXIS2_PLACEMENT_3D('',#6849,#5479,#5480);
#4672=AXIS2_PLACEMENT_3D('',#6853,#5482,#5483);
#4673=AXIS2_PLACEMENT_3D('',#6855,#5485,#5486);
#4674=AXIS2_PLACEMENT_3D('',#6859,#5489,#5490);
#4675=AXIS2_PLACEMENT_3D('',#6860,#5491,#5492);
#4676=AXIS2_PLACEMENT_3D('',#6861,#5493,#5494);
#4677=AXIS2_PLACEMENT_3D('',#6863,#5496,#5497);
#4678=AXIS2_PLACEMENT_3D('',#6864,#5498,#5499);
#4679=AXIS2_PLACEMENT_3D('',#6865,#5500,#5501);
#4680=AXIS2_PLACEMENT_3D('',#6866,#5502,#5503);
#4681=AXIS2_PLACEMENT_3D('',#6869,#5505,#5506);
#4682=AXIS2_PLACEMENT_3D('',#6870,#5507,#5508);
#4683=AXIS2_PLACEMENT_3D('',#6873,#5510,#5511);
#4684=AXIS2_PLACEMENT_3D('',#6874,#5512,#5513);
#4685=AXIS2_PLACEMENT_3D('',#6877,#5515,#5516);
#4686=AXIS2_PLACEMENT_3D('',#6878,#5517,#5518);
#4687=AXIS2_PLACEMENT_3D('',#6881,#5520,#5521);
#4688=AXIS2_PLACEMENT_3D('',#6882,#5522,#5523);
#4689=AXIS2_PLACEMENT_3D('',#6885,#5525,#5526);
#4690=AXIS2_PLACEMENT_3D('',#6886,#5527,#5528);
#4691=AXIS2_PLACEMENT_3D('',#6889,#5530,#5531);
#4692=AXIS2_PLACEMENT_3D('',#6890,#5532,#5533);
#4693=AXIS2_PLACEMENT_3D('',#6893,#5535,#5536);
#4694=AXIS2_PLACEMENT_3D('',#6894,#5537,#5538);
#4695=AXIS2_PLACEMENT_3D('',#6900,#5542,#5543);
#4696=AXIS2_PLACEMENT_3D('',#6902,#5544,#5545);
#4697=AXIS2_PLACEMENT_3D('',#6904,#5547,#5548);
#4698=AXIS2_PLACEMENT_3D('',#6908,#5551,#5552);
#4699=AXIS2_PLACEMENT_3D('',#6912,#5554,#5555);
#4700=AXIS2_PLACEMENT_3D('',#6914,#5557,#5558);
#4701=AXIS2_PLACEMENT_3D('',#6920,#5562,#5563);
#4702=AXIS2_PLACEMENT_3D('',#6922,#5564,#5565);
#4703=AXIS2_PLACEMENT_3D('',#6924,#5567,#5568);
#4704=AXIS2_PLACEMENT_3D('',#6928,#5571,#5572);
#4705=AXIS2_PLACEMENT_3D('',#6932,#5574,#5575);
#4706=AXIS2_PLACEMENT_3D('',#6934,#5577,#5578);
#4707=AXIS2_PLACEMENT_3D('',#6940,#5582,#5583);
#4708=AXIS2_PLACEMENT_3D('',#6942,#5584,#5585);
#4709=AXIS2_PLACEMENT_3D('',#6944,#5587,#5588);
#4710=AXIS2_PLACEMENT_3D('',#6948,#5591,#5592);
#4711=AXIS2_PLACEMENT_3D('',#6952,#5594,#5595);
#4712=AXIS2_PLACEMENT_3D('',#6954,#5597,#5598);
#4713=AXIS2_PLACEMENT_3D('',#6960,#5602,#5603);
#4714=AXIS2_PLACEMENT_3D('',#6962,#5604,#5605);
#4715=AXIS2_PLACEMENT_3D('',#6964,#5607,#5608);
#4716=AXIS2_PLACEMENT_3D('',#6968,#5611,#5612);
#4717=AXIS2_PLACEMENT_3D('',#6972,#5614,#5615);
#4718=AXIS2_PLACEMENT_3D('',#6974,#5617,#5618);
#4719=AXIS2_PLACEMENT_3D('',#6980,#5622,#5623);
#4720=AXIS2_PLACEMENT_3D('',#6982,#5624,#5625);
#4721=AXIS2_PLACEMENT_3D('',#6984,#5627,#5628);
#4722=AXIS2_PLACEMENT_3D('',#6988,#5631,#5632);
#4723=AXIS2_PLACEMENT_3D('',#6991,#5633,#5634);
#4724=AXIS2_PLACEMENT_3D('',#6994,#5637,#5638);
#4725=AXIS2_PLACEMENT_3D('',#7000,#5642,#5643);
#4726=AXIS2_PLACEMENT_3D('',#7006,#5647,#5648);
#4727=AXIS2_PLACEMENT_3D('',#7007,#5649,#5650);
#4728=AXIS2_PLACEMENT_3D('',#7008,#5651,#5652);
#4729=AXIS2_PLACEMENT_3D('',#7010,#5653,#5654);
#4730=AXIS2_PLACEMENT_3D('',#7014,#5656,#5657);
#4731=AXIS2_PLACEMENT_3D('',#7016,#5659,#5660);
#4732=AXIS2_PLACEMENT_3D('',#7022,#5664,#5665);
#4733=AXIS2_PLACEMENT_3D('',#7024,#5666,#5667);
#4734=AXIS2_PLACEMENT_3D('',#7026,#5669,#5670);
#4735=AXIS2_PLACEMENT_3D('',#7030,#5673,#5674);
#4736=AXIS2_PLACEMENT_3D('',#7034,#5676,#5677);
#4737=AXIS2_PLACEMENT_3D('',#7036,#5679,#5680);
#4738=AXIS2_PLACEMENT_3D('',#7045,#5685,#5686);
#4739=AXIS2_PLACEMENT_3D('',#7047,#5687,#5688);
#4740=AXIS2_PLACEMENT_3D('',#7050,#5690,#5691);
#4741=AXIS2_PLACEMENT_3D('',#7051,#5692,#5693);
#4742=AXIS2_PLACEMENT_3D('',#7057,#5697,#5698);
#4743=AXIS2_PLACEMENT_3D('',#7059,#5699,#5700);
#4744=AXIS2_PLACEMENT_3D('',#7062,#5702,#5703);
#4745=AXIS2_PLACEMENT_3D('',#7063,#5704,#5705);
#4746=AXIS2_PLACEMENT_3D('',#7069,#5709,#5710);
#4747=AXIS2_PLACEMENT_3D('',#7071,#5711,#5712);
#4748=AXIS2_PLACEMENT_3D('',#7074,#5714,#5715);
#4749=AXIS2_PLACEMENT_3D('',#7075,#5716,#5717);
#4750=AXIS2_PLACEMENT_3D('',#7081,#5721,#5722);
#4751=AXIS2_PLACEMENT_3D('',#7082,#5723,#5724);
#4752=AXIS2_PLACEMENT_3D('',#7083,#5725,#5726);
#4753=AXIS2_PLACEMENT_3D('',#7084,#5727,#5728);
#4754=AXIS2_PLACEMENT_3D('',#7087,#5729,#5730);
#4755=AXIS2_PLACEMENT_3D('',#7091,#5732,#5733);
#4756=AXIS2_PLACEMENT_3D('',#7095,#5735,#5736);
#4757=AXIS2_PLACEMENT_3D('',#7099,#5738,#5739);
#4758=AXIS2_PLACEMENT_3D('',#7103,#5741,#5742);
#4759=AXIS2_PLACEMENT_3D('',#7107,#5744,#5745);
#4760=AXIS2_PLACEMENT_3D('',#7109,#5746,#5747);
#4761=AXIS2_PLACEMENT_3D('',#7113,#5749,#5750);
#4762=AXIS2_PLACEMENT_3D('',#7117,#5752,#5753);
#4763=AXIS2_PLACEMENT_3D('',#7121,#5755,#5756);
#4764=AXIS2_PLACEMENT_3D('',#7123,#5757,#5758);
#4765=AXIS2_PLACEMENT_3D('',#7127,#5760,#5761);
#4766=AXIS2_PLACEMENT_3D('',#7131,#5763,#5764);
#4767=AXIS2_PLACEMENT_3D('',#7135,#5766,#5767);
#4768=AXIS2_PLACEMENT_3D('',#7139,#5769,#5770);
#4769=AXIS2_PLACEMENT_3D('',#7143,#5772,#5773);
#4770=AXIS2_PLACEMENT_3D('',#7147,#5775,#5776);
#4771=AXIS2_PLACEMENT_3D('',#7151,#5778,#5779);
#4772=AXIS2_PLACEMENT_3D('',#7153,#5780,#5781);
#4773=AXIS2_PLACEMENT_3D('',#7157,#5783,#5784);
#4774=AXIS2_PLACEMENT_3D('',#7161,#5786,#5787);
#4775=AXIS2_PLACEMENT_3D('',#7165,#5789,#5790);
#4776=AXIS2_PLACEMENT_3D('',#7169,#5792,#5793);
#4777=AXIS2_PLACEMENT_3D('',#7173,#5795,#5796);
#4778=AXIS2_PLACEMENT_3D('',#7179,#5799,#5800);
#4779=AXIS2_PLACEMENT_3D('',#7183,#5802,#5803);
#4780=AXIS2_PLACEMENT_3D('',#7187,#5805,#5806);
#4781=AXIS2_PLACEMENT_3D('',#7191,#5808,#5809);
#4782=AXIS2_PLACEMENT_3D('',#7195,#5811,#5812);
#4783=AXIS2_PLACEMENT_3D('',#7199,#5814,#5815);
#4784=AXIS2_PLACEMENT_3D('',#7201,#5816,#5817);
#4785=AXIS2_PLACEMENT_3D('',#7205,#5819,#5820);
#4786=AXIS2_PLACEMENT_3D('',#7209,#5822,#5823);
#4787=AXIS2_PLACEMENT_3D('',#7213,#5825,#5826);
#4788=AXIS2_PLACEMENT_3D('',#7217,#5828,#5829);
#4789=AXIS2_PLACEMENT_3D('',#7221,#5831,#5832);
#4790=AXIS2_PLACEMENT_3D('',#7225,#5834,#5835);
#4791=AXIS2_PLACEMENT_3D('',#7229,#5837,#5838);
#4792=AXIS2_PLACEMENT_3D('',#7231,#5839,#5840);
#4793=AXIS2_PLACEMENT_3D('',#7235,#5842,#5843);
#4794=AXIS2_PLACEMENT_3D('',#7239,#5845,#5846);
#4795=AXIS2_PLACEMENT_3D('',#7243,#5848,#5849);
#4796=AXIS2_PLACEMENT_3D('',#7245,#5850,#5851);
#4797=AXIS2_PLACEMENT_3D('',#7249,#5853,#5854);
#4798=AXIS2_PLACEMENT_3D('',#7253,#5856,#5857);
#4799=AXIS2_PLACEMENT_3D('',#7257,#5859,#5860);
#4800=AXIS2_PLACEMENT_3D('',#7261,#5862,#5863);
#4801=AXIS2_PLACEMENT_3D('',#7264,#5865,#5866);
#4802=AXIS2_PLACEMENT_3D('',#7265,#5867,#5868);
#4803=AXIS2_PLACEMENT_3D('',#7268,#5871,#5872);
#4804=AXIS2_PLACEMENT_3D('',#7270,#5874,#5875);
#4805=AXIS2_PLACEMENT_3D('',#7272,#5877,#5878);
#4806=AXIS2_PLACEMENT_3D('',#7274,#5880,#5881);
#4807=AXIS2_PLACEMENT_3D('',#7276,#5883,#5884);
#4808=AXIS2_PLACEMENT_3D('',#7278,#5886,#5887);
#4809=AXIS2_PLACEMENT_3D('',#7280,#5889,#5890);
#4810=AXIS2_PLACEMENT_3D('',#7282,#5892,#5893);
#4811=AXIS2_PLACEMENT_3D('',#7284,#5895,#5896);
#4812=AXIS2_PLACEMENT_3D('',#7286,#5898,#5899);
#4813=AXIS2_PLACEMENT_3D('',#7288,#5901,#5902);
#4814=AXIS2_PLACEMENT_3D('',#7290,#5904,#5905);
#4815=AXIS2_PLACEMENT_3D('',#7292,#5907,#5908);
#4816=AXIS2_PLACEMENT_3D('',#7294,#5910,#5911);
#4817=AXIS2_PLACEMENT_3D('',#7296,#5913,#5914);
#4818=AXIS2_PLACEMENT_3D('',#7298,#5916,#5917);
#4819=AXIS2_PLACEMENT_3D('',#7300,#5919,#5920);
#4820=AXIS2_PLACEMENT_3D('',#7302,#5922,#5923);
#4821=AXIS2_PLACEMENT_3D('',#7304,#5925,#5926);
#4822=AXIS2_PLACEMENT_3D('',#7306,#5928,#5929);
#4823=AXIS2_PLACEMENT_3D('',#7308,#5931,#5932);
#4824=AXIS2_PLACEMENT_3D('',#7310,#5934,#5935);
#4825=AXIS2_PLACEMENT_3D('',#7312,#5937,#5938);
#4826=AXIS2_PLACEMENT_3D('',#7314,#5940,#5941);
#4827=AXIS2_PLACEMENT_3D('',#7316,#5943,#5944);
#4828=AXIS2_PLACEMENT_3D('',#7318,#5946,#5947);
#4829=AXIS2_PLACEMENT_3D('',#7320,#5949,#5950);
#4830=AXIS2_PLACEMENT_3D('',#7322,#5952,#5953);
#4831=AXIS2_PLACEMENT_3D('',#7324,#5955,#5956);
#4832=AXIS2_PLACEMENT_3D('',#7326,#5958,#5959);
#4833=AXIS2_PLACEMENT_3D('',#7328,#5961,#5962);
#4834=AXIS2_PLACEMENT_3D('',#7330,#5964,#5965);
#4835=AXIS2_PLACEMENT_3D('',#7332,#5967,#5968);
#4836=AXIS2_PLACEMENT_3D('',#7334,#5970,#5971);
#4837=AXIS2_PLACEMENT_3D('',#7336,#5973,#5974);
#4838=AXIS2_PLACEMENT_3D('',#7338,#5976,#5977);
#4839=AXIS2_PLACEMENT_3D('',#7340,#5979,#5980);
#4840=AXIS2_PLACEMENT_3D('',#7342,#5982,#5983);
#4841=AXIS2_PLACEMENT_3D('',#7344,#5985,#5986);
#4842=AXIS2_PLACEMENT_3D('',#7346,#5988,#5989);
#4843=AXIS2_PLACEMENT_3D('',#7348,#5991,#5992);
#4844=AXIS2_PLACEMENT_3D('',#7350,#5994,#5995);
#4845=AXIS2_PLACEMENT_3D('',#7352,#5997,#5998);
#4846=AXIS2_PLACEMENT_3D('',#7354,#6000,#6001);
#4847=AXIS2_PLACEMENT_3D('',#7355,#6002,#6003);
#4848=AXIS2_PLACEMENT_3D('',#7359,#6005,#6006);
#4849=AXIS2_PLACEMENT_3D('',#7361,#6008,#6009);
#4850=AXIS2_PLACEMENT_3D('',#7365,#6012,#6013);
#4851=AXIS2_PLACEMENT_3D('',#7367,#6014,#6015);
#4852=AXIS2_PLACEMENT_3D('',#7369,#6017,#6018);
#4853=AXIS2_PLACEMENT_3D('',#7373,#6021,#6022);
#4854=AXIS2_PLACEMENT_3D('',#7375,#6023,#6024);
#4855=AXIS2_PLACEMENT_3D('',#7377,#6026,#6027);
#4856=AXIS2_PLACEMENT_3D('',#7381,#6030,#6031);
#4857=AXIS2_PLACEMENT_3D('',#7383,#6032,#6033);
#4858=AXIS2_PLACEMENT_3D('',#7385,#6035,#6036);
#4859=AXIS2_PLACEMENT_3D('',#7389,#6039,#6040);
#4860=AXIS2_PLACEMENT_3D('',#7391,#6041,#6042);
#4861=AXIS2_PLACEMENT_3D('',#7393,#6044,#6045);
#4862=AXIS2_PLACEMENT_3D('',#7397,#6048,#6049);
#4863=AXIS2_PLACEMENT_3D('',#7399,#6050,#6051);
#4864=AXIS2_PLACEMENT_3D('',#7401,#6053,#6054);
#4865=AXIS2_PLACEMENT_3D('',#7403,#6055,#6056);
#4866=AXIS2_PLACEMENT_3D('',#7405,#6058,#6059);
#4867=AXIS2_PLACEMENT_3D('',#7409,#6062,#6063);
#4868=AXIS2_PLACEMENT_3D('',#7411,#6064,#6065);
#4869=AXIS2_PLACEMENT_3D('',#7413,#6067,#6068);
#4870=AXIS2_PLACEMENT_3D('',#7417,#6071,#6072);
#4871=AXIS2_PLACEMENT_3D('',#7419,#6073,#6074);
#4872=AXIS2_PLACEMENT_3D('',#7421,#6076,#6077);
#4873=AXIS2_PLACEMENT_3D('',#7425,#6080,#6081);
#4874=AXIS2_PLACEMENT_3D('',#7427,#6082,#6083);
#4875=AXIS2_PLACEMENT_3D('',#7429,#6085,#6086);
#4876=AXIS2_PLACEMENT_3D('',#7431,#6087,#6088);
#4877=AXIS2_PLACEMENT_3D('',#7433,#6090,#6091);
#4878=AXIS2_PLACEMENT_3D('',#7437,#6094,#6095);
#4879=AXIS2_PLACEMENT_3D('',#7439,#6096,#6097);
#4880=AXIS2_PLACEMENT_3D('',#7441,#6099,#6100);
#4881=AXIS2_PLACEMENT_3D('',#7445,#6103,#6104);
#4882=AXIS2_PLACEMENT_3D('',#7447,#6105,#6106);
#4883=AXIS2_PLACEMENT_3D('',#7449,#6108,#6109);
#4884=AXIS2_PLACEMENT_3D('',#7453,#6112,#6113);
#4885=AXIS2_PLACEMENT_3D('',#7455,#6114,#6115);
#4886=AXIS2_PLACEMENT_3D('',#7457,#6117,#6118);
#4887=AXIS2_PLACEMENT_3D('',#7461,#6121,#6122);
#4888=AXIS2_PLACEMENT_3D('',#7463,#6123,#6124);
#4889=AXIS2_PLACEMENT_3D('',#7465,#6126,#6127);
#4890=AXIS2_PLACEMENT_3D('',#7469,#6130,#6131);
#4891=AXIS2_PLACEMENT_3D('',#7471,#6132,#6133);
#4892=AXIS2_PLACEMENT_3D('',#7473,#6135,#6136);
#4893=AXIS2_PLACEMENT_3D('',#7477,#6139,#6140);
#4894=AXIS2_PLACEMENT_3D('',#7479,#6141,#6142);
#4895=AXIS2_PLACEMENT_3D('',#7481,#6144,#6145);
#4896=AXIS2_PLACEMENT_3D('',#7485,#6148,#6149);
#4897=AXIS2_PLACEMENT_3D('',#7487,#6150,#6151);
#4898=AXIS2_PLACEMENT_3D('',#7489,#6153,#6154);
#4899=AXIS2_PLACEMENT_3D('',#7491,#6155,#6156);
#4900=AXIS2_PLACEMENT_3D('',#7493,#6158,#6159);
#4901=AXIS2_PLACEMENT_3D('',#7497,#6162,#6163);
#4902=AXIS2_PLACEMENT_3D('',#7499,#6164,#6165);
#4903=AXIS2_PLACEMENT_3D('',#7501,#6167,#6168);
#4904=AXIS2_PLACEMENT_3D('',#7505,#6171,#6172);
#4905=AXIS2_PLACEMENT_3D('',#7507,#6173,#6174);
#4906=AXIS2_PLACEMENT_3D('',#7509,#6176,#6177);
#4907=AXIS2_PLACEMENT_3D('',#7513,#6180,#6181);
#4908=AXIS2_PLACEMENT_3D('',#7515,#6182,#6183);
#4909=AXIS2_PLACEMENT_3D('',#7517,#6185,#6186);
#4910=AXIS2_PLACEMENT_3D('',#7521,#6189,#6190);
#4911=AXIS2_PLACEMENT_3D('',#7523,#6191,#6192);
#4912=AXIS2_PLACEMENT_3D('',#7525,#6194,#6195);
#4913=AXIS2_PLACEMENT_3D('',#7529,#6198,#6199);
#4914=AXIS2_PLACEMENT_3D('',#7531,#6200,#6201);
#4915=AXIS2_PLACEMENT_3D('',#7533,#6203,#6204);
#4916=AXIS2_PLACEMENT_3D('',#7535,#6206,#6207);
#4917=AXIS2_PLACEMENT_3D('',#7539,#6210,#6211);
#4918=AXIS2_PLACEMENT_3D('',#7541,#6212,#6213);
#4919=AXIS2_PLACEMENT_3D('',#7543,#6215,#6216);
#4920=AXIS2_PLACEMENT_3D('',#7547,#6219,#6220);
#4921=AXIS2_PLACEMENT_3D('',#7549,#6221,#6222);
#4922=AXIS2_PLACEMENT_3D('',#7551,#6224,#6225);
#4923=AXIS2_PLACEMENT_3D('',#7555,#6228,#6229);
#4924=AXIS2_PLACEMENT_3D('',#7557,#6230,#6231);
#4925=AXIS2_PLACEMENT_3D('',#7559,#6233,#6234);
#4926=AXIS2_PLACEMENT_3D('',#7561,#6235,#6236);
#4927=AXIS2_PLACEMENT_3D('',#7563,#6238,#6239);
#4928=AXIS2_PLACEMENT_3D('',#7567,#6242,#6243);
#4929=AXIS2_PLACEMENT_3D('',#7569,#6244,#6245);
#4930=AXIS2_PLACEMENT_3D('',#7571,#6247,#6248);
#4931=AXIS2_PLACEMENT_3D('',#7575,#6251,#6252);
#4932=AXIS2_PLACEMENT_3D('',#7577,#6253,#6254);
#4933=AXIS2_PLACEMENT_3D('',#7579,#6256,#6257);
#4934=AXIS2_PLACEMENT_3D('',#7583,#6260,#6261);
#4935=AXIS2_PLACEMENT_3D('',#7585,#6262,#6263);
#4936=AXIS2_PLACEMENT_3D('',#7587,#6265,#6266);
#4937=AXIS2_PLACEMENT_3D('',#7591,#6269,#6270);
#4938=AXIS2_PLACEMENT_3D('',#7593,#6271,#6272);
#4939=AXIS2_PLACEMENT_3D('',#7595,#6274,#6275);
#4940=AXIS2_PLACEMENT_3D('',#7599,#6278,#6279);
#4941=AXIS2_PLACEMENT_3D('',#7601,#6280,#6281);
#4942=AXIS2_PLACEMENT_3D('',#7603,#6283,#6284);
#4943=AXIS2_PLACEMENT_3D('',#7607,#6287,#6288);
#4944=AXIS2_PLACEMENT_3D('',#7609,#6289,#6290);
#4945=AXIS2_PLACEMENT_3D('',#7611,#6292,#6293);
#4946=AXIS2_PLACEMENT_3D('',#7615,#6296,#6297);
#4947=AXIS2_PLACEMENT_3D('',#7617,#6298,#6299);
#4948=AXIS2_PLACEMENT_3D('',#7619,#6301,#6302);
#4949=AXIS2_PLACEMENT_3D('',#7620,#6303,#6304);
#4950=AXIS2_PLACEMENT_3D('',#7621,#6305,#6306);
#4951=DIRECTION('axis',(0.,0.,1.));
#4952=DIRECTION('refdir',(1.,0.,0.));
#4953=DIRECTION('center_axis',(0.,0.,1.));
#4954=DIRECTION('ref_axis',(1.,0.,0.));
#4955=DIRECTION('center_axis',(0.,0.,1.));
#4956=DIRECTION('ref_axis',(1.,0.,0.));
#4957=DIRECTION('',(0.,0.,1.));
#4958=DIRECTION('center_axis',(0.,0.,-1.));
#4959=DIRECTION('ref_axis',(1.,0.,0.));
#4960=DIRECTION('center_axis',(0.,0.707106781186548,-0.707106781186548));
#4961=DIRECTION('ref_axis',(-1.,0.,0.));
#4962=DIRECTION('',(0.,-0.707106781186548,-0.707106781186548));
#4963=DIRECTION('',(-1.,0.,0.));
#4964=DIRECTION('',(0.,0.707106781186548,0.707106781186548));
#4965=DIRECTION('',(1.,0.,0.));
#4966=DIRECTION('center_axis',(0.,0.,1.));
#4967=DIRECTION('ref_axis',(0.,1.,0.));
#4968=DIRECTION('',(-0.707106781186548,0.,-0.707106781186548));
#4969=DIRECTION('center_axis',(0.,0.,1.));
#4970=DIRECTION('ref_axis',(0.,1.,0.));
#4971=DIRECTION('center_axis',(0.,0.,-1.));
#4972=DIRECTION('ref_axis',(0.,1.,0.));
#4973=DIRECTION('center_axis',(0.707106781186548,0.,-0.707106781186548));
#4974=DIRECTION('ref_axis',(-0.707106781186548,0.,-0.707106781186548));
#4975=DIRECTION('',(-0.707106781186548,0.,-0.707106781186548));
#4976=DIRECTION('',(0.,1.,0.));
#4977=DIRECTION('',(0.,-1.,0.));
#4978=DIRECTION('center_axis',(0.,0.,1.));
#4979=DIRECTION('ref_axis',(1.,-2.16628882853689E-15,0.));
#4980=DIRECTION('',(0.,0.707106781186551,-0.707106781186544));
#4981=DIRECTION('center_axis',(0.,0.,1.));
#4982=DIRECTION('ref_axis',(1.,-2.16628882853689E-15,0.));
#4983=DIRECTION('center_axis',(0.,0.,-1.));
#4984=DIRECTION('ref_axis',(1.,-2.16628882853689E-15,0.));
#4985=DIRECTION('center_axis',(8.72273588157647E-16,-0.707106781186546,
-0.707106781186549));
#4986=DIRECTION('ref_axis',(-1.,0.,-1.23358113847238E-15));
#4987=DIRECTION('',(0.,0.707106781186549,-0.707106781186546));
#4988=DIRECTION('',(1.,1.23358113847239E-15,0.));
#4989=DIRECTION('',(-1.,-1.23358113847239E-15,0.));
#4990=DIRECTION('center_axis',(0.,0.,1.));
#4991=DIRECTION('ref_axis',(2.1662888285369E-15,-1.,0.));
#4992=DIRECTION('',(0.707106781186555,-3.92523114670939E-15,-0.70710678118654));
#4993=DIRECTION('center_axis',(0.,0.,1.));
#4994=DIRECTION('ref_axis',(2.1662888285369E-15,-1.,0.));
#4995=DIRECTION('center_axis',(0.,0.,-1.));
#4996=DIRECTION('ref_axis',(2.1662888285369E-15,-1.,0.));
#4997=DIRECTION('center_axis',(0.,0.,-1.));
#4998=DIRECTION('ref_axis',(0.,1.,0.));
#4999=DIRECTION('',(0.,0.707106781186548,-0.707106781186548));
#5000=DIRECTION('center_axis',(0.,0.,-1.));
#5001=DIRECTION('ref_axis',(0.,1.,0.));
#5002=DIRECTION('center_axis',(0.,0.,1.));
#5003=DIRECTION('ref_axis',(0.,1.,0.));
#5004=DIRECTION('center_axis',(-2.40627196733145E-16,-0.707106781186548,
-0.707106781186548));
#5005=DIRECTION('ref_axis',(-1.,0.,3.40298245095833E-16));
#5006=DIRECTION('',(0.,0.707106781186548,-0.707106781186548));
#5007=DIRECTION('',(1.,-3.40298245095833E-16,0.));
#5008=DIRECTION('',(-1.,3.40298245095833E-16,0.));
#5009=DIRECTION('center_axis',(0.,0.,1.));
#5010=DIRECTION('ref_axis',(4.3325776570738E-15,-1.,0.));
#5011=DIRECTION('',(0.707106781186548,-3.92523114670943E-15,-0.707106781186548));
#5012=DIRECTION('center_axis',(0.,0.,1.));
#5013=DIRECTION('ref_axis',(4.3325776570738E-15,-1.,0.));
#5014=DIRECTION('center_axis',(0.,0.,-1.));
#5015=DIRECTION('ref_axis',(4.3325776570738E-15,-1.,0.));
#5016=DIRECTION('center_axis',(-0.707106781186555,3.06359504133422E-15,
-0.70710678118654));
#5017=DIRECTION('ref_axis',(-0.70710678118654,0.,0.707106781186555));
#5018=DIRECTION('',(0.707106781186544,-3.92523114670946E-15,-0.707106781186551));
#5019=DIRECTION('',(-4.33257765707378E-15,-1.,0.));
#5020=DIRECTION('',(4.33257765707378E-15,1.,0.));
#5021=DIRECTION('center_axis',(0.,0.,-1.));
#5022=DIRECTION('ref_axis',(0.,1.,0.));
#5023=DIRECTION('',(0.,0.707106781186548,-0.707106781186546));
#5024=DIRECTION('center_axis',(0.,0.,-1.));
#5025=DIRECTION('ref_axis',(0.,1.,0.));
#5026=DIRECTION('center_axis',(0.,0.,1.));
#5027=DIRECTION('ref_axis',(0.,1.,0.));
#5028=DIRECTION('center_axis',(0.,-0.707106781186547,-0.707106781186549));
#5029=DIRECTION('ref_axis',(-1.,0.,0.));
#5030=DIRECTION('',(0.,0.707106781186548,-0.707106781186548));
#5031=DIRECTION('',(1.,0.,0.));
#5032=DIRECTION('',(-1.,0.,0.));
#5033=DIRECTION('center_axis',(0.,0.,-1.));
#5034=DIRECTION('ref_axis',(-1.,0.,0.));
#5035=DIRECTION('',(-0.707106781186547,0.,-0.707106781186548));
#5036=DIRECTION('center_axis',(0.,0.,-1.));
#5037=DIRECTION('ref_axis',(-1.,0.,0.));
#5038=DIRECTION('center_axis',(0.,0.,1.));
#5039=DIRECTION('ref_axis',(-1.,0.,0.));
#5040=DIRECTION('center_axis',(0.707106781186547,2.6168207644729E-16,-0.707106781186548));
#5041=DIRECTION('ref_axis',(-0.707106781186548,0.,-0.707106781186547));
#5042=DIRECTION('',(-0.707106781186548,0.,-0.707106781186547));
#5043=DIRECTION('',(-3.70074341541711E-16,1.,0.));
#5044=DIRECTION('',(3.70074341541711E-16,-1.,0.));
#5045=DIRECTION('center_axis',(0.,0.,1.));
#5046=DIRECTION('ref_axis',(1.,0.,0.));
#5047=DIRECTION('',(-9.12616241609946E-14,0.707106781186545,-0.70710678118655));
#5048=DIRECTION('center_axis',(0.,0.,1.));
#5049=DIRECTION('ref_axis',(1.,0.,0.));
#5050=DIRECTION('center_axis',(0.,0.,-1.));
#5051=DIRECTION('ref_axis',(1.,0.,0.));
#5052=DIRECTION('center_axis',(9.21061901054027E-14,-0.707106781186548,
-0.707106781186548));
#5053=DIRECTION('ref_axis',(-1.,0.,-1.30257823225575E-13));
#5054=DIRECTION('',(-9.42055475210269E-14,0.707106781186544,-0.707106781186551));
#5055=DIRECTION('',(1.,1.30257823225575E-13,0.));
#5056=DIRECTION('',(-1.,-1.30257823225575E-13,0.));
#5057=DIRECTION('center_axis',(0.,0.,-1.));
#5058=DIRECTION('ref_axis',(-0.292371704722819,0.95630475596301,0.));
#5059=DIRECTION('',(-0.206738015036577,0.676209577822393,-0.707106781186545));
#5060=DIRECTION('center_axis',(0.,0.,-1.));
#5061=DIRECTION('ref_axis',(-0.292371704722819,0.95630475596301,0.));
#5062=DIRECTION('center_axis',(0.,0.,1.));
#5063=DIRECTION('ref_axis',(-0.292371704722819,0.95630475596301,0.));
#5064=DIRECTION('center_axis',(0.206738015036576,-0.676209577822389,-0.70710678118655));
#5065=DIRECTION('ref_axis',(-0.959817898275223,0.,-0.280623595142199));
#5066=DIRECTION('',(-0.206738015036578,0.676209577822391,-0.707106781186547));
#5067=DIRECTION('',(0.95630475596301,0.292371704722819,0.));
#5068=DIRECTION('',(-0.95630475596301,-0.292371704722819,0.));
#5069=DIRECTION('center_axis',(0.,0.,1.));
#5070=DIRECTION('ref_axis',(0.292371704722821,-0.95630475596301,0.));
#5071=DIRECTION('',(0.676209577822427,0.206738015036471,-0.707106781186544));
#5072=DIRECTION('center_axis',(0.,0.,1.));
#5073=DIRECTION('ref_axis',(0.292371704722821,-0.95630475596301,0.));
#5074=DIRECTION('center_axis',(0.,0.,-1.));
#5075=DIRECTION('ref_axis',(0.292371704722821,-0.95630475596301,0.));
#5076=DIRECTION('center_axis',(-0.676209577822423,-0.206738015036474,-0.707106781186547));
#5077=DIRECTION('ref_axis',(-0.722720184162075,0.,0.691140749344687));
#5078=DIRECTION('',(0.676209577822423,0.206738015036472,-0.707106781186548));
#5079=DIRECTION('',(0.292371704722674,-0.956304755963055,0.));
#5080=DIRECTION('',(-0.292371704722674,0.956304755963055,0.));
#5081=DIRECTION('center_axis',(0.,0.,1.));
#5082=DIRECTION('ref_axis',(-0.956304755963054,-0.292371704722675,0.));
#5083=DIRECTION('',(0.707106781186544,1.96261557335473E-15,-0.707106781186551));
#5084=DIRECTION('center_axis',(0.,0.,1.));
#5085=DIRECTION('ref_axis',(-0.956304755963054,-0.292371704722675,0.));
#5086=DIRECTION('center_axis',(0.,0.,-1.));
#5087=DIRECTION('ref_axis',(-0.956304755963054,-0.292371704722675,0.));
#5088=DIRECTION('center_axis',(-0.707106781186551,2.24142751089295E-16,
-0.707106781186544));
#5089=DIRECTION('ref_axis',(-0.707106781186544,0.,0.707106781186551));
#5090=DIRECTION('',(0.707106781186544,0.,-0.707106781186551));
#5091=DIRECTION('',(-3.16985718498097E-16,-1.,0.));
#5092=DIRECTION('',(3.16985718498097E-16,1.,0.));
#5093=DIRECTION('center_axis',(0.,0.,1.));
#5094=DIRECTION('ref_axis',(-1.,-2.1662888285369E-15,0.));
#5095=DIRECTION('',(0.,-0.707106781186549,-0.707106781186546));
#5096=DIRECTION('center_axis',(0.,0.,1.));
#5097=DIRECTION('ref_axis',(-1.,-2.1662888285369E-15,0.));
#5098=DIRECTION('center_axis',(0.,0.,-1.));
#5099=DIRECTION('ref_axis',(-1.,-2.1662888285369E-15,0.));
#5100=DIRECTION('center_axis',(1.12149461334555E-16,0.707106781186546,-0.707106781186549));
#5101=DIRECTION('ref_axis',(-1.,0.,-1.58603289232164E-16));
#5102=DIRECTION('',(0.,-0.707106781186547,-0.707106781186548));
#5103=DIRECTION('',(-1.,1.58603289232165E-16,0.));
#5104=DIRECTION('',(1.,-1.58603289232165E-16,0.));
#5105=DIRECTION('center_axis',(0.,0.,-1.));
#5106=DIRECTION('ref_axis',(1.,-2.3373116307898E-15,0.));
#5107=DIRECTION('',(0.707106781186545,0.,-0.70710678118655));
#5108=DIRECTION('center_axis',(0.,0.,-1.));
#5109=DIRECTION('ref_axis',(1.,-2.3373116307898E-15,0.));
#5110=DIRECTION('center_axis',(0.,0.,1.));
#5111=DIRECTION('ref_axis',(1.,-2.3373116307898E-15,0.));
#5112=DIRECTION('center_axis',(-0.707106781186548,1.49714458767022E-16,
-0.707106781186548));
#5113=DIRECTION('ref_axis',(-0.707106781186548,0.,0.707106781186548));
#5114=DIRECTION('',(0.707106781186548,0.,-0.707106781186548));
#5115=DIRECTION('',(-2.11728218071671E-16,-1.,0.));
#5116=DIRECTION('',(2.11728218071671E-16,1.,0.));
#5117=DIRECTION('center_axis',(0.,0.,1.));
#5118=DIRECTION('ref_axis',(-1.,-2.1662888285369E-15,0.));
#5119=DIRECTION('',(-3.92523114670943E-15,-0.707106781186548,-0.707106781186548));
#5120=DIRECTION('center_axis',(0.,0.,1.));
#5121=DIRECTION('ref_axis',(-1.,-2.1662888285369E-15,0.));
#5122=DIRECTION('center_axis',(0.,0.,-1.));
#5123=DIRECTION('ref_axis',(-1.,-2.1662888285369E-15,0.));
#5124=DIRECTION('center_axis',(0.,0.707106781186548,-0.707106781186548));
#5125=DIRECTION('ref_axis',(-1.,0.,0.));
#5126=DIRECTION('',(0.,-0.707106781186548,-0.707106781186548));
#5127=DIRECTION('',(-1.,0.,0.));
#5128=DIRECTION('',(1.,0.,0.));
#5129=DIRECTION('center_axis',(0.,0.,-1.));
#5130=DIRECTION('ref_axis',(0.942809041582065,-0.333333333333329,0.));
#5131=DIRECTION('',(0.666666666666669,-0.235702260395513,-0.707106781186547));
#5132=DIRECTION('center_axis',(0.,0.,-1.));
#5133=DIRECTION('ref_axis',(0.942809041582065,-0.333333333333329,0.));
#5134=DIRECTION('center_axis',(0.,0.,1.));
#5135=DIRECTION('ref_axis',(0.942809041582065,-0.333333333333329,0.));
#5136=DIRECTION('center_axis',(0.,0.,1.));
#5137=DIRECTION('ref_axis',(-0.942809041582065,0.333333333333327,0.));
#5138=DIRECTION('',(-9.81307786677364E-16,-0.707106781186544,-0.707106781186551));
#5139=DIRECTION('center_axis',(0.,0.,1.));
#5140=DIRECTION('ref_axis',(-0.942809041582065,0.333333333333327,0.));
#5141=DIRECTION('center_axis',(0.,0.,-1.));
#5142=DIRECTION('ref_axis',(-0.942809041582066,0.333333333333327,0.));
#5143=DIRECTION('center_axis',(0.,0.707106781186548,-0.707106781186548));
#5144=DIRECTION('ref_axis',(-1.,0.,0.));
#5145=DIRECTION('',(0.,-0.707106781186548,-0.707106781186548));
#5146=DIRECTION('',(-1.,0.,0.));
#5147=DIRECTION('',(1.,0.,0.));
#5148=DIRECTION('center_axis',(0.,0.,-1.));
#5149=DIRECTION('ref_axis',(1.,0.,0.));
#5150=DIRECTION('',(0.707106781186548,0.,-0.707106781186547));
#5151=DIRECTION('center_axis',(0.,0.,-1.));
#5152=DIRECTION('ref_axis',(1.,0.,0.));
#5153=DIRECTION('center_axis',(0.,0.,1.));
#5154=DIRECTION('ref_axis',(1.,0.,0.));
#5155=DIRECTION('center_axis',(-0.707106781186548,0.,-0.707106781186548));
#5156=DIRECTION('ref_axis',(-0.707106781186548,0.,0.707106781186548));
#5157=DIRECTION('',(0.707106781186548,0.,-0.707106781186548));
#5158=DIRECTION('',(0.,-1.,0.));
#5159=DIRECTION('',(0.,1.,0.));
#5160=DIRECTION('center_axis',(0.,0.,1.));
#5161=DIRECTION('ref_axis',(-1.,2.16628882853688E-15,0.));
#5162=DIRECTION('',(3.92523114670943E-15,-0.707106781186548,-0.707106781186548));
#5163=DIRECTION('center_axis',(0.,0.,1.));
#5164=DIRECTION('ref_axis',(-1.,2.16628882853688E-15,0.));
#5165=DIRECTION('center_axis',(0.,0.,-1.));
#5166=DIRECTION('ref_axis',(-1.,2.16628882853688E-15,0.));
#5167=DIRECTION('center_axis',(0.,0.707106781186548,-0.707106781186548));
#5168=DIRECTION('ref_axis',(-1.,0.,0.));
#5169=DIRECTION('',(0.,-0.707106781186548,-0.707106781186548));
#5170=DIRECTION('',(-1.,0.,0.));
#5171=DIRECTION('',(1.,0.,0.));
#5172=DIRECTION('center_axis',(0.,0.,1.));
#5173=DIRECTION('ref_axis',(-3.24943324280536E-15,1.,0.));
#5174=DIRECTION('',(-0.707106781186549,0.,-0.707106781186546));
#5175=DIRECTION('center_axis',(0.,0.,1.));
#5176=DIRECTION('ref_axis',(-3.24943324280536E-15,1.,0.));
#5177=DIRECTION('center_axis',(0.,0.,-1.));
#5178=DIRECTION('ref_axis',(-3.24943324280536E-15,1.,0.));
#5179=DIRECTION('center_axis',(0.707106781186546,1.57009245868377E-15,-0.707106781186549));
#5180=DIRECTION('ref_axis',(-0.707106781186549,0.,-0.707106781186546));
#5181=DIRECTION('',(-0.707106781186548,0.,-0.707106781186548));
#5182=DIRECTION('',(-2.22044604925031E-15,1.,0.));
#5183=DIRECTION('',(2.22044604925031E-15,-1.,0.));
#5184=DIRECTION('center_axis',(0.,0.,-1.));
#5185=DIRECTION('ref_axis',(0.,-1.,0.));
#5186=DIRECTION('',(0.,-0.707106781186548,-0.707106781186548));
#5187=DIRECTION('center_axis',(0.,0.,-1.));
#5188=DIRECTION('ref_axis',(0.,-1.,0.));
#5189=DIRECTION('center_axis',(0.,0.,1.));
#5190=DIRECTION('ref_axis',(0.,-1.,0.));
#5191=DIRECTION('center_axis',(0.,0.707106781186544,-0.707106781186551));
#5192=DIRECTION('ref_axis',(-1.,0.,0.));
#5193=DIRECTION('',(0.,-0.707106781186551,-0.707106781186544));
#5194=DIRECTION('',(-1.,0.,0.));
#5195=DIRECTION('',(1.,0.,0.));
#5196=DIRECTION('center_axis',(0.,0.,1.));
#5197=DIRECTION('ref_axis',(-2.1662888285369E-15,1.,0.));
#5198=DIRECTION('',(-0.707106781186555,7.85046229341878E-15,-0.70710678118654));
#5199=DIRECTION('center_axis',(0.,0.,1.));
#5200=DIRECTION('ref_axis',(-2.1662888285369E-15,1.,0.));
#5201=DIRECTION('center_axis',(0.,0.,-1.));
#5202=DIRECTION('ref_axis',(-2.1662888285369E-15,1.,0.));
#5203=DIRECTION('center_axis',(0.707106781186548,8.97195690676442E-16,-0.707106781186548));
#5204=DIRECTION('ref_axis',(-0.707106781186548,0.,-0.707106781186548));
#5205=DIRECTION('',(-0.707106781186548,0.,-0.707106781186548));
#5206=DIRECTION('',(-1.26882631385732E-15,1.,0.));
#5207=DIRECTION('',(1.26882631385732E-15,-1.,0.));
#5208=DIRECTION('center_axis',(0.,0.,-1.));
#5209=DIRECTION('ref_axis',(0.,-1.,0.));
#5210=DIRECTION('',(0.,-0.707106781186548,-0.707106781186548));
#5211=DIRECTION('center_axis',(0.,0.,-1.));
#5212=DIRECTION('ref_axis',(0.,-1.,0.));
#5213=DIRECTION('center_axis',(0.,0.,1.));
#5214=DIRECTION('ref_axis',(0.,-1.,0.));
#5215=DIRECTION('center_axis',(9.62508786932587E-16,0.707106781186548,-0.707106781186548));
#5216=DIRECTION('ref_axis',(-1.,0.,-1.36119298038334E-15));
#5217=DIRECTION('',(0.,-0.707106781186548,-0.707106781186548));
#5218=DIRECTION('',(-1.,1.36119298038334E-15,0.));
#5219=DIRECTION('',(1.,-1.36119298038334E-15,0.));
#5220=DIRECTION('center_axis',(0.,0.,1.));
#5221=DIRECTION('ref_axis',(0.,1.,0.));
#5222=DIRECTION('',(-0.707106781186544,0.,-0.707106781186551));
#5223=DIRECTION('center_axis',(0.,0.,1.));
#5224=DIRECTION('ref_axis',(0.,1.,0.));
#5225=DIRECTION('center_axis',(0.,0.,-1.));
#5226=DIRECTION('ref_axis',(0.,1.,0.));
#5227=DIRECTION('center_axis',(0.,0.,-1.));
#5228=DIRECTION('ref_axis',(0.,-1.,0.));
#5229=DIRECTION('center_axis',(0.,0.,-1.));
#5230=DIRECTION('ref_axis',(0.,-1.,0.));
#5231=DIRECTION('center_axis',(0.,0.,1.));
#5232=DIRECTION('ref_axis',(0.,-1.,0.));
#5233=DIRECTION('center_axis',(0.,0.,1.));
#5234=DIRECTION('ref_axis',(-1.,-2.1662888285369E-15,0.));
#5235=DIRECTION('',(0.,0.,-1.));
#5236=DIRECTION('center_axis',(0.,0.,1.));
#5237=DIRECTION('ref_axis',(-1.,-2.1662888285369E-15,0.));
#5238=DIRECTION('',(0.,0.,-1.));
#5239=DIRECTION('center_axis',(-1.,3.16985718498097E-16,0.));
#5240=DIRECTION('ref_axis',(-3.16985718498097E-16,-1.,0.));
#5241=DIRECTION('',(0.,0.,-1.));
#5242=DIRECTION('',(-3.16985718498097E-16,-1.,0.));
#5243=DIRECTION('center_axis',(0.,0.,1.));
#5244=DIRECTION('ref_axis',(-0.956304755963054,-0.292371704722675,0.));
#5245=DIRECTION('',(0.,0.,-1.));
#5246=DIRECTION('center_axis',(0.,0.,1.));
#5247=DIRECTION('ref_axis',(-0.956304755963054,-0.292371704722675,0.));
#5248=DIRECTION('center_axis',(-0.956304755963055,-0.292371704722674,0.));
#5249=DIRECTION('ref_axis',(0.292371704722674,-0.956304755963055,0.));
#5250=DIRECTION('',(0.,0.,-1.));
#5251=DIRECTION('',(0.292371704722674,-0.956304755963055,0.));
#5252=DIRECTION('center_axis',(0.,0.,1.));
#5253=DIRECTION('ref_axis',(0.292371704722821,-0.95630475596301,0.));
#5254=DIRECTION('',(0.,0.,-1.));
#5255=DIRECTION('center_axis',(0.,0.,1.));
#5256=DIRECTION('ref_axis',(0.292371704722821,-0.95630475596301,0.));
#5257=DIRECTION('center_axis',(0.292371704722819,-0.95630475596301,0.));
#5258=DIRECTION('ref_axis',(0.95630475596301,0.292371704722819,0.));
#5259=DIRECTION('',(0.,0.,1.));
#5260=DIRECTION('',(0.95630475596301,0.292371704722819,0.));
#5261=DIRECTION('center_axis',(0.,0.,1.));
#5262=DIRECTION('ref_axis',(-0.292371704722819,0.95630475596301,0.));
#5263=DIRECTION('',(0.,0.,-1.));
#5264=DIRECTION('center_axis',(0.,0.,-1.));
#5265=DIRECTION('ref_axis',(-0.292371704722819,0.95630475596301,0.));
#5266=DIRECTION('center_axis',(1.30257823225575E-13,-1.,0.));
#5267=DIRECTION('ref_axis',(1.,1.30257823225575E-13,0.));
#5268=DIRECTION('',(0.,0.,-1.));
#5269=DIRECTION('',(1.,1.30257823225575E-13,0.));
#5270=DIRECTION('center_axis',(0.,0.,1.));
#5271=DIRECTION('ref_axis',(1.,0.,0.));
#5272=DIRECTION('',(0.,0.,-1.));
#5273=DIRECTION('center_axis',(0.,0.,1.));
#5274=DIRECTION('ref_axis',(1.,0.,0.));
#5275=DIRECTION('center_axis',(1.,3.70074341541711E-16,0.));
#5276=DIRECTION('ref_axis',(-3.70074341541711E-16,1.,0.));
#5277=DIRECTION('',(0.,0.,-1.));
#5278=DIRECTION('',(-3.70074341541711E-16,1.,0.));
#5279=DIRECTION('center_axis',(0.,0.,1.));
#5280=DIRECTION('ref_axis',(-1.,0.,0.));
#5281=DIRECTION('',(0.,0.,-1.));
#5282=DIRECTION('center_axis',(0.,0.,-1.));
#5283=DIRECTION('ref_axis',(-1.,0.,0.));
#5284=DIRECTION('center_axis',(0.,-1.,0.));
#5285=DIRECTION('ref_axis',(1.,0.,0.));
#5286=DIRECTION('',(0.,0.,-1.));
#5287=DIRECTION('',(1.,0.,0.));
#5288=DIRECTION('center_axis',(0.,0.,1.));
#5289=DIRECTION('ref_axis',(0.,1.,0.));
#5290=DIRECTION('',(0.,0.,-1.));
#5291=DIRECTION('center_axis',(0.,0.,-1.));
#5292=DIRECTION('ref_axis',(0.,1.,0.));
#5293=DIRECTION('center_axis',(-1.,4.33257765707378E-15,0.));
#5294=DIRECTION('ref_axis',(-4.33257765707378E-15,-1.,0.));
#5295=DIRECTION('',(0.,0.,-1.));
#5296=DIRECTION('',(-4.33257765707378E-15,-1.,0.));
#5297=DIRECTION('center_axis',(0.,0.,1.));
#5298=DIRECTION('ref_axis',(4.3325776570738E-15,-1.,0.));
#5299=DIRECTION('',(0.,0.,-1.));
#5300=DIRECTION('center_axis',(0.,0.,1.));
#5301=DIRECTION('ref_axis',(4.3325776570738E-15,-1.,0.));
#5302=DIRECTION('center_axis',(-3.40298245095833E-16,-1.,0.));
#5303=DIRECTION('ref_axis',(1.,-3.40298245095833E-16,0.));
#5304=DIRECTION('',(0.,0.,-1.));
#5305=DIRECTION('',(1.,-3.40298245095833E-16,0.));
#5306=DIRECTION('center_axis',(0.,0.,1.));
#5307=DIRECTION('ref_axis',(0.,1.,0.));
#5308=DIRECTION('',(0.,0.,-1.));
#5309=DIRECTION('center_axis',(0.,0.,-1.));
#5310=DIRECTION('ref_axis',(0.,1.,0.));
#5311=DIRECTION('center_axis',(0.,0.,1.));
#5312=DIRECTION('ref_axis',(2.1662888285369E-15,-1.,0.));
#5313=DIRECTION('',(0.,0.,-1.));
#5314=DIRECTION('center_axis',(0.,0.,1.));
#5315=DIRECTION('ref_axis',(2.1662888285369E-15,-1.,0.));
#5316=DIRECTION('center_axis',(1.23358113847239E-15,-1.,0.));
#5317=DIRECTION('ref_axis',(1.,1.23358113847239E-15,0.));
#5318=DIRECTION('',(0.,0.,-1.));
#5319=DIRECTION('',(1.,1.23358113847239E-15,0.));
#5320=DIRECTION('center_axis',(0.,0.,1.));
#5321=DIRECTION('ref_axis',(1.,-2.16628882853689E-15,0.));
#5322=DIRECTION('',(0.,0.,-1.));
#5323=DIRECTION('center_axis',(0.,0.,1.));
#5324=DIRECTION('ref_axis',(1.,-2.16628882853689E-15,0.));
#5325=DIRECTION('center_axis',(1.,0.,0.));
#5326=DIRECTION('ref_axis',(0.,1.,0.));
#5327=DIRECTION('',(0.,0.,-1.));
#5328=DIRECTION('',(0.,1.,0.));
#5329=DIRECTION('',(0.,-1.,0.));
#5330=DIRECTION('',(0.,8.88178419700125E-16,-1.));
#5331=DIRECTION('',(0.,1.,-9.00639211723621E-18));
#5332=DIRECTION('',(0.,-3.5527136788005E-15,1.));
#5333=DIRECTION('center_axis',(0.,0.,1.));
#5334=DIRECTION('ref_axis',(0.,1.,0.));
#5335=DIRECTION('',(0.,0.,-1.));
#5336=DIRECTION('center_axis',(0.,0.,1.));
#5337=DIRECTION('ref_axis',(0.,1.,0.));
#5338=DIRECTION('center_axis',(0.,1.,0.));
#5339=DIRECTION('ref_axis',(-1.,0.,0.));
#5340=DIRECTION('',(0.,0.,-1.));
#5341=DIRECTION('',(-1.,0.,0.));
#5342=DIRECTION('center_axis',(0.,0.,-1.));
#5343=DIRECTION('ref_axis',(1.,0.,0.));
#5344=DIRECTION('center_axis',(0.,0.,-1.));
#5345=DIRECTION('ref_axis',(1.,0.,0.));
#5346=DIRECTION('',(-1.,-5.92118946466756E-15,0.));
#5347=DIRECTION('center_axis',(0.,0.,-1.));
#5348=DIRECTION('ref_axis',(1.,0.,0.));
#5349=DIRECTION('',(0.,1.,0.));
#5350=DIRECTION('',(-1.,0.,0.));
#5351=DIRECTION('center_axis',(0.,0.,-1.));
#5352=DIRECTION('ref_axis',(0.,-1.,0.));
#5353=DIRECTION('',(-2.22044604925032E-15,1.,0.));
#5354=DIRECTION('center_axis',(0.,0.,1.));
#5355=DIRECTION('ref_axis',(-8.88178419700139E-15,1.,0.));
#5356=DIRECTION('',(-1.,0.,0.));
#5357=DIRECTION('center_axis',(0.,0.,1.));
#5358=DIRECTION('ref_axis',(-1.,5.92118946466743E-15,0.));
#5359=DIRECTION('',(0.,-1.,0.));
#5360=DIRECTION('center_axis',(0.,0.,-1.));
#5361=DIRECTION('ref_axis',(1.,0.,0.));
#5362=DIRECTION('',(-1.,0.,0.));
#5363=DIRECTION('center_axis',(0.,0.,1.));
#5364=DIRECTION('ref_axis',(-0.942809041582063,0.333333333333333,0.));
#5365=DIRECTION('center_axis',(0.,0.,-1.));
#5366=DIRECTION('ref_axis',(0.942809041582066,-0.333333333333326,0.));
#5367=DIRECTION('',(-1.,0.,0.));
#5368=DIRECTION('',(0.,-1.,0.));
#5369=DIRECTION('center_axis',(0.,0.,-1.));
#5370=DIRECTION('ref_axis',(1.,0.,0.));
#5371=DIRECTION('',(-1.,0.,0.));
#5372=DIRECTION('',(-2.11728218071671E-16,-1.,0.));
#5373=DIRECTION('center_axis',(0.,0.,-1.));
#5374=DIRECTION('ref_axis',(1.,-9.86864910777917E-16,0.));
#5375=DIRECTION('',(-1.,4.75809867696495E-16,0.));
#5376=DIRECTION('center_axis',(0.,0.,1.));
#5377=DIRECTION('ref_axis',(-1.,-5.92118946466756E-15,0.));
#5378=DIRECTION('',(0.,-1.,0.));
#5379=DIRECTION('center_axis',(0.,0.,1.));
#5380=DIRECTION('ref_axis',(-0.956304755963055,-0.292371704722674,0.));
#5381=DIRECTION('',(0.292371704722674,-0.956304755963055,0.));
#5382=DIRECTION('',(0.956304755963054,0.292371704722675,0.));
#5383=DIRECTION('center_axis',(0.,0.,-1.));
#5384=DIRECTION('ref_axis',(1.,0.,0.));
#5385=DIRECTION('',(0.292371704722818,-0.956304755963011,0.));
#5386=DIRECTION('',(0.95630475596301,0.292371704722819,0.));
#5387=DIRECTION('center_axis',(0.,0.,-1.));
#5388=DIRECTION('ref_axis',(-0.29237170472282,0.95630475596301,0.));
#5389=DIRECTION('',(1.,1.30257823225575E-13,0.));
#5390=DIRECTION('',(-1.30266168222686E-13,1.,0.));
#5391=DIRECTION('center_axis',(0.,0.,-1.));
#5392=DIRECTION('ref_axis',(1.,0.,0.));
#5393=DIRECTION('',(1.,0.,0.));
#5394=DIRECTION('',(-4.0091387000352E-16,1.,0.));
#5395=DIRECTION('center_axis',(0.,0.,-1.));
#5396=DIRECTION('ref_axis',(-1.,0.,0.));
#5397=DIRECTION('',(1.,0.,0.));
#5398=DIRECTION('center_axis',(0.,0.,-1.));
#5399=DIRECTION('ref_axis',(0.,1.,0.));
#5400=DIRECTION('',(1.,0.,0.));
#5401=DIRECTION('center_axis',(0.,0.,-1.));
#5402=DIRECTION('ref_axis',(1.,0.,0.));
#5403=DIRECTION('',(0.,-1.,0.));
#5404=DIRECTION('',(1.,-3.40298245095833E-16,0.));
#5405=DIRECTION('center_axis',(0.,0.,-1.));
#5406=DIRECTION('ref_axis',(0.,1.,0.));
#5407=DIRECTION('center_axis',(0.,0.,1.));
#5408=DIRECTION('ref_axis',(5.92118946466756E-15,-1.,0.));
#5409=DIRECTION('',(1.,1.23358113847239E-15,0.));
#5410=DIRECTION('',(0.,1.,0.));
#5411=DIRECTION('center_axis',(0.,0.,-1.));
#5412=DIRECTION('ref_axis',(1.,0.,0.));
#5413=DIRECTION('',(1.,0.,0.));
#5414=DIRECTION('',(0.,1.,0.));
#5415=DIRECTION('',(-1.,0.,0.));
#5416=DIRECTION('center_axis',(0.,0.,-1.));
#5417=DIRECTION('ref_axis',(1.,0.,0.));
#5418=DIRECTION('',(0.,1.,0.));
#5419=DIRECTION('',(-1.,0.,0.));
#5420=DIRECTION('center_axis',(0.,0.,-1.));
#5421=DIRECTION('ref_axis',(0.,-1.,0.));
#5422=DIRECTION('center_axis',(0.,0.,1.));
#5423=DIRECTION('ref_axis',(0.,1.,0.));
#5424=DIRECTION('',(-1.,1.36119298038334E-15,0.));
#5425=DIRECTION('center_axis',(0.,0.,-1.));
#5426=DIRECTION('ref_axis',(0.,-1.,0.));
#5427=DIRECTION('',(-1.26882631385732E-15,1.,0.));
#5428=DIRECTION('center_axis',(0.,0.,-1.));
#5429=DIRECTION('ref_axis',(1.,0.,0.));
#5430=DIRECTION('center_axis',(0.,0.,1.));
#5431=DIRECTION('ref_axis',(-1.,0.,0.));
#5432=DIRECTION('center_axis',(0.,0.,-1.));
#5433=DIRECTION('ref_axis',(1.,0.,0.));
#5434=DIRECTION('center_axis',(0.,0.,1.));
#5435=DIRECTION('ref_axis',(-1.,0.,0.));
#5436=DIRECTION('center_axis',(0.,0.,-1.));
#5437=DIRECTION('ref_axis',(1.,0.,0.));
#5438=DIRECTION('center_axis',(0.,0.,1.));
#5439=DIRECTION('ref_axis',(-1.,0.,0.));
#5440=DIRECTION('center_axis',(0.,0.,-1.));
#5441=DIRECTION('ref_axis',(1.,0.,0.));
#5442=DIRECTION('center_axis',(0.,0.,1.));
#5443=DIRECTION('ref_axis',(-1.,0.,0.));
#5444=DIRECTION('center_axis',(0.,0.,-1.));
#5445=DIRECTION('ref_axis',(1.,0.,0.));
#5446=DIRECTION('center_axis',(0.,0.,1.));
#5447=DIRECTION('ref_axis',(-1.,0.,0.));
#5448=DIRECTION('center_axis',(0.,0.,-1.));
#5449=DIRECTION('ref_axis',(1.,0.,0.));
#5450=DIRECTION('center_axis',(0.,0.,1.));
#5451=DIRECTION('ref_axis',(-1.,0.,0.));
#5452=DIRECTION('center_axis',(0.,0.,-1.));
#5453=DIRECTION('ref_axis',(1.,0.,0.));
#5454=DIRECTION('center_axis',(0.,0.,1.));
#5455=DIRECTION('ref_axis',(-1.,0.,0.));
#5456=DIRECTION('center_axis',(0.,3.5527136788005E-15,-1.));
#5457=DIRECTION('ref_axis',(-0.923879532511287,0.382683432365089,1.40197953284585E-15));
#5458=DIRECTION('center_axis',(0.,0.,1.));
#5459=DIRECTION('ref_axis',(-0.923879532511287,0.382683432365089,1.40197953284585E-15));
#5460=DIRECTION('',(0.,-3.5527136788005E-15,1.));
#5461=DIRECTION('center_axis',(0.707106781186549,-6.36848094012278E-18,
-0.707106781186546));
#5462=DIRECTION('ref_axis',(-0.707106781186546,5.03737997161043E-15,-0.707106781186549));
#5463=DIRECTION('',(0.,3.5527136788005E-15,-1.));
#5464=DIRECTION('center_axis',(0.707106781186549,-6.36848094012278E-18,
-0.707106781186546));
#5465=DIRECTION('ref_axis',(-0.707106781186546,0.,-0.707106781186549));
#5466=DIRECTION('',(0.577350269189625,0.577350269189625,0.577350269189627));
#5467=DIRECTION('center_axis',(-0.707106781186549,6.36848094012278E-18,
0.707106781186546));
#5468=DIRECTION('ref_axis',(0.707106781186546,-5.03737997161043E-15,0.707106781186549));
#5469=DIRECTION('center_axis',(-0.707106781186549,6.36848094012278E-18,
0.707106781186546));
#5470=DIRECTION('ref_axis',(0.707106781186546,-1.21027960356874E-15,0.707106781186549));
#5471=DIRECTION('',(0.577350269189625,-0.577350269189626,0.577350269189627));
#5472=DIRECTION('center_axis',(0.707106781186549,-6.36848094012278E-18,
-0.707106781186546));
#5473=DIRECTION('ref_axis',(-0.707106781186546,1.34112064179239E-15,-0.707106781186549));
#5474=DIRECTION('',(0.,1.,-9.00639211723621E-18));
#5475=DIRECTION('center_axis',(0.707106781186549,-0.707106781186546,-2.51214793389403E-15));
#5476=DIRECTION('ref_axis',(-3.55271367880049E-15,0.,-1.));
#5477=DIRECTION('',(-0.707106781186546,-0.707106781186549,0.));
#5478=DIRECTION('',(0.,3.5527136788005E-15,-1.));
#5479=DIRECTION('center_axis',(0.,-8.88178419700125E-16,1.));
#5480=DIRECTION('ref_axis',(-0.923879532511287,-0.38268343236509,-4.005655808131E-16));
#5481=DIRECTION('',(0.,8.88178419700125E-16,-1.));
#5482=DIRECTION('center_axis',(0.,0.,1.));
#5483=DIRECTION('ref_axis',(-0.923879532511287,-0.38268343236509,-4.005655808131E-16));
#5484=DIRECTION('',(0.,-8.88178419700125E-16,1.));
#5485=DIRECTION('center_axis',(0.,0.,-1.));
#5486=DIRECTION('ref_axis',(0.,-1.,0.));
#5487=DIRECTION('',(0.,-1.,0.));
#5488=DIRECTION('',(0.707106781186547,-0.707106781186548,0.));
#5489=DIRECTION('center_axis',(0.,0.,-1.));
#5490=DIRECTION('ref_axis',(0.923879532511287,0.382683432365089,4.005655808131E-16));
#5491=DIRECTION('center_axis',(0.,0.,-1.));
#5492=DIRECTION('ref_axis',(0.923879532511287,-0.382683432365089,-1.40197953284585E-15));
#5493=DIRECTION('center_axis',(0.707106781186548,0.707106781186547,6.28036983473509E-16));
#5494=DIRECTION('ref_axis',(8.88178419700123E-16,0.,-1.));
#5495=DIRECTION('',(0.,-8.88178419700125E-16,1.));
#5496=DIRECTION('center_axis',(0.,3.5527136788005E-15,-1.));
#5497=DIRECTION('ref_axis',(0.923879532511287,-0.382683432365089,-1.40197953284585E-15));
#5498=DIRECTION('center_axis',(0.,-8.88178419700125E-16,1.));
#5499=DIRECTION('ref_axis',(0.923879532511287,0.382683432365089,4.005655808131E-16));
#5500=DIRECTION('center_axis',(-1.,0.,0.));
#5501=DIRECTION('ref_axis',(0.,0.,1.));
#5502=DIRECTION('center_axis',(0.,0.,1.));
#5503=DIRECTION('ref_axis',(-1.,0.,0.));
#5504=DIRECTION('',(0.,0.,1.));
#5505=DIRECTION('center_axis',(0.,0.,-1.));
#5506=DIRECTION('ref_axis',(-1.,0.,0.));
#5507=DIRECTION('center_axis',(0.,0.,1.));
#5508=DIRECTION('ref_axis',(-1.,0.,0.));
#5509=DIRECTION('',(0.,0.,1.));
#5510=DIRECTION('center_axis',(0.,0.,-1.));
#5511=DIRECTION('ref_axis',(-1.,0.,0.));
#5512=DIRECTION('center_axis',(0.,0.,1.));
#5513=DIRECTION('ref_axis',(-1.,0.,0.));
#5514=DIRECTION('',(0.,0.,1.));
#5515=DIRECTION('center_axis',(0.,0.,-1.));
#5516=DIRECTION('ref_axis',(-1.,0.,0.));
#5517=DIRECTION('center_axis',(0.,0.,1.));
#5518=DIRECTION('ref_axis',(-1.,0.,0.));
#5519=DIRECTION('',(0.,0.,1.));
#5520=DIRECTION('center_axis',(0.,0.,-1.));
#5521=DIRECTION('ref_axis',(-1.,0.,0.));
#5522=DIRECTION('center_axis',(0.,0.,1.));
#5523=DIRECTION('ref_axis',(-1.,0.,0.));
#5524=DIRECTION('',(0.,0.,1.));
#5525=DIRECTION('center_axis',(0.,0.,-1.));
#5526=DIRECTION('ref_axis',(-1.,0.,0.));
#5527=DIRECTION('center_axis',(0.,0.,1.));
#5528=DIRECTION('ref_axis',(-1.,0.,0.));
#5529=DIRECTION('',(0.,0.,1.));
#5530=DIRECTION('center_axis',(0.,0.,-1.));
#5531=DIRECTION('ref_axis',(-1.,0.,0.));
#5532=DIRECTION('center_axis',(0.,0.,1.));
#5533=DIRECTION('ref_axis',(-1.,0.,0.));
#5534=DIRECTION('',(0.,0.,1.));
#5535=DIRECTION('center_axis',(0.,0.,-1.));
#5536=DIRECTION('ref_axis',(-1.,0.,0.));
#5537=DIRECTION('center_axis',(-1.,0.,0.));
#5538=DIRECTION('ref_axis',(0.,-1.,0.));
#5539=DIRECTION('',(0.,0.,-1.));
#5540=DIRECTION('',(0.,-1.,0.));
#5541=DIRECTION('',(0.,0.,-1.));
#5542=DIRECTION('center_axis',(0.,0.,1.));
#5543=DIRECTION('ref_axis',(1.,0.,0.));
#5544=DIRECTION('center_axis',(0.,0.,1.));
#5545=DIRECTION('ref_axis',(1.,0.,0.));
#5546=DIRECTION('',(0.,0.,-1.));
#5547=DIRECTION('center_axis',(0.,1.,0.));
#5548=DIRECTION('ref_axis',(-1.,0.,0.));
#5549=DIRECTION('',(-1.,0.,0.));
#5550=DIRECTION('',(0.,0.,1.));
#5551=DIRECTION('center_axis',(0.,0.,-1.));
#5552=DIRECTION('ref_axis',(1.,0.,0.));
#5553=DIRECTION('',(-1.,-1.23358113847239E-15,0.));
#5554=DIRECTION('center_axis',(0.,0.,-1.));
#5555=DIRECTION('ref_axis',(1.,-5.92118946466749E-15,0.));
#5556=DIRECTION('',(0.,-1.,0.));
#5557=DIRECTION('center_axis',(-0.292371704722675,0.956304755963054,0.));
#5558=DIRECTION('ref_axis',(-0.956304755963054,-0.292371704722675,0.));
#5559=DIRECTION('',(0.,0.,-1.));
#5560=DIRECTION('',(-0.956304755963054,-0.292371704722675,0.));
#5561=DIRECTION('',(0.,0.,-1.));
#5562=DIRECTION('center_axis',(0.,0.,1.));
#5563=DIRECTION('ref_axis',(1.,0.,0.));
#5564=DIRECTION('center_axis',(0.,0.,1.));
#5565=DIRECTION('ref_axis',(1.,0.,0.));
#5566=DIRECTION('',(0.,0.,-1.));
#5567=DIRECTION('center_axis',(0.956304755963011,0.292371704722818,0.));
#5568=DIRECTION('ref_axis',(-0.292371704722818,0.956304755963011,0.));
#5569=DIRECTION('',(-0.292371704722818,0.956304755963011,0.));
#5570=DIRECTION('',(0.,0.,1.));
#5571=DIRECTION('center_axis',(0.,0.,-1.));
#5572=DIRECTION('ref_axis',(1.,0.,0.));
#5573=DIRECTION('',(-0.292371704722674,0.956304755963055,0.));
#5574=DIRECTION('center_axis',(0.,0.,-1.));
#5575=DIRECTION('ref_axis',(0.292371704722825,-0.956304755963009,0.));
#5576=DIRECTION('',(-0.95630475596301,-0.292371704722819,0.));
#5577=DIRECTION('center_axis',(-1.,-1.30266168222686E-13,0.));
#5578=DIRECTION('ref_axis',(1.30266168222686E-13,-1.,0.));
#5579=DIRECTION('',(0.,0.,-1.));
#5580=DIRECTION('',(1.30266168222686E-13,-1.,0.));
#5581=DIRECTION('',(0.,0.,-1.));
#5582=DIRECTION('center_axis',(0.,0.,1.));
#5583=DIRECTION('ref_axis',(1.,0.,0.));
#5584=DIRECTION('center_axis',(0.,0.,1.));
#5585=DIRECTION('ref_axis',(1.,0.,0.));
#5586=DIRECTION('',(0.,0.,-1.));
#5587=DIRECTION('center_axis',(0.,1.,0.));
#5588=DIRECTION('ref_axis',(-1.,0.,0.));
#5589=DIRECTION('',(-1.,0.,0.));
#5590=DIRECTION('',(0.,0.,1.));
#5591=DIRECTION('center_axis',(0.,0.,-1.));
#5592=DIRECTION('ref_axis',(1.,0.,0.));
#5593=DIRECTION('',(-1.,-1.30257823225575E-13,0.));
#5594=DIRECTION('center_axis',(0.,0.,-1.));
#5595=DIRECTION('ref_axis',(1.,0.,0.));
#5596=DIRECTION('',(4.0091387000352E-16,-1.,0.));
#5597=DIRECTION('center_axis',(0.,-1.,0.));
#5598=DIRECTION('ref_axis',(1.,0.,0.));
#5599=DIRECTION('',(0.,0.,-1.));
#5600=DIRECTION('',(1.,0.,0.));
#5601=DIRECTION('',(0.,0.,-1.));
#5602=DIRECTION('center_axis',(0.,0.,1.));
#5603=DIRECTION('ref_axis',(1.,0.,0.));
#5604=DIRECTION('center_axis',(0.,0.,1.));
#5605=DIRECTION('ref_axis',(1.,0.,0.));
#5606=DIRECTION('',(0.,0.,-1.));
#5607=DIRECTION('center_axis',(-1.,0.,0.));
#5608=DIRECTION('ref_axis',(0.,-1.,0.));
#5609=DIRECTION('',(0.,-1.,0.));
#5610=DIRECTION('',(0.,0.,1.));
#5611=DIRECTION('center_axis',(0.,0.,-1.));
#5612=DIRECTION('ref_axis',(1.,0.,0.));
#5613=DIRECTION('',(0.,-1.,0.));
#5614=DIRECTION('center_axis',(0.,0.,-1.));
#5615=DIRECTION('ref_axis',(0.,1.,0.));
#5616=DIRECTION('',(1.,0.,0.));
#5617=DIRECTION('center_axis',(1.,0.,0.));
#5618=DIRECTION('ref_axis',(0.,1.,0.));
#5619=DIRECTION('',(0.,0.,-1.));
#5620=DIRECTION('',(0.,1.,0.));
#5621=DIRECTION('',(0.,0.,-1.));
#5622=DIRECTION('center_axis',(0.,0.,1.));
#5623=DIRECTION('ref_axis',(1.,0.,0.));
#5624=DIRECTION('center_axis',(0.,0.,1.));
#5625=DIRECTION('ref_axis',(1.,0.,0.));
#5626=DIRECTION('',(0.,0.,-1.));
#5627=DIRECTION('center_axis',(0.,-1.,0.));
#5628=DIRECTION('ref_axis',(1.,0.,0.));
#5629=DIRECTION('',(1.,0.,0.));
#5630=DIRECTION('',(0.,0.,1.));
#5631=DIRECTION('center_axis',(0.,0.,-1.));
#5632=DIRECTION('ref_axis',(1.,0.,0.));
#5633=DIRECTION('center_axis',(0.,0.,-1.));
#5634=DIRECTION('ref_axis',(-1.,-5.92118946466754E-15,0.));
#5635=DIRECTION('',(2.11728218071671E-16,1.,0.));
#5636=DIRECTION('',(1.,0.,0.));
#5637=DIRECTION('center_axis',(1.,0.,0.));
#5638=DIRECTION('ref_axis',(0.,1.,0.));
#5639=DIRECTION('',(0.,0.,-1.));
#5640=DIRECTION('',(0.,1.,0.));
#5641=DIRECTION('',(0.,0.,1.));
#5642=DIRECTION('center_axis',(0.,1.,0.));
#5643=DIRECTION('ref_axis',(-1.,0.,0.));
#5644=DIRECTION('',(0.,0.,-1.));
#5645=DIRECTION('',(-1.,0.,0.));
#5646=DIRECTION('',(0.,0.,1.));
#5647=DIRECTION('center_axis',(0.,0.,1.));
#5648=DIRECTION('ref_axis',(1.,0.,0.));
#5649=DIRECTION('center_axis',(0.,0.,1.));
#5650=DIRECTION('ref_axis',(1.,0.,0.));
#5651=DIRECTION('center_axis',(0.,0.,-1.));
#5652=DIRECTION('ref_axis',(1.,0.,0.));
#5653=DIRECTION('center_axis',(0.,0.,1.));
#5654=DIRECTION('ref_axis',(0.,1.,0.));
#5655=DIRECTION('',(4.33257765707377E-15,1.,0.));
#5656=DIRECTION('center_axis',(0.,0.,-1.));
#5657=DIRECTION('ref_axis',(1.18423789293352E-14,-1.,0.));
#5658=DIRECTION('',(-1.,3.40298245095833E-16,0.));
#5659=DIRECTION('center_axis',(5.92118946466756E-15,-1.,0.));
#5660=DIRECTION('ref_axis',(1.,5.92118946466756E-15,0.));
#5661=DIRECTION('',(0.,0.,-1.));
#5662=DIRECTION('',(1.,5.92118946466756E-15,0.));
#5663=DIRECTION('',(0.,0.,-1.));
#5664=DIRECTION('center_axis',(0.,0.,1.));
#5665=DIRECTION('ref_axis',(1.,0.,0.));
#5666=DIRECTION('center_axis',(0.,0.,1.));
#5667=DIRECTION('ref_axis',(1.,0.,0.));
#5668=DIRECTION('',(0.,0.,-1.));
#5669=DIRECTION('center_axis',(-1.,0.,0.));
#5670=DIRECTION('ref_axis',(0.,-1.,0.));
#5671=DIRECTION('',(0.,-1.,0.));
#5672=DIRECTION('',(0.,0.,1.));
#5673=DIRECTION('center_axis',(0.,0.,-1.));
#5674=DIRECTION('ref_axis',(1.,0.,0.));
#5675=DIRECTION('',(1.26882631385732E-15,-1.,0.));
#5676=DIRECTION('center_axis',(0.,0.,-1.));
#5677=DIRECTION('ref_axis',(-5.92118946466756E-15,1.,0.));
#5678=DIRECTION('',(1.,0.,0.));
#5679=DIRECTION('center_axis',(1.,1.70803542250024E-15,6.32100084311704E-30));
#5680=DIRECTION('ref_axis',(0.,-3.70074341541716E-15,1.));
#5681=DIRECTION('',(-6.32100084311704E-30,1.00253152495765E-45,1.));
#5682=DIRECTION('',(1.70803542250024E-15,-1.,0.));
#5683=DIRECTION('',(6.32100084311704E-30,-3.00759457487295E-45,-1.));
#5684=DIRECTION('',(1.70803542250024E-15,-1.,0.));
#5685=DIRECTION('center_axis',(1.70803542250024E-15,-1.,0.));
#5686=DIRECTION('ref_axis',(1.,1.70803542250024E-15,-4.02254719067086E-16));
#5687=DIRECTION('center_axis',(-1.58603289232165E-16,-1.,0.));
#5688=DIRECTION('ref_axis',(1.,1.70803542250024E-15,-4.02254719067086E-16));
#5689=DIRECTION('',(1.70803542250024E-15,-1.,0.));
#5690=DIRECTION('center_axis',(4.75809867696495E-16,1.,0.));
#5691=DIRECTION('ref_axis',(1.,1.70803542250024E-15,-4.02254719067086E-16));
#5692=DIRECTION('center_axis',(0.,0.,-1.));
#5693=DIRECTION('ref_axis',(1.,-1.04834165782175E-30,0.));
#5694=DIRECTION('',(1.,-1.58603289232165E-16,0.));
#5695=DIRECTION('',(1.70803542250024E-15,-1.,0.));
#5696=DIRECTION('',(-1.,4.75809867696495E-16,0.));
#5697=DIRECTION('center_axis',(1.70803542250024E-15,-1.,0.));
#5698=DIRECTION('ref_axis',(0.,0.,-1.));
#5699=DIRECTION('center_axis',(-1.58603289232165E-16,-1.,0.));
#5700=DIRECTION('ref_axis',(0.,0.,-1.));
#5701=DIRECTION('',(1.70803542250024E-15,-1.,0.));
#5702=DIRECTION('center_axis',(4.75809867696495E-16,1.,0.));
#5703=DIRECTION('ref_axis',(0.,0.,-1.));
#5704=DIRECTION('center_axis',(-1.,-1.70803542250024E-15,1.48029736616687E-14));
#5705=DIRECTION('ref_axis',(-1.48029736616687E-14,0.,-1.));
#5706=DIRECTION('',(-1.48029736616687E-14,2.34780031315776E-30,-1.));
#5707=DIRECTION('',(1.70803542250024E-15,-1.,0.));
#5708=DIRECTION('',(1.48029736616687E-14,-7.04340093947328E-30,1.));
#5709=DIRECTION('center_axis',(1.70803542250024E-15,-1.,0.));
#5710=DIRECTION('ref_axis',(-1.,-1.70803542250024E-15,7.24058494320755E-15));
#5711=DIRECTION('center_axis',(-1.58603289232165E-16,-1.,0.));
#5712=DIRECTION('ref_axis',(-1.,-1.70803542250024E-15,7.24058494320755E-15));
#5713=DIRECTION('',(1.70803542250024E-15,-1.,0.));
#5714=DIRECTION('center_axis',(4.75809867696495E-16,1.,0.));
#5715=DIRECTION('ref_axis',(-1.,-1.70803542250024E-15,7.24058494320755E-15));
#5716=DIRECTION('center_axis',(-7.83072666271662E-16,-1.33751585238371E-30,
1.));
#5717=DIRECTION('ref_axis',(-1.,3.78877719586256E-47,-7.83072666271662E-16));
#5718=DIRECTION('',(-1.,1.58603289232165E-16,-7.83072666271662E-16));
#5719=DIRECTION('',(1.70803542250024E-15,-1.,0.));
#5720=DIRECTION('',(1.,-4.75809867696495E-16,7.83072666271662E-16));
#5721=DIRECTION('center_axis',(1.70803542250024E-15,-1.,0.));
#5722=DIRECTION('ref_axis',(-3.2180377525367E-15,-5.49652247227575E-30,
1.));
#5723=DIRECTION('center_axis',(-1.58603289232165E-16,-1.,0.));
#5724=DIRECTION('ref_axis',(-3.2180377525367E-15,-5.49652247227575E-30,
1.));
#5725=DIRECTION('center_axis',(4.75809867696495E-16,1.,0.));
#5726=DIRECTION('ref_axis',(-3.2180377525367E-15,-5.49652247227575E-30,
1.));
#5727=DIRECTION('center_axis',(0.,0.,-1.));
#5728=DIRECTION('ref_axis',(1.,0.,0.));
#5729=DIRECTION('center_axis',(0.,0.,-1.));
#5730=DIRECTION('ref_axis',(-0.292371704722819,0.95630475596301,0.));
#5731=DIRECTION('',(1.,1.30257823225575E-13,0.));
#5732=DIRECTION('center_axis',(0.,0.,1.));
#5733=DIRECTION('ref_axis',(1.,0.,0.));
#5734=DIRECTION('',(-3.66219400483985E-16,1.,0.));
#5735=DIRECTION('center_axis',(0.,0.,-1.));
#5736=DIRECTION('ref_axis',(-1.,0.,0.));
#5737=DIRECTION('',(1.,0.,0.));
#5738=DIRECTION('center_axis',(0.,0.,-1.));
#5739=DIRECTION('ref_axis',(0.,1.,0.));
#5740=DIRECTION('',(-4.33257765707378E-15,-1.,0.));
#5741=DIRECTION('center_axis',(0.,0.,1.));
#5742=DIRECTION('ref_axis',(5.73018335290407E-15,-1.,0.));
#5743=DIRECTION('',(1.,-3.40298245095833E-16,0.));
#5744=DIRECTION('center_axis',(0.,0.,-1.));
#5745=DIRECTION('ref_axis',(0.,1.,0.));
#5746=DIRECTION('center_axis',(0.,0.,1.));
#5747=DIRECTION('ref_axis',(2.86509167645203E-15,-1.,0.));
#5748=DIRECTION('',(1.,1.23358113847239E-15,0.));
#5749=DIRECTION('center_axis',(0.,0.,1.));
#5750=DIRECTION('ref_axis',(1.,-2.86509167645201E-15,0.));
#5751=DIRECTION('',(0.,1.,0.));
#5752=DIRECTION('center_axis',(0.,0.,1.));
#5753=DIRECTION('ref_axis',(0.,1.,0.));
#5754=DIRECTION('',(-1.,0.,0.));
#5755=DIRECTION('center_axis',(0.,0.,-1.));
#5756=DIRECTION('ref_axis',(0.,-1.,0.));
#5757=DIRECTION('center_axis',(0.,0.,1.));
#5758=DIRECTION('ref_axis',(0.,1.,0.));
#5759=DIRECTION('',(-1.,1.36119298038334E-15,0.));
#5760=DIRECTION('center_axis',(0.,0.,-1.));
#5761=DIRECTION('ref_axis',(0.,-1.,0.));
#5762=DIRECTION('',(-1.26882631385732E-15,1.,0.));
#5763=DIRECTION('center_axis',(0.,0.,1.));
#5764=DIRECTION('ref_axis',(-2.86509167645203E-15,1.,0.));
#5765=DIRECTION('',(-1.,0.,0.));
#5766=DIRECTION('center_axis',(0.,0.,-1.));
#5767=DIRECTION('ref_axis',(0.,-1.,0.));
#5768=DIRECTION('',(0.,1.,0.));
#5769=DIRECTION('center_axis',(0.,0.,1.));
#5770=DIRECTION('ref_axis',(-4.29763751467806E-15,1.,0.));
#5771=DIRECTION('',(-1.,0.,0.));
#5772=DIRECTION('center_axis',(0.,0.,1.));
#5773=DIRECTION('ref_axis',(-1.,2.865091676452E-15,0.));
#5774=DIRECTION('',(0.,-1.,0.));
#5775=DIRECTION('center_axis',(0.,0.,-1.));
#5776=DIRECTION('ref_axis',(1.,0.,0.));
#5777=DIRECTION('',(-1.,0.,0.));
#5778=DIRECTION('center_axis',(0.,0.,1.));
#5779=DIRECTION('ref_axis',(-0.942809041582065,0.333333333333329,0.));
#5780=DIRECTION('center_axis',(0.,0.,-1.));
#5781=DIRECTION('ref_axis',(0.942809041582066,-0.333333333333327,0.));
#5782=DIRECTION('',(-1.,0.,0.));
#5783=DIRECTION('center_axis',(0.,0.,1.));
#5784=DIRECTION('ref_axis',(-1.,-2.86509167645203E-15,0.));
#5785=DIRECTION('',(-2.11728218071671E-16,-1.,0.));
#5786=DIRECTION('center_axis',(0.,0.,-1.));
#5787=DIRECTION('ref_axis',(1.,-1.53134210293125E-15,0.));
#5788=DIRECTION('',(-1.,3.1720657846433E-16,0.));
#5789=DIRECTION('center_axis',(0.,0.,1.));
#5790=DIRECTION('ref_axis',(-1.,-2.14881875733902E-15,0.));
#5791=DIRECTION('',(0.,-1.,0.));
#5792=DIRECTION('center_axis',(0.,0.,1.));
#5793=DIRECTION('ref_axis',(-0.956304755963054,-0.292371704722675,0.));
#5794=DIRECTION('',(0.292371704722674,-0.956304755963055,0.));
#5795=DIRECTION('center_axis',(0.,0.,1.));
#5796=DIRECTION('ref_axis',(0.292371704722822,-0.95630475596301,0.));
#5797=DIRECTION('',(0.95630475596301,0.292371704722819,0.));
#5798=DIRECTION('',(0.95630475596301,0.292371704722819,0.));
#5799=DIRECTION('center_axis',(0.,0.,1.));
#5800=DIRECTION('ref_axis',(0.292371704722825,-0.956304755963009,0.));
#5801=DIRECTION('',(0.292371704722674,-0.956304755963055,0.));
#5802=DIRECTION('center_axis',(0.,0.,1.));
#5803=DIRECTION('ref_axis',(-0.956304755963055,-0.292371704722674,0.));
#5804=DIRECTION('',(0.,-1.,0.));
#5805=DIRECTION('center_axis',(0.,0.,1.));
#5806=DIRECTION('ref_axis',(-1.,-5.92118946466756E-15,0.));
#5807=DIRECTION('',(-1.,4.75809867696495E-16,0.));
#5808=DIRECTION('center_axis',(0.,0.,-1.));
#5809=DIRECTION('ref_axis',(1.,-9.86864910777917E-16,0.));
#5810=DIRECTION('',(-2.11728218071671E-16,-1.,0.));
#5811=DIRECTION('center_axis',(0.,0.,1.));
#5812=DIRECTION('ref_axis',(-1.,-5.92118946466754E-15,0.));
#5813=DIRECTION('',(-1.,0.,0.));
#5814=DIRECTION('center_axis',(0.,0.,-1.));
#5815=DIRECTION('ref_axis',(0.942809041582066,-0.333333333333326,0.));
#5816=DIRECTION('center_axis',(0.,0.,1.));
#5817=DIRECTION('ref_axis',(-0.942809041582063,0.333333333333333,0.));
#5818=DIRECTION('',(-1.,0.,0.));
#5819=DIRECTION('center_axis',(0.,0.,-1.));
#5820=DIRECTION('ref_axis',(1.,0.,0.));
#5821=DIRECTION('',(0.,-1.,0.));
#5822=DIRECTION('center_axis',(0.,0.,1.));
#5823=DIRECTION('ref_axis',(-1.,5.92118946466743E-15,0.));
#5824=DIRECTION('',(-1.,0.,0.));
#5825=DIRECTION('center_axis',(0.,0.,1.));
#5826=DIRECTION('ref_axis',(-8.88178419700139E-15,1.,0.));
#5827=DIRECTION('',(-2.22044604925032E-15,1.,0.));
#5828=DIRECTION('center_axis',(0.,0.,-1.));
#5829=DIRECTION('ref_axis',(0.,-1.,0.));
#5830=DIRECTION('',(-1.,0.,0.));
#5831=DIRECTION('center_axis',(0.,0.,1.));
#5832=DIRECTION('ref_axis',(-5.92118946466756E-15,1.,0.));
#5833=DIRECTION('',(-1.26882631385732E-15,1.,0.));
#5834=DIRECTION('center_axis',(0.,0.,-1.));
#5835=DIRECTION('ref_axis',(0.,-1.,0.));
#5836=DIRECTION('',(-1.,1.36119298038334E-15,0.));
#5837=DIRECTION('center_axis',(0.,0.,1.));
#5838=DIRECTION('ref_axis',(0.,1.,0.));
#5839=DIRECTION('center_axis',(0.,0.,-1.));
#5840=DIRECTION('ref_axis',(0.,-1.,0.));
#5841=DIRECTION('',(-1.,0.,0.));
#5842=DIRECTION('center_axis',(0.,0.,1.));
#5843=DIRECTION('ref_axis',(0.,1.,0.));
#5844=DIRECTION('',(0.,1.,0.));
#5845=DIRECTION('center_axis',(0.,0.,1.));
#5846=DIRECTION('ref_axis',(1.,-5.92118946466749E-15,0.));
#5847=DIRECTION('',(1.,1.23358113847239E-15,0.));
#5848=DIRECTION('center_axis',(0.,0.,1.));
#5849=DIRECTION('ref_axis',(5.92118946466756E-15,-1.,0.));
#5850=DIRECTION('center_axis',(0.,0.,-1.));
#5851=DIRECTION('ref_axis',(0.,1.,0.));
#5852=DIRECTION('',(1.,-3.40298245095833E-16,0.));
#5853=DIRECTION('center_axis',(0.,0.,1.));
#5854=DIRECTION('ref_axis',(1.18423789293352E-14,-1.,0.));
#5855=DIRECTION('',(-4.33257765707377E-15,-1.,0.));
#5856=DIRECTION('center_axis',(0.,0.,-1.));
#5857=DIRECTION('ref_axis',(0.,1.,0.));
#5858=DIRECTION('',(1.,0.,0.));
#5859=DIRECTION('center_axis',(0.,0.,-1.));
#5860=DIRECTION('ref_axis',(-1.,0.,0.));
#5861=DIRECTION('',(-4.0091387000352E-16,1.,0.));
#5862=DIRECTION('center_axis',(0.,0.,1.));
#5863=DIRECTION('ref_axis',(1.,0.,0.));
#5864=DIRECTION('',(1.,1.30257823225575E-13,0.));
#5865=DIRECTION('center_axis',(0.,0.,-1.));
#5866=DIRECTION('ref_axis',(-0.29237170472282,0.95630475596301,0.));
#5867=DIRECTION('center_axis',(0.,0.,-1.));
#5868=DIRECTION('ref_axis',(0.292371704722825,-0.956304755963009,0.));
#5869=DIRECTION('',(0.,0.,-1.));
#5870=DIRECTION('',(0.,0.,-1.));
#5871=DIRECTION('center_axis',(0.956304755963055,0.292371704722674,0.));
#5872=DIRECTION('ref_axis',(0.292371704722674,-0.956304755963055,0.));
#5873=DIRECTION('',(0.,0.,-1.));
#5874=DIRECTION('center_axis',(0.,0.,-1.));
#5875=DIRECTION('ref_axis',(-0.956304755963055,-0.292371704722674,0.));
#5876=DIRECTION('',(0.,0.,-1.));
#5877=DIRECTION('center_axis',(1.,0.,0.));
#5878=DIRECTION('ref_axis',(0.,-1.,0.));
#5879=DIRECTION('',(0.,0.,-1.));
#5880=DIRECTION('center_axis',(0.,0.,-1.));
#5881=DIRECTION('ref_axis',(-1.,-5.92118946466756E-15,0.));
#5882=DIRECTION('',(0.,0.,-1.));
#5883=DIRECTION('center_axis',(-4.75809867696495E-16,-1.,0.));
#5884=DIRECTION('ref_axis',(-1.,4.75809867696495E-16,0.));
#5885=DIRECTION('',(0.,0.,-1.));
#5886=DIRECTION('center_axis',(0.,0.,-1.));
#5887=DIRECTION('ref_axis',(1.,-9.86864910777917E-16,0.));
#5888=DIRECTION('',(0.,0.,-1.));
#5889=DIRECTION('center_axis',(1.,-2.11728218071671E-16,0.));
#5890=DIRECTION('ref_axis',(-2.11728218071671E-16,-1.,0.));
#5891=DIRECTION('',(0.,0.,-1.));
#5892=DIRECTION('center_axis',(0.,0.,-1.));
#5893=DIRECTION('ref_axis',(-1.,-5.92118946466754E-15,0.));
#5894=DIRECTION('',(0.,0.,-1.));
#5895=DIRECTION('center_axis',(0.,-1.,0.));
#5896=DIRECTION('ref_axis',(-1.,0.,0.));
#5897=DIRECTION('',(0.,0.,-1.));
#5898=DIRECTION('center_axis',(0.,0.,-1.));
#5899=DIRECTION('ref_axis',(0.942809041582066,-0.333333333333326,0.));
#5900=DIRECTION('',(0.,0.,-1.));
#5901=DIRECTION('center_axis',(0.,0.,-1.));
#5902=DIRECTION('ref_axis',(-0.942809041582063,0.333333333333333,0.));
#5903=DIRECTION('',(0.,0.,-1.));
#5904=DIRECTION('center_axis',(0.,-1.,0.));
#5905=DIRECTION('ref_axis',(-1.,0.,0.));
#5906=DIRECTION('',(0.,0.,-1.));
#5907=DIRECTION('center_axis',(0.,0.,-1.));
#5908=DIRECTION('ref_axis',(1.,0.,0.));
#5909=DIRECTION('',(0.,0.,-1.));
#5910=DIRECTION('center_axis',(1.,0.,0.));
#5911=DIRECTION('ref_axis',(0.,-1.,0.));
#5912=DIRECTION('',(0.,0.,-1.));
#5913=DIRECTION('center_axis',(0.,0.,-1.));
#5914=DIRECTION('ref_axis',(-1.,5.92118946466743E-15,0.));
#5915=DIRECTION('',(0.,0.,-1.));
#5916=DIRECTION('center_axis',(0.,-1.,0.));
#5917=DIRECTION('ref_axis',(-1.,0.,0.));
#5918=DIRECTION('',(0.,0.,-1.));
#5919=DIRECTION('center_axis',(0.,0.,-1.));
#5920=DIRECTION('ref_axis',(-8.88178419700139E-15,1.,0.));
#5921=DIRECTION('',(0.,0.,-1.));
#5922=DIRECTION('center_axis',(-1.,-2.22044604925032E-15,0.));
#5923=DIRECTION('ref_axis',(-2.22044604925032E-15,1.,0.));
#5924=DIRECTION('',(0.,0.,-1.));
#5925=DIRECTION('center_axis',(0.,0.,-1.));
#5926=DIRECTION('ref_axis',(0.,-1.,0.));
#5927=DIRECTION('',(0.,0.,-1.));
#5928=DIRECTION('center_axis',(0.,-1.,0.));
#5929=DIRECTION('ref_axis',(-1.,0.,0.));
#5930=DIRECTION('',(0.,0.,-1.));
#5931=DIRECTION('center_axis',(0.,0.,-1.));
#5932=DIRECTION('ref_axis',(-5.92118946466756E-15,1.,0.));
#5933=DIRECTION('',(0.,0.,-1.));
#5934=DIRECTION('center_axis',(-1.,-1.26882631385732E-15,0.));
#5935=DIRECTION('ref_axis',(-1.26882631385732E-15,1.,0.));
#5936=DIRECTION('',(0.,0.,-1.));
#5937=DIRECTION('center_axis',(0.,0.,-1.));
#5938=DIRECTION('ref_axis',(0.,-1.,0.));
#5939=DIRECTION('',(0.,0.,-1.));
#5940=DIRECTION('center_axis',(-1.36119298038334E-15,-1.,0.));
#5941=DIRECTION('ref_axis',(-1.,1.36119298038334E-15,0.));
#5942=DIRECTION('',(0.,0.,-1.));
#5943=DIRECTION('center_axis',(0.,0.,-1.));
#5944=DIRECTION('ref_axis',(0.,1.,0.));
#5945=DIRECTION('',(0.,0.,-1.));
#5946=DIRECTION('center_axis',(0.,0.,-1.));
#5947=DIRECTION('ref_axis',(0.,-1.,0.));
#5948=DIRECTION('',(0.,0.,-1.));
#5949=DIRECTION('center_axis',(0.,-1.,0.));
#5950=DIRECTION('ref_axis',(-1.,0.,0.));
#5951=DIRECTION('',(0.,0.,-1.));
#5952=DIRECTION('center_axis',(0.,0.,-1.));
#5953=DIRECTION('ref_axis',(0.,1.,0.));
#5954=DIRECTION('',(0.,0.,-1.));
#5955=DIRECTION('center_axis',(-1.,0.,0.));
#5956=DIRECTION('ref_axis',(0.,1.,0.));
#5957=DIRECTION('',(0.,0.,-1.));
#5958=DIRECTION('center_axis',(0.,0.,-1.));
#5959=DIRECTION('ref_axis',(1.,-5.92118946466749E-15,0.));
#5960=DIRECTION('',(0.,0.,-1.));
#5961=DIRECTION('center_axis',(-1.23358113847239E-15,1.,0.));
#5962=DIRECTION('ref_axis',(1.,1.23358113847239E-15,0.));
#5963=DIRECTION('',(0.,0.,-1.));
#5964=DIRECTION('center_axis',(0.,0.,-1.));
#5965=DIRECTION('ref_axis',(5.92118946466756E-15,-1.,0.));
#5966=DIRECTION('',(0.,0.,-1.));
#5967=DIRECTION('center_axis',(0.,0.,-1.));
#5968=DIRECTION('ref_axis',(0.,1.,0.));
#5969=DIRECTION('',(0.,0.,-1.));
#5970=DIRECTION('center_axis',(3.40298245095833E-16,1.,0.));
#5971=DIRECTION('ref_axis',(1.,-3.40298245095833E-16,0.));
#5972=DIRECTION('',(0.,0.,-1.));
#5973=DIRECTION('center_axis',(0.,0.,-1.));
#5974=DIRECTION('ref_axis',(1.18423789293352E-14,-1.,0.));
#5975=DIRECTION('',(0.,0.,-1.));
#5976=DIRECTION('center_axis',(1.,-4.33257765707377E-15,0.));
#5977=DIRECTION('ref_axis',(-4.33257765707377E-15,-1.,0.));
#5978=DIRECTION('',(0.,0.,-1.));
#5979=DIRECTION('center_axis',(0.,0.,-1.));
#5980=DIRECTION('ref_axis',(0.,1.,0.));
#5981=DIRECTION('',(0.,0.,-1.));
#5982=DIRECTION('center_axis',(0.,1.,0.));
#5983=DIRECTION('ref_axis',(1.,0.,0.));
#5984=DIRECTION('',(0.,0.,-1.));
#5985=DIRECTION('center_axis',(0.,0.,-1.));
#5986=DIRECTION('ref_axis',(-1.,0.,0.));
#5987=DIRECTION('',(0.,0.,-1.));
#5988=DIRECTION('center_axis',(-1.,-4.0091387000352E-16,0.));
#5989=DIRECTION('ref_axis',(-4.0091387000352E-16,1.,0.));
#5990=DIRECTION('',(0.,0.,-1.));
#5991=DIRECTION('center_axis',(0.,0.,-1.));
#5992=DIRECTION('ref_axis',(1.,0.,0.));
#5993=DIRECTION('',(0.,0.,-1.));
#5994=DIRECTION('center_axis',(-1.30257823225575E-13,1.,0.));
#5995=DIRECTION('ref_axis',(1.,1.30257823225575E-13,0.));
#5996=DIRECTION('',(0.,0.,-1.));
#5997=DIRECTION('center_axis',(0.,0.,-1.));
#5998=DIRECTION('ref_axis',(-0.29237170472282,0.95630475596301,0.));
#5999=DIRECTION('',(0.,0.,-1.));
#6000=DIRECTION('center_axis',(-0.292371704722819,0.95630475596301,0.));
#6001=DIRECTION('ref_axis',(0.95630475596301,0.292371704722819,0.));
#6002=DIRECTION('center_axis',(0.,0.,1.));
#6003=DIRECTION('ref_axis',(-0.292371704722819,0.95630475596301,0.));
#6004=DIRECTION('',(0.,0.,1.));
#6005=DIRECTION('center_axis',(0.,0.,1.));
#6006=DIRECTION('ref_axis',(-0.292371704722819,0.95630475596301,0.));
#6007=DIRECTION('',(0.,0.,1.));
#6008=DIRECTION('center_axis',(-1.30257823225575E-13,1.,0.));
#6009=DIRECTION('ref_axis',(-1.,-1.30257823225575E-13,0.));
#6010=DIRECTION('',(-1.,-1.30257823225575E-13,0.));
#6011=DIRECTION('',(0.,0.,1.));
#6012=DIRECTION('center_axis',(0.,0.,1.));
#6013=DIRECTION('ref_axis',(1.,0.,0.));
#6014=DIRECTION('center_axis',(0.,0.,-1.));
#6015=DIRECTION('ref_axis',(1.,0.,0.));
#6016=DIRECTION('',(0.,0.,1.));
#6017=DIRECTION('center_axis',(-1.,-3.66219400483985E-16,0.));
#6018=DIRECTION('ref_axis',(3.66219400483985E-16,-1.,0.));
#6019=DIRECTION('',(3.66219400483985E-16,-1.,0.));
#6020=DIRECTION('',(0.,0.,1.));
#6021=DIRECTION('center_axis',(0.,0.,1.));
#6022=DIRECTION('ref_axis',(-1.,0.,0.));
#6023=DIRECTION('center_axis',(0.,0.,1.));
#6024=DIRECTION('ref_axis',(-1.,0.,0.));
#6025=DIRECTION('',(0.,0.,1.));
#6026=DIRECTION('center_axis',(0.,1.,0.));
#6027=DIRECTION('ref_axis',(-1.,0.,0.));
#6028=DIRECTION('',(-1.,0.,0.));
#6029=DIRECTION('',(0.,0.,1.));
#6030=DIRECTION('center_axis',(0.,0.,1.));
#6031=DIRECTION('ref_axis',(0.,1.,0.));
#6032=DIRECTION('center_axis',(0.,0.,1.));
#6033=DIRECTION('ref_axis',(0.,1.,0.));
#6034=DIRECTION('',(0.,0.,1.));
#6035=DIRECTION('center_axis',(1.,-4.33257765707378E-15,0.));
#6036=DIRECTION('ref_axis',(4.33257765707378E-15,1.,0.));
#6037=DIRECTION('',(4.33257765707378E-15,1.,0.));
#6038=DIRECTION('',(0.,0.,1.));
#6039=DIRECTION('center_axis',(0.,0.,1.));
#6040=DIRECTION('ref_axis',(5.73018335290407E-15,-1.,0.));
#6041=DIRECTION('center_axis',(0.,0.,-1.));
#6042=DIRECTION('ref_axis',(5.73018335290407E-15,-1.,0.));
#6043=DIRECTION('',(0.,0.,1.));
#6044=DIRECTION('center_axis',(3.40298245095833E-16,1.,0.));
#6045=DIRECTION('ref_axis',(-1.,3.40298245095833E-16,0.));
#6046=DIRECTION('',(-1.,3.40298245095833E-16,0.));
#6047=DIRECTION('',(0.,0.,1.));
#6048=DIRECTION('center_axis',(0.,0.,1.));
#6049=DIRECTION('ref_axis',(0.,1.,0.));
#6050=DIRECTION('center_axis',(0.,0.,1.));
#6051=DIRECTION('ref_axis',(0.,1.,0.));
#6052=DIRECTION('',(0.,0.,1.));
#6053=DIRECTION('center_axis',(0.,0.,1.));
#6054=DIRECTION('ref_axis',(2.86509167645203E-15,-1.,0.));
#6055=DIRECTION('center_axis',(0.,0.,-1.));
#6056=DIRECTION('ref_axis',(2.86509167645203E-15,-1.,0.));
#6057=DIRECTION('',(0.,0.,1.));
#6058=DIRECTION('center_axis',(-1.23358113847239E-15,1.,0.));
#6059=DIRECTION('ref_axis',(-1.,-1.23358113847239E-15,0.));
#6060=DIRECTION('',(-1.,-1.23358113847239E-15,0.));
#6061=DIRECTION('',(0.,0.,1.));
#6062=DIRECTION('center_axis',(0.,0.,1.));
#6063=DIRECTION('ref_axis',(1.,-2.86509167645201E-15,0.));
#6064=DIRECTION('center_axis',(0.,0.,-1.));
#6065=DIRECTION('ref_axis',(1.,-2.86509167645201E-15,0.));
#6066=DIRECTION('',(0.,0.,1.));
#6067=DIRECTION('center_axis',(-1.,0.,0.));
#6068=DIRECTION('ref_axis',(0.,-1.,0.));
#6069=DIRECTION('',(0.,-1.,0.));
#6070=DIRECTION('',(0.,0.,1.));
#6071=DIRECTION('center_axis',(0.,0.,1.));
#6072=DIRECTION('ref_axis',(0.,1.,0.));
#6073=DIRECTION('center_axis',(0.,0.,-1.));
#6074=DIRECTION('ref_axis',(0.,1.,0.));
#6075=DIRECTION('',(0.,0.,1.));
#6076=DIRECTION('center_axis',(0.,-1.,0.));
#6077=DIRECTION('ref_axis',(1.,0.,0.));
#6078=DIRECTION('',(1.,0.,0.));
#6079=DIRECTION('',(0.,0.,1.));
#6080=DIRECTION('center_axis',(0.,0.,1.));
#6081=DIRECTION('ref_axis',(0.,-1.,0.));
#6082=DIRECTION('center_axis',(0.,0.,1.));
#6083=DIRECTION('ref_axis',(0.,-1.,0.));
#6084=DIRECTION('',(0.,0.,1.));
#6085=DIRECTION('center_axis',(0.,0.,1.));
#6086=DIRECTION('ref_axis',(0.,1.,0.));
#6087=DIRECTION('center_axis',(0.,0.,-1.));
#6088=DIRECTION('ref_axis',(0.,1.,0.));
#6089=DIRECTION('',(0.,0.,1.));
#6090=DIRECTION('center_axis',(-1.36119298038334E-15,-1.,0.));
#6091=DIRECTION('ref_axis',(1.,-1.36119298038334E-15,0.));
#6092=DIRECTION('',(1.,-1.36119298038334E-15,0.));
#6093=DIRECTION('',(0.,0.,1.));
#6094=DIRECTION('center_axis',(0.,0.,1.));
#6095=DIRECTION('ref_axis',(0.,-1.,0.));
#6096=DIRECTION('center_axis',(0.,0.,1.));
#6097=DIRECTION('ref_axis',(0.,-1.,0.));
#6098=DIRECTION('',(0.,0.,1.));
#6099=DIRECTION('center_axis',(-1.,-1.26882631385732E-15,0.));
#6100=DIRECTION('ref_axis',(1.26882631385732E-15,-1.,0.));
#6101=DIRECTION('',(1.26882631385732E-15,-1.,0.));
#6102=DIRECTION('',(0.,0.,1.));
#6103=DIRECTION('center_axis',(0.,0.,1.));
#6104=DIRECTION('ref_axis',(-2.86509167645203E-15,1.,0.));
#6105=DIRECTION('center_axis',(0.,0.,-1.));
#6106=DIRECTION('ref_axis',(-2.86509167645203E-15,1.,0.));
#6107=DIRECTION('',(0.,0.,1.));
#6108=DIRECTION('center_axis',(0.,-1.,0.));
#6109=DIRECTION('ref_axis',(1.,0.,0.));
#6110=DIRECTION('',(1.,0.,0.));
#6111=DIRECTION('',(0.,0.,1.));
#6112=DIRECTION('center_axis',(0.,0.,1.));
#6113=DIRECTION('ref_axis',(0.,-1.,0.));
#6114=DIRECTION('center_axis',(0.,0.,1.));
#6115=DIRECTION('ref_axis',(0.,-1.,0.));
#6116=DIRECTION('',(0.,0.,1.));
#6117=DIRECTION('center_axis',(-1.,0.,0.));
#6118=DIRECTION('ref_axis',(0.,-1.,0.));
#6119=DIRECTION('',(0.,-1.,0.));
#6120=DIRECTION('',(0.,0.,1.));
#6121=DIRECTION('center_axis',(0.,0.,1.));
#6122=DIRECTION('ref_axis',(-4.29763751467806E-15,1.,0.));
#6123=DIRECTION('center_axis',(0.,0.,-1.));
#6124=DIRECTION('ref_axis',(-4.29763751467806E-15,1.,0.));
#6125=DIRECTION('',(0.,0.,1.));
#6126=DIRECTION('center_axis',(0.,-1.,0.));
#6127=DIRECTION('ref_axis',(1.,0.,0.));
#6128=DIRECTION('',(1.,0.,0.));
#6129=DIRECTION('',(0.,0.,1.));
#6130=DIRECTION('center_axis',(0.,0.,1.));
#6131=DIRECTION('ref_axis',(-1.,2.865091676452E-15,0.));
#6132=DIRECTION('center_axis',(0.,0.,-1.));
#6133=DIRECTION('ref_axis',(-1.,2.865091676452E-15,0.));
#6134=DIRECTION('',(0.,0.,1.));
#6135=DIRECTION('center_axis',(1.,0.,0.));
#6136=DIRECTION('ref_axis',(0.,1.,0.));
#6137=DIRECTION('',(0.,1.,0.));
#6138=DIRECTION('',(0.,0.,1.));
#6139=DIRECTION('center_axis',(0.,0.,1.));
#6140=DIRECTION('ref_axis',(1.,0.,0.));
#6141=DIRECTION('center_axis',(0.,0.,1.));
#6142=DIRECTION('ref_axis',(1.,0.,0.));
#6143=DIRECTION('',(0.,0.,1.));
#6144=DIRECTION('center_axis',(0.,-1.,0.));
#6145=DIRECTION('ref_axis',(1.,0.,0.));
#6146=DIRECTION('',(1.,0.,0.));
#6147=DIRECTION('',(0.,0.,1.));
#6148=DIRECTION('center_axis',(0.,0.,1.));
#6149=DIRECTION('ref_axis',(-0.942809041582065,0.333333333333329,0.));
#6150=DIRECTION('center_axis',(0.,0.,-1.));
#6151=DIRECTION('ref_axis',(-0.942809041582065,0.333333333333329,0.));
#6152=DIRECTION('',(0.,0.,1.));
#6153=DIRECTION('center_axis',(0.,0.,1.));
#6154=DIRECTION('ref_axis',(0.942809041582066,-0.333333333333327,0.));
#6155=DIRECTION('center_axis',(0.,0.,1.));
#6156=DIRECTION('ref_axis',(0.942809041582066,-0.333333333333327,0.));
#6157=DIRECTION('',(0.,0.,1.));
#6158=DIRECTION('center_axis',(0.,-1.,0.));
#6159=DIRECTION('ref_axis',(1.,0.,0.));
#6160=DIRECTION('',(1.,0.,0.));
#6161=DIRECTION('',(0.,0.,1.));
#6162=DIRECTION('center_axis',(0.,0.,1.));
#6163=DIRECTION('ref_axis',(-1.,-2.86509167645203E-15,0.));
#6164=DIRECTION('center_axis',(0.,0.,-1.));
#6165=DIRECTION('ref_axis',(-1.,-2.86509167645203E-15,0.));
#6166=DIRECTION('',(0.,0.,1.));
#6167=DIRECTION('center_axis',(1.,-2.11728218071671E-16,0.));
#6168=DIRECTION('ref_axis',(2.11728218071671E-16,1.,0.));
#6169=DIRECTION('',(2.11728218071671E-16,1.,0.));
#6170=DIRECTION('',(0.,0.,1.));
#6171=DIRECTION('center_axis',(0.,0.,1.));
#6172=DIRECTION('ref_axis',(1.,-1.53134210293125E-15,0.));
#6173=DIRECTION('center_axis',(0.,0.,1.));
#6174=DIRECTION('ref_axis',(1.,-1.53134210293125E-15,0.));
#6175=DIRECTION('',(0.,0.,1.));
#6176=DIRECTION('center_axis',(-3.1720657846433E-16,-1.,0.));
#6177=DIRECTION('ref_axis',(1.,-3.1720657846433E-16,0.));
#6178=DIRECTION('',(1.,-3.1720657846433E-16,0.));
#6179=DIRECTION('',(0.,0.,1.));
#6180=DIRECTION('center_axis',(0.,0.,1.));
#6181=DIRECTION('ref_axis',(-1.,-2.14881875733902E-15,0.));
#6182=DIRECTION('center_axis',(0.,0.,-1.));
#6183=DIRECTION('ref_axis',(-1.,-2.14881875733902E-15,0.));
#6184=DIRECTION('',(0.,0.,1.));
#6185=DIRECTION('center_axis',(1.,0.,0.));
#6186=DIRECTION('ref_axis',(0.,1.,0.));
#6187=DIRECTION('',(0.,1.,0.));
#6188=DIRECTION('',(0.,0.,1.));
#6189=DIRECTION('center_axis',(0.,0.,1.));
#6190=DIRECTION('ref_axis',(-0.956304755963054,-0.292371704722675,0.));
#6191=DIRECTION('center_axis',(0.,0.,-1.));
#6192=DIRECTION('ref_axis',(-0.956304755963054,-0.292371704722675,0.));
#6193=DIRECTION('',(0.,0.,1.));
#6194=DIRECTION('center_axis',(0.956304755963055,0.292371704722674,0.));
#6195=DIRECTION('ref_axis',(-0.292371704722674,0.956304755963055,0.));
#6196=DIRECTION('',(-0.292371704722674,0.956304755963055,0.));
#6197=DIRECTION('',(0.,0.,1.));
#6198=DIRECTION('center_axis',(0.,0.,1.));
#6199=DIRECTION('ref_axis',(0.292371704722822,-0.95630475596301,0.));
#6200=DIRECTION('center_axis',(0.,0.,-1.));
#6201=DIRECTION('ref_axis',(0.292371704722822,-0.95630475596301,0.));
#6202=DIRECTION('',(0.,0.,1.));
#6203=DIRECTION('center_axis',(-0.292371704722819,0.95630475596301,0.));
#6204=DIRECTION('ref_axis',(-0.95630475596301,-0.292371704722819,0.));
#6205=DIRECTION('',(-0.95630475596301,-0.292371704722819,0.));
#6206=DIRECTION('center_axis',(1.58603289232165E-16,1.,0.));
#6207=DIRECTION('ref_axis',(-1.,1.58603289232165E-16,0.));
#6208=DIRECTION('',(-1.,1.58603289232165E-16,0.));
#6209=DIRECTION('',(0.,0.,-1.));
#6210=DIRECTION('center_axis',(0.,0.,1.));
#6211=DIRECTION('ref_axis',(1.,-2.3373116307898E-15,0.));
#6212=DIRECTION('center_axis',(0.,0.,-1.));
#6213=DIRECTION('ref_axis',(1.,-2.3373116307898E-15,0.));
#6214=DIRECTION('',(0.,0.,-1.));
#6215=DIRECTION('center_axis',(-1.,2.11728218071671E-16,0.));
#6216=DIRECTION('ref_axis',(-2.11728218071671E-16,-1.,0.));
#6217=DIRECTION('',(-2.11728218071671E-16,-1.,0.));
#6218=DIRECTION('',(0.,0.,-1.));
#6219=DIRECTION('center_axis',(0.,0.,1.));
#6220=DIRECTION('ref_axis',(-1.,-2.1662888285369E-15,0.));
#6221=DIRECTION('center_axis',(0.,0.,1.));
#6222=DIRECTION('ref_axis',(-1.,-2.1662888285369E-15,0.));
#6223=DIRECTION('',(0.,0.,-1.));
#6224=DIRECTION('center_axis',(0.,1.,0.));
#6225=DIRECTION('ref_axis',(-1.,0.,0.));
#6226=DIRECTION('',(-1.,0.,0.));
#6227=DIRECTION('',(0.,0.,-1.));
#6228=DIRECTION('center_axis',(0.,0.,1.));
#6229=DIRECTION('ref_axis',(0.942809041582065,-0.333333333333329,0.));
#6230=DIRECTION('center_axis',(0.,0.,-1.));
#6231=DIRECTION('ref_axis',(0.942809041582065,-0.333333333333329,0.));
#6232=DIRECTION('',(0.,0.,-1.));
#6233=DIRECTION('center_axis',(0.,0.,1.));
#6234=DIRECTION('ref_axis',(-0.942809041582066,0.333333333333327,0.));
#6235=DIRECTION('center_axis',(0.,0.,1.));
#6236=DIRECTION('ref_axis',(-0.942809041582066,0.333333333333327,0.));
#6237=DIRECTION('',(0.,0.,-1.));
#6238=DIRECTION('center_axis',(0.,1.,0.));
#6239=DIRECTION('ref_axis',(-1.,0.,0.));
#6240=DIRECTION('',(-1.,0.,0.));
#6241=DIRECTION('',(0.,0.,-1.));
#6242=DIRECTION('center_axis',(0.,0.,1.));
#6243=DIRECTION('ref_axis',(1.,0.,0.));
#6244=DIRECTION('center_axis',(0.,0.,-1.));
#6245=DIRECTION('ref_axis',(1.,0.,0.));
#6246=DIRECTION('',(0.,0.,-1.));
#6247=DIRECTION('center_axis',(-1.,0.,0.));
#6248=DIRECTION('ref_axis',(0.,-1.,0.));
#6249=DIRECTION('',(0.,-1.,0.));
#6250=DIRECTION('',(0.,0.,-1.));
#6251=DIRECTION('center_axis',(0.,0.,1.));
#6252=DIRECTION('ref_axis',(-1.,2.16628882853688E-15,0.));
#6253=DIRECTION('center_axis',(0.,0.,1.));
#6254=DIRECTION('ref_axis',(-1.,2.16628882853688E-15,0.));
#6255=DIRECTION('',(0.,0.,-1.));
#6256=DIRECTION('center_axis',(0.,1.,0.));
#6257=DIRECTION('ref_axis',(-1.,0.,0.));
#6258=DIRECTION('',(-1.,0.,0.));
#6259=DIRECTION('',(0.,0.,-1.));
#6260=DIRECTION('center_axis',(0.,0.,1.));
#6261=DIRECTION('ref_axis',(-3.24943324280536E-15,1.,0.));
#6262=DIRECTION('center_axis',(0.,0.,1.));
#6263=DIRECTION('ref_axis',(-3.24943324280536E-15,1.,0.));
#6264=DIRECTION('',(0.,0.,-1.));
#6265=DIRECTION('center_axis',(1.,2.22044604925031E-15,0.));
#6266=DIRECTION('ref_axis',(-2.22044604925031E-15,1.,0.));
#6267=DIRECTION('',(-2.22044604925031E-15,1.,0.));
#6268=DIRECTION('',(0.,0.,-1.));
#6269=DIRECTION('center_axis',(0.,0.,1.));
#6270=DIRECTION('ref_axis',(0.,-1.,0.));
#6271=DIRECTION('center_axis',(0.,0.,-1.));
#6272=DIRECTION('ref_axis',(0.,-1.,0.));
#6273=DIRECTION('',(0.,0.,-1.));
#6274=DIRECTION('center_axis',(0.,1.,0.));
#6275=DIRECTION('ref_axis',(-1.,0.,0.));
#6276=DIRECTION('',(-1.,0.,0.));
#6277=DIRECTION('',(0.,0.,-1.));
#6278=DIRECTION('center_axis',(0.,0.,1.));
#6279=DIRECTION('ref_axis',(-2.1662888285369E-15,1.,0.));
#6280=DIRECTION('center_axis',(0.,0.,1.));
#6281=DIRECTION('ref_axis',(-2.1662888285369E-15,1.,0.));
#6282=DIRECTION('',(0.,0.,-1.));
#6283=DIRECTION('center_axis',(1.,1.26882631385732E-15,0.));
#6284=DIRECTION('ref_axis',(-1.26882631385732E-15,1.,0.));
#6285=DIRECTION('',(-1.26882631385732E-15,1.,0.));
#6286=DIRECTION('',(0.,0.,-1.));
#6287=DIRECTION('center_axis',(0.,0.,1.));
#6288=DIRECTION('ref_axis',(0.,-1.,0.));
#6289=DIRECTION('center_axis',(0.,0.,-1.));
#6290=DIRECTION('ref_axis',(0.,-1.,0.));
#6291=DIRECTION('',(0.,0.,-1.));
#6292=DIRECTION('center_axis',(1.36119298038334E-15,1.,0.));
#6293=DIRECTION('ref_axis',(-1.,1.36119298038334E-15,0.));
#6294=DIRECTION('',(-1.,1.36119298038334E-15,0.));
#6295=DIRECTION('',(0.,0.,-1.));
#6296=DIRECTION('center_axis',(0.,0.,1.));
#6297=DIRECTION('ref_axis',(0.,1.,0.));
#6298=DIRECTION('center_axis',(0.,0.,1.));
#6299=DIRECTION('ref_axis',(0.,1.,0.));
#6300=DIRECTION('',(0.,0.,-1.));
#6301=DIRECTION('center_axis',(0.,0.,1.));
#6302=DIRECTION('ref_axis',(0.,-1.,0.));
#6303=DIRECTION('center_axis',(0.,0.,-1.));
#6304=DIRECTION('ref_axis',(0.,-1.,0.));
#6305=DIRECTION('center_axis',(0.,0.,-1.));
#6306=DIRECTION('ref_axis',(1.,0.,0.));
#6307=CARTESIAN_POINT('',(0.,0.,0.));
#6308=CARTESIAN_POINT('Origin',(-24.2759697907578,-23.1479653244113,-10.3));
#6309=CARTESIAN_POINT('',(-25.0259697907578,-23.1479653244113,-10.3));
#6310=CARTESIAN_POINT('Origin',(-24.2759697907578,-23.1479653244113,-10.3));
#6311=CARTESIAN_POINT('',(-25.0259697907578,-23.1479653244113,-8.7));
#6312=CARTESIAN_POINT('',(-25.0259697907578,-23.1479653244113,-10.3));
#6313=CARTESIAN_POINT('Origin',(-24.2759697907578,-23.1479653244113,-8.7));
#6314=CARTESIAN_POINT('Origin',(51.8875,53.85,-9.9));
#6315=CARTESIAN_POINT('',(85.2000000000001,54.25,-9.5));
#6316=CARTESIAN_POINT('',(85.2000000000001,53.45,-10.3));
#6317=CARTESIAN_POINT('',(85.2000000000001,54.25,-9.5));
#6318=CARTESIAN_POINT('',(72.1499999999999,53.45,-10.3));
#6319=CARTESIAN_POINT('',(51.8875,53.45,-10.3));
#6320=CARTESIAN_POINT('',(72.1499999999999,54.25,-9.5));
#6321=CARTESIAN_POINT('',(72.1499999999999,53.45,-10.3));
#6322=CARTESIAN_POINT('',(51.8875,54.25,-9.5));
#6323=CARTESIAN_POINT('Origin',(85.2000000000001,50.15,-9.9));
#6324=CARTESIAN_POINT('',(89.3000000000001,50.15,-9.5));
#6325=CARTESIAN_POINT('',(88.5000000000001,50.15,-10.3));
#6326=CARTESIAN_POINT('',(89.3000000000001,50.15,-9.5));
#6327=CARTESIAN_POINT('Origin',(85.2000000000001,50.15,-10.3));
#6328=CARTESIAN_POINT('Origin',(85.2000000000001,50.15,-9.5));
#6329=CARTESIAN_POINT('Origin',(88.9000000000001,-3.32880786223583,-9.9));
#6330=CARTESIAN_POINT('',(89.3000000000001,-25.,-9.5));
#6331=CARTESIAN_POINT('',(88.5000000000001,-25.,-10.3));
#6332=CARTESIAN_POINT('',(89.3000000000001,-25.,-9.5));
#6333=CARTESIAN_POINT('',(88.5000000000001,-3.32880786223583,-10.3));
#6334=CARTESIAN_POINT('',(89.3000000000001,-3.32880786223583,-9.5));
#6335=CARTESIAN_POINT('Origin',(85.2000000000001,-25.,-9.9));
#6336=CARTESIAN_POINT('',(85.2000000000001,-29.1,-9.5));
#6337=CARTESIAN_POINT('',(85.2000000000001,-28.3,-10.3));
#6338=CARTESIAN_POINT('',(85.2000000000001,-29.1,-9.5));
#6339=CARTESIAN_POINT('Origin',(85.2000000000001,-25.,-10.3));
#6340=CARTESIAN_POINT('Origin',(85.2000000000001,-25.,-9.5));
#6341=CARTESIAN_POINT('Origin',(42.8875,-28.7,-9.9));
#6342=CARTESIAN_POINT('',(67.2,-29.1,-9.5));
#6343=CARTESIAN_POINT('',(67.2,-28.3,-10.3));
#6344=CARTESIAN_POINT('',(67.2,-29.1,-9.5));
#6345=CARTESIAN_POINT('',(42.8875,-28.3,-10.3));
#6346=CARTESIAN_POINT('',(42.8875,-29.1000000000001,-9.5));
#6347=CARTESIAN_POINT('Origin',(67.2,-25.,-9.9));
#6348=CARTESIAN_POINT('',(63.1,-25.,-9.5));
#6349=CARTESIAN_POINT('',(63.9,-25.,-10.3));
#6350=CARTESIAN_POINT('',(63.1,-25.,-9.5));
#6351=CARTESIAN_POINT('Origin',(67.2,-25.,-10.3));
#6352=CARTESIAN_POINT('Origin',(67.2,-25.,-9.5));
#6353=CARTESIAN_POINT('Origin',(61.2,-25.,-9.9));
#6354=CARTESIAN_POINT('',(61.2,-23.1,-9.5));
#6355=CARTESIAN_POINT('',(61.2,-22.3,-10.3));
#6356=CARTESIAN_POINT('',(61.2,-23.1,-9.5));
#6357=CARTESIAN_POINT('Origin',(61.2,-25.,-10.3));
#6358=CARTESIAN_POINT('Origin',(61.2,-25.,-9.5));
#6359=CARTESIAN_POINT('Origin',(33.3625,-22.7,-9.9));
#6360=CARTESIAN_POINT('',(48.15,-23.1,-9.5));
#6361=CARTESIAN_POINT('',(48.15,-22.3,-10.3));
#6362=CARTESIAN_POINT('',(48.15,-23.1,-9.5));
#6363=CARTESIAN_POINT('',(33.3625,-22.3,-10.3));
#6364=CARTESIAN_POINT('',(33.3625,-23.1,-9.5));
#6365=CARTESIAN_POINT('Origin',(48.15,-19.,-9.9));
#6366=CARTESIAN_POINT('',(44.05,-19.,-9.5));
#6367=CARTESIAN_POINT('',(44.85,-19.,-10.3));
#6368=CARTESIAN_POINT('',(44.05,-19.,-9.5));
#6369=CARTESIAN_POINT('Origin',(48.15,-19.,-10.3));
#6370=CARTESIAN_POINT('Origin',(48.15,-19.,-9.5));
#6371=CARTESIAN_POINT('Origin',(44.4500000000001,0.696192137764114,-9.9));
#6372=CARTESIAN_POINT('',(44.05,-16.95,-9.5));
#6373=CARTESIAN_POINT('',(44.85,-16.95,-10.3));
#6374=CARTESIAN_POINT('',(44.05,-16.95,-9.5));
#6375=CARTESIAN_POINT('',(44.8500000000001,0.696192137764112,-10.3));
#6376=CARTESIAN_POINT('',(44.0500000000001,0.696192137764115,-9.5));
#6377=CARTESIAN_POINT('Origin',(42.15,-16.95,-9.9));
#6378=CARTESIAN_POINT('',(42.15,-15.05,-9.5));
#6379=CARTESIAN_POINT('',(42.15,-14.25,-10.3));
#6380=CARTESIAN_POINT('',(42.15,-15.05,-9.5));
#6381=CARTESIAN_POINT('Origin',(42.15,-16.95,-10.3));
#6382=CARTESIAN_POINT('Origin',(42.15,-16.95,-9.5));
#6383=CARTESIAN_POINT('Origin',(10.7875,-14.65,-9.9));
#6384=CARTESIAN_POINT('',(3.00000000000001,-15.05,-9.5));
#6385=CARTESIAN_POINT('',(3.00000000000001,-14.25,-10.3));
#6386=CARTESIAN_POINT('',(3.00000000000001,-15.05,-9.5));
#6387=CARTESIAN_POINT('',(10.7875,-14.25,-10.3));
#6388=CARTESIAN_POINT('',(10.7875,-15.05,-9.5));
#6389=CARTESIAN_POINT('Origin',(3.00000000000001,-16.95,-9.9));
#6390=CARTESIAN_POINT('',(1.10000000000001,-16.95,-9.5));
#6391=CARTESIAN_POINT('',(0.300000000000007,-16.95,-10.3));
#6392=CARTESIAN_POINT('',(1.10000000000001,-16.95,-9.5));
#6393=CARTESIAN_POINT('Origin',(3.00000000000001,-16.95,-10.3));
#6394=CARTESIAN_POINT('Origin',(3.00000000000001,-16.95,-9.5));
#6395=CARTESIAN_POINT('Origin',(0.700000000000004,-8.30380786223602,-9.9));
#6396=CARTESIAN_POINT('',(1.10000000000001,-34.9500000000004,-9.5));
#6397=CARTESIAN_POINT('',(0.300000000000013,-34.9500000000004,-10.3));
#6398=CARTESIAN_POINT('',(1.10000000000001,-34.9500000000004,-9.5));
#6399=CARTESIAN_POINT('',(0.300000000000004,-8.30380786223602,-10.3));
#6400=CARTESIAN_POINT('',(1.1,-8.30380786223602,-9.5));
#6401=CARTESIAN_POINT('Origin',(-2.99999999999998,-34.9500000000004,-9.9));
#6402=CARTESIAN_POINT('',(-2.99999999999945,-39.0500000000004,-9.5));
#6403=CARTESIAN_POINT('',(-2.99999999999956,-38.2500000000004,-10.3));
#6404=CARTESIAN_POINT('',(-2.99999999999945,-39.0500000000004,-9.5));
#6405=CARTESIAN_POINT('Origin',(-2.99999999999998,-34.9500000000004,-10.3));
#6406=CARTESIAN_POINT('Origin',(-2.99999999999998,-34.9500000000004,-9.5));
#6407=CARTESIAN_POINT('Origin',(-1.19603004047932,-38.6500000000001,-9.9));
#6408=CARTESIAN_POINT('',(-20.967060080966,-39.0500000000027,-9.5));
#6409=CARTESIAN_POINT('',(-20.9670600809661,-38.2500000000027,-10.3));
#6410=CARTESIAN_POINT('',(-20.967060080966,-39.0500000000027,-9.5));
#6411=CARTESIAN_POINT('',(-1.19603004047937,-38.2500000000001,-10.3));
#6412=CARTESIAN_POINT('',(-1.19603004047926,-39.0500000000001,-9.5));
#6413=CARTESIAN_POINT('Origin',(-20.9670600809658,-40.9500000000027,-9.9));
#6414=CARTESIAN_POINT('',(-21.5225663199391,-39.133020963673,-9.5));
#6415=CARTESIAN_POINT('',(-21.7564636837174,-38.3679771589026,-10.3));
#6416=CARTESIAN_POINT('',(-21.5225663199391,-39.133020963673,-9.5));
#6417=CARTESIAN_POINT('Origin',(-20.9670600809658,-40.9500000000027,-10.3));
#6418=CARTESIAN_POINT('Origin',(-20.9670600809658,-40.9500000000027,-9.5));
#6419=CARTESIAN_POINT('Origin',(-3.86055897959698,-33.3149267209858,-9.9));
#6420=CARTESIAN_POINT('',(-38.7045513260053,-44.3860809483917,-9.5));
#6421=CARTESIAN_POINT('',(-38.9384486897835,-43.6210371436213,-10.3));
#6422=CARTESIAN_POINT('',(-38.7045513260053,-44.3860809483917,-9.5));
#6423=CARTESIAN_POINT('',(-3.97750766148611,-32.9324048186006,-10.3));
#6424=CARTESIAN_POINT('',(-3.74361029770785,-33.697448623371,-9.5));
#6425=CARTESIAN_POINT('Origin',(-39.9032753153688,-40.4652314489434,-9.9));
#6426=CARTESIAN_POINT('',(-43.8241248148174,-41.6639554383063,-9.5));
#6427=CARTESIAN_POINT('',(-43.0590810100469,-41.4300580745282,-10.3));
#6428=CARTESIAN_POINT('',(-43.8241248148174,-41.6639554383063,-9.5));
#6429=CARTESIAN_POINT('Origin',(-39.9032753153688,-40.4652314489434,-10.3));
#6430=CARTESIAN_POINT('Origin',(-39.9032753153688,-40.4652314489434,-9.5));
#6431=CARTESIAN_POINT('Origin',(-53.2367686253595,-9.50846333579515,-9.9));
#6432=CARTESIAN_POINT('',(-51.9708494994485,-15.0172196715048,-9.5));
#6433=CARTESIAN_POINT('',(-51.2058056946781,-14.7833223077266,-10.3));
#6434=CARTESIAN_POINT('',(-51.9708494994485,-15.0172196715048,-9.5));
#6435=CARTESIAN_POINT('',(-52.8542467229743,-9.39151465390607,-10.3));
#6436=CARTESIAN_POINT('',(-53.6192905277447,-9.62541201768421,-9.5));
#6437=CARTESIAN_POINT('Origin',(-48.05,-13.8184956821418,-9.9));
#6438=CARTESIAN_POINT('',(-52.15,-13.8184956821418,-9.5));
#6439=CARTESIAN_POINT('',(-51.35,-13.8184956821418,-10.3));
#6440=CARTESIAN_POINT('',(-52.15,-13.8184956821418,-9.5));
#6441=CARTESIAN_POINT('Origin',(-48.05,-13.8184956821418,-10.3));
#6442=CARTESIAN_POINT('Origin',(-48.05,-13.8184956821418,-9.5));
#6443=CARTESIAN_POINT('Origin',(-51.75,16.2716988040633,-9.9));
#6444=CARTESIAN_POINT('',(-52.15,14.2010133325982,-9.5));
#6445=CARTESIAN_POINT('',(-51.35,14.2010133325982,-10.3));
#6446=CARTESIAN_POINT('',(-52.15,14.2010133325982,-9.5));
#6447=CARTESIAN_POINT('',(-51.35,16.2716988040633,-10.3));
#6448=CARTESIAN_POINT('',(-52.15,16.2716988040633,-9.5));
#6449=CARTESIAN_POINT('Origin',(-48.05,14.2010133325982,-9.9));
#6450=CARTESIAN_POINT('',(-48.05,18.3010133325982,-9.5));
#6451=CARTESIAN_POINT('',(-48.05,17.5010133325982,-10.3));
#6452=CARTESIAN_POINT('',(-48.05,18.3010133325982,-9.5));
#6453=CARTESIAN_POINT('Origin',(-48.05,14.2010133325982,-10.3));
#6454=CARTESIAN_POINT('Origin',(-48.05,14.2010133325982,-9.5));
#6455=CARTESIAN_POINT('Origin',(-7.7375,17.9010133325982,-9.9));
#6456=CARTESIAN_POINT('',(-34.05,18.3010133325982,-9.5));
#6457=CARTESIAN_POINT('',(-34.05,17.5010133325982,-10.3));
#6458=CARTESIAN_POINT('',(-34.05,18.3010133325982,-9.5));
#6459=CARTESIAN_POINT('',(-7.7375,17.5010133325982,-10.3));
#6460=CARTESIAN_POINT('',(-7.7375,18.3010133325982,-9.5));
#6461=CARTESIAN_POINT('Origin',(-34.05,20.2010133325982,-9.9));
#6462=CARTESIAN_POINT('',(-32.15,20.2010133325982,-9.5));
#6463=CARTESIAN_POINT('',(-31.35,20.2010133325982,-10.3));
#6464=CARTESIAN_POINT('',(-32.15,20.2010133325982,-9.5));
#6465=CARTESIAN_POINT('Origin',(-34.05,20.2010133325982,-10.3));
#6466=CARTESIAN_POINT('Origin',(-34.05,20.2010133325982,-9.5));
#6467=CARTESIAN_POINT('Origin',(-31.75,40.2461921377642,-9.9));
#6468=CARTESIAN_POINT('',(-32.15,62.15,-9.5));
#6469=CARTESIAN_POINT('',(-31.35,62.15,-10.3));
#6470=CARTESIAN_POINT('',(-32.15,62.15,-9.5));
#6471=CARTESIAN_POINT('',(-31.35,40.2461921377642,-10.3));
#6472=CARTESIAN_POINT('',(-32.15,40.2461921377642,-9.5));
#6473=CARTESIAN_POINT('Origin',(-28.05,62.15,-9.9));
#6474=CARTESIAN_POINT('',(-28.05,66.25,-9.5));
#6475=CARTESIAN_POINT('',(-28.05,65.45,-10.3));
#6476=CARTESIAN_POINT('',(-28.05,66.25,-9.5));
#6477=CARTESIAN_POINT('Origin',(-28.05,62.15,-10.3));
#6478=CARTESIAN_POINT('Origin',(-28.05,62.15,-9.5));
#6479=CARTESIAN_POINT('Origin',(1.78750000000001,65.85,-9.9));
#6480=CARTESIAN_POINT('',(-15.,66.25,-9.5));
#6481=CARTESIAN_POINT('',(-15.,65.45,-10.3));
#6482=CARTESIAN_POINT('',(-15.,66.25,-9.5));
#6483=CARTESIAN_POINT('',(1.78750000000001,65.45,-10.3));
#6484=CARTESIAN_POINT('',(1.78750000000001,66.25,-9.5));
#6485=CARTESIAN_POINT('Origin',(-15.,68.15,-9.9));
#6486=CARTESIAN_POINT('',(-13.2086628209941,67.5166666666667,-9.5));
#6487=CARTESIAN_POINT('',(-12.4544155877284,67.25,-10.3));
#6488=CARTESIAN_POINT('',(-13.2086628209941,67.5166666666667,-9.5));
#6489=CARTESIAN_POINT('Origin',(-15.,68.15,-10.3));
#6490=CARTESIAN_POINT('Origin',(-15.,68.15,-9.5));
#6491=CARTESIAN_POINT('Origin',(-9.34314575050761,66.15,-9.9));
#6492=CARTESIAN_POINT('',(-9.34314575050761,70.25,-9.5));
#6493=CARTESIAN_POINT('',(-9.34314575050761,69.45,-10.3));
#6494=CARTESIAN_POINT('',(-9.34314575050761,70.25,-9.5));
#6495=CARTESIAN_POINT('Origin',(-9.34314575050761,66.15,-10.3));
#6496=CARTESIAN_POINT('Origin',(-9.34314575050761,66.15,-9.5));
#6497=CARTESIAN_POINT('Origin',(11.3125,69.85,-9.9));
#6498=CARTESIAN_POINT('',(4.05,70.25,-9.5));
#6499=CARTESIAN_POINT('',(4.05,69.45,-10.3));
#6500=CARTESIAN_POINT('',(4.05,70.25,-9.5));
#6501=CARTESIAN_POINT('',(11.3125,69.45,-10.3));
#6502=CARTESIAN_POINT('',(11.3125,70.25,-9.5));
#6503=CARTESIAN_POINT('Origin',(4.05,72.15,-9.9));
#6504=CARTESIAN_POINT('',(5.95,72.15,-9.5));
#6505=CARTESIAN_POINT('',(6.75,72.15,-10.3));
#6506=CARTESIAN_POINT('',(5.95,72.15,-9.5));
#6507=CARTESIAN_POINT('Origin',(4.05,72.15,-10.3));
#6508=CARTESIAN_POINT('Origin',(4.05,72.15,-9.5));
#6509=CARTESIAN_POINT('Origin',(6.35,47.7461921377642,-9.9));
#6510=CARTESIAN_POINT('',(5.95,77.15,-9.5));
#6511=CARTESIAN_POINT('',(6.75,77.15,-10.3));
#6512=CARTESIAN_POINT('',(5.95,77.15,-9.5));
#6513=CARTESIAN_POINT('',(6.75,47.7461921377642,-10.3));
#6514=CARTESIAN_POINT('',(5.95,47.7461921377642,-9.5));
#6515=CARTESIAN_POINT('Origin',(10.05,77.15,-9.9));
#6516=CARTESIAN_POINT('',(10.05,81.25,-9.5));
#6517=CARTESIAN_POINT('',(10.05,80.45,-10.3));
#6518=CARTESIAN_POINT('',(10.05,81.25,-9.5));
#6519=CARTESIAN_POINT('Origin',(10.05,77.15,-10.3));
#6520=CARTESIAN_POINT('Origin',(10.05,77.15,-9.5));
#6521=CARTESIAN_POINT('Origin',(23.3125,80.85,-9.9));
#6522=CARTESIAN_POINT('',(28.05,81.25,-9.5));
#6523=CARTESIAN_POINT('',(28.05,80.45,-10.3));
#6524=CARTESIAN_POINT('',(28.05,81.25,-9.5));
#6525=CARTESIAN_POINT('',(23.3125,80.45,-10.3));
#6526=CARTESIAN_POINT('',(23.3125,81.25,-9.5));
#6527=CARTESIAN_POINT('Origin',(28.05,77.15,-9.9));
#6528=CARTESIAN_POINT('',(32.15,77.15,-9.5));
#6529=CARTESIAN_POINT('',(31.35,77.15,-10.3));
#6530=CARTESIAN_POINT('',(32.15,77.15,-9.5));
#6531=CARTESIAN_POINT('Origin',(28.05,77.15,-10.3));
#6532=CARTESIAN_POINT('Origin',(28.05,77.15,-9.5));
#6533=CARTESIAN_POINT('Origin',(31.75,46.7461921377642,-9.9));
#6534=CARTESIAN_POINT('',(32.15,75.15,-9.5));
#6535=CARTESIAN_POINT('',(31.35,75.15,-10.3));
#6536=CARTESIAN_POINT('',(32.15,75.15,-9.5));
#6537=CARTESIAN_POINT('',(31.35,46.7461921377642,-10.3));
#6538=CARTESIAN_POINT('',(32.15,46.7461921377642,-9.5));
#6539=CARTESIAN_POINT('Origin',(34.05,75.15,-9.9));
#6540=CARTESIAN_POINT('',(34.05,73.25,-9.5));
#6541=CARTESIAN_POINT('',(34.05,72.45,-10.3));
#6542=CARTESIAN_POINT('',(34.05,73.25,-9.5));
#6543=CARTESIAN_POINT('Origin',(34.05,75.15,-10.3));
#6544=CARTESIAN_POINT('Origin',(34.05,75.15,-9.5));
#6545=CARTESIAN_POINT('Origin',(32.8375,72.85,-9.9));
#6546=CARTESIAN_POINT('',(47.1,73.25,-9.5));
#6547=CARTESIAN_POINT('',(47.1,72.45,-10.3));
#6548=CARTESIAN_POINT('',(47.1,73.25,-9.5));
#6549=CARTESIAN_POINT('',(32.8375,72.45,-10.3));
#6550=CARTESIAN_POINT('',(32.8375,73.25,-9.5));
#6551=CARTESIAN_POINT('Origin',(47.1,69.15,-9.9));
#6552=CARTESIAN_POINT('',(51.2,69.15,-9.5));
#6553=CARTESIAN_POINT('',(50.4,69.15,-10.3));
#6554=CARTESIAN_POINT('',(51.2,69.15,-9.5));
#6555=CARTESIAN_POINT('Origin',(47.1,69.15,-10.3));
#6556=CARTESIAN_POINT('Origin',(47.1,69.15,-9.5));
#6557=CARTESIAN_POINT('Origin',(50.8,40.2461921377642,-9.9));
#6558=CARTESIAN_POINT('',(51.2,62.15,-9.5));
#6559=CARTESIAN_POINT('',(50.4,62.15,-10.3));
#6560=CARTESIAN_POINT('',(51.2,62.15,-9.5));
#6561=CARTESIAN_POINT('',(50.4,40.2461921377642,-10.3));
#6562=CARTESIAN_POINT('',(51.2,40.2461921377642,-9.5));
#6563=CARTESIAN_POINT('Origin',(53.1,62.15,-9.9));
#6564=CARTESIAN_POINT('',(53.1,60.25,-9.5));
#6565=CARTESIAN_POINT('',(53.1,59.45,-10.3));
#6566=CARTESIAN_POINT('',(53.1,60.25,-9.5));
#6567=CARTESIAN_POINT('Origin',(53.1,62.15,-10.3));
#6568=CARTESIAN_POINT('Origin',(53.1,62.15,-9.5));
#6569=CARTESIAN_POINT('Origin',(42.3625,59.85,-9.9));
#6570=CARTESIAN_POINT('',(66.1499999999999,60.25,-9.5));
#6571=CARTESIAN_POINT('',(66.1499999999999,59.45,-10.3));
#6572=CARTESIAN_POINT('',(66.1499999999999,60.25,-9.5));
#6573=CARTESIAN_POINT('',(42.3625,59.45,-10.3));
#6574=CARTESIAN_POINT('',(42.3625,60.25,-9.5));
#6575=CARTESIAN_POINT('Origin',(66.1499999999999,56.15,-9.9));
#6576=CARTESIAN_POINT('',(70.2499999999999,56.15,-9.5));
#6577=CARTESIAN_POINT('',(69.4499999999999,56.15,-10.3));
#6578=CARTESIAN_POINT('',(70.2499999999999,56.15,-9.5));
#6579=CARTESIAN_POINT('Origin',(66.1499999999999,56.15,-10.3));
#6580=CARTESIAN_POINT('Origin',(66.1499999999999,56.15,-9.5));
#6581=CARTESIAN_POINT('Origin',(72.1499999999999,56.15,-9.9));
#6582=CARTESIAN_POINT('Origin',(72.1499999999999,56.15,-10.3));
#6583=CARTESIAN_POINT('Origin',(72.1499999999999,56.15,-9.5));
#6584=CARTESIAN_POINT('Origin',(-48.05,14.2010133325982,0.));
#6585=CARTESIAN_POINT('',(-52.15,14.2010133325982,1.2));
#6586=CARTESIAN_POINT('',(-52.15,14.2010133325982,0.));
#6587=CARTESIAN_POINT('',(-48.05,18.3010133325982,1.2));
#6588=CARTESIAN_POINT('Origin',(-48.05,14.2010133325982,1.2));
#6589=CARTESIAN_POINT('',(-48.05,18.3010133325982,0.));
#6590=CARTESIAN_POINT('Origin',(-52.15,14.2010133325982,0.));
#6591=CARTESIAN_POINT('',(-52.15,-13.8184956821418,1.2));
#6592=CARTESIAN_POINT('',(-52.15,-13.8184956821418,0.));
#6593=CARTESIAN_POINT('',(-52.15,-13.8184956821418,1.2));
#6594=CARTESIAN_POINT('Origin',(-48.05,-13.8184956821418,0.));
#6595=CARTESIAN_POINT('',(-51.9708494994485,-15.0172196715048,1.2));
#6596=CARTESIAN_POINT('',(-51.9708494994485,-15.0172196715048,0.));
#6597=CARTESIAN_POINT('Origin',(-48.05,-13.8184956821418,1.2));
#6598=CARTESIAN_POINT('Origin',(-51.9708494994485,-15.0172196715048,0.));
#6599=CARTESIAN_POINT('',(-43.8241248148174,-41.6639554383063,1.2));
#6600=CARTESIAN_POINT('',(-43.8241248148174,-41.6639554383063,0.));
#6601=CARTESIAN_POINT('',(-43.8241248148174,-41.6639554383063,1.2));
#6602=CARTESIAN_POINT('Origin',(-39.9032753153688,-40.4652314489434,0.));
#6603=CARTESIAN_POINT('',(-38.7045513260053,-44.3860809483917,1.2));
#6604=CARTESIAN_POINT('',(-38.7045513260053,-44.3860809483917,0.));
#6605=CARTESIAN_POINT('Origin',(-39.9032753153688,-40.4652314489434,1.2));
#6606=CARTESIAN_POINT('Origin',(-38.7045513260053,-44.3860809483917,0.));
#6607=CARTESIAN_POINT('',(-21.5225663199391,-39.133020963673,1.2));
#6608=CARTESIAN_POINT('',(-21.5225663199391,-39.133020963673,0.));
#6609=CARTESIAN_POINT('',(-21.5225663199391,-39.133020963673,1.2));
#6610=CARTESIAN_POINT('Origin',(-20.9670600809658,-40.9500000000027,0.));
#6611=CARTESIAN_POINT('',(-20.967060080966,-39.0500000000027,1.2));
#6612=CARTESIAN_POINT('',(-20.967060080966,-39.0500000000027,0.));
#6613=CARTESIAN_POINT('Origin',(-20.9670600809658,-40.9500000000027,1.2));
#6614=CARTESIAN_POINT('Origin',(-20.967060080966,-39.0500000000027,0.));
#6615=CARTESIAN_POINT('',(-2.99999999999945,-39.0500000000004,1.2));
#6616=CARTESIAN_POINT('',(-2.99999999999945,-39.0500000000004,0.));
#6617=CARTESIAN_POINT('',(-2.99999999999945,-39.0500000000004,1.2));
#6618=CARTESIAN_POINT('Origin',(-2.99999999999998,-34.9500000000004,0.));
#6619=CARTESIAN_POINT('',(1.10000000000002,-34.9500000000004,1.2));
#6620=CARTESIAN_POINT('',(1.10000000000001,-34.9500000000004,0.));
#6621=CARTESIAN_POINT('Origin',(-2.99999999999998,-34.9500000000004,1.2));
#6622=CARTESIAN_POINT('Origin',(1.10000000000001,-34.9500000000004,0.));
#6623=CARTESIAN_POINT('',(1.10000000000001,-16.95,1.2));
#6624=CARTESIAN_POINT('',(1.10000000000001,-16.95,0.));
#6625=CARTESIAN_POINT('',(1.10000000000001,-16.95,1.2));
#6626=CARTESIAN_POINT('Origin',(3.00000000000001,-16.95,0.));
#6627=CARTESIAN_POINT('',(3.00000000000001,-15.05,1.2));
#6628=CARTESIAN_POINT('',(3.00000000000001,-15.05,0.));
#6629=CARTESIAN_POINT('Origin',(3.00000000000001,-16.95,1.2));
#6630=CARTESIAN_POINT('Origin',(3.00000000000001,-15.05,0.));
#6631=CARTESIAN_POINT('',(42.15,-15.05,1.2));
#6632=CARTESIAN_POINT('',(42.15,-15.05,0.));
#6633=CARTESIAN_POINT('',(42.15,-15.05,1.2));
#6634=CARTESIAN_POINT('Origin',(42.15,-16.95,0.));
#6635=CARTESIAN_POINT('',(44.05,-16.95,1.2));
#6636=CARTESIAN_POINT('',(44.05,-16.95,0.));
#6637=CARTESIAN_POINT('Origin',(42.15,-16.95,1.2));
#6638=CARTESIAN_POINT('Origin',(44.05,-16.95,0.));
#6639=CARTESIAN_POINT('',(44.05,-19.,1.2));
#6640=CARTESIAN_POINT('',(44.05,-19.,0.));
#6641=CARTESIAN_POINT('',(44.05,-19.,1.2));
#6642=CARTESIAN_POINT('Origin',(48.15,-19.,0.));
#6643=CARTESIAN_POINT('',(48.15,-23.1,1.2));
#6644=CARTESIAN_POINT('',(48.15,-23.1,0.));
#6645=CARTESIAN_POINT('Origin',(48.15,-19.,1.2));
#6646=CARTESIAN_POINT('Origin',(48.15,-23.1,0.));
#6647=CARTESIAN_POINT('',(61.2,-23.1,1.2));
#6648=CARTESIAN_POINT('',(61.2,-23.1,0.));
#6649=CARTESIAN_POINT('',(61.2,-23.1,1.2));
#6650=CARTESIAN_POINT('Origin',(61.2,-25.,0.));
#6651=CARTESIAN_POINT('',(63.1,-25.,1.2));
#6652=CARTESIAN_POINT('',(63.1,-25.,0.));
#6653=CARTESIAN_POINT('Origin',(61.2,-25.,1.2));
#6654=CARTESIAN_POINT('Origin',(67.2,-25.,0.));
#6655=CARTESIAN_POINT('',(67.2,-29.1,1.2));
#6656=CARTESIAN_POINT('',(67.2,-29.1,0.));
#6657=CARTESIAN_POINT('Origin',(67.2,-25.,1.2));
#6658=CARTESIAN_POINT('Origin',(67.2,-29.1,0.));
#6659=CARTESIAN_POINT('',(85.2000000000001,-29.1,1.2));
#6660=CARTESIAN_POINT('',(85.2000000000001,-29.1,0.));
#6661=CARTESIAN_POINT('',(85.2000000000001,-29.1,1.2));
#6662=CARTESIAN_POINT('Origin',(85.2000000000001,-25.,0.));
#6663=CARTESIAN_POINT('',(89.3000000000001,-25.,1.2));
#6664=CARTESIAN_POINT('',(89.3000000000001,-25.,0.));
#6665=CARTESIAN_POINT('Origin',(85.2000000000001,-25.,1.2));
#6666=CARTESIAN_POINT('Origin',(89.3000000000001,-25.,0.));
#6667=CARTESIAN_POINT('',(89.3000000000001,50.15,1.2));
#6668=CARTESIAN_POINT('',(89.3000000000001,50.15,0.));
#6669=CARTESIAN_POINT('',(89.3000000000001,50.15,1.2));
#6670=CARTESIAN_POINT('',(89.3000000000001,44.6352813742386,-4.8));
#6671=CARTESIAN_POINT('',(89.3000000000001,-19.4852813742386,-4.8));
#6672=CARTESIAN_POINT('',(89.3000000000001,9.19632034355965,-4.8));
#6673=CARTESIAN_POINT('',(89.3000000000001,-19.4852813742386,-2.3));
#6674=CARTESIAN_POINT('',(89.3000000000001,-19.4852813742386,-2.0875));
#6675=CARTESIAN_POINT('',(89.3000000000001,44.6352813742386,-2.3));
#6676=CARTESIAN_POINT('',(89.3000000000001,-21.6213203435596,-2.3));
#6677=CARTESIAN_POINT('',(89.3000000000001,44.6352813742386,-1.46249999999985));
#6678=CARTESIAN_POINT('Origin',(85.2000000000001,50.15,0.));
#6679=CARTESIAN_POINT('',(85.2000000000001,54.25,1.2));
#6680=CARTESIAN_POINT('',(85.2000000000001,54.25,0.));
#6681=CARTESIAN_POINT('Origin',(85.2000000000001,50.15,1.2));
#6682=CARTESIAN_POINT('Origin',(85.2000000000001,54.25,0.));
#6683=CARTESIAN_POINT('',(72.1499999999999,54.25,1.2));
#6684=CARTESIAN_POINT('',(72.1499999999999,54.25,0.));
#6685=CARTESIAN_POINT('',(72.1499999999999,54.25,1.2));
#6686=CARTESIAN_POINT('Origin',(18.575,18.3423842755283,-10.3));
#6687=CARTESIAN_POINT('Origin',(18.575,18.3423842755283,-8.7));
#6688=CARTESIAN_POINT('',(48.6,66.9000000000001,-8.7));
#6689=CARTESIAN_POINT('',(47.1,66.9,-8.7));
#6690=CARTESIAN_POINT('',(48.6,66.9000000000001,-8.7));
#6691=CARTESIAN_POINT('',(44.85,69.15,-8.7));
#6692=CARTESIAN_POINT('Origin',(47.1,69.15,-8.7));
#6693=CARTESIAN_POINT('',(44.85,70.65,-8.7));
#6694=CARTESIAN_POINT('',(44.85,70.65,-8.7));
#6695=CARTESIAN_POINT('',(34.05,70.65,-8.7));
#6696=CARTESIAN_POINT('',(34.05,70.65,-8.7));
#6697=CARTESIAN_POINT('',(29.55,75.15,-8.7));
#6698=CARTESIAN_POINT('Origin',(34.05,75.15,-8.7));
#6699=CARTESIAN_POINT('',(29.55,77.15,-8.7));
#6700=CARTESIAN_POINT('',(29.55,77.15,-8.7));
#6701=CARTESIAN_POINT('',(28.05,78.65,-8.7));
#6702=CARTESIAN_POINT('Origin',(28.05,77.15,-8.7));
#6703=CARTESIAN_POINT('',(10.05,78.65,-8.7));
#6704=CARTESIAN_POINT('',(10.05,78.65,-8.7));
#6705=CARTESIAN_POINT('',(8.55,77.15,-8.7));
#6706=CARTESIAN_POINT('Origin',(10.05,77.15,-8.7));
#6707=CARTESIAN_POINT('',(8.55,72.15,-8.7));
#6708=CARTESIAN_POINT('',(8.55,72.15,-8.7));
#6709=CARTESIAN_POINT('',(4.04999999999999,67.65,-8.7));
#6710=CARTESIAN_POINT('Origin',(4.05,72.15,-8.7));
#6711=CARTESIAN_POINT('',(-9.34314575050761,67.65,-8.7));
#6712=CARTESIAN_POINT('',(-9.34314575050761,67.65,-8.7));
#6713=CARTESIAN_POINT('',(-10.7573593128807,66.65,-8.7));
#6714=CARTESIAN_POINT('Origin',(-9.34314575050761,66.15,-8.7));
#6715=CARTESIAN_POINT('',(-15.,63.65,-8.7));
#6716=CARTESIAN_POINT('Origin',(-15.,68.15,-8.7));
#6717=CARTESIAN_POINT('',(-25.8,63.65,-8.7));
#6718=CARTESIAN_POINT('',(-28.05,63.65,-8.7));
#6719=CARTESIAN_POINT('',(-25.8,62.15,-8.7));
#6720=CARTESIAN_POINT('',(-25.8,63.65,-8.7));
#6721=CARTESIAN_POINT('',(-28.05,59.9,-8.7));
#6722=CARTESIAN_POINT('Origin',(-28.05,62.15,-8.7));
#6723=CARTESIAN_POINT('',(-29.55,59.9,-8.7));
#6724=CARTESIAN_POINT('',(-29.55,59.9,-8.7));
#6725=CARTESIAN_POINT('',(-29.55,20.2010133325982,-8.7));
#6726=CARTESIAN_POINT('',(-29.55,20.2010133325982,-8.7));
#6727=CARTESIAN_POINT('',(-34.05,15.7010133325982,-8.7));
#6728=CARTESIAN_POINT('Origin',(-34.05,20.2010133325982,-8.7));
#6729=CARTESIAN_POINT('',(-48.05,15.7010133325982,-8.7));
#6730=CARTESIAN_POINT('',(-48.05,15.7010133325982,-8.7));
#6731=CARTESIAN_POINT('',(-49.55,14.2010133325982,-8.7));
#6732=CARTESIAN_POINT('Origin',(-48.05,14.2010133325982,-8.7));
#6733=CARTESIAN_POINT('',(-49.55,-13.8184956821418,-8.7));
#6734=CARTESIAN_POINT('',(-49.55,-13.8184956821418,-8.7));
#6735=CARTESIAN_POINT('',(-49.4844571339446,-14.2570532392258,-8.7));
#6736=CARTESIAN_POINT('Origin',(-48.05,-13.8184956821418,-8.7));
#6737=CARTESIAN_POINT('',(-41.9955687849394,-38.7521033051105,-8.7));
#6738=CARTESIAN_POINT('',(-41.3377324493134,-40.9037890060274,-8.7));
#6739=CARTESIAN_POINT('',(-40.5611116509949,-38.3135457480265,-8.7));
#6740=CARTESIAN_POINT('',(-41.9955687849394,-38.7521033051105,-8.7));
#6741=CARTESIAN_POINT('',(-37.7515896144521,-39.807395113317,-8.7));
#6742=CARTESIAN_POINT('Origin',(-39.9032753153688,-40.4652314489433,-8.7));
#6743=CARTESIAN_POINT('',(-37.3130320573678,-41.2418522472615,-8.7));
#6744=CARTESIAN_POINT('',(-37.3130320573678,-41.2418522472615,-8.7));
#6745=CARTESIAN_POINT('',(-22.2827327522185,-36.6466285981692,-8.7));
#6746=CARTESIAN_POINT('',(-22.2827327522185,-36.6466285981692,-8.7));
#6747=CARTESIAN_POINT('',(-20.9670600809664,-36.4500000000027,-8.7));
#6748=CARTESIAN_POINT('Origin',(-20.9670600809658,-40.9500000000027,-8.7));
#6749=CARTESIAN_POINT('',(-5.24999999999979,-36.4500000000007,-8.7));
#6750=CARTESIAN_POINT('',(-2.99999999999979,-36.4500000000004,-8.7));
#6751=CARTESIAN_POINT('',(-5.24999999999999,-34.9500000000007,-8.7));
#6752=CARTESIAN_POINT('',(-5.24999999999979,-36.4500000000007,-8.7));
#6753=CARTESIAN_POINT('',(-2.99999999999998,-32.7000000000004,-8.7));
#6754=CARTESIAN_POINT('Origin',(-2.99999999999999,-34.9500000000004,-8.7));
#6755=CARTESIAN_POINT('',(-1.49999999999999,-32.7000000000004,-8.7));
#6756=CARTESIAN_POINT('',(-1.49999999999999,-32.7000000000004,-8.7));
#6757=CARTESIAN_POINT('',(-1.49999999999999,-16.95,-8.7));
#6758=CARTESIAN_POINT('',(-1.49999999999999,-16.95,-8.7));
#6759=CARTESIAN_POINT('',(3.00000000000001,-12.45,-8.7));
#6760=CARTESIAN_POINT('Origin',(3.00000000000001,-16.95,-8.7));
#6761=CARTESIAN_POINT('',(42.15,-12.45,-8.7));
#6762=CARTESIAN_POINT('',(42.15,-12.45,-8.7));
#6763=CARTESIAN_POINT('',(46.6455533585978,-16.75,-8.7));
#6764=CARTESIAN_POINT('Origin',(42.15,-16.95,-8.7));
#6765=CARTESIAN_POINT('',(48.15,-16.75,-8.7));
#6766=CARTESIAN_POINT('',(46.65,-16.75,-8.7));
#6767=CARTESIAN_POINT('',(50.4,-19.,-8.7));
#6768=CARTESIAN_POINT('Origin',(48.15,-19.,-8.7));
#6769=CARTESIAN_POINT('',(50.4,-20.5,-8.7));
#6770=CARTESIAN_POINT('',(50.4,-20.5,-8.7));
#6771=CARTESIAN_POINT('',(61.2,-20.5,-8.7));
#6772=CARTESIAN_POINT('',(61.2,-20.5,-8.7));
#6773=CARTESIAN_POINT('',(65.7,-25.,-8.7));
#6774=CARTESIAN_POINT('Origin',(61.2,-25.,-8.7));
#6775=CARTESIAN_POINT('',(67.2,-26.5,-8.7));
#6776=CARTESIAN_POINT('Origin',(67.2,-25.,-8.7));
#6777=CARTESIAN_POINT('',(82.9500000000001,-26.5,-8.7));
#6778=CARTESIAN_POINT('',(85.2,-26.5,-8.7));
#6779=CARTESIAN_POINT('',(82.9500000000001,-25.,-8.7));
#6780=CARTESIAN_POINT('',(82.9500000000001,-26.5,-8.7));
#6781=CARTESIAN_POINT('',(85.2000000000001,-22.75,-8.7));
#6782=CARTESIAN_POINT('Origin',(85.2000000000001,-25.,-8.7));
#6783=CARTESIAN_POINT('',(86.7000000000001,-22.75,-8.7));
#6784=CARTESIAN_POINT('',(86.7000000000001,-22.75,-8.7));
#6785=CARTESIAN_POINT('',(86.7000000000001,47.9,-8.7));
#6786=CARTESIAN_POINT('',(86.7000000000001,50.15,-8.7));
#6787=CARTESIAN_POINT('',(85.2000000000001,47.9,-8.7));
#6788=CARTESIAN_POINT('',(86.7000000000001,47.9,-8.7));
#6789=CARTESIAN_POINT('',(82.9500000000001,50.15,-8.7));
#6790=CARTESIAN_POINT('Origin',(85.2000000000001,50.15,-8.7));
#6791=CARTESIAN_POINT('',(82.9500000000001,51.65,-8.7));
#6792=CARTESIAN_POINT('',(82.9500000000001,51.65,-8.7));
#6793=CARTESIAN_POINT('',(72.1499999999999,51.65,-8.7));
#6794=CARTESIAN_POINT('',(72.1499999999999,51.65,-8.7));
#6795=CARTESIAN_POINT('',(67.6499999999999,56.15,-8.7));
#6796=CARTESIAN_POINT('Origin',(72.1499999999999,56.15,-8.7));
#6797=CARTESIAN_POINT('',(66.1499999999999,57.65,-8.7));
#6798=CARTESIAN_POINT('Origin',(66.1499999999999,56.15,-8.7));
#6799=CARTESIAN_POINT('',(53.1,57.65,-8.7));
#6800=CARTESIAN_POINT('',(53.1,57.65,-8.7));
#6801=CARTESIAN_POINT('',(48.6,62.15,-8.7));
#6802=CARTESIAN_POINT('Origin',(53.1,62.15,-8.7));
#6803=CARTESIAN_POINT('',(48.6,69.15,-8.7));
#6804=CARTESIAN_POINT('Origin',(18.575,18.3423842755283,-8.7));
#6805=CARTESIAN_POINT('',(86.0115000000001,50.15,-8.7));
#6806=CARTESIAN_POINT('Origin',(85.2000000000001,50.15,-8.7));
#6807=CARTESIAN_POINT('Origin',(18.575,18.3423842755283,-8.7));
#6808=CARTESIAN_POINT('',(-27.2385,62.15,-8.7));
#6809=CARTESIAN_POINT('Origin',(-28.05,62.15,-8.7));
#6810=CARTESIAN_POINT('Origin',(18.575,18.3423842755283,-8.7));
#6811=CARTESIAN_POINT('',(-2.18849999999999,-34.9500000000004,-8.7));
#6812=CARTESIAN_POINT('Origin',(-2.99999999999999,-34.9500000000004,-8.7));
#6813=CARTESIAN_POINT('Origin',(18.575,18.3423842755283,-8.7));
#6814=CARTESIAN_POINT('',(86.0115000000001,-25.,-8.7));
#6815=CARTESIAN_POINT('Origin',(85.2000000000001,-25.,-8.7));
#6816=CARTESIAN_POINT('Origin',(18.575,18.3423842755283,-8.7));
#6817=CARTESIAN_POINT('',(48.9615,-19.,-8.7));
#6818=CARTESIAN_POINT('Origin',(48.15,-19.,-8.7));
#6819=CARTESIAN_POINT('Origin',(18.575,18.3423842755283,-8.7));
#6820=CARTESIAN_POINT('',(-39.0917753153688,-40.4652314489433,-8.7));
#6821=CARTESIAN_POINT('Origin',(-39.9032753153688,-40.4652314489433,-8.7));
#6822=CARTESIAN_POINT('Origin',(18.575,18.3423842755283,-8.7));
#6823=CARTESIAN_POINT('',(47.9115,69.15,-8.7));
#6824=CARTESIAN_POINT('Origin',(47.1,69.15,-8.7));
#6825=CARTESIAN_POINT('Origin',(90.3000000000001,40.15,-3.23749999999993));
#6826=CARTESIAN_POINT('',(88.1786796564404,42.2713203435597,-4.8));
#6827=CARTESIAN_POINT('',(87.3000000000001,40.15,-4.8));
#6828=CARTESIAN_POINT('Origin',(90.3000000000001,40.15,-4.80000000000001));
#6829=CARTESIAN_POINT('',(88.1786796564404,42.2713203435597,-3.42132034355965));
#6830=CARTESIAN_POINT('',(88.1786796564404,42.2713203435597,-3.23749999999992));
#6831=CARTESIAN_POINT('',(87.3000000000001,40.15,-4.3));
#6832=CARTESIAN_POINT('Origin',(90.3000000000001,40.15,-1.29999999999998));
#6833=CARTESIAN_POINT('',(87.3000000000001,40.15,-3.23749999999993));
#6834=CARTESIAN_POINT('Origin',(88.3000000000001,-2.83382034355964,-3.3));
#6835=CARTESIAN_POINT('',(88.4213203435597,42.5139610306789,-3.17867965644036));
#6836=CARTESIAN_POINT('',(87.3000000000001,41.3926406871193,-4.3));
#6837=CARTESIAN_POINT('Origin',(86.3000000000001,44.6352813742386,-5.30000000000002));
#6838=CARTESIAN_POINT('',(88.4213203435597,-17.3639610306789,-3.17867965644037));
#6839=CARTESIAN_POINT('Origin',(86.3000000000001,-19.4852813742386,-5.30000000000002));
#6840=CARTESIAN_POINT('',(88.1786796564404,-17.1213203435596,-3.42132034355964));
#6841=CARTESIAN_POINT('',(87.3000000000001,-16.2426406871193,-4.3));
#6842=CARTESIAN_POINT('',(87.3000000000001,-15.,-4.3));
#6843=CARTESIAN_POINT('Origin',(90.3000000000001,-15.,-1.29999999999998));
#6844=CARTESIAN_POINT('',(87.3000000000001,-2.83382034355964,-4.3));
#6845=CARTESIAN_POINT('Origin',(88.3000000000001,42.3926406871193,-2.92499999999995));
#6846=CARTESIAN_POINT('',(88.4213203435597,42.5139610306789,-4.8));
#6847=CARTESIAN_POINT('',(88.8000000000001,42.8926406871193,-4.8));
#6848=CARTESIAN_POINT('',(88.4213203435597,42.5139610306789,-1.46249999999985));
#6849=CARTESIAN_POINT('Origin',(90.3000000000001,-15.,-3.86250000000002));
#6850=CARTESIAN_POINT('',(88.1786796564404,-17.1213203435596,-4.8));
#6851=CARTESIAN_POINT('',(88.1786796564404,-17.1213203435596,-3.86250000000002));
#6852=CARTESIAN_POINT('',(87.3000000000001,-15.,-4.8));
#6853=CARTESIAN_POINT('Origin',(90.3000000000001,-15.,-4.80000000000005));
#6854=CARTESIAN_POINT('',(87.3000000000001,-15.,-3.86250000000002));
#6855=CARTESIAN_POINT('Origin',(89.3000000000001,43.3926406871193,-4.8));
#6856=CARTESIAN_POINT('',(87.3000000000001,-18.2426406871193,-4.8));
#6857=CARTESIAN_POINT('',(88.4213203435597,-17.3639610306789,-4.8));
#6858=CARTESIAN_POINT('',(73.3911796564404,-2.3338203435596,-4.8));
#6859=CARTESIAN_POINT('Origin',(86.3000000000001,-19.4852813742386,-4.80000000000006));
#6860=CARTESIAN_POINT('Origin',(86.3000000000001,44.6352813742386,-4.8));
#6861=CARTESIAN_POINT('Origin',(88.3000000000001,-17.2426406871193,-4.17500000000001));
#6862=CARTESIAN_POINT('',(88.4213203435597,-17.3639610306789,-2.0875));
#6863=CARTESIAN_POINT('Origin',(86.3000000000001,44.6352813742386,-1.46249999999985));
#6864=CARTESIAN_POINT('Origin',(86.3000000000001,-19.4852813742386,-2.0875));
#6865=CARTESIAN_POINT('Origin',(87.3000000000001,12.575,-3.55));
#6866=CARTESIAN_POINT('Origin',(47.1,69.15,0.1));
#6867=CARTESIAN_POINT('',(47.9115,69.15,-2.9));
#6868=CARTESIAN_POINT('',(47.9115,69.15,0.1));
#6869=CARTESIAN_POINT('Origin',(47.1,69.15,-2.9));
#6870=CARTESIAN_POINT('Origin',(-39.9032753153688,-40.4652314489433,0.1));
#6871=CARTESIAN_POINT('',(-39.0917753153688,-40.4652314489433,-2.9));
#6872=CARTESIAN_POINT('',(-39.0917753153688,-40.4652314489433,0.1));
#6873=CARTESIAN_POINT('Origin',(-39.9032753153688,-40.4652314489433,-2.9));
#6874=CARTESIAN_POINT('Origin',(48.15,-19.,0.1));
#6875=CARTESIAN_POINT('',(48.9615,-19.,-2.9));
#6876=CARTESIAN_POINT('',(48.9615,-19.,0.1));
#6877=CARTESIAN_POINT('Origin',(48.15,-19.,-2.9));
#6878=CARTESIAN_POINT('Origin',(85.2000000000001,-25.,0.1));
#6879=CARTESIAN_POINT('',(86.0115000000001,-25.,-2.9));
#6880=CARTESIAN_POINT('',(86.0115000000001,-25.,0.1));
#6881=CARTESIAN_POINT('Origin',(85.2000000000001,-25.,-2.9));
#6882=CARTESIAN_POINT('Origin',(-2.99999999999999,-34.9500000000004,0.1));
#6883=CARTESIAN_POINT('',(-2.18849999999999,-34.9500000000004,-2.9));
#6884=CARTESIAN_POINT('',(-2.18849999999999,-34.9500000000004,0.1));
#6885=CARTESIAN_POINT('Origin',(-2.99999999999999,-34.9500000000004,-2.9));
#6886=CARTESIAN_POINT('Origin',(-28.05,62.15,0.1));
#6887=CARTESIAN_POINT('',(-27.2385,62.15,-2.9));
#6888=CARTESIAN_POINT('',(-27.2385,62.15,0.1));
#6889=CARTESIAN_POINT('Origin',(-28.05,62.15,-2.9));
#6890=CARTESIAN_POINT('Origin',(85.2000000000001,50.15,0.1));
#6891=CARTESIAN_POINT('',(86.0115000000001,50.15,-2.9));
#6892=CARTESIAN_POINT('',(86.0115000000001,50.15,0.1));
#6893=CARTESIAN_POINT('Origin',(85.2000000000001,50.15,-2.9));
#6894=CARTESIAN_POINT('Origin',(82.9500000000001,-25.,-6.9));
#6895=CARTESIAN_POINT('',(82.9500000000001,-26.5,-2.9));
#6896=CARTESIAN_POINT('',(82.9500000000001,-26.5,-3.45));
#6897=CARTESIAN_POINT('',(82.9500000000001,-25.,-2.9));
#6898=CARTESIAN_POINT('',(82.9500000000001,-26.5,-2.9));
#6899=CARTESIAN_POINT('',(82.9500000000001,-25.,-6.9));
#6900=CARTESIAN_POINT('Origin',(85.2000000000001,-25.,-6.9));
#6901=CARTESIAN_POINT('',(85.2000000000001,-22.75,-2.9));
#6902=CARTESIAN_POINT('Origin',(85.2000000000001,-25.,-2.9));
#6903=CARTESIAN_POINT('',(85.2000000000001,-22.75,-6.9));
#6904=CARTESIAN_POINT('Origin',(86.7000000000001,-22.75,-6.9));
#6905=CARTESIAN_POINT('',(86.7000000000001,-22.75,-2.9));
#6906=CARTESIAN_POINT('',(86.7000000000001,-22.75,-2.9));
#6907=CARTESIAN_POINT('',(86.7000000000001,-22.75,-3.45));
#6908=CARTESIAN_POINT('Origin',(84.8250000000001,-24.625,-2.9));
#6909=CARTESIAN_POINT('',(85.2,-26.5,-2.9));
#6910=CARTESIAN_POINT('',(76.0125,-26.5,-2.9));
#6911=CARTESIAN_POINT('',(86.7000000000001,-25.,-2.9));
#6912=CARTESIAN_POINT('Origin',(85.2000000000001,-25.,-2.9));
#6913=CARTESIAN_POINT('',(86.7000000000001,-24.8125,-2.9));
#6914=CARTESIAN_POINT('Origin',(-40.5611116509949,-38.3135457480265,-6.9));
#6915=CARTESIAN_POINT('',(-41.9955687849394,-38.7521033051105,-2.9));
#6916=CARTESIAN_POINT('',(-41.9955687849394,-38.7521033051105,-3.45));
#6917=CARTESIAN_POINT('',(-40.5611116509949,-38.3135457480265,-2.9));
#6918=CARTESIAN_POINT('',(-41.9955687849394,-38.7521033051105,-2.9));
#6919=CARTESIAN_POINT('',(-40.5611116509949,-38.3135457480265,-6.9));
#6920=CARTESIAN_POINT('Origin',(-39.9032753153688,-40.4652314489433,-6.9));
#6921=CARTESIAN_POINT('',(-37.7515896144521,-39.807395113317,-2.9));
#6922=CARTESIAN_POINT('Origin',(-39.9032753153688,-40.4652314489433,-2.9));
#6923=CARTESIAN_POINT('',(-37.7515896144521,-39.807395113317,-6.9));
#6924=CARTESIAN_POINT('Origin',(-37.3130320573678,-41.2418522472615,-6.9));
#6925=CARTESIAN_POINT('',(-37.3130320573678,-41.2418522472615,-2.9));
#6926=CARTESIAN_POINT('',(-37.3130320573678,-41.2418522472615,-2.9));
#6927=CARTESIAN_POINT('',(-37.3130320573678,-41.2418522472615,-3.45));
#6928=CARTESIAN_POINT('Origin',(-39.6543004211536,-40.0902314489433,-2.9));
#6929=CARTESIAN_POINT('',(-41.3377324493134,-40.9037890060274,-2.9));
#6930=CARTESIAN_POINT('',(-45.4528777882574,-27.4437550986964,-2.9));
#6931=CARTESIAN_POINT('',(-39.4647177582846,-41.8996885828879,-2.9));
#6932=CARTESIAN_POINT('Origin',(-39.9032753153688,-40.4652314489434,-2.9));
#6933=CARTESIAN_POINT('',(-39.2984473145486,-41.848854606818,-2.9));
#6934=CARTESIAN_POINT('Origin',(-5.24999999999999,-34.9500000000007,-6.9));
#6935=CARTESIAN_POINT('',(-5.24999999999979,-36.4500000000007,-2.9));
#6936=CARTESIAN_POINT('',(-5.24999999999979,-36.4500000000007,-3.45));
#6937=CARTESIAN_POINT('',(-5.24999999999999,-34.9500000000007,-2.9));
#6938=CARTESIAN_POINT('',(-5.24999999999979,-36.4500000000007,-2.9));
#6939=CARTESIAN_POINT('',(-5.24999999999999,-34.9500000000007,-6.9));
#6940=CARTESIAN_POINT('Origin',(-2.99999999999999,-34.9500000000004,-6.9));
#6941=CARTESIAN_POINT('',(-2.99999999999999,-32.7000000000004,-2.9));
#6942=CARTESIAN_POINT('Origin',(-2.99999999999999,-34.9500000000004,-2.9));
#6943=CARTESIAN_POINT('',(-2.99999999999999,-32.7000000000004,-6.9));
#6944=CARTESIAN_POINT('Origin',(-1.49999999999999,-32.7000000000004,-6.9));
#6945=CARTESIAN_POINT('',(-1.49999999999999,-32.7000000000004,-2.9));
#6946=CARTESIAN_POINT('',(-1.49999999999999,-32.7000000000004,-2.9));
#6947=CARTESIAN_POINT('',(-1.49999999999999,-32.7000000000004,-3.45));
#6948=CARTESIAN_POINT('Origin',(-3.37499999999999,-34.5750000000005,-2.9));
#6949=CARTESIAN_POINT('',(-2.99999999999979,-36.4500000000004,-2.9));
#6950=CARTESIAN_POINT('',(-12.1710300404831,-36.4500000000016,-2.9));
#6951=CARTESIAN_POINT('',(-1.49999999999999,-34.9500000000004,-2.9));
#6952=CARTESIAN_POINT('Origin',(-2.99999999999998,-34.9500000000004,-2.9));
#6953=CARTESIAN_POINT('',(-1.49999999999999,-34.7625000000004,-2.9));
#6954=CARTESIAN_POINT('Origin',(85.2000000000001,47.9,-6.9));
#6955=CARTESIAN_POINT('',(86.7000000000001,47.9,-2.9));
#6956=CARTESIAN_POINT('',(86.7000000000001,47.9,-3.45));
#6957=CARTESIAN_POINT('',(85.2000000000001,47.9,-2.9));
#6958=CARTESIAN_POINT('',(86.7000000000001,47.9,-2.9));
#6959=CARTESIAN_POINT('',(85.2000000000001,47.9,-6.9));
#6960=CARTESIAN_POINT('Origin',(85.2000000000001,50.15,-6.9));
#6961=CARTESIAN_POINT('',(82.9500000000001,50.15,-2.9));
#6962=CARTESIAN_POINT('Origin',(85.2000000000001,50.15,-2.9));
#6963=CARTESIAN_POINT('',(82.9500000000001,50.15,-6.9));
#6964=CARTESIAN_POINT('Origin',(82.9500000000001,51.65,-6.9));
#6965=CARTESIAN_POINT('',(82.9500000000001,51.65,-2.9));
#6966=CARTESIAN_POINT('',(82.9500000000001,51.65,-2.9));
#6967=CARTESIAN_POINT('',(82.95,51.65,-3.45));
#6968=CARTESIAN_POINT('Origin',(84.8250000000001,49.775,-2.9));
#6969=CARTESIAN_POINT('',(86.7,50.15,-2.9));
#6970=CARTESIAN_POINT('',(86.7000000000001,12.3875,-2.9));
#6971=CARTESIAN_POINT('',(85.2000000000001,51.65,-2.9));
#6972=CARTESIAN_POINT('Origin',(85.2000000000001,50.15,-2.9));
#6973=CARTESIAN_POINT('',(85.0125000000001,51.65,-2.9));
#6974=CARTESIAN_POINT('Origin',(-25.8,62.15,-6.9));
#6975=CARTESIAN_POINT('',(-25.8,63.65,-2.9));
#6976=CARTESIAN_POINT('',(-25.8,63.65,-3.45));
#6977=CARTESIAN_POINT('',(-25.8,62.15,-2.9));
#6978=CARTESIAN_POINT('',(-25.8,63.65,-2.9));
#6979=CARTESIAN_POINT('',(-25.8,62.15,-6.9));
#6980=CARTESIAN_POINT('Origin',(-28.05,62.15,-6.9));
#6981=CARTESIAN_POINT('',(-28.05,59.9,-2.9));
#6982=CARTESIAN_POINT('Origin',(-28.05,62.15,-2.9));
#6983=CARTESIAN_POINT('',(-28.05,59.9,-6.9));
#6984=CARTESIAN_POINT('Origin',(-29.55,59.9,-6.9));
#6985=CARTESIAN_POINT('',(-29.55,59.9,-2.9));
#6986=CARTESIAN_POINT('',(-29.55,59.9,-2.9));
#6987=CARTESIAN_POINT('',(-29.55,59.9,-3.45));
#6988=CARTESIAN_POINT('Origin',(-27.675,61.775,-2.9));
#6989=CARTESIAN_POINT('',(-29.55,62.15,-2.9));
#6990=CARTESIAN_POINT('',(-28.05,63.65,-2.9));
#6991=CARTESIAN_POINT('Origin',(-28.05,62.15,-2.9));
#6992=CARTESIAN_POINT('',(-29.55,61.9625,-2.9));
#6993=CARTESIAN_POINT('',(-21.3375,63.65,-2.9));
#6994=CARTESIAN_POINT('Origin',(50.4,-20.5,-6.9));
#6995=CARTESIAN_POINT('',(50.4,-19.,-2.9));
#6996=CARTESIAN_POINT('',(50.4,-19.,-6.9));
#6997=CARTESIAN_POINT('',(50.4,-20.5,-2.9));
#6998=CARTESIAN_POINT('',(50.4,-20.5,-2.9));
#6999=CARTESIAN_POINT('',(50.4,-20.5,-3.45));
#7000=CARTESIAN_POINT('Origin',(48.15,-16.75,-6.9));
#7001=CARTESIAN_POINT('',(46.6455533585978,-16.75,-2.9));
#7002=CARTESIAN_POINT('',(46.6455533585978,-16.75,0.));
#7003=CARTESIAN_POINT('',(48.15,-16.75,-2.9));
#7004=CARTESIAN_POINT('',(46.65,-16.75,-2.9));
#7005=CARTESIAN_POINT('',(48.15,-16.75,-6.9));
#7006=CARTESIAN_POINT('Origin',(48.15,-19.,-6.9));
#7007=CARTESIAN_POINT('Origin',(48.15,-19.,-2.9));
#7008=CARTESIAN_POINT('Origin',(48.5227766792989,-18.625,-2.9));
#7009=CARTESIAN_POINT('',(46.65,-16.95,-2.9));
#7010=CARTESIAN_POINT('Origin',(42.15,-16.95,-2.9));
#7011=CARTESIAN_POINT('',(46.65,-19.,-2.9));
#7012=CARTESIAN_POINT('',(46.65,-17.7875,-2.9));
#7013=CARTESIAN_POINT('',(48.15,-20.5,-2.9));
#7014=CARTESIAN_POINT('Origin',(48.15,-19.,-2.9));
#7015=CARTESIAN_POINT('',(48.3363883396494,-20.5,-2.9));
#7016=CARTESIAN_POINT('Origin',(47.1,66.9,-6.9));
#7017=CARTESIAN_POINT('',(48.6,66.9000000000001,-2.9));
#7018=CARTESIAN_POINT('',(48.6,66.9000000000001,-3.45));
#7019=CARTESIAN_POINT('',(47.1,66.9,-2.9));
#7020=CARTESIAN_POINT('',(48.6,66.9000000000001,-2.9));
#7021=CARTESIAN_POINT('',(47.1,66.9,-6.9));
#7022=CARTESIAN_POINT('Origin',(47.1,69.15,-6.9));
#7023=CARTESIAN_POINT('',(44.85,69.15,-2.9));
#7024=CARTESIAN_POINT('Origin',(47.1,69.15,-2.9));
#7025=CARTESIAN_POINT('',(44.85,69.15,-6.9));
#7026=CARTESIAN_POINT('Origin',(44.85,70.65,-6.9));
#7027=CARTESIAN_POINT('',(44.85,70.65,-2.9));
#7028=CARTESIAN_POINT('',(44.85,70.65,-2.9));
#7029=CARTESIAN_POINT('',(44.85,70.65,-3.45));
#7030=CARTESIAN_POINT('Origin',(46.725,68.775,-2.9));
#7031=CARTESIAN_POINT('',(48.6,69.15,-2.9));
#7032=CARTESIAN_POINT('',(48.6,65.4625,-2.9));
#7033=CARTESIAN_POINT('',(47.1,70.65,-2.9));
#7034=CARTESIAN_POINT('Origin',(47.1,69.15,-2.9));
#7035=CARTESIAN_POINT('',(46.9125,70.65,-2.9));
#7036=CARTESIAN_POINT('Origin',(-34.48,18.3010133325982,-4.78));
#7037=CARTESIAN_POINT('',(-34.48,18.3010133325982,-4.78));
#7038=CARTESIAN_POINT('',(-34.48,18.3010133325982,-4.18));
#7039=CARTESIAN_POINT('',(-34.48,18.3010133325982,-2.39));
#7040=CARTESIAN_POINT('',(-34.48,15.7010133325982,-4.78));
#7041=CARTESIAN_POINT('',(-34.48,18.3010133325982,-4.78));
#7042=CARTESIAN_POINT('',(-34.48,15.7010133325982,-4.18));
#7043=CARTESIAN_POINT('',(-34.48,15.7010133325982,-2.39));
#7044=CARTESIAN_POINT('',(-34.48,18.3010133325982,-4.18));
#7045=CARTESIAN_POINT('Origin',(-35.86,18.3010133325982,-4.78));
#7046=CARTESIAN_POINT('',(-35.86,18.3010133325982,-6.16));
#7047=CARTESIAN_POINT('Origin',(-35.86,18.3010133325982,-4.78));
#7048=CARTESIAN_POINT('',(-35.86,15.7010133325982,-6.16));
#7049=CARTESIAN_POINT('',(-35.86,18.3010133325982,-6.16));
#7050=CARTESIAN_POINT('Origin',(-35.86,15.7010133325982,-4.78));
#7051=CARTESIAN_POINT('Origin',(-42.24,18.3010133325982,-6.16));
#7052=CARTESIAN_POINT('',(-42.24,18.3010133325982,-6.16));
#7053=CARTESIAN_POINT('',(-38.145,18.3010133325982,-6.16));
#7054=CARTESIAN_POINT('',(-42.24,15.7010133325982,-6.16));
#7055=CARTESIAN_POINT('',(-42.24,18.3010133325982,-6.16));
#7056=CARTESIAN_POINT('',(-38.145,15.7010133325982,-6.16));
#7057=CARTESIAN_POINT('Origin',(-42.24,18.3010133325982,-4.77999999999999));
#7058=CARTESIAN_POINT('',(-43.62,18.3010133325982,-4.78));
#7059=CARTESIAN_POINT('Origin',(-42.24,18.3010133325982,-4.77999999999999));
#7060=CARTESIAN_POINT('',(-43.62,15.7010133325982,-4.78));
#7061=CARTESIAN_POINT('',(-43.62,18.3010133325982,-4.78));
#7062=CARTESIAN_POINT('Origin',(-42.24,15.7010133325982,-4.77999999999999));
#7063=CARTESIAN_POINT('Origin',(-43.62,18.3010133325982,-4.18));
#7064=CARTESIAN_POINT('',(-43.62,18.3010133325982,-4.18));
#7065=CARTESIAN_POINT('',(-43.62,18.3010133325982,-2.08999999999993));
#7066=CARTESIAN_POINT('',(-43.62,15.7010133325982,-4.18));
#7067=CARTESIAN_POINT('',(-43.62,18.3010133325982,-4.18));
#7068=CARTESIAN_POINT('',(-43.62,15.7010133325982,-2.08999999999993));
#7069=CARTESIAN_POINT('Origin',(-42.24,18.3010133325982,-4.18000000000001));
#7070=CARTESIAN_POINT('',(-42.24,18.3010133325982,-2.80000000000001));
#7071=CARTESIAN_POINT('Origin',(-42.24,18.3010133325982,-4.18000000000001));
#7072=CARTESIAN_POINT('',(-42.24,15.7010133325982,-2.80000000000001));
#7073=CARTESIAN_POINT('',(-42.24,18.3010133325982,-2.80000000000001));
#7074=CARTESIAN_POINT('Origin',(-42.24,15.7010133325982,-4.18000000000001));
#7075=CARTESIAN_POINT('Origin',(-35.86,18.3010133325982,-2.8));
#7076=CARTESIAN_POINT('',(-35.86,18.3010133325982,-2.8));
#7077=CARTESIAN_POINT('',(-34.955,18.3010133325982,-2.8));
#7078=CARTESIAN_POINT('',(-35.86,15.7010133325982,-2.8));
#7079=CARTESIAN_POINT('',(-35.86,18.3010133325982,-2.8));
#7080=CARTESIAN_POINT('',(-34.955,15.7010133325982,-2.8));
#7081=CARTESIAN_POINT('Origin',(-35.86,18.3010133325982,-4.17999999999999));
#7082=CARTESIAN_POINT('Origin',(-35.86,18.3010133325982,-4.17999999999999));
#7083=CARTESIAN_POINT('Origin',(-35.86,15.7010133325982,-4.17999999999999));
#7084=CARTESIAN_POINT('Origin',(18.575,18.3423842755283,0.));
#7085=CARTESIAN_POINT('',(-21.814938024662,-38.17671620771,0.));
#7086=CARTESIAN_POINT('',(-20.9670600809662,-38.0500000000027,0.));
#7087=CARTESIAN_POINT('Origin',(-20.9670600809658,-40.9500000000027,0.));
#7088=CARTESIAN_POINT('',(-2.99999999999958,-38.0500000000004,0.));
#7089=CARTESIAN_POINT('',(-2.99999999999958,-38.0500000000004,0.));
#7090=CARTESIAN_POINT('',(0.100000000000015,-34.9500000000004,0.));
#7091=CARTESIAN_POINT('Origin',(-2.99999999999998,-34.9500000000004,0.));
#7092=CARTESIAN_POINT('',(0.100000000000008,-16.95,0.));
#7093=CARTESIAN_POINT('',(0.100000000000008,-16.95,0.));
#7094=CARTESIAN_POINT('',(3.00000000000001,-14.05,0.));
#7095=CARTESIAN_POINT('Origin',(3.00000000000001,-16.95,0.));
#7096=CARTESIAN_POINT('',(42.15,-14.05,0.));
#7097=CARTESIAN_POINT('',(42.15,-14.05,0.));
#7098=CARTESIAN_POINT('',(45.05,-16.95,0.));
#7099=CARTESIAN_POINT('Origin',(42.15,-16.95,0.));
#7100=CARTESIAN_POINT('',(45.05,-19.,0.));
#7101=CARTESIAN_POINT('',(45.05,-19.,0.));
#7102=CARTESIAN_POINT('',(48.15,-22.1,0.));
#7103=CARTESIAN_POINT('Origin',(48.15,-19.,0.));
#7104=CARTESIAN_POINT('',(61.2,-22.1,0.));
#7105=CARTESIAN_POINT('',(61.2,-22.1,0.));
#7106=CARTESIAN_POINT('',(64.1,-25.,0.));
#7107=CARTESIAN_POINT('Origin',(61.2,-25.,0.));
#7108=CARTESIAN_POINT('',(67.2,-28.1,0.));
#7109=CARTESIAN_POINT('Origin',(67.2,-25.,0.));
#7110=CARTESIAN_POINT('',(85.2000000000001,-28.1,0.));
#7111=CARTESIAN_POINT('',(85.2000000000001,-28.1,0.));
#7112=CARTESIAN_POINT('',(88.3000000000001,-25.,0.));
#7113=CARTESIAN_POINT('Origin',(85.2000000000001,-25.,0.));
#7114=CARTESIAN_POINT('',(88.3000000000001,50.15,0.));
#7115=CARTESIAN_POINT('',(88.3000000000001,50.15,0.));
#7116=CARTESIAN_POINT('',(85.2000000000001,53.25,0.));
#7117=CARTESIAN_POINT('Origin',(85.2000000000001,50.15,0.));
#7118=CARTESIAN_POINT('',(72.1499999999999,53.25,0.));
#7119=CARTESIAN_POINT('',(72.1499999999999,53.25,0.));
#7120=CARTESIAN_POINT('',(69.2499999999999,56.15,0.));
#7121=CARTESIAN_POINT('Origin',(72.1499999999999,56.15,0.));
#7122=CARTESIAN_POINT('',(66.1499999999999,59.25,0.));
#7123=CARTESIAN_POINT('Origin',(66.1499999999999,56.15,0.));
#7124=CARTESIAN_POINT('',(53.1,59.25,0.));
#7125=CARTESIAN_POINT('',(53.1,59.25,0.));
#7126=CARTESIAN_POINT('',(50.2,62.15,0.));
#7127=CARTESIAN_POINT('Origin',(53.1,62.15,0.));
#7128=CARTESIAN_POINT('',(50.2,69.15,0.));
#7129=CARTESIAN_POINT('',(50.2,69.15,0.));
#7130=CARTESIAN_POINT('',(47.1,72.25,0.));
#7131=CARTESIAN_POINT('Origin',(47.1,69.15,0.));
#7132=CARTESIAN_POINT('',(34.05,72.25,0.));
#7133=CARTESIAN_POINT('',(34.05,72.25,0.));
#7134=CARTESIAN_POINT('',(31.15,75.15,0.));
#7135=CARTESIAN_POINT('Origin',(34.05,75.15,0.));
#7136=CARTESIAN_POINT('',(31.15,77.15,0.));
#7137=CARTESIAN_POINT('',(31.15,77.15,0.));
#7138=CARTESIAN_POINT('',(28.05,80.25,0.));
#7139=CARTESIAN_POINT('Origin',(28.05,77.15,0.));
#7140=CARTESIAN_POINT('',(10.05,80.25,0.));
#7141=CARTESIAN_POINT('',(10.05,80.25,0.));
#7142=CARTESIAN_POINT('',(6.95,77.15,0.));
#7143=CARTESIAN_POINT('Origin',(10.05,77.15,0.));
#7144=CARTESIAN_POINT('',(6.95,72.15,0.));
#7145=CARTESIAN_POINT('',(6.95,72.15,0.));
#7146=CARTESIAN_POINT('',(4.05,69.25,0.));
#7147=CARTESIAN_POINT('Origin',(4.05,72.15,0.));
#7148=CARTESIAN_POINT('',(-9.34314575050761,69.25,0.));
#7149=CARTESIAN_POINT('',(-9.34314575050761,69.25,0.));
#7150=CARTESIAN_POINT('',(-12.265853779412,67.1833333333333,0.));
#7151=CARTESIAN_POINT('Origin',(-9.34314575050761,66.15,0.));
#7152=CARTESIAN_POINT('',(-15.,65.25,0.));
#7153=CARTESIAN_POINT('Origin',(-15.,68.15,0.));
#7154=CARTESIAN_POINT('',(-28.05,65.25,0.));
#7155=CARTESIAN_POINT('',(-28.05,65.25,0.));
#7156=CARTESIAN_POINT('',(-31.15,62.15,0.));
#7157=CARTESIAN_POINT('Origin',(-28.05,62.15,0.));
#7158=CARTESIAN_POINT('',(-31.15,20.2010133325982,0.));
#7159=CARTESIAN_POINT('',(-31.15,20.2010133325982,0.));
#7160=CARTESIAN_POINT('',(-34.05,17.3010133325982,0.));
#7161=CARTESIAN_POINT('Origin',(-34.05,20.2010133325982,0.));
#7162=CARTESIAN_POINT('',(-48.05,17.3010133325982,0.));
#7163=CARTESIAN_POINT('',(-48.05,17.3010133325982,0.));
#7164=CARTESIAN_POINT('',(-51.15,14.2010133325982,0.));
#7165=CARTESIAN_POINT('Origin',(-48.05,14.2010133325982,0.));
#7166=CARTESIAN_POINT('',(-51.15,-13.8184956821418,0.));
#7167=CARTESIAN_POINT('',(-51.15,-13.8184956821418,0.));
#7168=CARTESIAN_POINT('',(-51.0145447434855,-14.7248479667821,0.));
#7169=CARTESIAN_POINT('Origin',(-48.05,-13.8184956821418,0.));
#7170=CARTESIAN_POINT('',(-42.8678200588543,-41.3715837335836,0.));
#7171=CARTESIAN_POINT('',(-42.8678200588543,-41.3715837335836,0.));
#7172=CARTESIAN_POINT('',(-38.9969230307281,-43.4297761924287,0.));
#7173=CARTESIAN_POINT('Origin',(-39.9032753153688,-40.4652314489434,0.));
#7174=CARTESIAN_POINT('',(-21.814938024662,-38.17671620771,0.));
#7175=CARTESIAN_POINT('',(-39.4647177582846,-41.8996885828879,0.));
#7176=CARTESIAN_POINT('',(-22.2827327522185,-36.6466285981692,0.));
#7177=CARTESIAN_POINT('',(-22.2827327522185,-36.6466285981692,0.));
#7178=CARTESIAN_POINT('',(-41.3377324493134,-40.9037890060274,0.));
#7179=CARTESIAN_POINT('Origin',(-39.9032753153688,-40.4652314489434,0.));
#7180=CARTESIAN_POINT('',(-49.4844571339446,-14.2570532392258,0.));
#7181=CARTESIAN_POINT('',(-41.3377324493134,-40.9037890060274,0.));
#7182=CARTESIAN_POINT('',(-49.55,-13.8184956821418,0.));
#7183=CARTESIAN_POINT('Origin',(-48.05,-13.8184956821418,0.));
#7184=CARTESIAN_POINT('',(-49.55,14.2010133325982,0.));
#7185=CARTESIAN_POINT('',(-49.55,-13.8184956821418,0.));
#7186=CARTESIAN_POINT('',(-48.05,15.7010133325982,0.));
#7187=CARTESIAN_POINT('Origin',(-48.05,14.2010133325982,0.));
#7188=CARTESIAN_POINT('',(-34.05,15.7010133325982,0.));
#7189=CARTESIAN_POINT('',(-48.05,15.7010133325982,0.));
#7190=CARTESIAN_POINT('',(-29.55,20.2010133325982,0.));
#7191=CARTESIAN_POINT('Origin',(-34.05,20.2010133325982,0.));
#7192=CARTESIAN_POINT('',(-29.55,62.15,0.));
#7193=CARTESIAN_POINT('',(-29.55,20.2010133325982,0.));
#7194=CARTESIAN_POINT('',(-28.05,63.65,0.));
#7195=CARTESIAN_POINT('Origin',(-28.05,62.15,0.));
#7196=CARTESIAN_POINT('',(-15.,63.65,0.));
#7197=CARTESIAN_POINT('',(-28.05,63.65,0.));
#7198=CARTESIAN_POINT('',(-10.7573593128807,66.65,0.));
#7199=CARTESIAN_POINT('Origin',(-15.,68.15,0.));
#7200=CARTESIAN_POINT('',(-9.34314575050761,67.65,0.));
#7201=CARTESIAN_POINT('Origin',(-9.34314575050761,66.15,0.));
#7202=CARTESIAN_POINT('',(4.05,67.65,0.));
#7203=CARTESIAN_POINT('',(-9.34314575050761,67.65,0.));
#7204=CARTESIAN_POINT('',(8.55,72.15,0.));
#7205=CARTESIAN_POINT('Origin',(4.05,72.15,0.));
#7206=CARTESIAN_POINT('',(8.55,77.15,0.));
#7207=CARTESIAN_POINT('',(8.55,72.15,0.));
#7208=CARTESIAN_POINT('',(10.05,78.65,0.));
#7209=CARTESIAN_POINT('Origin',(10.05,77.15,0.));
#7210=CARTESIAN_POINT('',(28.05,78.65,0.));
#7211=CARTESIAN_POINT('',(10.05,78.65,0.));
#7212=CARTESIAN_POINT('',(29.55,77.15,0.));
#7213=CARTESIAN_POINT('Origin',(28.05,77.15,0.));
#7214=CARTESIAN_POINT('',(29.55,75.15,0.));
#7215=CARTESIAN_POINT('',(29.55,77.15,0.));
#7216=CARTESIAN_POINT('',(34.05,70.65,0.));
#7217=CARTESIAN_POINT('Origin',(34.05,75.15,0.));
#7218=CARTESIAN_POINT('',(47.1,70.65,0.));
#7219=CARTESIAN_POINT('',(34.05,70.65,0.));
#7220=CARTESIAN_POINT('',(48.6,69.15,0.));
#7221=CARTESIAN_POINT('Origin',(47.1,69.15,0.));
#7222=CARTESIAN_POINT('',(48.6,62.15,0.));
#7223=CARTESIAN_POINT('',(48.6,69.15,0.));
#7224=CARTESIAN_POINT('',(53.1,57.65,0.));
#7225=CARTESIAN_POINT('Origin',(53.1,62.15,0.));
#7226=CARTESIAN_POINT('',(66.1499999999999,57.65,0.));
#7227=CARTESIAN_POINT('',(53.1,57.65,0.));
#7228=CARTESIAN_POINT('',(67.6499999999999,56.15,0.));
#7229=CARTESIAN_POINT('Origin',(66.1499999999999,56.15,0.));
#7230=CARTESIAN_POINT('',(72.1499999999999,51.65,0.));
#7231=CARTESIAN_POINT('Origin',(72.1499999999999,56.15,0.));
#7232=CARTESIAN_POINT('',(85.2000000000001,51.65,0.));
#7233=CARTESIAN_POINT('',(72.1499999999999,51.65,0.));
#7234=CARTESIAN_POINT('',(86.7000000000001,50.15,0.));
#7235=CARTESIAN_POINT('Origin',(85.2000000000001,50.15,0.));
#7236=CARTESIAN_POINT('',(86.7000000000001,-25.,0.));
#7237=CARTESIAN_POINT('',(86.7000000000001,50.15,0.));
#7238=CARTESIAN_POINT('',(85.2,-26.5,0.));
#7239=CARTESIAN_POINT('Origin',(85.2000000000001,-25.,0.));
#7240=CARTESIAN_POINT('',(67.2,-26.5,0.));
#7241=CARTESIAN_POINT('',(85.2,-26.5,0.));
#7242=CARTESIAN_POINT('',(65.7,-25.,0.));
#7243=CARTESIAN_POINT('Origin',(67.2,-25.,0.));
#7244=CARTESIAN_POINT('',(61.2,-20.5,0.));
#7245=CARTESIAN_POINT('Origin',(61.2,-25.,0.));
#7246=CARTESIAN_POINT('',(48.15,-20.5,0.));
#7247=CARTESIAN_POINT('',(61.2,-20.5,0.));
#7248=CARTESIAN_POINT('',(46.65,-19.,0.));
#7249=CARTESIAN_POINT('Origin',(48.15,-19.,0.));
#7250=CARTESIAN_POINT('',(46.65,-16.95,0.));
#7251=CARTESIAN_POINT('',(46.65,-19.,0.));
#7252=CARTESIAN_POINT('',(42.15,-12.45,0.));
#7253=CARTESIAN_POINT('Origin',(42.15,-16.95,0.));
#7254=CARTESIAN_POINT('',(3.00000000000001,-12.45,0.));
#7255=CARTESIAN_POINT('',(42.15,-12.45,0.));
#7256=CARTESIAN_POINT('',(-1.49999999999999,-16.95,0.));
#7257=CARTESIAN_POINT('Origin',(3.00000000000001,-16.95,0.));
#7258=CARTESIAN_POINT('',(-1.49999999999999,-34.9500000000004,0.));
#7259=CARTESIAN_POINT('',(-1.49999999999999,-16.95,0.));
#7260=CARTESIAN_POINT('',(-2.99999999999979,-36.4500000000004,0.));
#7261=CARTESIAN_POINT('Origin',(-2.99999999999998,-34.9500000000004,0.));
#7262=CARTESIAN_POINT('',(-20.9670600809664,-36.4500000000027,0.));
#7263=CARTESIAN_POINT('',(-2.99999999999979,-36.4500000000004,0.));
#7264=CARTESIAN_POINT('Origin',(-20.9670600809658,-40.9500000000027,0.));
#7265=CARTESIAN_POINT('Origin',(-39.9032753153688,-40.4652314489434,0.));
#7266=CARTESIAN_POINT('',(-41.3377324493134,-40.9037890060274,0.));
#7267=CARTESIAN_POINT('',(-39.4647177582846,-41.8996885828879,0.));
#7268=CARTESIAN_POINT('Origin',(-49.4844571339446,-14.2570532392258,0.));
#7269=CARTESIAN_POINT('',(-49.4844571339446,-14.2570532392258,0.));
#7270=CARTESIAN_POINT('Origin',(-48.05,-13.8184956821418,0.));
#7271=CARTESIAN_POINT('',(-49.55,-13.8184956821418,0.));
#7272=CARTESIAN_POINT('Origin',(-49.55,14.2010133325982,0.));
#7273=CARTESIAN_POINT('',(-49.55,14.2010133325982,0.));
#7274=CARTESIAN_POINT('Origin',(-48.05,14.2010133325982,0.));
#7275=CARTESIAN_POINT('',(-48.05,15.7010133325982,0.));
#7276=CARTESIAN_POINT('Origin',(-34.05,15.7010133325982,0.));
#7277=CARTESIAN_POINT('',(-34.05,15.7010133325982,0.));
#7278=CARTESIAN_POINT('Origin',(-34.05,20.2010133325982,0.));
#7279=CARTESIAN_POINT('',(-29.55,20.2010133325982,0.));
#7280=CARTESIAN_POINT('Origin',(-29.55,62.15,0.));
#7281=CARTESIAN_POINT('',(-29.55,62.15,0.));
#7282=CARTESIAN_POINT('Origin',(-28.05,62.15,0.));
#7283=CARTESIAN_POINT('',(-28.05,63.65,0.));
#7284=CARTESIAN_POINT('Origin',(-15.,63.65,0.));
#7285=CARTESIAN_POINT('',(-15.,63.65,0.));
#7286=CARTESIAN_POINT('Origin',(-15.,68.15,0.));
#7287=CARTESIAN_POINT('',(-10.7573593128807,66.65,0.));
#7288=CARTESIAN_POINT('Origin',(-9.34314575050761,66.15,0.));
#7289=CARTESIAN_POINT('',(-9.34314575050761,67.65,0.));
#7290=CARTESIAN_POINT('Origin',(4.05,67.65,0.));
#7291=CARTESIAN_POINT('',(4.05,67.65,0.));
#7292=CARTESIAN_POINT('Origin',(4.05,72.15,0.));
#7293=CARTESIAN_POINT('',(8.55,72.15,0.));
#7294=CARTESIAN_POINT('Origin',(8.55,77.15,0.));
#7295=CARTESIAN_POINT('',(8.55,77.15,0.));
#7296=CARTESIAN_POINT('Origin',(10.05,77.15,0.));
#7297=CARTESIAN_POINT('',(10.05,78.65,0.));
#7298=CARTESIAN_POINT('Origin',(28.05,78.65,0.));
#7299=CARTESIAN_POINT('',(28.05,78.65,0.));
#7300=CARTESIAN_POINT('Origin',(28.05,77.15,0.));
#7301=CARTESIAN_POINT('',(29.55,77.15,0.));
#7302=CARTESIAN_POINT('Origin',(29.55,75.15,0.));
#7303=CARTESIAN_POINT('',(29.55,75.15,0.));
#7304=CARTESIAN_POINT('Origin',(34.05,75.15,0.));
#7305=CARTESIAN_POINT('',(34.05,70.65,0.));
#7306=CARTESIAN_POINT('Origin',(47.1,70.65,0.));
#7307=CARTESIAN_POINT('',(47.1,70.65,0.));
#7308=CARTESIAN_POINT('Origin',(47.1,69.15,0.));
#7309=CARTESIAN_POINT('',(48.6,69.15,0.));
#7310=CARTESIAN_POINT('Origin',(48.6,62.15,0.));
#7311=CARTESIAN_POINT('',(48.6,62.15,0.));
#7312=CARTESIAN_POINT('Origin',(53.1,62.15,0.));
#7313=CARTESIAN_POINT('',(53.1,57.65,0.));
#7314=CARTESIAN_POINT('Origin',(66.1499999999999,57.65,0.));
#7315=CARTESIAN_POINT('',(66.1499999999999,57.65,0.));
#7316=CARTESIAN_POINT('Origin',(66.1499999999999,56.15,0.));
#7317=CARTESIAN_POINT('',(67.6499999999999,56.15,0.));
#7318=CARTESIAN_POINT('Origin',(72.1499999999999,56.15,0.));
#7319=CARTESIAN_POINT('',(72.1499999999999,51.65,0.));
#7320=CARTESIAN_POINT('Origin',(85.2000000000001,51.65,0.));
#7321=CARTESIAN_POINT('',(85.2000000000001,51.65,0.));
#7322=CARTESIAN_POINT('Origin',(85.2000000000001,50.15,0.));
#7323=CARTESIAN_POINT('',(86.7000000000001,50.15,0.));
#7324=CARTESIAN_POINT('Origin',(86.7000000000001,-25.,0.));
#7325=CARTESIAN_POINT('',(86.7000000000001,-25.,0.));
#7326=CARTESIAN_POINT('Origin',(85.2000000000001,-25.,0.));
#7327=CARTESIAN_POINT('',(85.2,-26.5,0.));
#7328=CARTESIAN_POINT('Origin',(67.2,-26.5,0.));
#7329=CARTESIAN_POINT('',(67.2,-26.5,0.));
#7330=CARTESIAN_POINT('Origin',(67.2,-25.,0.));
#7331=CARTESIAN_POINT('',(65.7,-25.,0.));
#7332=CARTESIAN_POINT('Origin',(61.2,-25.,0.));
#7333=CARTESIAN_POINT('',(61.2,-20.5,0.));
#7334=CARTESIAN_POINT('Origin',(48.15,-20.5,0.));
#7335=CARTESIAN_POINT('',(48.15,-20.5,0.));
#7336=CARTESIAN_POINT('Origin',(48.15,-19.,0.));
#7337=CARTESIAN_POINT('',(46.65,-19.,0.));
#7338=CARTESIAN_POINT('Origin',(46.65,-16.95,0.));
#7339=CARTESIAN_POINT('',(46.65,-16.95,0.));
#7340=CARTESIAN_POINT('Origin',(42.15,-16.95,0.));
#7341=CARTESIAN_POINT('',(42.15,-12.45,0.));
#7342=CARTESIAN_POINT('Origin',(3.00000000000001,-12.45,0.));
#7343=CARTESIAN_POINT('',(3.00000000000001,-12.45,0.));
#7344=CARTESIAN_POINT('Origin',(3.00000000000001,-16.95,0.));
#7345=CARTESIAN_POINT('',(-1.49999999999999,-16.95,0.));
#7346=CARTESIAN_POINT('Origin',(-1.49999999999999,-34.9500000000004,0.));
#7347=CARTESIAN_POINT('',(-1.49999999999999,-34.9500000000004,0.));
#7348=CARTESIAN_POINT('Origin',(-2.99999999999998,-34.9500000000004,0.));
#7349=CARTESIAN_POINT('',(-2.99999999999979,-36.4500000000004,0.));
#7350=CARTESIAN_POINT('Origin',(-20.9670600809664,-36.4500000000027,0.));
#7351=CARTESIAN_POINT('',(-20.9670600809664,-36.4500000000027,0.));
#7352=CARTESIAN_POINT('Origin',(-20.9670600809658,-40.9500000000027,0.));
#7353=CARTESIAN_POINT('',(-22.2827327522185,-36.6466285981692,0.));
#7354=CARTESIAN_POINT('Origin',(-39.4647177582846,-41.8996885828879,0.));
#7355=CARTESIAN_POINT('Origin',(-20.9670600809658,-40.9500000000027,0.));
#7356=CARTESIAN_POINT('',(-21.814938024662,-38.17671620771,1.2));
#7357=CARTESIAN_POINT('',(-21.814938024662,-38.17671620771,0.));
#7358=CARTESIAN_POINT('',(-20.9670600809662,-38.0500000000027,1.2));
#7359=CARTESIAN_POINT('Origin',(-20.9670600809658,-40.9500000000027,1.2));
#7360=CARTESIAN_POINT('',(-20.9670600809662,-38.0500000000027,0.));
#7361=CARTESIAN_POINT('Origin',(-2.99999999999958,-38.0500000000004,0.));
#7362=CARTESIAN_POINT('',(-2.99999999999959,-38.0500000000004,1.2));
#7363=CARTESIAN_POINT('',(-2.99999999999958,-38.0500000000004,1.2));
#7364=CARTESIAN_POINT('',(-2.99999999999958,-38.0500000000004,0.));
#7365=CARTESIAN_POINT('Origin',(-2.99999999999998,-34.9500000000004,0.));
#7366=CARTESIAN_POINT('',(0.100000000000016,-34.9500000000004,1.2));
#7367=CARTESIAN_POINT('Origin',(-2.99999999999998,-34.9500000000004,1.2));
#7368=CARTESIAN_POINT('',(0.100000000000015,-34.9500000000004,0.));
#7369=CARTESIAN_POINT('Origin',(0.100000000000008,-16.95,0.));
#7370=CARTESIAN_POINT('',(0.100000000000007,-16.95,1.2));
#7371=CARTESIAN_POINT('',(0.100000000000008,-16.95,1.2));
#7372=CARTESIAN_POINT('',(0.100000000000008,-16.95,0.));
#7373=CARTESIAN_POINT('Origin',(3.00000000000001,-16.95,0.));
#7374=CARTESIAN_POINT('',(3.00000000000001,-14.05,1.2));
#7375=CARTESIAN_POINT('Origin',(3.00000000000001,-16.95,1.2));
#7376=CARTESIAN_POINT('',(3.00000000000001,-14.05,0.));
#7377=CARTESIAN_POINT('Origin',(42.15,-14.05,0.));
#7378=CARTESIAN_POINT('',(42.15,-14.05,1.2));
#7379=CARTESIAN_POINT('',(42.15,-14.05,1.2));
#7380=CARTESIAN_POINT('',(42.15,-14.05,0.));
#7381=CARTESIAN_POINT('Origin',(42.15,-16.95,0.));
#7382=CARTESIAN_POINT('',(45.05,-16.95,1.2));
#7383=CARTESIAN_POINT('Origin',(42.15,-16.95,1.2));
#7384=CARTESIAN_POINT('',(45.05,-16.95,0.));
#7385=CARTESIAN_POINT('Origin',(45.05,-19.,0.));
#7386=CARTESIAN_POINT('',(45.05,-19.,1.2));
#7387=CARTESIAN_POINT('',(45.05,-19.,1.2));
#7388=CARTESIAN_POINT('',(45.05,-19.,0.));
#7389=CARTESIAN_POINT('Origin',(48.15,-19.,0.));
#7390=CARTESIAN_POINT('',(48.15,-22.1,1.2));
#7391=CARTESIAN_POINT('Origin',(48.15,-19.,1.2));
#7392=CARTESIAN_POINT('',(48.15,-22.1,0.));
#7393=CARTESIAN_POINT('Origin',(61.2,-22.1,0.));
#7394=CARTESIAN_POINT('',(61.2,-22.1,1.2));
#7395=CARTESIAN_POINT('',(61.2,-22.1,1.2));
#7396=CARTESIAN_POINT('',(61.2,-22.1,0.));
#7397=CARTESIAN_POINT('Origin',(61.2,-25.,0.));
#7398=CARTESIAN_POINT('',(64.1,-25.,1.2));
#7399=CARTESIAN_POINT('Origin',(61.2,-25.,1.2));
#7400=CARTESIAN_POINT('',(64.1,-25.,0.));
#7401=CARTESIAN_POINT('Origin',(67.2,-25.,0.));
#7402=CARTESIAN_POINT('',(67.2,-28.1,1.2));
#7403=CARTESIAN_POINT('Origin',(67.2,-25.,1.2));
#7404=CARTESIAN_POINT('',(67.2,-28.1,0.));
#7405=CARTESIAN_POINT('Origin',(85.2000000000001,-28.1,0.));
#7406=CARTESIAN_POINT('',(85.2000000000001,-28.1,1.2));
#7407=CARTESIAN_POINT('',(85.2000000000001,-28.1,1.2));
#7408=CARTESIAN_POINT('',(85.2000000000001,-28.1,0.));
#7409=CARTESIAN_POINT('Origin',(85.2000000000001,-25.,0.));
#7410=CARTESIAN_POINT('',(88.3000000000001,-25.,1.2));
#7411=CARTESIAN_POINT('Origin',(85.2000000000001,-25.,1.2));
#7412=CARTESIAN_POINT('',(88.3000000000001,-25.,0.));
#7413=CARTESIAN_POINT('Origin',(88.3000000000001,50.15,0.));
#7414=CARTESIAN_POINT('',(88.3000000000001,50.15,1.2));
#7415=CARTESIAN_POINT('',(88.3000000000001,50.15,1.2));
#7416=CARTESIAN_POINT('',(88.3000000000001,50.15,0.));
#7417=CARTESIAN_POINT('Origin',(85.2000000000001,50.15,0.));
#7418=CARTESIAN_POINT('',(85.2000000000001,53.25,1.2));
#7419=CARTESIAN_POINT('Origin',(85.2000000000001,50.15,1.2));
#7420=CARTESIAN_POINT('',(85.2000000000001,53.25,0.));
#7421=CARTESIAN_POINT('Origin',(72.1499999999999,53.25,0.));
#7422=CARTESIAN_POINT('',(72.1499999999999,53.25,1.2));
#7423=CARTESIAN_POINT('',(72.1499999999999,53.25,1.2));
#7424=CARTESIAN_POINT('',(72.1499999999999,53.25,0.));
#7425=CARTESIAN_POINT('Origin',(72.1499999999999,56.15,0.));
#7426=CARTESIAN_POINT('',(69.2499999999999,56.15,1.2));
#7427=CARTESIAN_POINT('Origin',(72.1499999999999,56.15,1.2));
#7428=CARTESIAN_POINT('',(69.2499999999999,56.15,0.));
#7429=CARTESIAN_POINT('Origin',(66.1499999999999,56.15,0.));
#7430=CARTESIAN_POINT('',(66.1499999999999,59.25,1.2));
#7431=CARTESIAN_POINT('Origin',(66.1499999999999,56.15,1.2));
#7432=CARTESIAN_POINT('',(66.1499999999999,59.25,0.));
#7433=CARTESIAN_POINT('Origin',(53.1,59.25,0.));
#7434=CARTESIAN_POINT('',(53.1,59.25,1.2));
#7435=CARTESIAN_POINT('',(53.1,59.25,1.2));
#7436=CARTESIAN_POINT('',(53.1,59.25,0.));
#7437=CARTESIAN_POINT('Origin',(53.1,62.15,0.));
#7438=CARTESIAN_POINT('',(50.2,62.15,1.2));
#7439=CARTESIAN_POINT('Origin',(53.1,62.15,1.2));
#7440=CARTESIAN_POINT('',(50.2,62.15,0.));
#7441=CARTESIAN_POINT('Origin',(50.2,69.15,0.));
#7442=CARTESIAN_POINT('',(50.2,69.15,1.2));
#7443=CARTESIAN_POINT('',(50.2,69.15,1.2));
#7444=CARTESIAN_POINT('',(50.2,69.15,0.));
#7445=CARTESIAN_POINT('Origin',(47.1,69.15,0.));
#7446=CARTESIAN_POINT('',(47.1,72.25,1.2));
#7447=CARTESIAN_POINT('Origin',(47.1,69.15,1.2));
#7448=CARTESIAN_POINT('',(47.1,72.25,0.));
#7449=CARTESIAN_POINT('Origin',(34.05,72.25,0.));
#7450=CARTESIAN_POINT('',(34.05,72.25,1.2));
#7451=CARTESIAN_POINT('',(34.05,72.25,1.2));
#7452=CARTESIAN_POINT('',(34.05,72.25,0.));
#7453=CARTESIAN_POINT('Origin',(34.05,75.15,0.));
#7454=CARTESIAN_POINT('',(31.15,75.15,1.2));
#7455=CARTESIAN_POINT('Origin',(34.05,75.15,1.2));
#7456=CARTESIAN_POINT('',(31.15,75.15,0.));
#7457=CARTESIAN_POINT('Origin',(31.15,77.15,0.));
#7458=CARTESIAN_POINT('',(31.15,77.15,1.2));
#7459=CARTESIAN_POINT('',(31.15,77.15,1.2));
#7460=CARTESIAN_POINT('',(31.15,77.15,0.));
#7461=CARTESIAN_POINT('Origin',(28.05,77.15,0.));
#7462=CARTESIAN_POINT('',(28.05,80.25,1.2));
#7463=CARTESIAN_POINT('Origin',(28.05,77.15,1.2));
#7464=CARTESIAN_POINT('',(28.05,80.25,0.));
#7465=CARTESIAN_POINT('Origin',(10.05,80.25,0.));
#7466=CARTESIAN_POINT('',(10.05,80.25,1.2));
#7467=CARTESIAN_POINT('',(10.05,80.25,1.2));
#7468=CARTESIAN_POINT('',(10.05,80.25,0.));
#7469=CARTESIAN_POINT('Origin',(10.05,77.15,0.));
#7470=CARTESIAN_POINT('',(6.95,77.15,1.2));
#7471=CARTESIAN_POINT('Origin',(10.05,77.15,1.2));
#7472=CARTESIAN_POINT('',(6.95,77.15,0.));
#7473=CARTESIAN_POINT('Origin',(6.95,72.15,0.));
#7474=CARTESIAN_POINT('',(6.95,72.15,1.2));
#7475=CARTESIAN_POINT('',(6.95,72.15,1.2));
#7476=CARTESIAN_POINT('',(6.95,72.15,0.));
#7477=CARTESIAN_POINT('Origin',(4.05,72.15,0.));
#7478=CARTESIAN_POINT('',(4.05,69.25,1.2));
#7479=CARTESIAN_POINT('Origin',(4.05,72.15,1.2));
#7480=CARTESIAN_POINT('',(4.05,69.25,0.));
#7481=CARTESIAN_POINT('Origin',(-9.34314575050761,69.25,0.));
#7482=CARTESIAN_POINT('',(-9.34314575050761,69.25,1.2));
#7483=CARTESIAN_POINT('',(-9.34314575050761,69.25,1.2));
#7484=CARTESIAN_POINT('',(-9.34314575050761,69.25,0.));
#7485=CARTESIAN_POINT('Origin',(-9.34314575050761,66.15,0.));
#7486=CARTESIAN_POINT('',(-12.265853779412,67.1833333333333,1.2));
#7487=CARTESIAN_POINT('Origin',(-9.34314575050761,66.15,1.2));
#7488=CARTESIAN_POINT('',(-12.265853779412,67.1833333333333,0.));
#7489=CARTESIAN_POINT('Origin',(-15.,68.15,0.));
#7490=CARTESIAN_POINT('',(-15.,65.25,1.2));
#7491=CARTESIAN_POINT('Origin',(-15.,68.15,1.2));
#7492=CARTESIAN_POINT('',(-15.,65.25,0.));
#7493=CARTESIAN_POINT('Origin',(-28.05,65.25,0.));
#7494=CARTESIAN_POINT('',(-28.05,65.25,1.2));
#7495=CARTESIAN_POINT('',(-28.05,65.25,1.2));
#7496=CARTESIAN_POINT('',(-28.05,65.25,0.));
#7497=CARTESIAN_POINT('Origin',(-28.05,62.15,0.));
#7498=CARTESIAN_POINT('',(-31.15,62.15,1.2));
#7499=CARTESIAN_POINT('Origin',(-28.05,62.15,1.2));
#7500=CARTESIAN_POINT('',(-31.15,62.15,0.));
#7501=CARTESIAN_POINT('Origin',(-31.15,20.2010133325982,0.));
#7502=CARTESIAN_POINT('',(-31.15,20.2010133325982,1.2));
#7503=CARTESIAN_POINT('',(-31.15,20.2010133325982,1.2));
#7504=CARTESIAN_POINT('',(-31.15,20.2010133325982,0.));
#7505=CARTESIAN_POINT('Origin',(-34.05,20.2010133325982,0.));
#7506=CARTESIAN_POINT('',(-34.05,17.3010133325982,1.2));
#7507=CARTESIAN_POINT('Origin',(-34.05,20.2010133325982,1.2));
#7508=CARTESIAN_POINT('',(-34.05,17.3010133325982,0.));
#7509=CARTESIAN_POINT('Origin',(-48.05,17.3010133325982,0.));
#7510=CARTESIAN_POINT('',(-48.05,17.3010133325982,1.2));
#7511=CARTESIAN_POINT('',(-48.05,17.3010133325982,1.2));
#7512=CARTESIAN_POINT('',(-48.05,17.3010133325982,0.));
#7513=CARTESIAN_POINT('Origin',(-48.05,14.2010133325982,0.));
#7514=CARTESIAN_POINT('',(-51.15,14.2010133325982,1.2));
#7515=CARTESIAN_POINT('Origin',(-48.05,14.2010133325982,1.2));
#7516=CARTESIAN_POINT('',(-51.15,14.2010133325982,0.));
#7517=CARTESIAN_POINT('Origin',(-51.15,-13.8184956821418,0.));
#7518=CARTESIAN_POINT('',(-51.15,-13.8184956821418,1.2));
#7519=CARTESIAN_POINT('',(-51.15,-13.8184956821418,1.2));
#7520=CARTESIAN_POINT('',(-51.15,-13.8184956821418,0.));
#7521=CARTESIAN_POINT('Origin',(-48.05,-13.8184956821418,0.));
#7522=CARTESIAN_POINT('',(-51.0145447434855,-14.7248479667821,1.2));
#7523=CARTESIAN_POINT('Origin',(-48.05,-13.8184956821418,1.2));
#7524=CARTESIAN_POINT('',(-51.0145447434855,-14.7248479667821,0.));
#7525=CARTESIAN_POINT('Origin',(-42.8678200588543,-41.3715837335836,0.));
#7526=CARTESIAN_POINT('',(-42.8678200588543,-41.3715837335836,1.2));
#7527=CARTESIAN_POINT('',(-42.8678200588543,-41.3715837335836,1.2));
#7528=CARTESIAN_POINT('',(-42.8678200588543,-41.3715837335836,0.));
#7529=CARTESIAN_POINT('Origin',(-39.9032753153688,-40.4652314489434,0.));
#7530=CARTESIAN_POINT('',(-38.9969230307281,-43.4297761924287,1.2));
#7531=CARTESIAN_POINT('Origin',(-39.9032753153688,-40.4652314489434,1.2));
#7532=CARTESIAN_POINT('',(-38.9969230307281,-43.4297761924287,0.));
#7533=CARTESIAN_POINT('Origin',(-21.814938024662,-38.17671620771,0.));
#7534=CARTESIAN_POINT('',(-21.814938024662,-38.17671620771,1.2));
#7535=CARTESIAN_POINT('Origin',(-34.05,18.3010133325982,0.));
#7536=CARTESIAN_POINT('',(-34.05,18.3010133325982,1.2));
#7537=CARTESIAN_POINT('',(-48.05,18.3010133325982,1.2));
#7538=CARTESIAN_POINT('',(-34.05,18.3010133325982,0.));
#7539=CARTESIAN_POINT('Origin',(-34.05,20.2010133325982,0.));
#7540=CARTESIAN_POINT('',(-32.15,20.2010133325982,1.2));
#7541=CARTESIAN_POINT('Origin',(-34.05,20.2010133325982,1.2));
#7542=CARTESIAN_POINT('',(-32.15,20.2010133325982,0.));
#7543=CARTESIAN_POINT('Origin',(-32.15,62.15,0.));
#7544=CARTESIAN_POINT('',(-32.15,62.15,1.2));
#7545=CARTESIAN_POINT('',(-32.15,20.2010133325982,1.2));
#7546=CARTESIAN_POINT('',(-32.15,62.15,0.));
#7547=CARTESIAN_POINT('Origin',(-28.05,62.15,0.));
#7548=CARTESIAN_POINT('',(-28.05,66.25,1.2));
#7549=CARTESIAN_POINT('Origin',(-28.05,62.15,1.2));
#7550=CARTESIAN_POINT('',(-28.05,66.25,0.));
#7551=CARTESIAN_POINT('Origin',(-15.,66.25,0.));
#7552=CARTESIAN_POINT('',(-15.,66.25,1.2));
#7553=CARTESIAN_POINT('',(-28.05,66.25,1.2));
#7554=CARTESIAN_POINT('',(-15.,66.25,0.));
#7555=CARTESIAN_POINT('Origin',(-15.,68.15,0.));
#7556=CARTESIAN_POINT('',(-13.2086628209941,67.5166666666667,1.2));
#7557=CARTESIAN_POINT('Origin',(-15.,68.15,1.2));
#7558=CARTESIAN_POINT('',(-13.2086628209941,67.5166666666667,0.));
#7559=CARTESIAN_POINT('Origin',(-9.34314575050761,66.15,0.));
#7560=CARTESIAN_POINT('',(-9.34314575050761,70.25,1.2));
#7561=CARTESIAN_POINT('Origin',(-9.34314575050761,66.15,1.2));
#7562=CARTESIAN_POINT('',(-9.34314575050761,70.25,0.));
#7563=CARTESIAN_POINT('Origin',(4.04999999999999,70.25,0.));
#7564=CARTESIAN_POINT('',(4.05,70.25,1.2));
#7565=CARTESIAN_POINT('',(-9.34314575050761,70.25,1.2));
#7566=CARTESIAN_POINT('',(4.05,70.25,0.));
#7567=CARTESIAN_POINT('Origin',(4.05,72.15,0.));
#7568=CARTESIAN_POINT('',(5.94999999999999,72.15,1.2));
#7569=CARTESIAN_POINT('Origin',(4.05,72.15,1.2));
#7570=CARTESIAN_POINT('',(5.95,72.15,0.));
#7571=CARTESIAN_POINT('Origin',(5.95,77.15,0.));
#7572=CARTESIAN_POINT('',(5.94999999999999,77.15,1.2));
#7573=CARTESIAN_POINT('',(5.95,72.15,1.2));
#7574=CARTESIAN_POINT('',(5.95,77.15,0.));
#7575=CARTESIAN_POINT('Origin',(10.05,77.15,0.));
#7576=CARTESIAN_POINT('',(10.05,81.25,1.2));
#7577=CARTESIAN_POINT('Origin',(10.05,77.15,1.2));
#7578=CARTESIAN_POINT('',(10.05,81.25,0.));
#7579=CARTESIAN_POINT('Origin',(28.05,81.25,0.));
#7580=CARTESIAN_POINT('',(28.05,81.25,1.2));
#7581=CARTESIAN_POINT('',(10.05,81.25,1.2));
#7582=CARTESIAN_POINT('',(28.05,81.25,0.));
#7583=CARTESIAN_POINT('Origin',(28.05,77.15,0.));
#7584=CARTESIAN_POINT('',(32.15,77.15,1.2));
#7585=CARTESIAN_POINT('Origin',(28.05,77.15,1.2));
#7586=CARTESIAN_POINT('',(32.15,77.15,0.));
#7587=CARTESIAN_POINT('Origin',(32.15,75.15,0.));
#7588=CARTESIAN_POINT('',(32.15,75.15,1.2));
#7589=CARTESIAN_POINT('',(32.15,77.15,1.2));
#7590=CARTESIAN_POINT('',(32.15,75.15,0.));
#7591=CARTESIAN_POINT('Origin',(34.05,75.15,0.));
#7592=CARTESIAN_POINT('',(34.05,73.25,1.2));
#7593=CARTESIAN_POINT('Origin',(34.05,75.15,1.2));
#7594=CARTESIAN_POINT('',(34.05,73.25,0.));
#7595=CARTESIAN_POINT('Origin',(47.1,73.25,0.));
#7596=CARTESIAN_POINT('',(47.1,73.25,1.2));
#7597=CARTESIAN_POINT('',(34.05,73.25,1.2));
#7598=CARTESIAN_POINT('',(47.1,73.25,0.));
#7599=CARTESIAN_POINT('Origin',(47.1,69.15,0.));
#7600=CARTESIAN_POINT('',(51.2,69.15,1.2));
#7601=CARTESIAN_POINT('Origin',(47.1,69.15,1.2));
#7602=CARTESIAN_POINT('',(51.2,69.15,0.));
#7603=CARTESIAN_POINT('Origin',(51.2,62.15,0.));
#7604=CARTESIAN_POINT('',(51.2,62.15,1.2));
#7605=CARTESIAN_POINT('',(51.2,69.15,1.2));
#7606=CARTESIAN_POINT('',(51.2,62.15,0.));
#7607=CARTESIAN_POINT('Origin',(53.1,62.15,0.));
#7608=CARTESIAN_POINT('',(53.1,60.25,1.2));
#7609=CARTESIAN_POINT('Origin',(53.1,62.15,1.2));
#7610=CARTESIAN_POINT('',(53.1,60.25,0.));
#7611=CARTESIAN_POINT('Origin',(66.1499999999999,60.25,0.));
#7612=CARTESIAN_POINT('',(66.1499999999999,60.25,1.2));
#7613=CARTESIAN_POINT('',(53.1,60.25,1.2));
#7614=CARTESIAN_POINT('',(66.1499999999999,60.25,0.));
#7615=CARTESIAN_POINT('Origin',(66.1499999999999,56.15,0.));
#7616=CARTESIAN_POINT('',(70.2499999999999,56.15,1.2));
#7617=CARTESIAN_POINT('Origin',(66.1499999999999,56.15,1.2));
#7618=CARTESIAN_POINT('',(70.2499999999999,56.15,0.));
#7619=CARTESIAN_POINT('Origin',(72.1499999999999,56.15,0.));
#7620=CARTESIAN_POINT('Origin',(72.1499999999999,56.15,1.2));
#7621=CARTESIAN_POINT('Origin',(18.575,18.3423842755283,1.2));
#7622=UNCERTAINTY_MEASURE_WITH_UNIT(LENGTH_MEASURE(0.01),#7626,
'DISTANCE_ACCURACY_VALUE',
'Maximum model space distance between geometric entities at asserted c
onnectivities');
#7623=UNCERTAINTY_MEASURE_WITH_UNIT(LENGTH_MEASURE(0.01),#7626,
'DISTANCE_ACCURACY_VALUE',
'Maximum model space distance between geometric entities at asserted c
onnectivities');
#7624=(
GEOMETRIC_REPRESENTATION_CONTEXT(3)
GLOBAL_UNCERTAINTY_ASSIGNED_CONTEXT((#7622))
GLOBAL_UNIT_ASSIGNED_CONTEXT((#7626,#7628,#7629))
REPRESENTATION_CONTEXT('','3D')
);
#7625=(
GEOMETRIC_REPRESENTATION_CONTEXT(3)
GLOBAL_UNCERTAINTY_ASSIGNED_CONTEXT((#7623))
GLOBAL_UNIT_ASSIGNED_CONTEXT((#7626,#7628,#7629))
REPRESENTATION_CONTEXT('','3D')
);
#7626=(
LENGTH_UNIT()
NAMED_UNIT(*)
SI_UNIT(.MILLI.,.METRE.)
);
#7627=(
LENGTH_UNIT()
NAMED_UNIT(*)
SI_UNIT($,.METRE.)
);
#7628=(
NAMED_UNIT(*)
PLANE_ANGLE_UNIT()
SI_UNIT($,.RADIAN.)
);
#7629=(
NAMED_UNIT(*)
SI_UNIT($,.STERADIAN.)
SOLID_ANGLE_UNIT()
);
#7630=SHAPE_DEFINITION_REPRESENTATION(#7631,#7632);
#7631=PRODUCT_DEFINITION_SHAPE('',$,#7634);
#7632=SHAPE_REPRESENTATION('',(#4491),#7624);
#7633=PRODUCT_DEFINITION_CONTEXT('part definition',#7638,'design');
#7634=PRODUCT_DEFINITION('Case','Case',#7635,#7633);
#7635=PRODUCT_DEFINITION_FORMATION('',$,#7640);
#7636=PRODUCT_RELATED_PRODUCT_CATEGORY('Case','Case',(#7640));
#7637=APPLICATION_PROTOCOL_DEFINITION('international standard',
'automotive_design',2009,#7638);
#7638=APPLICATION_CONTEXT(
'Core Data for Automotive Mechanical Design Process');
#7639=PRODUCT_CONTEXT('part definition',#7638,'mechanical');
#7640=PRODUCT('Case','Case',$,(#7639));
#7641=PRESENTATION_STYLE_ASSIGNMENT((#7643));
#7642=PRESENTATION_STYLE_ASSIGNMENT((#7644));
#7643=SURFACE_STYLE_USAGE(.BOTH.,#7645);
#7644=SURFACE_STYLE_USAGE(.BOTH.,#7646);
#7645=SURFACE_SIDE_STYLE('',(#7647));
#7646=SURFACE_SIDE_STYLE('',(#7648));
#7647=SURFACE_STYLE_FILL_AREA(#7649);
#7648=SURFACE_STYLE_FILL_AREA(#7650);
#7649=FILL_AREA_STYLE('Steel - Satin',(#7651));
#7650=FILL_AREA_STYLE('Acrylic (Clear)',(#7652));
#7651=FILL_AREA_STYLE_COLOUR('Steel - Satin',#7653);
#7652=FILL_AREA_STYLE_COLOUR('Acrylic (Clear)',#7654);
#7653=COLOUR_RGB('Steel - Satin',0.627450980392157,0.627450980392157,0.627450980392157);
#7654=COLOUR_RGB('Acrylic (Clear)',0.964705882352941,0.964705882352941,
0.952941176470588);
ENDSEC;
END-ISO-10303-21;
